{
"type": "FeatureCollection",
"name": "MAHALLE",
"crs": { "type": "name", "properties": { "name": "urn:ogc:def:crs:OGC:1.3:CRS84" } },
"features": [
{ "type": "Feature", "properties": { "ID": 14176.0, "NAME": "Oran", "POPULATION": 12122.0 }, "geometry": { "type": "Polygon", "coordinates": [ [ [ 32.810853, 39.849213 ], [ 32.810852, 39.848944 ], [ 32.810802, 39.8485 ], [ 32.810459, 39.8472 ], [ 32.809822, 39.846069 ], [ 32.808842, 39.844988 ], [ 32.806013, 39.84282 ], [ 32.803375, 39.840825 ], [ 32.801155, 39.839159 ], [ 32.798751, 39.837354 ], [ 32.797762, 39.836544 ], [ 32.797511, 39.836261 ], [ 32.797192, 39.835759 ], [ 32.797008, 39.835282 ], [ 32.796924, 39.834909 ], [ 32.796891, 39.834587 ], [ 32.796891, 39.834137 ], [ 32.797008, 39.833776 ], [ 32.797259, 39.832875 ], [ 32.797444, 39.832142 ], [ 32.797444, 39.831588 ], [ 32.797393, 39.831215 ], [ 32.797276, 39.830739 ], [ 32.797142, 39.830391 ], [ 32.796958, 39.830018 ], [ 32.796706, 39.829568 ], [ 32.796433, 39.828967 ], [ 32.796185, 39.828482 ], [ 32.795977, 39.827893 ], [ 32.79589, 39.827389 ], [ 32.795853, 39.826894 ], [ 32.796668, 39.820926 ], [ 32.797252, 39.817795 ], [ 32.802051, 39.810845 ], [ 32.804863, 39.811473 ], [ 32.8082, 39.812673 ], [ 32.809667, 39.813148 ], [ 32.811866, 39.813829 ], [ 32.813757, 39.813948 ], [ 32.816882, 39.813444 ], [ 32.819598, 39.812554 ], [ 32.821943, 39.812168 ], [ 32.824878, 39.811892 ], [ 32.829697, 39.812126 ], [ 32.835153, 39.812934 ], [ 32.844296, 39.813585 ], [ 32.844461, 39.819031 ], [ 32.84397, 39.833595 ], [ 32.843374, 39.833846 ], [ 32.842527, 39.834078 ], [ 32.842361, 39.834197 ], [ 32.841865, 39.834611 ], [ 32.841376, 39.834901 ], [ 32.84064, 39.835409 ], [ 32.840101, 39.835711 ], [ 32.840015, 39.835773 ], [ 32.839712, 39.836121 ], [ 32.839627, 39.83621 ], [ 32.839455, 39.836371 ], [ 32.839275, 39.83658 ], [ 32.839228, 39.836673 ], [ 32.838743, 39.837772 ], [ 32.838685, 39.83797 ], [ 32.838685, 39.838117 ], [ 32.838819, 39.838476 ], [ 32.838874, 39.838953 ], [ 32.838924, 39.83934 ], [ 32.838854, 39.840056 ], [ 32.83876, 39.840443 ], [ 32.838564, 39.840923 ], [ 32.838068, 39.841891 ], [ 32.837993, 39.842127 ], [ 32.837974, 39.842307 ], [ 32.838002, 39.842515 ], [ 32.838325, 39.843533 ], [ 32.838746, 39.844422 ], [ 32.839348, 39.845502 ], [ 32.839733, 39.845976 ], [ 32.840044, 39.846396 ], [ 32.84042, 39.84714 ], [ 32.840536, 39.847265 ], [ 32.840843, 39.847615 ], [ 32.840892, 39.847846 ], [ 32.838703, 39.846833 ], [ 32.83751, 39.846309 ], [ 32.83613, 39.845917 ], [ 32.836386, 39.846701 ], [ 32.837265, 39.848473 ], [ 32.837497, 39.849025 ], [ 32.837713, 39.849262 ], [ 32.837311, 39.849371 ], [ 32.83771, 39.851514 ], [ 32.837893, 39.851587 ], [ 32.838156, 39.851832 ], [ 32.838306, 39.852695 ], [ 32.838263, 39.852759 ], [ 32.838213, 39.852888 ], [ 32.838101, 39.853221 ], [ 32.83793, 39.853676 ], [ 32.837877, 39.853894 ], [ 32.837913, 39.854083 ], [ 32.837524, 39.854284 ], [ 32.837246, 39.854369 ], [ 32.837058, 39.854391 ], [ 32.836861, 39.8544 ], [ 32.836612, 39.854409 ], [ 32.836076, 39.85433 ], [ 32.835884, 39.854345 ], [ 32.835539, 39.854431 ], [ 32.835313, 39.85448 ], [ 32.835012, 39.854525 ], [ 32.834724, 39.854587 ], [ 32.8345, 39.854646 ], [ 32.834286, 39.854731 ], [ 32.834116, 39.854834 ], [ 32.833954, 39.854926 ], [ 32.833704, 39.854992 ], [ 32.833496, 39.855007 ], [ 32.833283, 39.855026 ], [ 32.832903, 39.855031 ], [ 32.832534, 39.855069 ], [ 32.83223, 39.855097 ], [ 32.832072, 39.85509 ], [ 32.831872, 39.855033 ], [ 32.831594, 39.85502 ], [ 32.830795, 39.855022 ], [ 32.829047, 39.854825 ], [ 32.828648, 39.85482 ], [ 32.828435, 39.854797 ], [ 32.827906, 39.854758 ], [ 32.827749, 39.854735 ], [ 32.827553, 39.854713 ], [ 32.827044, 39.854592 ], [ 32.826531, 39.854439 ], [ 32.826295, 39.854434 ], [ 32.82453, 39.854258 ], [ 32.824224, 39.854605 ], [ 32.824118, 39.854503 ], [ 32.822734, 39.85345 ], [ 32.821928, 39.852882 ], [ 32.821195, 39.852366 ], [ 32.82075, 39.852139 ], [ 32.820366, 39.852003 ], [ 32.819851, 39.851907 ], [ 32.819152, 39.851698 ], [ 32.817057, 39.851249 ], [ 32.81655, 39.851141 ], [ 32.814557, 39.851103 ], [ 32.813988, 39.851171 ], [ 32.813857, 39.851168 ], [ 32.813223, 39.851137 ], [ 32.812795, 39.851177 ], [ 32.81246, 39.851246 ], [ 32.811831, 39.851465 ], [ 32.811769, 39.851473 ], [ 32.811599, 39.851438 ], [ 32.811877, 39.850983 ], [ 32.811951, 39.850833 ], [ 32.812022, 39.850624 ], [ 32.812046, 39.850456 ], [ 32.812055, 39.850256 ], [ 32.81205, 39.850129 ], [ 32.812027, 39.850041 ], [ 32.811977, 39.849933 ], [ 32.811953, 39.849898 ], [ 32.811893, 39.849811 ], [ 32.811779, 39.849654 ], [ 32.811577, 39.849428 ], [ 32.811455, 39.849337 ], [ 32.811012, 39.848952 ], [ 32.810858, 39.848931 ], [ 32.810853, 39.849213 ] ] ] } },
{ "type": "Feature", "properties": { "ID": 14093.0, "NAME": "Dumlupınar", "POPULATION": 10721.0 }, "geometry": { "type": "Polygon", "coordinates": [ [ [ 32.851858, 39.857309 ], [ 32.85164, 39.856951 ], [ 32.849514, 39.853534 ], [ 32.849051, 39.85283 ], [ 32.848708, 39.85234 ], [ 32.848318, 39.851905 ], [ 32.847695, 39.851372 ], [ 32.847121, 39.851005 ], [ 32.846794, 39.850821 ], [ 32.8463, 39.850583 ], [ 32.844218, 39.849542 ], [ 32.842008, 39.848458 ], [ 32.840892, 39.847846 ], [ 32.840843, 39.847615 ], [ 32.840536, 39.847265 ], [ 32.84042, 39.84714 ], [ 32.840044, 39.846396 ], [ 32.839733, 39.845976 ], [ 32.839348, 39.845502 ], [ 32.838746, 39.844422 ], [ 32.838325, 39.843533 ], [ 32.838002, 39.842515 ], [ 32.837974, 39.842307 ], [ 32.837993, 39.842127 ], [ 32.838068, 39.841891 ], [ 32.838564, 39.840923 ], [ 32.83876, 39.840443 ], [ 32.838854, 39.840056 ], [ 32.838924, 39.83934 ], [ 32.838874, 39.838953 ], [ 32.838819, 39.838476 ], [ 32.838685, 39.838117 ], [ 32.838685, 39.83797 ], [ 32.838743, 39.837772 ], [ 32.839228, 39.836673 ], [ 32.839275, 39.83658 ], [ 32.839455, 39.836371 ], [ 32.839627, 39.83621 ], [ 32.839712, 39.836121 ], [ 32.840015, 39.835773 ], [ 32.840101, 39.835711 ], [ 32.84064, 39.835409 ], [ 32.841376, 39.834901 ], [ 32.841865, 39.834611 ], [ 32.842361, 39.834197 ], [ 32.842527, 39.834078 ], [ 32.843374, 39.833846 ], [ 32.84397, 39.833595 ], [ 32.844461, 39.819031 ], [ 32.856412, 39.817563 ], [ 32.859582, 39.820205 ], [ 32.858677, 39.820882 ], [ 32.857763, 39.821503 ], [ 32.856963, 39.822145 ], [ 32.856293, 39.82282 ], [ 32.855732, 39.823478 ], [ 32.855255, 39.824108 ], [ 32.852806, 39.826327 ], [ 32.85256, 39.826566 ], [ 32.853831, 39.826833 ], [ 32.856223, 39.827417 ], [ 32.859146, 39.829328 ], [ 32.862012, 39.830268 ], [ 32.863477, 39.830888 ], [ 32.864721, 39.83128 ], [ 32.866476, 39.831574 ], [ 32.868262, 39.832187 ], [ 32.869762, 39.83302 ], [ 32.870981, 39.833904 ], [ 32.872569, 39.835911 ], [ 32.873687, 39.838347 ], [ 32.862483, 39.837031 ], [ 32.858312, 39.836535 ], [ 32.858085, 39.836508 ], [ 32.858128, 39.836317 ], [ 32.858244, 39.835672 ], [ 32.858148, 39.835553 ], [ 32.857945, 39.835369 ], [ 32.857676, 39.835355 ], [ 32.857365, 39.835456 ], [ 32.856995, 39.835617 ], [ 32.856397, 39.835778 ], [ 32.856045, 39.835865 ], [ 32.855842, 39.836044 ], [ 32.855787, 39.836235 ], [ 32.847321, 39.83523 ], [ 32.847082, 39.835481 ], [ 32.847034, 39.835953 ], [ 32.84689, 39.836504 ], [ 32.847114, 39.837202 ], [ 32.847281, 39.837374 ], [ 32.847369, 39.837545 ], [ 32.847321, 39.837716 ], [ 32.847337, 39.837839 ], [ 32.847441, 39.838078 ], [ 32.847496, 39.838096 ], [ 32.847584, 39.838176 ], [ 32.8476, 39.838414 ], [ 32.847839, 39.838623 ], [ 32.847855, 39.838892 ], [ 32.847823, 39.83921 ], [ 32.84772, 39.839559 ], [ 32.847528, 39.839829 ], [ 32.847488, 39.839963 ], [ 32.847496, 39.840294 ], [ 32.847552, 39.840349 ], [ 32.847608, 39.840422 ], [ 32.847688, 39.840459 ], [ 32.847967, 39.840508 ], [ 32.848079, 39.840516 ], [ 32.848545, 39.841633 ], [ 32.848753, 39.841952 ], [ 32.848844, 39.842092 ], [ 32.848821, 39.842278 ], [ 32.848876, 39.842416 ], [ 32.84907, 39.842441 ], [ 32.850625, 39.84484 ], [ 32.850884, 39.845232 ], [ 32.851159, 39.845552 ], [ 32.852348, 39.846615 ], [ 32.853625, 39.847807 ], [ 32.854627, 39.848743 ], [ 32.854662, 39.848758 ], [ 32.854627, 39.84905 ], [ 32.854569, 39.849135 ], [ 32.854502, 39.849212 ], [ 32.854392, 39.850236 ], [ 32.854191, 39.851265 ], [ 32.854167, 39.851626 ], [ 32.853965, 39.852638 ], [ 32.853781, 39.853654 ], [ 32.853681, 39.854191 ], [ 32.853599, 39.854629 ], [ 32.853557, 39.854817 ], [ 32.853512, 39.855024 ], [ 32.85336, 39.855484 ], [ 32.853173, 39.855966 ], [ 32.853108, 39.856134 ], [ 32.853002, 39.856394 ], [ 32.852757, 39.856871 ], [ 32.852545, 39.857002 ], [ 32.852342, 39.857112 ], [ 32.852229, 39.857116 ], [ 32.852061, 39.857188 ], [ 32.851858, 39.857309 ] ] ] } },
{ "type": "Feature", "properties": { "ID": 14088.0, "NAME": "Ahlatlıbel", "POPULATION": 12742.0 }, "geometry": { "type": "Polygon", "coordinates": [ [ [ 32.806013, 39.84282 ], [ 32.805561, 39.843158 ], [ 32.805344, 39.843268 ], [ 32.805108, 39.843339 ], [ 32.804891, 39.843372 ], [ 32.804656, 39.843368 ], [ 32.804352, 39.843311 ], [ 32.803175, 39.843001 ], [ 32.802301, 39.842797 ], [ 32.801911, 39.84273 ], [ 32.801159, 39.842799 ], [ 32.797923, 39.843627 ], [ 32.79527, 39.844198 ], [ 32.794514, 39.84436 ], [ 32.793258, 39.844763 ], [ 32.792828, 39.844854 ], [ 32.792669, 39.845148 ], [ 32.792153, 39.845515 ], [ 32.791681, 39.845937 ], [ 32.791131, 39.846486 ], [ 32.790818, 39.846907 ], [ 32.790683, 39.847258 ], [ 32.790492, 39.847857 ], [ 32.790409, 39.848462 ], [ 32.790021, 39.850061 ], [ 32.790004, 39.850442 ], [ 32.789882, 39.850663 ], [ 32.789481, 39.850984 ], [ 32.788157, 39.851746 ], [ 32.785839, 39.852255 ], [ 32.784084, 39.852323 ], [ 32.777917, 39.848152 ], [ 32.774029, 39.846116 ], [ 32.769069, 39.846844 ], [ 32.767298, 39.847783 ], [ 32.765729, 39.847698 ], [ 32.763018, 39.849799 ], [ 32.760799, 39.851212 ], [ 32.760004, 39.850555 ], [ 32.758599, 39.850134 ], [ 32.753188, 39.849608 ], [ 32.751381, 39.849594 ], [ 32.75111, 39.850812 ], [ 32.749754, 39.85083 ], [ 32.749659, 39.851578 ], [ 32.750344, 39.853362 ], [ 32.748839, 39.854066 ], [ 32.749526, 39.855225 ], [ 32.746309, 39.855218 ], [ 32.743996, 39.855121 ], [ 32.74207, 39.854829 ], [ 32.739933, 39.854015 ], [ 32.736352, 39.855144 ], [ 32.735437, 39.854773 ], [ 32.735146, 39.85422 ], [ 32.733926, 39.853428 ], [ 32.734661, 39.85263 ], [ 32.734054, 39.851287 ], [ 32.732216, 39.852215 ], [ 32.732278, 39.849961 ], [ 32.732718, 39.849614 ], [ 32.732069, 39.84908 ], [ 32.732086, 39.847994 ], [ 32.727958, 39.846775 ], [ 32.727422, 39.847716 ], [ 32.725753, 39.846186 ], [ 32.726247, 39.845685 ], [ 32.72625, 39.845019 ], [ 32.727579, 39.844991 ], [ 32.726735, 39.843299 ], [ 32.725884, 39.843338 ], [ 32.725914, 39.842621 ], [ 32.724761, 39.841809 ], [ 32.72519, 39.840908 ], [ 32.726714, 39.838954 ], [ 32.728268, 39.836861 ], [ 32.729011, 39.83564 ], [ 32.729142, 39.835396 ], [ 32.729233, 39.834908 ], [ 32.72921, 39.834346 ], [ 32.729671, 39.834237 ], [ 32.730515, 39.833709 ], [ 32.730635, 39.833596 ], [ 32.730748, 39.833624 ], [ 32.731922, 39.832934 ], [ 32.734367, 39.83209 ], [ 32.736672, 39.831642 ], [ 32.737216, 39.831088 ], [ 32.737109, 39.830723 ], [ 32.737181, 39.830595 ], [ 32.737632, 39.82983 ], [ 32.737881, 39.829511 ], [ 32.737571, 39.82885 ], [ 32.738261, 39.828711 ], [ 32.739013, 39.828617 ], [ 32.739822, 39.828625 ], [ 32.74036, 39.828672 ], [ 32.743618, 39.829177 ], [ 32.744052, 39.829294 ], [ 32.747661, 39.830728 ], [ 32.747666, 39.83072 ], [ 32.747942, 39.830834 ], [ 32.747937, 39.830838 ], [ 32.749859, 39.831607 ], [ 32.755143, 39.833767 ], [ 32.757827, 39.834766 ], [ 32.761181, 39.836022 ], [ 32.762351, 39.836412 ], [ 32.762916, 39.8365 ], [ 32.763545, 39.8365 ], [ 32.76425, 39.836368 ], [ 32.765915, 39.835986 ], [ 32.76547, 39.835173 ], [ 32.765503, 39.835154 ], [ 32.765597, 39.834158 ], [ 32.7656, 39.833822 ], [ 32.7656, 39.833223 ], [ 32.765622, 39.832716 ], [ 32.766075, 39.832285 ], [ 32.768921, 39.833479 ], [ 32.76975, 39.833848 ], [ 32.770079, 39.834028 ], [ 32.770476, 39.834315 ], [ 32.77105, 39.834857 ], [ 32.772506, 39.836228 ], [ 32.773009, 39.836751 ], [ 32.773481, 39.837256 ], [ 32.774609, 39.838434 ], [ 32.774784, 39.838688 ], [ 32.777024, 39.838074 ], [ 32.777287, 39.837646 ], [ 32.777472, 39.837562 ], [ 32.777941, 39.837479 ], [ 32.779056, 39.83649 ], [ 32.78003, 39.835466 ], [ 32.780292, 39.835315 ], [ 32.780937, 39.834703 ], [ 32.781145, 39.834351 ], [ 32.781484, 39.833965 ], [ 32.781735, 39.833848 ], [ 32.782204, 39.833781 ], [ 32.783118, 39.834119 ], [ 32.783979, 39.834272 ], [ 32.784796, 39.834274 ], [ 32.785842, 39.834452 ], [ 32.786257, 39.834386 ], [ 32.786824, 39.834202 ], [ 32.787195, 39.833959 ], [ 32.787621, 39.833649 ], [ 32.787775, 39.833195 ], [ 32.788059, 39.83296 ], [ 32.788409, 39.832785 ], [ 32.788725, 39.832705 ], [ 32.788867, 39.832602 ], [ 32.788974, 39.832425 ], [ 32.789409, 39.832234 ], [ 32.789791, 39.832044 ], [ 32.789986, 39.831853 ], [ 32.790075, 39.831634 ], [ 32.79013, 39.831299 ], [ 32.790241, 39.831064 ], [ 32.790406, 39.830938 ], [ 32.790734, 39.830829 ], [ 32.791275, 39.830673 ], [ 32.791408, 39.830536 ], [ 32.79156, 39.830297 ], [ 32.791684, 39.830147 ], [ 32.791826, 39.830079 ], [ 32.792226, 39.830012 ], [ 32.792394, 39.829909 ], [ 32.792608, 39.829602 ], [ 32.792794, 39.829568 ], [ 32.793202, 39.829521 ], [ 32.793628, 39.829385 ], [ 32.793868, 39.82929 ], [ 32.79393, 39.829188 ], [ 32.793895, 39.82903 ], [ 32.793825, 39.828818 ], [ 32.793711, 39.828142 ], [ 32.795899, 39.827865 ], [ 32.795977, 39.827893 ], [ 32.796185, 39.828482 ], [ 32.796433, 39.828967 ], [ 32.796706, 39.829568 ], [ 32.796958, 39.830018 ], [ 32.797142, 39.830391 ], [ 32.797276, 39.830739 ], [ 32.797393, 39.831215 ], [ 32.797444, 39.831588 ], [ 32.797444, 39.832142 ], [ 32.797259, 39.832875 ], [ 32.797008, 39.833776 ], [ 32.796891, 39.834137 ], [ 32.796891, 39.834587 ], [ 32.796924, 39.834909 ], [ 32.797008, 39.835282 ], [ 32.797192, 39.835759 ], [ 32.797511, 39.836261 ], [ 32.797762, 39.836544 ], [ 32.798751, 39.837354 ], [ 32.801155, 39.839159 ], [ 32.803375, 39.840825 ], [ 32.806013, 39.84282 ] ] ] } },
{ "type": "Feature", "properties": { "ID": 14107.0, "NAME": "Beytepe", "POPULATION": 20608.0 }, "geometry": { "type": "Polygon", "coordinates": [ [ [ 32.702208, 39.866179 ], [ 32.701882, 39.866177 ], [ 32.701789, 39.866152 ], [ 32.70165, 39.866097 ], [ 32.7012, 39.865871 ], [ 32.700581, 39.865598 ], [ 32.700153, 39.865409 ], [ 32.700059, 39.86538 ], [ 32.699952, 39.865333 ], [ 32.700418, 39.864217 ], [ 32.702332, 39.858533 ], [ 32.701138, 39.858283 ], [ 32.700619, 39.858236 ], [ 32.700056, 39.858132 ], [ 32.699544, 39.857881 ], [ 32.699613, 39.857698 ], [ 32.699561, 39.857484 ], [ 32.699109, 39.856812 ], [ 32.696085, 39.853556 ], [ 32.694633, 39.854622 ], [ 32.693152, 39.852737 ], [ 32.69225, 39.848081 ], [ 32.694284, 39.844842 ], [ 32.697098, 39.841865 ], [ 32.702871, 39.83899 ], [ 32.71007, 39.832476 ], [ 32.710892, 39.831733 ], [ 32.711126, 39.831724 ], [ 32.712049, 39.831906 ], [ 32.713043, 39.832135 ], [ 32.713557, 39.832268 ], [ 32.713766, 39.832326 ], [ 32.714826, 39.832679 ], [ 32.715966, 39.833055 ], [ 32.718168, 39.833778 ], [ 32.729172, 39.834217 ], [ 32.72921, 39.834346 ], [ 32.729233, 39.834908 ], [ 32.729142, 39.835396 ], [ 32.729011, 39.83564 ], [ 32.728268, 39.836861 ], [ 32.726714, 39.838954 ], [ 32.72519, 39.840908 ], [ 32.724761, 39.841809 ], [ 32.725914, 39.842621 ], [ 32.725884, 39.843338 ], [ 32.726735, 39.843299 ], [ 32.727579, 39.844991 ], [ 32.72625, 39.845019 ], [ 32.726247, 39.845685 ], [ 32.725753, 39.846186 ], [ 32.727422, 39.847716 ], [ 32.727958, 39.846775 ], [ 32.732086, 39.847994 ], [ 32.732069, 39.84908 ], [ 32.732718, 39.849614 ], [ 32.732278, 39.849961 ], [ 32.732216, 39.852215 ], [ 32.734054, 39.851287 ], [ 32.734661, 39.85263 ], [ 32.733926, 39.853428 ], [ 32.735146, 39.85422 ], [ 32.735437, 39.854773 ], [ 32.736352, 39.855144 ], [ 32.739933, 39.854015 ], [ 32.74207, 39.854829 ], [ 32.743996, 39.855121 ], [ 32.746309, 39.855218 ], [ 32.749526, 39.855225 ], [ 32.748839, 39.854066 ], [ 32.750344, 39.853362 ], [ 32.749659, 39.851578 ], [ 32.749754, 39.85083 ], [ 32.75111, 39.850812 ], [ 32.751381, 39.849594 ], [ 32.753188, 39.849608 ], [ 32.758599, 39.850134 ], [ 32.760004, 39.850555 ], [ 32.760799, 39.851212 ], [ 32.760801, 39.851293 ], [ 32.760779, 39.851393 ], [ 32.76056, 39.851502 ], [ 32.760352, 39.851613 ], [ 32.759252, 39.852206 ], [ 32.758808, 39.852908 ], [ 32.758655, 39.85316 ], [ 32.758359, 39.8534 ], [ 32.758351, 39.853467 ], [ 32.757836, 39.85383 ], [ 32.756944, 39.85442 ], [ 32.755634, 39.855068 ], [ 32.755003, 39.855514 ], [ 32.754635, 39.855602 ], [ 32.753587, 39.856117 ], [ 32.752097, 39.8569 ], [ 32.750591, 39.85761 ], [ 32.749772, 39.858106 ], [ 32.74959, 39.859089 ], [ 32.749033, 39.860848 ], [ 32.749033, 39.861418 ], [ 32.749219, 39.862369 ], [ 32.749157, 39.862844 ], [ 32.74829, 39.862891 ], [ 32.747299, 39.862274 ], [ 32.745504, 39.862511 ], [ 32.744823, 39.862321 ], [ 32.744183, 39.8619 ], [ 32.742645, 39.861435 ], [ 32.740728, 39.861397 ], [ 32.738631, 39.860895 ], [ 32.737145, 39.860753 ], [ 32.735907, 39.860895 ], [ 32.735288, 39.860895 ], [ 32.733864, 39.8608 ], [ 32.733245, 39.860515 ], [ 32.732106, 39.860377 ], [ 32.731638, 39.859946 ], [ 32.730982, 39.85973 ], [ 32.730045, 39.860017 ], [ 32.728919, 39.859828 ], [ 32.727361, 39.859851 ], [ 32.726149, 39.861692 ], [ 32.726049, 39.861773 ], [ 32.725936, 39.86181 ], [ 32.725465, 39.861793 ], [ 32.724628, 39.861847 ], [ 32.723752, 39.861901 ], [ 32.722847, 39.861991 ], [ 32.722441, 39.862027 ], [ 32.722314, 39.862074 ], [ 32.721219, 39.86257 ], [ 32.720576, 39.862812 ], [ 32.720738, 39.864412 ], [ 32.72179, 39.864745 ], [ 32.722843, 39.865648 ], [ 32.722409, 39.867501 ], [ 32.721723, 39.868085 ], [ 32.721021, 39.867879 ], [ 32.720022, 39.867582 ], [ 32.718961, 39.867329 ], [ 32.71801, 39.867055 ], [ 32.717405, 39.866903 ], [ 32.717252, 39.866865 ], [ 32.717244, 39.866918 ], [ 32.713589, 39.866351 ], [ 32.710663, 39.868396 ], [ 32.709492, 39.869626 ], [ 32.707836, 39.871219 ], [ 32.705868, 39.871972 ], [ 32.703027, 39.871403 ], [ 32.702892, 39.87116 ], [ 32.702868, 39.871102 ], [ 32.702863, 39.870777 ], [ 32.702919, 39.87064 ], [ 32.703467, 39.870057 ], [ 32.703613, 39.869822 ], [ 32.703645, 39.869363 ], [ 32.703401, 39.869079 ], [ 32.703284, 39.868599 ], [ 32.703133, 39.868307 ], [ 32.702914, 39.868093 ], [ 32.702764, 39.867863 ], [ 32.702718, 39.867801 ], [ 32.70277, 39.867652 ], [ 32.702978, 39.867304 ], [ 32.703228, 39.867078 ], [ 32.703559, 39.866497 ], [ 32.702208, 39.866179 ] ] ] } },
{ "type": "Feature", "properties": { "ID": 14141.0, "NAME": "İlkbahar", "POPULATION": 17938.0 }, "geometry": { "type": "Polygon", "coordinates": [ [ [ 32.874625, 39.855891 ], [ 32.874536, 39.856299 ], [ 32.874391, 39.856697 ], [ 32.874139, 39.857127 ], [ 32.873924, 39.857446 ], [ 32.873873, 39.85765 ], [ 32.873877, 39.857776 ], [ 32.873983, 39.858461 ], [ 32.87395, 39.858769 ], [ 32.873056, 39.858747 ], [ 32.872856, 39.858768 ], [ 32.872771, 39.858819 ], [ 32.872162, 39.859319 ], [ 32.871752, 39.859703 ], [ 32.871272, 39.860129 ], [ 32.870829, 39.860501 ], [ 32.870596, 39.860652 ], [ 32.870192, 39.860905 ], [ 32.869805, 39.861088 ], [ 32.86909, 39.861385 ], [ 32.868845, 39.861554 ], [ 32.865889, 39.861783 ], [ 32.864837, 39.862542 ], [ 32.863399, 39.863438 ], [ 32.863331, 39.863488 ], [ 32.863219, 39.863651 ], [ 32.863172, 39.863746 ], [ 32.863143, 39.863876 ], [ 32.863121, 39.864032 ], [ 32.863064, 39.864158 ], [ 32.863005, 39.864199 ], [ 32.862883, 39.864283 ], [ 32.862295, 39.864676 ], [ 32.861578, 39.865192 ], [ 32.860779, 39.865723 ], [ 32.860242, 39.866126 ], [ 32.860086, 39.866218 ], [ 32.85957, 39.866547 ], [ 32.859163, 39.866805 ], [ 32.858784, 39.867072 ], [ 32.858213, 39.865876 ], [ 32.85797, 39.865487 ], [ 32.857661, 39.865131 ], [ 32.857338, 39.864815 ], [ 32.855962, 39.863838 ], [ 32.854966, 39.863076 ], [ 32.854712, 39.862852 ], [ 32.854475, 39.862614 ], [ 32.854188, 39.862253 ], [ 32.853973, 39.861897 ], [ 32.853781, 39.861542 ], [ 32.853494, 39.86066 ], [ 32.853335, 39.860092 ], [ 32.853167, 39.859626 ], [ 32.852856, 39.858971 ], [ 32.852318, 39.858029 ], [ 32.852085, 39.857668 ], [ 32.852081, 39.85767 ], [ 32.852023, 39.85758 ], [ 32.852027, 39.857577 ], [ 32.851921, 39.857412 ], [ 32.851858, 39.857309 ], [ 32.852061, 39.857188 ], [ 32.852229, 39.857116 ], [ 32.852342, 39.857112 ], [ 32.852545, 39.857002 ], [ 32.852757, 39.856871 ], [ 32.853002, 39.856394 ], [ 32.853108, 39.856134 ], [ 32.853173, 39.855966 ], [ 32.85336, 39.855484 ], [ 32.853512, 39.855024 ], [ 32.853557, 39.854817 ], [ 32.853599, 39.854629 ], [ 32.853681, 39.854191 ], [ 32.853781, 39.853654 ], [ 32.853965, 39.852638 ], [ 32.854167, 39.851626 ], [ 32.854191, 39.851265 ], [ 32.854392, 39.850236 ], [ 32.854502, 39.849212 ], [ 32.854569, 39.849135 ], [ 32.854627, 39.84905 ], [ 32.854662, 39.848758 ], [ 32.854627, 39.848743 ], [ 32.853625, 39.847807 ], [ 32.852348, 39.846615 ], [ 32.851159, 39.845552 ], [ 32.850884, 39.845232 ], [ 32.850625, 39.84484 ], [ 32.84907, 39.842441 ], [ 32.848876, 39.842416 ], [ 32.848821, 39.842278 ], [ 32.848844, 39.842092 ], [ 32.848753, 39.841952 ], [ 32.848545, 39.841633 ], [ 32.848079, 39.840516 ], [ 32.847967, 39.840508 ], [ 32.847688, 39.840459 ], [ 32.847608, 39.840422 ], [ 32.847552, 39.840349 ], [ 32.847496, 39.840294 ], [ 32.847488, 39.839963 ], [ 32.847528, 39.839829 ], [ 32.84772, 39.839559 ], [ 32.847823, 39.83921 ], [ 32.847855, 39.838892 ], [ 32.847839, 39.838623 ], [ 32.8476, 39.838414 ], [ 32.847584, 39.838176 ], [ 32.847496, 39.838096 ], [ 32.847441, 39.838078 ], [ 32.847337, 39.837839 ], [ 32.847321, 39.837716 ], [ 32.847369, 39.837545 ], [ 32.847281, 39.837374 ], [ 32.847114, 39.837202 ], [ 32.84689, 39.836504 ], [ 32.847034, 39.835953 ], [ 32.847082, 39.835481 ], [ 32.847321, 39.83523 ], [ 32.855787, 39.836235 ], [ 32.855842, 39.836044 ], [ 32.856045, 39.835865 ], [ 32.856397, 39.835778 ], [ 32.856995, 39.835617 ], [ 32.857365, 39.835456 ], [ 32.857676, 39.835355 ], [ 32.857945, 39.835369 ], [ 32.858148, 39.835553 ], [ 32.858244, 39.835672 ], [ 32.858128, 39.836317 ], [ 32.858085, 39.836508 ], [ 32.858312, 39.836535 ], [ 32.858288, 39.836835 ], [ 32.858336, 39.837399 ], [ 32.858192, 39.837999 ], [ 32.858176, 39.83866 ], [ 32.858128, 39.838979 ], [ 32.85816, 39.839211 ], [ 32.858432, 39.839554 ], [ 32.858655, 39.839873 ], [ 32.858735, 39.840081 ], [ 32.858735, 39.84035 ], [ 32.858687, 39.840534 ], [ 32.858479, 39.840828 ], [ 32.858448, 39.840963 ], [ 32.858511, 39.84111 ], [ 32.859165, 39.841735 ], [ 32.860266, 39.842335 ], [ 32.860521, 39.842507 ], [ 32.860777, 39.843327 ], [ 32.860888, 39.843462 ], [ 32.861718, 39.843731 ], [ 32.86226, 39.844025 ], [ 32.862564, 39.844282 ], [ 32.865116, 39.845654 ], [ 32.865722, 39.845936 ], [ 32.86652, 39.846267 ], [ 32.868227, 39.84732 ], [ 32.868938, 39.847424 ], [ 32.869069, 39.847473 ], [ 32.869328, 39.847588 ], [ 32.869554, 39.847644 ], [ 32.869987, 39.847729 ], [ 32.870289, 39.847862 ], [ 32.870283, 39.848225 ], [ 32.870251, 39.848772 ], [ 32.870106, 39.849234 ], [ 32.869985, 39.849507 ], [ 32.869891, 39.84965 ], [ 32.869285, 39.850402 ], [ 32.868851, 39.85104 ], [ 32.868856, 39.851176 ], [ 32.868888, 39.851331 ], [ 32.869152, 39.852048 ], [ 32.869258, 39.852443 ], [ 32.86928, 39.853077 ], [ 32.869335, 39.853296 ], [ 32.869479, 39.853461 ], [ 32.869628, 39.853562 ], [ 32.87013, 39.853792 ], [ 32.87086, 39.854029 ], [ 32.871581, 39.854206 ], [ 32.872655, 39.854383 ], [ 32.873478, 39.854599 ], [ 32.873827, 39.854728 ], [ 32.874073, 39.854875 ], [ 32.874301, 39.855087 ], [ 32.874505, 39.85532 ], [ 32.874616, 39.855579 ], [ 32.874625, 39.855891 ] ] ] } },
{ "type": "Feature", "properties": { "ID": 14192.0, "NAME": "Üniversiteler", "POPULATION": 34242.0 }, "geometry": { "type": "Polygon", "coordinates": [ [ [ 32.794074, 39.889954 ], [ 32.793977, 39.890336 ], [ 32.793986, 39.890565 ], [ 32.793894, 39.890979 ], [ 32.794362, 39.890866 ], [ 32.794288, 39.891115 ], [ 32.79449, 39.891281 ], [ 32.794276, 39.891387 ], [ 32.793542, 39.892071 ], [ 32.793137, 39.892537 ], [ 32.792697, 39.893269 ], [ 32.791164, 39.89651 ], [ 32.790907, 39.897036 ], [ 32.789947, 39.898776 ], [ 32.789207, 39.900663 ], [ 32.788591, 39.90202 ], [ 32.787856, 39.903645 ], [ 32.787143, 39.905154 ], [ 32.78668, 39.906151 ], [ 32.786361, 39.907015 ], [ 32.786213, 39.907642 ], [ 32.78612, 39.908094 ], [ 32.786094, 39.90869 ], [ 32.783529, 39.90859 ], [ 32.777833, 39.908327 ], [ 32.772078, 39.908107 ], [ 32.768489, 39.907966 ], [ 32.763663, 39.907782 ], [ 32.758926, 39.907584 ], [ 32.749533, 39.90722 ], [ 32.743667, 39.90699 ], [ 32.73392, 39.906599 ], [ 32.731838, 39.906491 ], [ 32.731872, 39.906311 ], [ 32.731914, 39.906176 ], [ 32.732039, 39.905939 ], [ 32.732207, 39.905714 ], [ 32.73228, 39.905558 ], [ 32.732726, 39.905122 ], [ 32.733677, 39.896927 ], [ 32.733492, 39.896817 ], [ 32.730147, 39.894824 ], [ 32.728747, 39.893998 ], [ 32.727849, 39.89353 ], [ 32.72719, 39.893227 ], [ 32.725335, 39.892538 ], [ 32.724562, 39.892251 ], [ 32.723151, 39.891476 ], [ 32.722696, 39.891223 ], [ 32.721602, 39.89041 ], [ 32.72065, 39.889464 ], [ 32.719656, 39.888278 ], [ 32.719288, 39.887896 ], [ 32.720886, 39.887541 ], [ 32.721319, 39.886462 ], [ 32.719071, 39.883559 ], [ 32.719016, 39.882794 ], [ 32.720595, 39.882512 ], [ 32.723884, 39.881496 ], [ 32.723884, 39.881478 ], [ 32.723939, 39.881396 ], [ 32.724039, 39.881438 ], [ 32.724084, 39.881416 ], [ 32.724292, 39.881277 ], [ 32.724731, 39.881111 ], [ 32.725124, 39.880437 ], [ 32.725106, 39.879987 ], [ 32.72439, 39.878664 ], [ 32.72452, 39.877993 ], [ 32.724549, 39.877844 ], [ 32.721754, 39.879103 ], [ 32.720852, 39.877942 ], [ 32.721739, 39.877366 ], [ 32.721342, 39.876525 ], [ 32.720634, 39.875799 ], [ 32.721316, 39.875441 ], [ 32.721673, 39.874134 ], [ 32.720263, 39.872965 ], [ 32.721321, 39.872343 ], [ 32.723669, 39.871942 ], [ 32.722597, 39.870455 ], [ 32.722393, 39.869907 ], [ 32.722225, 39.869736 ], [ 32.721836, 39.869564 ], [ 32.721907, 39.869457 ], [ 32.722001, 39.869258 ], [ 32.722446, 39.868363 ], [ 32.721723, 39.868085 ], [ 32.722409, 39.867501 ], [ 32.722843, 39.865648 ], [ 32.72179, 39.864745 ], [ 32.720738, 39.864412 ], [ 32.720576, 39.862812 ], [ 32.721219, 39.86257 ], [ 32.722314, 39.862074 ], [ 32.722441, 39.862027 ], [ 32.722847, 39.861991 ], [ 32.723752, 39.861901 ], [ 32.724628, 39.861847 ], [ 32.725465, 39.861793 ], [ 32.725936, 39.86181 ], [ 32.726049, 39.861773 ], [ 32.726149, 39.861692 ], [ 32.727361, 39.859851 ], [ 32.728919, 39.859828 ], [ 32.730045, 39.860017 ], [ 32.730982, 39.85973 ], [ 32.731638, 39.859946 ], [ 32.732106, 39.860377 ], [ 32.733245, 39.860515 ], [ 32.733864, 39.8608 ], [ 32.735288, 39.860895 ], [ 32.735907, 39.860895 ], [ 32.737145, 39.860753 ], [ 32.738631, 39.860895 ], [ 32.740728, 39.861397 ], [ 32.742645, 39.861435 ], [ 32.744183, 39.8619 ], [ 32.744823, 39.862321 ], [ 32.745504, 39.862511 ], [ 32.747299, 39.862274 ], [ 32.74829, 39.862891 ], [ 32.749157, 39.862844 ], [ 32.749219, 39.862369 ], [ 32.749033, 39.861418 ], [ 32.749033, 39.860848 ], [ 32.74959, 39.859089 ], [ 32.749772, 39.858106 ], [ 32.750591, 39.85761 ], [ 32.752097, 39.8569 ], [ 32.753587, 39.856117 ], [ 32.754635, 39.855602 ], [ 32.755003, 39.855514 ], [ 32.755634, 39.855068 ], [ 32.756944, 39.85442 ], [ 32.757836, 39.85383 ], [ 32.758351, 39.853467 ], [ 32.758359, 39.8534 ], [ 32.758655, 39.85316 ], [ 32.758808, 39.852908 ], [ 32.759252, 39.852206 ], [ 32.760352, 39.851613 ], [ 32.76056, 39.851502 ], [ 32.760779, 39.851393 ], [ 32.760801, 39.851293 ], [ 32.760799, 39.851212 ], [ 32.763018, 39.849799 ], [ 32.765729, 39.847698 ], [ 32.767298, 39.847783 ], [ 32.769069, 39.846844 ], [ 32.774029, 39.846116 ], [ 32.777917, 39.848152 ], [ 32.784084, 39.852323 ], [ 32.785839, 39.852255 ], [ 32.788157, 39.851746 ], [ 32.789481, 39.850984 ], [ 32.789882, 39.850663 ], [ 32.790004, 39.850442 ], [ 32.790021, 39.850061 ], [ 32.790409, 39.848462 ], [ 32.790492, 39.847857 ], [ 32.790683, 39.847258 ], [ 32.790818, 39.846907 ], [ 32.791131, 39.846486 ], [ 32.791681, 39.845937 ], [ 32.792153, 39.845515 ], [ 32.792669, 39.845148 ], [ 32.792828, 39.844854 ], [ 32.793258, 39.844763 ], [ 32.794514, 39.84436 ], [ 32.79527, 39.844198 ], [ 32.797923, 39.843627 ], [ 32.801159, 39.842799 ], [ 32.801911, 39.84273 ], [ 32.802301, 39.842797 ], [ 32.803175, 39.843001 ], [ 32.804352, 39.843311 ], [ 32.804656, 39.843368 ], [ 32.804891, 39.843372 ], [ 32.805108, 39.843339 ], [ 32.805344, 39.843268 ], [ 32.805561, 39.843158 ], [ 32.806013, 39.84282 ], [ 32.808842, 39.844988 ], [ 32.809822, 39.846069 ], [ 32.810459, 39.8472 ], [ 32.810802, 39.8485 ], [ 32.810852, 39.848944 ], [ 32.810853, 39.849213 ], [ 32.810817, 39.849514 ], [ 32.81069, 39.850255 ], [ 32.81061, 39.850568 ], [ 32.810498, 39.850879 ], [ 32.809812, 39.852481 ], [ 32.809649, 39.852888 ], [ 32.809473, 39.85335 ], [ 32.80915, 39.854275 ], [ 32.80907, 39.854594 ], [ 32.808967, 39.855252 ], [ 32.808943, 39.855717 ], [ 32.808911, 39.856177 ], [ 32.808951, 39.856798 ], [ 32.809018, 39.857282 ], [ 32.809118, 39.857735 ], [ 32.809262, 39.858256 ], [ 32.809354, 39.858528 ], [ 32.809732, 39.859624 ], [ 32.810111, 39.860782 ], [ 32.810187, 39.861103 ], [ 32.810243, 39.861455 ], [ 32.810275, 39.861963 ], [ 32.810275, 39.86237 ], [ 32.810203, 39.864792 ], [ 32.810244, 39.865304 ], [ 32.810459, 39.867334 ], [ 32.810654, 39.869177 ], [ 32.810973, 39.872179 ], [ 32.811014, 39.87258 ], [ 32.811755, 39.87955 ], [ 32.811818, 39.880143 ], [ 32.812093, 39.883278 ], [ 32.809683, 39.88325 ], [ 32.809565, 39.882753 ], [ 32.809083, 39.881904 ], [ 32.809029, 39.881691 ], [ 32.808941, 39.880989 ], [ 32.808807, 39.879742 ], [ 32.808664, 39.879066 ], [ 32.805441, 39.879016 ], [ 32.805127, 39.878981 ], [ 32.803628, 39.878894 ], [ 32.802479, 39.878857 ], [ 32.801664, 39.878695 ], [ 32.800865, 39.878545 ], [ 32.800528, 39.87852 ], [ 32.799922, 39.878217 ], [ 32.799613, 39.878193 ], [ 32.799083, 39.878223 ], [ 32.7973, 39.878302 ], [ 32.795444, 39.878488 ], [ 32.795444, 39.878591 ], [ 32.795134, 39.880393 ], [ 32.794817, 39.881645 ], [ 32.794785, 39.881893 ], [ 32.795238, 39.885016 ], [ 32.795272, 39.885444 ], [ 32.795322, 39.886417 ], [ 32.795228, 39.88725 ], [ 32.794997, 39.888535 ], [ 32.795006, 39.888612 ], [ 32.793846, 39.888774 ], [ 32.793795, 39.888869 ], [ 32.793641, 39.889262 ], [ 32.793878, 39.889856 ], [ 32.794074, 39.889954 ] ] ] } },
{ "type": "Feature", "properties": { "ID": 14199.0, "NAME": "Yukarı Dikmen", "POPULATION": 10484.0 }, "geometry": { "type": "Polygon", "coordinates": [ [ [ 32.837913, 39.854083 ], [ 32.837877, 39.853894 ], [ 32.83793, 39.853676 ], [ 32.838101, 39.853221 ], [ 32.838213, 39.852888 ], [ 32.838263, 39.852759 ], [ 32.838306, 39.852695 ], [ 32.838156, 39.851832 ], [ 32.837893, 39.851587 ], [ 32.83771, 39.851514 ], [ 32.837311, 39.849371 ], [ 32.837713, 39.849262 ], [ 32.837497, 39.849025 ], [ 32.837265, 39.848473 ], [ 32.836386, 39.846701 ], [ 32.83613, 39.845917 ], [ 32.83751, 39.846309 ], [ 32.838703, 39.846833 ], [ 32.840892, 39.847846 ], [ 32.842008, 39.848458 ], [ 32.844218, 39.849542 ], [ 32.8463, 39.850583 ], [ 32.846794, 39.850821 ], [ 32.847121, 39.851005 ], [ 32.847695, 39.851372 ], [ 32.848318, 39.851905 ], [ 32.848708, 39.85234 ], [ 32.849051, 39.85283 ], [ 32.849514, 39.853534 ], [ 32.85164, 39.856951 ], [ 32.851858, 39.857309 ], [ 32.851921, 39.857412 ], [ 32.852027, 39.857577 ], [ 32.852023, 39.85758 ], [ 32.852081, 39.85767 ], [ 32.852085, 39.857668 ], [ 32.852318, 39.858029 ], [ 32.852856, 39.858971 ], [ 32.853167, 39.859626 ], [ 32.853335, 39.860092 ], [ 32.853494, 39.86066 ], [ 32.853781, 39.861542 ], [ 32.853973, 39.861897 ], [ 32.854188, 39.862253 ], [ 32.854475, 39.862614 ], [ 32.854712, 39.862852 ], [ 32.854607, 39.862946 ], [ 32.854605, 39.862951 ], [ 32.854582, 39.863487 ], [ 32.854584, 39.86365 ], [ 32.854561, 39.863779 ], [ 32.854444, 39.86407 ], [ 32.854085, 39.864508 ], [ 32.853945, 39.864695 ], [ 32.853938, 39.864704 ], [ 32.852906, 39.866085 ], [ 32.852348, 39.866862 ], [ 32.851713, 39.867777 ], [ 32.851711, 39.86778 ], [ 32.851341, 39.868314 ], [ 32.85074, 39.869276 ], [ 32.850048, 39.870227 ], [ 32.849875, 39.870466 ], [ 32.849825, 39.870554 ], [ 32.84984, 39.870707 ], [ 32.849823, 39.870822 ], [ 32.849935, 39.871153 ], [ 32.850373, 39.872003 ], [ 32.850457, 39.87214 ], [ 32.850536, 39.872272 ], [ 32.850679, 39.872509 ], [ 32.850961, 39.872804 ], [ 32.850902, 39.872952 ], [ 32.850848, 39.873082 ], [ 32.850682, 39.87325 ], [ 32.850426, 39.873466 ], [ 32.850023, 39.873799 ], [ 32.849971, 39.873842 ], [ 32.849693, 39.87407 ], [ 32.849661, 39.874001 ], [ 32.849392, 39.873704 ], [ 32.849278, 39.873543 ], [ 32.849013, 39.873149 ], [ 32.848368, 39.872524 ], [ 32.847996, 39.872107 ], [ 32.847788, 39.871905 ], [ 32.847592, 39.87175 ], [ 32.847371, 39.871595 ], [ 32.847274, 39.871488 ], [ 32.847192, 39.871346 ], [ 32.847094, 39.87115 ], [ 32.847058, 39.871005 ], [ 32.847075, 39.870722 ], [ 32.847191, 39.870129 ], [ 32.847175, 39.869937 ], [ 32.847134, 39.86983 ], [ 32.846963, 39.86936 ], [ 32.846849, 39.869192 ], [ 32.846588, 39.868896 ], [ 32.846222, 39.868455 ], [ 32.845511, 39.86728 ], [ 32.845215, 39.866834 ], [ 32.844713, 39.865994 ], [ 32.844586, 39.865795 ], [ 32.844294, 39.864998 ], [ 32.843732, 39.863881 ], [ 32.843532, 39.863641 ], [ 32.843413, 39.86354 ], [ 32.843151, 39.863416 ], [ 32.843189, 39.863097 ], [ 32.843194, 39.86301 ], [ 32.843145, 39.862622 ], [ 32.842861, 39.861928 ], [ 32.842592, 39.861556 ], [ 32.841857, 39.860722 ], [ 32.841274, 39.859754 ], [ 32.841124, 39.85953 ], [ 32.841013, 39.85942 ], [ 32.840626, 39.859054 ], [ 32.840503, 39.858874 ], [ 32.840308, 39.858498 ], [ 32.839872, 39.857864 ], [ 32.839643, 39.857571 ], [ 32.839272, 39.857078 ], [ 32.838832, 39.856375 ], [ 32.838719, 39.855735 ], [ 32.838598, 39.855192 ], [ 32.83848, 39.854921 ], [ 32.838174, 39.854454 ], [ 32.837962, 39.854228 ], [ 32.837987, 39.854143 ], [ 32.837913, 39.854083 ] ] ] } },
{ "type": "Feature", "properties": { "ID": 14090.0, "NAME": "Akpınar", "POPULATION": 12634.0 }, "geometry": { "type": "Polygon", "coordinates": [ [ [ 32.819013, 39.864203 ], [ 32.818542, 39.86456 ], [ 32.81844, 39.86467 ], [ 32.818325, 39.864571 ], [ 32.818241, 39.864476 ], [ 32.818179, 39.864427 ], [ 32.818124, 39.864381 ], [ 32.818015, 39.864336 ], [ 32.81789, 39.864285 ], [ 32.817477, 39.864792 ], [ 32.817285, 39.865067 ], [ 32.816846, 39.865254 ], [ 32.816072, 39.866095 ], [ 32.815351, 39.866703 ], [ 32.814858, 39.86736 ], [ 32.814617, 39.868542 ], [ 32.814434, 39.869293 ], [ 32.814357, 39.869817 ], [ 32.814295, 39.870139 ], [ 32.813992, 39.870544 ], [ 32.813677, 39.870849 ], [ 32.812992, 39.871398 ], [ 32.812347, 39.872039 ], [ 32.812092, 39.872311 ], [ 32.811993, 39.872294 ], [ 32.811634, 39.872253 ], [ 32.811428, 39.872311 ], [ 32.811276, 39.872412 ], [ 32.811122, 39.872512 ], [ 32.811014, 39.87258 ], [ 32.810973, 39.872179 ], [ 32.810654, 39.869177 ], [ 32.810459, 39.867334 ], [ 32.810244, 39.865304 ], [ 32.810203, 39.864792 ], [ 32.810275, 39.86237 ], [ 32.810275, 39.861963 ], [ 32.810243, 39.861455 ], [ 32.810187, 39.861103 ], [ 32.810111, 39.860782 ], [ 32.809732, 39.859624 ], [ 32.809354, 39.858528 ], [ 32.809262, 39.858256 ], [ 32.809118, 39.857735 ], [ 32.809018, 39.857282 ], [ 32.808951, 39.856798 ], [ 32.808911, 39.856177 ], [ 32.808943, 39.855717 ], [ 32.808967, 39.855252 ], [ 32.80907, 39.854594 ], [ 32.80915, 39.854275 ], [ 32.809473, 39.85335 ], [ 32.809649, 39.852888 ], [ 32.809812, 39.852481 ], [ 32.810498, 39.850879 ], [ 32.81061, 39.850568 ], [ 32.81069, 39.850255 ], [ 32.810817, 39.849514 ], [ 32.810853, 39.849213 ], [ 32.810858, 39.848931 ], [ 32.811012, 39.848952 ], [ 32.811455, 39.849337 ], [ 32.811577, 39.849428 ], [ 32.811779, 39.849654 ], [ 32.811893, 39.849811 ], [ 32.811953, 39.849898 ], [ 32.811977, 39.849933 ], [ 32.812027, 39.850041 ], [ 32.81205, 39.850129 ], [ 32.812055, 39.850256 ], [ 32.812046, 39.850456 ], [ 32.812022, 39.850624 ], [ 32.811951, 39.850833 ], [ 32.811877, 39.850983 ], [ 32.811599, 39.851438 ], [ 32.811529, 39.851558 ], [ 32.811042, 39.85231 ], [ 32.810972, 39.852519 ], [ 32.810947, 39.852696 ], [ 32.810955, 39.852846 ], [ 32.810969, 39.852914 ], [ 32.810971, 39.852919 ], [ 32.810994, 39.85299 ], [ 32.811092, 39.85318 ], [ 32.811258, 39.853439 ], [ 32.811537, 39.853785 ], [ 32.812171, 39.854446 ], [ 32.812449, 39.854829 ], [ 32.812555, 39.855019 ], [ 32.812697, 39.855289 ], [ 32.812831, 39.855523 ], [ 32.812832, 39.855525 ], [ 32.812891, 39.855628 ], [ 32.813054, 39.855909 ], [ 32.813403, 39.856439 ], [ 32.813575, 39.856685 ], [ 32.813944, 39.857206 ], [ 32.814244, 39.857629 ], [ 32.814543, 39.858045 ], [ 32.814621, 39.858155 ], [ 32.814739, 39.85832 ], [ 32.814969, 39.858634 ], [ 32.815057, 39.858755 ], [ 32.815231, 39.859027 ], [ 32.81535, 39.859237 ], [ 32.815431, 39.859374 ], [ 32.815842, 39.860101 ], [ 32.816002, 39.86035 ], [ 32.816259, 39.860682 ], [ 32.816447, 39.860908 ], [ 32.816546, 39.861042 ], [ 32.817122, 39.861824 ], [ 32.817368, 39.862261 ], [ 32.81758, 39.862614 ], [ 32.817796, 39.862936 ], [ 32.818234, 39.863401 ], [ 32.818353, 39.863519 ], [ 32.818533, 39.863682 ], [ 32.818634, 39.863803 ], [ 32.818702, 39.863885 ], [ 32.819013, 39.864203 ] ] ] } },
{ "type": "Feature", "properties": { "ID": 14150.0, "NAME": "Keklik Pınarı", "POPULATION": 14246.0 }, "geometry": { "type": "Polygon", "coordinates": [ [ [ 32.829407, 39.867182 ], [ 32.829273, 39.867317 ], [ 32.829256, 39.867478 ], [ 32.82926, 39.867573 ], [ 32.829325, 39.867888 ], [ 32.829406, 39.868024 ], [ 32.828699, 39.867796 ], [ 32.828354, 39.868277 ], [ 32.828011, 39.868717 ], [ 32.827367, 39.869485 ], [ 32.827138, 39.86981 ], [ 32.82712, 39.869834 ], [ 32.827109, 39.869829 ], [ 32.826957, 39.869759 ], [ 32.825466, 39.869148 ], [ 32.825433, 39.869135 ], [ 32.824688, 39.868851 ], [ 32.824322, 39.868686 ], [ 32.824197, 39.868624 ], [ 32.823902, 39.868405 ], [ 32.82337, 39.868028 ], [ 32.822885, 39.867657 ], [ 32.822437, 39.867402 ], [ 32.822432, 39.867407 ], [ 32.822375, 39.86737 ], [ 32.822311, 39.867332 ], [ 32.821912, 39.867104 ], [ 32.821737, 39.867011 ], [ 32.821287, 39.86677 ], [ 32.820376, 39.866322 ], [ 32.82019, 39.866218 ], [ 32.819941, 39.866022 ], [ 32.819837, 39.865927 ], [ 32.819724, 39.865815 ], [ 32.819647, 39.865706 ], [ 32.819645, 39.865703 ], [ 32.819546, 39.865469 ], [ 32.819481, 39.86529 ], [ 32.819428, 39.865144 ], [ 32.819276, 39.864721 ], [ 32.819102, 39.864342 ], [ 32.819076, 39.864302 ], [ 32.819013, 39.864203 ], [ 32.818702, 39.863885 ], [ 32.818634, 39.863803 ], [ 32.818533, 39.863682 ], [ 32.818353, 39.863519 ], [ 32.818234, 39.863401 ], [ 32.817796, 39.862936 ], [ 32.81758, 39.862614 ], [ 32.817368, 39.862261 ], [ 32.817122, 39.861824 ], [ 32.816546, 39.861042 ], [ 32.816447, 39.860908 ], [ 32.816259, 39.860682 ], [ 32.816002, 39.86035 ], [ 32.815842, 39.860101 ], [ 32.815431, 39.859374 ], [ 32.81535, 39.859237 ], [ 32.815231, 39.859027 ], [ 32.815057, 39.858755 ], [ 32.814969, 39.858634 ], [ 32.814739, 39.85832 ], [ 32.814621, 39.858155 ], [ 32.814543, 39.858045 ], [ 32.814244, 39.857629 ], [ 32.813944, 39.857206 ], [ 32.813575, 39.856685 ], [ 32.813403, 39.856439 ], [ 32.813054, 39.855909 ], [ 32.812891, 39.855628 ], [ 32.812832, 39.855525 ], [ 32.812831, 39.855523 ], [ 32.812697, 39.855289 ], [ 32.812555, 39.855019 ], [ 32.812449, 39.854829 ], [ 32.812171, 39.854446 ], [ 32.811537, 39.853785 ], [ 32.811258, 39.853439 ], [ 32.811092, 39.85318 ], [ 32.810994, 39.85299 ], [ 32.810971, 39.852919 ], [ 32.810969, 39.852914 ], [ 32.810955, 39.852846 ], [ 32.810947, 39.852696 ], [ 32.810972, 39.852519 ], [ 32.811042, 39.85231 ], [ 32.811529, 39.851558 ], [ 32.811599, 39.851438 ], [ 32.811769, 39.851473 ], [ 32.811831, 39.851465 ], [ 32.81246, 39.851246 ], [ 32.812795, 39.851177 ], [ 32.813223, 39.851137 ], [ 32.813857, 39.851168 ], [ 32.813988, 39.851171 ], [ 32.814557, 39.851103 ], [ 32.81655, 39.851141 ], [ 32.817057, 39.851249 ], [ 32.819152, 39.851698 ], [ 32.819851, 39.851907 ], [ 32.820366, 39.852003 ], [ 32.82075, 39.852139 ], [ 32.821195, 39.852366 ], [ 32.821928, 39.852882 ], [ 32.822734, 39.85345 ], [ 32.824118, 39.854503 ], [ 32.824224, 39.854605 ], [ 32.824252, 39.854632 ], [ 32.824513, 39.854959 ], [ 32.824797, 39.855238 ], [ 32.824873, 39.855426 ], [ 32.824862, 39.855644 ], [ 32.824877, 39.855774 ], [ 32.824942, 39.855932 ], [ 32.825061, 39.856092 ], [ 32.825319, 39.85637 ], [ 32.825511, 39.856629 ], [ 32.825791, 39.856776 ], [ 32.825908, 39.856844 ], [ 32.826171, 39.857244 ], [ 32.826421, 39.857704 ], [ 32.82682, 39.858107 ], [ 32.826871, 39.858158 ], [ 32.826944, 39.858218 ], [ 32.826962, 39.858238 ], [ 32.827213, 39.85848 ], [ 32.827334, 39.85872 ], [ 32.827526, 39.859147 ], [ 32.827699, 39.859694 ], [ 32.827737, 39.860011 ], [ 32.828229, 39.860561 ], [ 32.828433, 39.861128 ], [ 32.828678, 39.861343 ], [ 32.828825, 39.86157 ], [ 32.82891, 39.861775 ], [ 32.828906, 39.862011 ], [ 32.828868, 39.862285 ], [ 32.828765, 39.862547 ], [ 32.828658, 39.862676 ], [ 32.828277, 39.863101 ], [ 32.828098, 39.863236 ], [ 32.827965, 39.863396 ], [ 32.828788, 39.863907 ], [ 32.828945, 39.864051 ], [ 32.829178, 39.864426 ], [ 32.829283, 39.864735 ], [ 32.829272, 39.86508 ], [ 32.828995, 39.865536 ], [ 32.828924, 39.865762 ], [ 32.828914, 39.865951 ], [ 32.828951, 39.866183 ], [ 32.828997, 39.866341 ], [ 32.829209, 39.866847 ], [ 32.829286, 39.867065 ], [ 32.829316, 39.867104 ], [ 32.829407, 39.867182 ] ] ] } },
{ "type": "Feature", "properties": { "ID": 14168.0, "NAME": "Mürsel Uluç", "POPULATION": 17774.0 }, "geometry": { "type": "Polygon", "coordinates": [ [ [ 32.836899, 39.870332 ], [ 32.836368, 39.870124 ], [ 32.836029, 39.86994 ], [ 32.835779, 39.86982 ], [ 32.835589, 39.869991 ], [ 32.835144, 39.869647 ], [ 32.835263, 39.869552 ], [ 32.835312, 39.869435 ], [ 32.835241, 39.86812 ], [ 32.83518, 39.868039 ], [ 32.834768, 39.867821 ], [ 32.83404, 39.867416 ], [ 32.833744, 39.867593 ], [ 32.833588, 39.867663 ], [ 32.833121, 39.868022 ], [ 32.832375, 39.868378 ], [ 32.832119, 39.867668 ], [ 32.83205, 39.867491 ], [ 32.831941, 39.867018 ], [ 32.831912, 39.866913 ], [ 32.831639, 39.866506 ], [ 32.8314, 39.866093 ], [ 32.831247, 39.865536 ], [ 32.831223, 39.865146 ], [ 32.830957, 39.864635 ], [ 32.830834, 39.864448 ], [ 32.830813, 39.864413 ], [ 32.830818, 39.864391 ], [ 32.830698, 39.864226 ], [ 32.830629, 39.864052 ], [ 32.830576, 39.863828 ], [ 32.830473, 39.863661 ], [ 32.830183, 39.863274 ], [ 32.829835, 39.862819 ], [ 32.829754, 39.862657 ], [ 32.828765, 39.862547 ], [ 32.828868, 39.862285 ], [ 32.828906, 39.862011 ], [ 32.82891, 39.861775 ], [ 32.828825, 39.86157 ], [ 32.828678, 39.861343 ], [ 32.828433, 39.861128 ], [ 32.828229, 39.860561 ], [ 32.827737, 39.860011 ], [ 32.827699, 39.859694 ], [ 32.827526, 39.859147 ], [ 32.827334, 39.85872 ], [ 32.827213, 39.85848 ], [ 32.826962, 39.858238 ], [ 32.826944, 39.858218 ], [ 32.826871, 39.858158 ], [ 32.82682, 39.858107 ], [ 32.826421, 39.857704 ], [ 32.826171, 39.857244 ], [ 32.825908, 39.856844 ], [ 32.825791, 39.856776 ], [ 32.825511, 39.856629 ], [ 32.825319, 39.85637 ], [ 32.825061, 39.856092 ], [ 32.824942, 39.855932 ], [ 32.824877, 39.855774 ], [ 32.824862, 39.855644 ], [ 32.824873, 39.855426 ], [ 32.824797, 39.855238 ], [ 32.824513, 39.854959 ], [ 32.824252, 39.854632 ], [ 32.824224, 39.854605 ], [ 32.82453, 39.854258 ], [ 32.826295, 39.854434 ], [ 32.826531, 39.854439 ], [ 32.827044, 39.854592 ], [ 32.827553, 39.854713 ], [ 32.827749, 39.854735 ], [ 32.827906, 39.854758 ], [ 32.828435, 39.854797 ], [ 32.828648, 39.85482 ], [ 32.829047, 39.854825 ], [ 32.830795, 39.855022 ], [ 32.831594, 39.85502 ], [ 32.831872, 39.855033 ], [ 32.832072, 39.85509 ], [ 32.83223, 39.855097 ], [ 32.832534, 39.855069 ], [ 32.832903, 39.855031 ], [ 32.833283, 39.855026 ], [ 32.833496, 39.855007 ], [ 32.833704, 39.854992 ], [ 32.833954, 39.854926 ], [ 32.834116, 39.854834 ], [ 32.834286, 39.854731 ], [ 32.8345, 39.854646 ], [ 32.834724, 39.854587 ], [ 32.835012, 39.854525 ], [ 32.835313, 39.85448 ], [ 32.835539, 39.854431 ], [ 32.835884, 39.854345 ], [ 32.836076, 39.85433 ], [ 32.836612, 39.854409 ], [ 32.836861, 39.8544 ], [ 32.837058, 39.854391 ], [ 32.837246, 39.854369 ], [ 32.837524, 39.854284 ], [ 32.837913, 39.854083 ], [ 32.837987, 39.854143 ], [ 32.837962, 39.854228 ], [ 32.838088, 39.854809 ], [ 32.838137, 39.855184 ], [ 32.838088, 39.855393 ], [ 32.837984, 39.855592 ], [ 32.83785, 39.855739 ], [ 32.837607, 39.855824 ], [ 32.837334, 39.855905 ], [ 32.837101, 39.855976 ], [ 32.836669, 39.856106 ], [ 32.835704, 39.85669 ], [ 32.835626, 39.856734 ], [ 32.835451, 39.856828 ], [ 32.835168, 39.857028 ], [ 32.835064, 39.857163 ], [ 32.834853, 39.857534 ], [ 32.83481, 39.857714 ], [ 32.834806, 39.857947 ], [ 32.835029, 39.858455 ], [ 32.835146, 39.858727 ], [ 32.835246, 39.858955 ], [ 32.835358, 39.859298 ], [ 32.835453, 39.859608 ], [ 32.835499, 39.859733 ], [ 32.835527, 39.859856 ], [ 32.835572, 39.859995 ], [ 32.835692, 39.860868 ], [ 32.835852, 39.861368 ], [ 32.835952, 39.861705 ], [ 32.836074, 39.862232 ], [ 32.836144, 39.862457 ], [ 32.836169, 39.862586 ], [ 32.836256, 39.862869 ], [ 32.836246, 39.863338 ], [ 32.83625, 39.863603 ], [ 32.836266, 39.863934 ], [ 32.836372, 39.86425 ], [ 32.836473, 39.864471 ], [ 32.836649, 39.864657 ], [ 32.836866, 39.864959 ], [ 32.837075, 39.865395 ], [ 32.837252, 39.865815 ], [ 32.837423, 39.865979 ], [ 32.837733, 39.866118 ], [ 32.838232, 39.866386 ], [ 32.838568, 39.866573 ], [ 32.838902, 39.866834 ], [ 32.839106, 39.867093 ], [ 32.839366, 39.867426 ], [ 32.839838, 39.868036 ], [ 32.839995, 39.868229 ], [ 32.840261, 39.868549 ], [ 32.839802, 39.868691 ], [ 32.83947, 39.868719 ], [ 32.838975, 39.868686 ], [ 32.838799, 39.869813 ], [ 32.838739, 39.870128 ], [ 32.837915, 39.870073 ], [ 32.837837, 39.870366 ], [ 32.837069, 39.870572 ], [ 32.836899, 39.870332 ] ] ] } },
{ "type": "Feature", "properties": { "ID": 14142.0, "NAME": "İlker", "POPULATION": 2880.0 }, "geometry": { "type": "Polygon", "coordinates": [ [ [ 32.836649, 39.864657 ], [ 32.836473, 39.864471 ], [ 32.836372, 39.86425 ], [ 32.836266, 39.863934 ], [ 32.83625, 39.863603 ], [ 32.836246, 39.863338 ], [ 32.836256, 39.862869 ], [ 32.836169, 39.862586 ], [ 32.836144, 39.862457 ], [ 32.836074, 39.862232 ], [ 32.835952, 39.861705 ], [ 32.835852, 39.861368 ], [ 32.835692, 39.860868 ], [ 32.835572, 39.859995 ], [ 32.835527, 39.859856 ], [ 32.835499, 39.859733 ], [ 32.835453, 39.859608 ], [ 32.835358, 39.859298 ], [ 32.835246, 39.858955 ], [ 32.835146, 39.858727 ], [ 32.835029, 39.858455 ], [ 32.834806, 39.857947 ], [ 32.83481, 39.857714 ], [ 32.834853, 39.857534 ], [ 32.835064, 39.857163 ], [ 32.835168, 39.857028 ], [ 32.835451, 39.856828 ], [ 32.835626, 39.856734 ], [ 32.835704, 39.85669 ], [ 32.836669, 39.856106 ], [ 32.837101, 39.855976 ], [ 32.837334, 39.855905 ], [ 32.837607, 39.855824 ], [ 32.83785, 39.855739 ], [ 32.837984, 39.855592 ], [ 32.838088, 39.855393 ], [ 32.838137, 39.855184 ], [ 32.838088, 39.854809 ], [ 32.837962, 39.854228 ], [ 32.838174, 39.854454 ], [ 32.83848, 39.854921 ], [ 32.838598, 39.855192 ], [ 32.838719, 39.855735 ], [ 32.838832, 39.856375 ], [ 32.839272, 39.857078 ], [ 32.839643, 39.857571 ], [ 32.839872, 39.857864 ], [ 32.840308, 39.858498 ], [ 32.840503, 39.858874 ], [ 32.840626, 39.859054 ], [ 32.841013, 39.85942 ], [ 32.841124, 39.85953 ], [ 32.841274, 39.859754 ], [ 32.841857, 39.860722 ], [ 32.842592, 39.861556 ], [ 32.842861, 39.861928 ], [ 32.843145, 39.862622 ], [ 32.843194, 39.86301 ], [ 32.843189, 39.863097 ], [ 32.843151, 39.863416 ], [ 32.843137, 39.864042 ], [ 32.843025, 39.864586 ], [ 32.842786, 39.864801 ], [ 32.842602, 39.864963 ], [ 32.842477, 39.865066 ], [ 32.842186, 39.865223 ], [ 32.841605, 39.865487 ], [ 32.84115, 39.865619 ], [ 32.840262, 39.865867 ], [ 32.839687, 39.866041 ], [ 32.838735, 39.866414 ], [ 32.838568, 39.866573 ], [ 32.838232, 39.866386 ], [ 32.837733, 39.866118 ], [ 32.837423, 39.865979 ], [ 32.837252, 39.865815 ], [ 32.837075, 39.865395 ], [ 32.836866, 39.864959 ], [ 32.836649, 39.864657 ] ] ] } },
{ "type": "Feature", "properties": { "ID": 14159.0, "NAME": "Malazgirt", "POPULATION": 6273.0 }, "geometry": { "type": "Polygon", "coordinates": [ [ [ 32.836899, 39.870332 ], [ 32.836697, 39.870972 ], [ 32.836466, 39.871332 ], [ 32.836335, 39.871567 ], [ 32.835733, 39.872382 ], [ 32.835468, 39.872181 ], [ 32.834804, 39.871623 ], [ 32.834515, 39.871397 ], [ 32.834203, 39.871144 ], [ 32.834195, 39.871138 ], [ 32.833988, 39.871282 ], [ 32.834313, 39.871549 ], [ 32.833934, 39.871835 ], [ 32.834271, 39.872076 ], [ 32.833844, 39.872353 ], [ 32.833981, 39.872473 ], [ 32.83366, 39.872681 ], [ 32.833114, 39.872214 ], [ 32.832925, 39.872052 ], [ 32.832333, 39.872533 ], [ 32.831806, 39.872177 ], [ 32.831522, 39.87202 ], [ 32.831351, 39.871927 ], [ 32.830815, 39.871712 ], [ 32.830003, 39.871381 ], [ 32.829441, 39.871077 ], [ 32.829123, 39.870891 ], [ 32.828604, 39.870594 ], [ 32.827783, 39.870145 ], [ 32.82712, 39.869834 ], [ 32.827138, 39.86981 ], [ 32.827367, 39.869485 ], [ 32.828011, 39.868717 ], [ 32.828354, 39.868277 ], [ 32.828699, 39.867796 ], [ 32.829406, 39.868024 ], [ 32.829325, 39.867888 ], [ 32.82926, 39.867573 ], [ 32.829256, 39.867478 ], [ 32.829273, 39.867317 ], [ 32.829407, 39.867182 ], [ 32.829316, 39.867104 ], [ 32.829286, 39.867065 ], [ 32.829209, 39.866847 ], [ 32.828997, 39.866341 ], [ 32.828951, 39.866183 ], [ 32.828914, 39.865951 ], [ 32.828924, 39.865762 ], [ 32.828995, 39.865536 ], [ 32.829272, 39.86508 ], [ 32.829283, 39.864735 ], [ 32.829178, 39.864426 ], [ 32.828945, 39.864051 ], [ 32.828788, 39.863907 ], [ 32.827965, 39.863396 ], [ 32.828098, 39.863236 ], [ 32.828277, 39.863101 ], [ 32.828658, 39.862676 ], [ 32.828765, 39.862547 ], [ 32.829754, 39.862657 ], [ 32.829835, 39.862819 ], [ 32.830183, 39.863274 ], [ 32.830473, 39.863661 ], [ 32.830576, 39.863828 ], [ 32.830629, 39.864052 ], [ 32.830698, 39.864226 ], [ 32.830818, 39.864391 ], [ 32.830813, 39.864413 ], [ 32.830834, 39.864448 ], [ 32.830957, 39.864635 ], [ 32.831223, 39.865146 ], [ 32.831247, 39.865536 ], [ 32.8314, 39.866093 ], [ 32.831639, 39.866506 ], [ 32.831912, 39.866913 ], [ 32.831941, 39.867018 ], [ 32.83205, 39.867491 ], [ 32.832119, 39.867668 ], [ 32.832375, 39.868378 ], [ 32.833121, 39.868022 ], [ 32.833588, 39.867663 ], [ 32.833744, 39.867593 ], [ 32.83404, 39.867416 ], [ 32.834768, 39.867821 ], [ 32.83518, 39.868039 ], [ 32.835241, 39.86812 ], [ 32.835312, 39.869435 ], [ 32.835263, 39.869552 ], [ 32.835144, 39.869647 ], [ 32.835589, 39.869991 ], [ 32.835779, 39.86982 ], [ 32.836029, 39.86994 ], [ 32.836368, 39.870124 ], [ 32.836899, 39.870332 ] ] ] } },
{ "type": "Feature", "properties": { "ID": 14137.0, "NAME": "Hilal", "POPULATION": 6721.0 }, "geometry": { "type": "Polygon", "coordinates": [ [ [ 32.860574, 39.870731 ], [ 32.860488, 39.870748 ], [ 32.859831, 39.870976 ], [ 32.85923, 39.871137 ], [ 32.85927, 39.871208 ], [ 32.859551, 39.871883 ], [ 32.859713, 39.872444 ], [ 32.859768, 39.872478 ], [ 32.85872, 39.872534 ], [ 32.857672, 39.872583 ], [ 32.857097, 39.872586 ], [ 32.856208, 39.872597 ], [ 32.855249, 39.872611 ], [ 32.855196, 39.873078 ], [ 32.854489, 39.873153 ], [ 32.854273, 39.873177 ], [ 32.85384, 39.873157 ], [ 32.853435, 39.873163 ], [ 32.852773, 39.873197 ], [ 32.852455, 39.873177 ], [ 32.852332, 39.872991 ], [ 32.852345, 39.872811 ], [ 32.852295, 39.872623 ], [ 32.851677, 39.872622 ], [ 32.851439, 39.872643 ], [ 32.851166, 39.872718 ], [ 32.850961, 39.872804 ], [ 32.850679, 39.872509 ], [ 32.850536, 39.872272 ], [ 32.850457, 39.87214 ], [ 32.850373, 39.872003 ], [ 32.849935, 39.871153 ], [ 32.849823, 39.870822 ], [ 32.84984, 39.870707 ], [ 32.849825, 39.870554 ], [ 32.849875, 39.870466 ], [ 32.850048, 39.870227 ], [ 32.85074, 39.869276 ], [ 32.851341, 39.868314 ], [ 32.851711, 39.86778 ], [ 32.851713, 39.867777 ], [ 32.852348, 39.866862 ], [ 32.852906, 39.866085 ], [ 32.853938, 39.864704 ], [ 32.853945, 39.864695 ], [ 32.854085, 39.864508 ], [ 32.854444, 39.86407 ], [ 32.854561, 39.863779 ], [ 32.854584, 39.86365 ], [ 32.854582, 39.863487 ], [ 32.854605, 39.862951 ], [ 32.854607, 39.862946 ], [ 32.854712, 39.862852 ], [ 32.854966, 39.863076 ], [ 32.855962, 39.863838 ], [ 32.857338, 39.864815 ], [ 32.857661, 39.865131 ], [ 32.85797, 39.865487 ], [ 32.858213, 39.865876 ], [ 32.858784, 39.867072 ], [ 32.859062, 39.867866 ], [ 32.859272, 39.86831 ], [ 32.85989, 39.869591 ], [ 32.860574, 39.870731 ] ] ] } },
{ "type": "Feature", "properties": { "ID": 14163.0, "NAME": "Metin Akkuş", "POPULATION": 2772.0 }, "geometry": { "type": "Polygon", "coordinates": [ [ [ 32.850522, 39.874887 ], [ 32.850496, 39.875358 ], [ 32.850327, 39.875791 ], [ 32.850068, 39.875721 ], [ 32.849887, 39.875628 ], [ 32.849887, 39.875632 ], [ 32.849768, 39.875606 ], [ 32.849658, 39.875476 ], [ 32.849559, 39.875395 ], [ 32.849559, 39.875425 ], [ 32.849587, 39.875578 ], [ 32.849523, 39.875781 ], [ 32.84945, 39.87598 ], [ 32.849348, 39.876075 ], [ 32.849245, 39.876094 ], [ 32.849121, 39.876064 ], [ 32.849032, 39.876007 ], [ 32.848873, 39.875934 ], [ 32.847837, 39.876762 ], [ 32.847238, 39.876359 ], [ 32.847086, 39.876271 ], [ 32.847206, 39.876214 ], [ 32.847421, 39.876083 ], [ 32.847697, 39.875796 ], [ 32.847805, 39.875664 ], [ 32.848105, 39.875271 ], [ 32.847928, 39.875037 ], [ 32.847232, 39.874167 ], [ 32.84719, 39.87413 ], [ 32.846761, 39.87378 ], [ 32.846541, 39.873597 ], [ 32.84641, 39.873527 ], [ 32.846075, 39.873379 ], [ 32.844897, 39.872964 ], [ 32.843863, 39.872619 ], [ 32.842997, 39.872316 ], [ 32.842748, 39.871976 ], [ 32.842532, 39.871648 ], [ 32.842067, 39.871001 ], [ 32.841626, 39.870358 ], [ 32.841161, 39.869711 ], [ 32.840913, 39.869332 ], [ 32.840693, 39.869064 ], [ 32.840313, 39.868611 ], [ 32.840261, 39.868549 ], [ 32.839995, 39.868229 ], [ 32.839838, 39.868036 ], [ 32.839366, 39.867426 ], [ 32.839106, 39.867093 ], [ 32.838902, 39.866834 ], [ 32.838568, 39.866573 ], [ 32.838735, 39.866414 ], [ 32.839687, 39.866041 ], [ 32.840262, 39.865867 ], [ 32.84115, 39.865619 ], [ 32.841605, 39.865487 ], [ 32.842186, 39.865223 ], [ 32.842477, 39.865066 ], [ 32.842602, 39.864963 ], [ 32.842786, 39.864801 ], [ 32.843025, 39.864586 ], [ 32.843137, 39.864042 ], [ 32.843151, 39.863416 ], [ 32.843413, 39.86354 ], [ 32.843532, 39.863641 ], [ 32.843732, 39.863881 ], [ 32.844294, 39.864998 ], [ 32.844586, 39.865795 ], [ 32.844713, 39.865994 ], [ 32.845215, 39.866834 ], [ 32.845511, 39.86728 ], [ 32.846222, 39.868455 ], [ 32.846588, 39.868896 ], [ 32.846849, 39.869192 ], [ 32.846963, 39.86936 ], [ 32.847134, 39.86983 ], [ 32.847175, 39.869937 ], [ 32.847191, 39.870129 ], [ 32.847075, 39.870722 ], [ 32.847058, 39.871005 ], [ 32.847094, 39.87115 ], [ 32.847192, 39.871346 ], [ 32.847274, 39.871488 ], [ 32.847371, 39.871595 ], [ 32.847592, 39.87175 ], [ 32.847788, 39.871905 ], [ 32.847996, 39.872107 ], [ 32.848368, 39.872524 ], [ 32.849013, 39.873149 ], [ 32.849278, 39.873543 ], [ 32.849392, 39.873704 ], [ 32.849661, 39.874001 ], [ 32.849693, 39.87407 ], [ 32.849861, 39.874433 ], [ 32.850522, 39.874887 ] ] ] } },
{ "type": "Feature", "properties": { "ID": 14146.0, "NAME": "Karapınar", "POPULATION": 9161.0 }, "geometry": { "type": "Polygon", "coordinates": [ [ [ 32.822375, 39.86737 ], [ 32.822331, 39.867415 ], [ 32.821607, 39.868256 ], [ 32.821229, 39.868658 ], [ 32.820926, 39.868919 ], [ 32.820043, 39.869488 ], [ 32.819801, 39.869628 ], [ 32.819606, 39.86978 ], [ 32.819317, 39.870072 ], [ 32.818912, 39.870477 ], [ 32.818804, 39.870588 ], [ 32.818761, 39.870588 ], [ 32.818662, 39.870656 ], [ 32.818434, 39.870803 ], [ 32.81802, 39.871039 ], [ 32.817852, 39.871145 ], [ 32.816835, 39.871771 ], [ 32.815942, 39.872258 ], [ 32.815374, 39.872641 ], [ 32.8148, 39.873046 ], [ 32.814641, 39.873173 ], [ 32.813995, 39.873678 ], [ 32.813673, 39.873932 ], [ 32.813617, 39.873986 ], [ 32.813588, 39.874081 ], [ 32.813421, 39.87401 ], [ 32.813125, 39.873715 ], [ 32.812881, 39.873488 ], [ 32.812706, 39.873246 ], [ 32.812413, 39.872663 ], [ 32.812305, 39.872536 ], [ 32.812092, 39.872311 ], [ 32.812347, 39.872039 ], [ 32.812992, 39.871398 ], [ 32.813677, 39.870849 ], [ 32.813992, 39.870544 ], [ 32.814295, 39.870139 ], [ 32.814357, 39.869817 ], [ 32.814434, 39.869293 ], [ 32.814617, 39.868542 ], [ 32.814858, 39.86736 ], [ 32.815351, 39.866703 ], [ 32.816072, 39.866095 ], [ 32.816846, 39.865254 ], [ 32.817285, 39.865067 ], [ 32.817477, 39.864792 ], [ 32.81789, 39.864285 ], [ 32.818015, 39.864336 ], [ 32.818124, 39.864381 ], [ 32.818179, 39.864427 ], [ 32.818241, 39.864476 ], [ 32.818325, 39.864571 ], [ 32.81844, 39.86467 ], [ 32.818542, 39.86456 ], [ 32.819013, 39.864203 ], [ 32.819076, 39.864302 ], [ 32.819102, 39.864342 ], [ 32.819276, 39.864721 ], [ 32.819428, 39.865144 ], [ 32.819481, 39.86529 ], [ 32.819546, 39.865469 ], [ 32.819645, 39.865703 ], [ 32.819647, 39.865706 ], [ 32.819724, 39.865815 ], [ 32.819837, 39.865927 ], [ 32.819941, 39.866022 ], [ 32.82019, 39.866218 ], [ 32.820376, 39.866322 ], [ 32.821287, 39.86677 ], [ 32.821737, 39.867011 ], [ 32.821912, 39.867104 ], [ 32.822311, 39.867332 ], [ 32.822375, 39.86737 ] ] ] } },
{ "type": "Feature", "properties": { "ID": 14138.0, "NAME": "Huzur", "POPULATION": 17039.0 }, "geometry": { "type": "Polygon", "coordinates": [ [ [ 32.823678, 39.883142 ], [ 32.822721, 39.883354 ], [ 32.821998, 39.883471 ], [ 32.821391, 39.883569 ], [ 32.82088, 39.883667 ], [ 32.820139, 39.883785 ], [ 32.818886, 39.883818 ], [ 32.818357, 39.883809 ], [ 32.818883, 39.883201 ], [ 32.818985, 39.882951 ], [ 32.819044, 39.882671 ], [ 32.819044, 39.882555 ], [ 32.819017, 39.88212 ], [ 32.818975, 39.881833 ], [ 32.818888, 39.881294 ], [ 32.818823, 39.881095 ], [ 32.818605, 39.880808 ], [ 32.818397, 39.880528 ], [ 32.817826, 39.879828 ], [ 32.817772, 39.87983 ], [ 32.817877, 39.879028 ], [ 32.81809, 39.877485 ], [ 32.818178, 39.876522 ], [ 32.818232, 39.876141 ], [ 32.818292, 39.875801 ], [ 32.818616, 39.874358 ], [ 32.81867, 39.874072 ], [ 32.8187, 39.873496 ], [ 32.818742, 39.872665 ], [ 32.818793, 39.87222 ], [ 32.818822, 39.871613 ], [ 32.818835, 39.871055 ], [ 32.818809, 39.870958 ], [ 32.818808, 39.870836 ], [ 32.818804, 39.870588 ], [ 32.818912, 39.870477 ], [ 32.819317, 39.870072 ], [ 32.819606, 39.86978 ], [ 32.819801, 39.869628 ], [ 32.820043, 39.869488 ], [ 32.820926, 39.868919 ], [ 32.821229, 39.868658 ], [ 32.821607, 39.868256 ], [ 32.822331, 39.867415 ], [ 32.822375, 39.86737 ], [ 32.822432, 39.867407 ], [ 32.822437, 39.867402 ], [ 32.822885, 39.867657 ], [ 32.82337, 39.868028 ], [ 32.823902, 39.868405 ], [ 32.824197, 39.868624 ], [ 32.824322, 39.868686 ], [ 32.824688, 39.868851 ], [ 32.825433, 39.869135 ], [ 32.825466, 39.869148 ], [ 32.826957, 39.869759 ], [ 32.826502, 39.870326 ], [ 32.825999, 39.870845 ], [ 32.825766, 39.871056 ], [ 32.825585, 39.871188 ], [ 32.825159, 39.871452 ], [ 32.825001, 39.871609 ], [ 32.824767, 39.871889 ], [ 32.82459, 39.872227 ], [ 32.824521, 39.872345 ], [ 32.824184, 39.872905 ], [ 32.82375, 39.873418 ], [ 32.823659, 39.87352 ], [ 32.823433, 39.873886 ], [ 32.823346, 39.874135 ], [ 32.823291, 39.874989 ], [ 32.823228, 39.875625 ], [ 32.823149, 39.875871 ], [ 32.823017, 39.876451 ], [ 32.822983, 39.876716 ], [ 32.822995, 39.876852 ], [ 32.823006, 39.87696 ], [ 32.823067, 39.877651 ], [ 32.823069, 39.877842 ], [ 32.823119, 39.87816 ], [ 32.8232, 39.878548 ], [ 32.823244, 39.87894 ], [ 32.823168, 39.879592 ], [ 32.82322, 39.880207 ], [ 32.823411, 39.88074 ], [ 32.823541, 39.881008 ], [ 32.823634, 39.881421 ], [ 32.823653, 39.88196 ], [ 32.823653, 39.882124 ], [ 32.82366, 39.882549 ], [ 32.823678, 39.883142 ] ] ] } },
{ "type": "Feature", "properties": { "ID": 14178.0, "NAME": "Osman Temiz", "POPULATION": 9194.0 }, "geometry": { "type": "Polygon", "coordinates": [ [ [ 32.842997, 39.872316 ], [ 32.841633, 39.872913 ], [ 32.839692, 39.873737 ], [ 32.839777, 39.874 ], [ 32.839823, 39.874236 ], [ 32.839869, 39.874507 ], [ 32.839859, 39.874922 ], [ 32.839826, 39.875165 ], [ 32.839808, 39.875237 ], [ 32.839749, 39.875451 ], [ 32.839683, 39.875574 ], [ 32.839516, 39.875762 ], [ 32.839407, 39.875845 ], [ 32.839257, 39.875959 ], [ 32.838756, 39.876207 ], [ 32.838498, 39.876342 ], [ 32.838197, 39.876499 ], [ 32.83743, 39.876894 ], [ 32.836661, 39.877333 ], [ 32.836641, 39.877343 ], [ 32.835794, 39.876485 ], [ 32.835751, 39.876439 ], [ 32.83529, 39.875969 ], [ 32.834983, 39.875589 ], [ 32.83452, 39.875043 ], [ 32.834027, 39.874315 ], [ 32.833856, 39.87399 ], [ 32.833662, 39.873535 ], [ 32.83356, 39.873394 ], [ 32.832496, 39.872643 ], [ 32.832333, 39.872533 ], [ 32.832925, 39.872052 ], [ 32.833114, 39.872214 ], [ 32.83366, 39.872681 ], [ 32.833981, 39.872473 ], [ 32.833844, 39.872353 ], [ 32.834271, 39.872076 ], [ 32.833934, 39.871835 ], [ 32.834313, 39.871549 ], [ 32.833988, 39.871282 ], [ 32.834195, 39.871138 ], [ 32.834203, 39.871144 ], [ 32.834515, 39.871397 ], [ 32.834804, 39.871623 ], [ 32.835468, 39.872181 ], [ 32.835733, 39.872382 ], [ 32.836335, 39.871567 ], [ 32.836466, 39.871332 ], [ 32.836697, 39.870972 ], [ 32.836899, 39.870332 ], [ 32.837069, 39.870572 ], [ 32.837837, 39.870366 ], [ 32.837915, 39.870073 ], [ 32.838739, 39.870128 ], [ 32.838799, 39.869813 ], [ 32.838975, 39.868686 ], [ 32.83947, 39.868719 ], [ 32.839802, 39.868691 ], [ 32.840261, 39.868549 ], [ 32.840313, 39.868611 ], [ 32.840693, 39.869064 ], [ 32.840913, 39.869332 ], [ 32.841161, 39.869711 ], [ 32.841626, 39.870358 ], [ 32.842067, 39.871001 ], [ 32.842532, 39.871648 ], [ 32.842748, 39.871976 ], [ 32.842997, 39.872316 ] ] ] } },
{ "type": "Feature", "properties": { "ID": 14097.0, "NAME": "Ata", "POPULATION": 11235.0 }, "geometry": { "type": "Polygon", "coordinates": [ [ [ 32.823678, 39.883142 ], [ 32.82366, 39.882549 ], [ 32.823653, 39.882124 ], [ 32.823653, 39.88196 ], [ 32.823634, 39.881421 ], [ 32.823541, 39.881008 ], [ 32.823411, 39.88074 ], [ 32.82322, 39.880207 ], [ 32.823168, 39.879592 ], [ 32.823244, 39.87894 ], [ 32.8232, 39.878548 ], [ 32.823119, 39.87816 ], [ 32.823069, 39.877842 ], [ 32.823067, 39.877651 ], [ 32.823006, 39.87696 ], [ 32.822995, 39.876852 ], [ 32.822983, 39.876716 ], [ 32.823017, 39.876451 ], [ 32.823149, 39.875871 ], [ 32.823228, 39.875625 ], [ 32.823291, 39.874989 ], [ 32.823346, 39.874135 ], [ 32.823433, 39.873886 ], [ 32.823659, 39.87352 ], [ 32.82375, 39.873418 ], [ 32.824184, 39.872905 ], [ 32.824521, 39.872345 ], [ 32.82459, 39.872227 ], [ 32.824767, 39.871889 ], [ 32.825001, 39.871609 ], [ 32.825159, 39.871452 ], [ 32.825585, 39.871188 ], [ 32.825766, 39.871056 ], [ 32.825999, 39.870845 ], [ 32.826502, 39.870326 ], [ 32.826957, 39.869759 ], [ 32.827109, 39.869829 ], [ 32.82712, 39.869834 ], [ 32.827783, 39.870145 ], [ 32.828604, 39.870594 ], [ 32.829123, 39.870891 ], [ 32.829441, 39.871077 ], [ 32.830003, 39.871381 ], [ 32.829252, 39.872055 ], [ 32.828789, 39.872534 ], [ 32.828455, 39.87275 ], [ 32.828188, 39.872854 ], [ 32.827378, 39.873157 ], [ 32.827073, 39.873365 ], [ 32.826888, 39.873596 ], [ 32.826558, 39.874174 ], [ 32.826268, 39.874751 ], [ 32.826238, 39.874805 ], [ 32.82618, 39.874929 ], [ 32.826063, 39.875261 ], [ 32.82593, 39.87594 ], [ 32.825881, 39.876284 ], [ 32.825887, 39.876385 ], [ 32.825929, 39.876556 ], [ 32.825995, 39.876672 ], [ 32.82618, 39.87701 ], [ 32.826863, 39.877937 ], [ 32.826947, 39.878057 ], [ 32.827253, 39.878497 ], [ 32.82753, 39.878902 ], [ 32.828069, 39.880435 ], [ 32.828149, 39.880759 ], [ 32.828146, 39.880904 ], [ 32.82811, 39.881048 ], [ 32.828, 39.881279 ], [ 32.827825, 39.88173 ], [ 32.827795, 39.881893 ], [ 32.827768, 39.882195 ], [ 32.827764, 39.882476 ], [ 32.827823, 39.882868 ], [ 32.827309, 39.88295 ], [ 32.82676, 39.882974 ], [ 32.826169, 39.883013 ], [ 32.825774, 39.883032 ], [ 32.825261, 39.883052 ], [ 32.824673, 39.883087 ], [ 32.823678, 39.883142 ] ] ] } },
{ "type": "Feature", "properties": { "ID": 14132.0, "NAME": "Gökkuşağı", "POPULATION": 8524.0 }, "geometry": { "type": "Polygon", "coordinates": [ [ [ 32.818835, 39.871055 ], [ 32.818822, 39.871613 ], [ 32.818793, 39.87222 ], [ 32.818742, 39.872665 ], [ 32.8187, 39.873496 ], [ 32.81867, 39.874072 ], [ 32.818616, 39.874358 ], [ 32.818292, 39.875801 ], [ 32.818232, 39.876141 ], [ 32.818178, 39.876522 ], [ 32.81809, 39.877485 ], [ 32.818026, 39.877479 ], [ 32.817469, 39.877472 ], [ 32.817371, 39.877489 ], [ 32.816759, 39.877801 ], [ 32.816371, 39.877933 ], [ 32.815886, 39.878089 ], [ 32.81488, 39.878662 ], [ 32.814983, 39.878848 ], [ 32.815022, 39.878926 ], [ 32.81504, 39.87903 ], [ 32.815085, 39.879291 ], [ 32.815019, 39.879291 ], [ 32.813911, 39.87929 ], [ 32.81255, 39.879431 ], [ 32.81251, 39.87952 ], [ 32.811881, 39.879552 ], [ 32.811755, 39.87955 ], [ 32.811014, 39.87258 ], [ 32.811122, 39.872512 ], [ 32.811276, 39.872412 ], [ 32.811428, 39.872311 ], [ 32.811634, 39.872253 ], [ 32.811993, 39.872294 ], [ 32.812092, 39.872311 ], [ 32.812305, 39.872536 ], [ 32.812413, 39.872663 ], [ 32.812706, 39.873246 ], [ 32.812881, 39.873488 ], [ 32.813125, 39.873715 ], [ 32.813421, 39.87401 ], [ 32.813588, 39.874081 ], [ 32.813617, 39.873986 ], [ 32.813673, 39.873932 ], [ 32.813995, 39.873678 ], [ 32.814641, 39.873173 ], [ 32.8148, 39.873046 ], [ 32.815374, 39.872641 ], [ 32.815942, 39.872258 ], [ 32.816835, 39.871771 ], [ 32.817852, 39.871145 ], [ 32.81802, 39.871039 ], [ 32.818434, 39.870803 ], [ 32.818662, 39.870656 ], [ 32.818761, 39.870588 ], [ 32.818804, 39.870588 ], [ 32.818808, 39.870836 ], [ 32.818809, 39.870958 ], [ 32.818835, 39.871055 ] ] ] } },
{ "type": "Feature", "properties": { "ID": 14183.0, "NAME": "Şehit Cengiz Karaca", "POPULATION": 7377.0 }, "geometry": { "type": "Polygon", "coordinates": [ [ [ 32.832051, 39.874876 ], [ 32.831761, 39.87511 ], [ 32.831694, 39.875192 ], [ 32.831629, 39.875353 ], [ 32.831562, 39.87654 ], [ 32.831529, 39.877119 ], [ 32.831406, 39.877305 ], [ 32.831294, 39.8775 ], [ 32.830655, 39.877335 ], [ 32.829963, 39.878665 ], [ 32.829932, 39.878778 ], [ 32.829848, 39.879623 ], [ 32.829799, 39.880071 ], [ 32.829113, 39.880203 ], [ 32.828069, 39.880435 ], [ 32.82753, 39.878902 ], [ 32.827253, 39.878497 ], [ 32.826947, 39.878057 ], [ 32.826863, 39.877937 ], [ 32.82618, 39.87701 ], [ 32.825995, 39.876672 ], [ 32.825929, 39.876556 ], [ 32.825887, 39.876385 ], [ 32.825881, 39.876284 ], [ 32.82593, 39.87594 ], [ 32.826063, 39.875261 ], [ 32.82618, 39.874929 ], [ 32.826238, 39.874805 ], [ 32.826268, 39.874751 ], [ 32.826558, 39.874174 ], [ 32.826888, 39.873596 ], [ 32.827073, 39.873365 ], [ 32.827378, 39.873157 ], [ 32.828188, 39.872854 ], [ 32.828455, 39.87275 ], [ 32.828789, 39.872534 ], [ 32.829252, 39.872055 ], [ 32.830003, 39.871381 ], [ 32.830815, 39.871712 ], [ 32.831351, 39.871927 ], [ 32.831522, 39.87202 ], [ 32.831806, 39.872177 ], [ 32.832333, 39.872533 ], [ 32.832496, 39.872643 ], [ 32.83356, 39.873394 ], [ 32.833662, 39.873535 ], [ 32.833856, 39.87399 ], [ 32.832923, 39.874388 ], [ 32.832051, 39.874876 ] ] ] } },
{ "type": "Feature", "properties": { "ID": 14171.0, "NAME": "Naci Çakır", "POPULATION": 8602.0 }, "geometry": { "type": "Polygon", "coordinates": [ [ [ 32.844233, 39.876582 ], [ 32.843589, 39.876667 ], [ 32.843437, 39.876706 ], [ 32.843307, 39.876766 ], [ 32.843174, 39.876886 ], [ 32.843069, 39.877041 ], [ 32.843007, 39.877205 ], [ 32.842987, 39.877527 ], [ 32.842967, 39.877843 ], [ 32.842948, 39.878519 ], [ 32.842909, 39.878779 ], [ 32.842886, 39.878847 ], [ 32.842877, 39.87886 ], [ 32.842825, 39.878936 ], [ 32.842515, 39.879077 ], [ 32.842361, 39.879126 ], [ 32.842317, 39.879131 ], [ 32.841239, 39.879227 ], [ 32.840444, 39.879314 ], [ 32.839445, 39.879478 ], [ 32.838605, 39.879774 ], [ 32.83846, 39.879514 ], [ 32.83836, 39.879353 ], [ 32.838344, 39.879326 ], [ 32.838218, 39.879123 ], [ 32.837955, 39.878798 ], [ 32.837731, 39.87854 ], [ 32.837124, 39.8779 ], [ 32.836641, 39.877343 ], [ 32.836661, 39.877333 ], [ 32.83743, 39.876894 ], [ 32.838197, 39.876499 ], [ 32.838498, 39.876342 ], [ 32.838756, 39.876207 ], [ 32.839257, 39.875959 ], [ 32.839407, 39.875845 ], [ 32.839516, 39.875762 ], [ 32.839683, 39.875574 ], [ 32.839749, 39.875451 ], [ 32.839808, 39.875237 ], [ 32.839826, 39.875165 ], [ 32.839859, 39.874922 ], [ 32.839869, 39.874507 ], [ 32.839823, 39.874236 ], [ 32.839777, 39.874 ], [ 32.839692, 39.873737 ], [ 32.841633, 39.872913 ], [ 32.842997, 39.872316 ], [ 32.843863, 39.872619 ], [ 32.844897, 39.872964 ], [ 32.846075, 39.873379 ], [ 32.84641, 39.873527 ], [ 32.846541, 39.873597 ], [ 32.846761, 39.87378 ], [ 32.84719, 39.87413 ], [ 32.847232, 39.874167 ], [ 32.847928, 39.875037 ], [ 32.848105, 39.875271 ], [ 32.847805, 39.875664 ], [ 32.847697, 39.875796 ], [ 32.847421, 39.876083 ], [ 32.847206, 39.876214 ], [ 32.847086, 39.876271 ], [ 32.846854, 39.876337 ], [ 32.846577, 39.876385 ], [ 32.846554, 39.876387 ], [ 32.845741, 39.876448 ], [ 32.844233, 39.876582 ] ] ] } },
{ "type": "Feature", "properties": { "ID": 14098.0, "NAME": "Aydınlar", "POPULATION": 5544.0 }, "geometry": { "type": "Polygon", "coordinates": [ [ [ 32.839297, 39.881513 ], [ 32.83853, 39.881638 ], [ 32.838314, 39.881669 ], [ 32.838318, 39.881672 ], [ 32.83649, 39.882201 ], [ 32.835965, 39.882355 ], [ 32.835543, 39.881632 ], [ 32.83498, 39.880607 ], [ 32.834587, 39.880018 ], [ 32.833941, 39.879431 ], [ 32.833942, 39.879429 ], [ 32.833935, 39.879424 ], [ 32.833939, 39.879429 ], [ 32.833141, 39.878849 ], [ 32.832936, 39.878672 ], [ 32.832219, 39.878018 ], [ 32.831529, 39.877119 ], [ 32.831562, 39.87654 ], [ 32.831629, 39.875353 ], [ 32.831694, 39.875192 ], [ 32.831761, 39.87511 ], [ 32.832051, 39.874876 ], [ 32.832923, 39.874388 ], [ 32.833856, 39.87399 ], [ 32.834027, 39.874315 ], [ 32.83452, 39.875043 ], [ 32.834983, 39.875589 ], [ 32.83529, 39.875969 ], [ 32.835751, 39.876439 ], [ 32.835794, 39.876485 ], [ 32.836641, 39.877343 ], [ 32.837124, 39.8779 ], [ 32.837731, 39.87854 ], [ 32.837955, 39.878798 ], [ 32.838218, 39.879123 ], [ 32.838344, 39.879326 ], [ 32.83836, 39.879353 ], [ 32.83846, 39.879514 ], [ 32.838605, 39.879774 ], [ 32.8388, 39.880138 ], [ 32.838994, 39.880571 ], [ 32.839205, 39.881227 ], [ 32.839297, 39.881513 ] ] ] } },
{ "type": "Feature", "properties": { "ID": 14184.0, "NAME": "Şehit Cevdet Özdemir", "POPULATION": 8169.0 }, "geometry": { "type": "Polygon", "coordinates": [ [ [ 32.835965, 39.882355 ], [ 32.835204, 39.882595 ], [ 32.833806, 39.883038 ], [ 32.832233, 39.883555 ], [ 32.83168, 39.883719 ], [ 32.828605, 39.884733 ], [ 32.827934, 39.88319 ], [ 32.827823, 39.882868 ], [ 32.827764, 39.882476 ], [ 32.827768, 39.882195 ], [ 32.827795, 39.881893 ], [ 32.827825, 39.88173 ], [ 32.828, 39.881279 ], [ 32.82811, 39.881048 ], [ 32.828146, 39.880904 ], [ 32.828149, 39.880759 ], [ 32.828069, 39.880435 ], [ 32.829113, 39.880203 ], [ 32.829799, 39.880071 ], [ 32.829848, 39.879623 ], [ 32.829932, 39.878778 ], [ 32.829963, 39.878665 ], [ 32.830655, 39.877335 ], [ 32.831294, 39.8775 ], [ 32.831406, 39.877305 ], [ 32.831529, 39.877119 ], [ 32.832219, 39.878018 ], [ 32.832936, 39.878672 ], [ 32.833141, 39.878849 ], [ 32.833939, 39.879429 ], [ 32.833935, 39.879424 ], [ 32.833942, 39.879429 ], [ 32.833941, 39.879431 ], [ 32.834587, 39.880018 ], [ 32.83498, 39.880607 ], [ 32.835543, 39.881632 ], [ 32.835965, 39.882355 ] ] ] } },
{ "type": "Feature", "properties": { "ID": 14115.0, "NAME": "Cevizlidere", "POPULATION": 12632.0 }, "geometry": { "type": "Polygon", "coordinates": [ [ [ 32.820313, 39.89134 ], [ 32.819008, 39.891479 ], [ 32.818663, 39.890649 ], [ 32.818602, 39.890461 ], [ 32.818337, 39.890122 ], [ 32.818312, 39.890097 ], [ 32.817778, 39.889594 ], [ 32.816809, 39.88871 ], [ 32.816425, 39.888427 ], [ 32.816345, 39.888345 ], [ 32.816277, 39.888235 ], [ 32.816331, 39.888044 ], [ 32.816167, 39.887939 ], [ 32.815757, 39.887678 ], [ 32.815674, 39.887623 ], [ 32.8149, 39.88711 ], [ 32.814773, 39.887069 ], [ 32.814653, 39.887063 ], [ 32.814516, 39.887117 ], [ 32.81447, 39.88693 ], [ 32.814387, 39.886906 ], [ 32.814026, 39.886817 ], [ 32.813508, 39.88682 ], [ 32.812688, 39.886934 ], [ 32.812577, 39.88695 ], [ 32.812478, 39.886962 ], [ 32.812321, 39.88565 ], [ 32.812093, 39.883278 ], [ 32.811818, 39.880143 ], [ 32.811755, 39.87955 ], [ 32.811881, 39.879552 ], [ 32.81251, 39.87952 ], [ 32.81255, 39.879431 ], [ 32.813911, 39.87929 ], [ 32.815019, 39.879291 ], [ 32.815085, 39.879291 ], [ 32.81504, 39.87903 ], [ 32.815022, 39.878926 ], [ 32.814983, 39.878848 ], [ 32.81488, 39.878662 ], [ 32.815886, 39.878089 ], [ 32.816371, 39.877933 ], [ 32.816759, 39.877801 ], [ 32.817371, 39.877489 ], [ 32.817469, 39.877472 ], [ 32.818026, 39.877479 ], [ 32.81809, 39.877485 ], [ 32.817877, 39.879028 ], [ 32.817772, 39.87983 ], [ 32.817826, 39.879828 ], [ 32.818397, 39.880528 ], [ 32.818605, 39.880808 ], [ 32.818823, 39.881095 ], [ 32.818888, 39.881294 ], [ 32.818975, 39.881833 ], [ 32.819017, 39.88212 ], [ 32.819044, 39.882555 ], [ 32.819044, 39.882671 ], [ 32.818985, 39.882951 ], [ 32.818883, 39.883201 ], [ 32.818357, 39.883809 ], [ 32.818886, 39.883818 ], [ 32.820139, 39.883785 ], [ 32.820135, 39.884047 ], [ 32.820114, 39.884226 ], [ 32.820079, 39.884465 ], [ 32.819943, 39.885173 ], [ 32.81987, 39.885778 ], [ 32.819806, 39.886404 ], [ 32.819801, 39.886496 ], [ 32.819863, 39.886494 ], [ 32.819855, 39.886841 ], [ 32.819833, 39.887834 ], [ 32.819821, 39.888485 ], [ 32.819859, 39.888695 ], [ 32.819912, 39.889202 ], [ 32.820026, 39.889927 ], [ 32.820034, 39.890654 ], [ 32.820311, 39.890647 ], [ 32.820313, 39.89134 ] ] ] } },
{ "type": "Feature", "properties": { "ID": 14116.0, "NAME": "Çiğdem", "POPULATION": 12508.0 }, "geometry": { "type": "Polygon", "coordinates": [ [ [ 32.809563, 39.887367 ], [ 32.808661, 39.887477 ], [ 32.808663, 39.887483 ], [ 32.802901, 39.88838 ], [ 32.802481, 39.888457 ], [ 32.801618, 39.888629 ], [ 32.800907, 39.888768 ], [ 32.79984, 39.888976 ], [ 32.799502, 39.88906 ], [ 32.799002, 39.889203 ], [ 32.798652, 39.889309 ], [ 32.798327, 39.889425 ], [ 32.797834, 39.889636 ], [ 32.79588, 39.890479 ], [ 32.795275, 39.890777 ], [ 32.795232, 39.890803 ], [ 32.7952, 39.890814 ], [ 32.795006, 39.890909 ], [ 32.794989, 39.890883 ], [ 32.794288, 39.891115 ], [ 32.794362, 39.890866 ], [ 32.793894, 39.890979 ], [ 32.793986, 39.890565 ], [ 32.793977, 39.890336 ], [ 32.794074, 39.889954 ], [ 32.793878, 39.889856 ], [ 32.793641, 39.889262 ], [ 32.793795, 39.888869 ], [ 32.793846, 39.888774 ], [ 32.795006, 39.888612 ], [ 32.794997, 39.888535 ], [ 32.795228, 39.88725 ], [ 32.795322, 39.886417 ], [ 32.795272, 39.885444 ], [ 32.795238, 39.885016 ], [ 32.794785, 39.881893 ], [ 32.794817, 39.881645 ], [ 32.795134, 39.880393 ], [ 32.795444, 39.878591 ], [ 32.795444, 39.878488 ], [ 32.7973, 39.878302 ], [ 32.799083, 39.878223 ], [ 32.799613, 39.878193 ], [ 32.799922, 39.878217 ], [ 32.800528, 39.87852 ], [ 32.800865, 39.878545 ], [ 32.801664, 39.878695 ], [ 32.802479, 39.878857 ], [ 32.803628, 39.878894 ], [ 32.805127, 39.878981 ], [ 32.805441, 39.879016 ], [ 32.808664, 39.879066 ], [ 32.808807, 39.879742 ], [ 32.808941, 39.880989 ], [ 32.809029, 39.881691 ], [ 32.809083, 39.881904 ], [ 32.809565, 39.882753 ], [ 32.809683, 39.88325 ], [ 32.812093, 39.883278 ], [ 32.812321, 39.88565 ], [ 32.812478, 39.886962 ], [ 32.812395, 39.886977 ], [ 32.812276, 39.886991 ], [ 32.8112, 39.887179 ], [ 32.81102, 39.887189 ], [ 32.810392, 39.887266 ], [ 32.809892, 39.887305 ], [ 32.809563, 39.887367 ] ] ] } },
{ "type": "Feature", "properties": { "ID": 14179.0, "NAME": "Öveçler", "POPULATION": 8726.0 }, "geometry": { "type": "Polygon", "coordinates": [ [ [ 32.830001, 39.894681 ], [ 32.829785, 39.894832 ], [ 32.829668, 39.894911 ], [ 32.829518, 39.893905 ], [ 32.829429, 39.893611 ], [ 32.829414, 39.893535 ], [ 32.829362, 39.893168 ], [ 32.8293, 39.89252 ], [ 32.829237, 39.892025 ], [ 32.829223, 39.891844 ], [ 32.829216, 39.891742 ], [ 32.829089, 39.890106 ], [ 32.829065, 39.889567 ], [ 32.829052, 39.889337 ], [ 32.829044, 39.888904 ], [ 32.829011, 39.888051 ], [ 32.828967, 39.887519 ], [ 32.828967, 39.887312 ], [ 32.82891, 39.886542 ], [ 32.82889, 39.886259 ], [ 32.828871, 39.886056 ], [ 32.828845, 39.885679 ], [ 32.828806, 39.885451 ], [ 32.828605, 39.884733 ], [ 32.83168, 39.883719 ], [ 32.832233, 39.883555 ], [ 32.833806, 39.883038 ], [ 32.835204, 39.882595 ], [ 32.835965, 39.882355 ], [ 32.836262, 39.882892 ], [ 32.836681, 39.883724 ], [ 32.836334, 39.883865 ], [ 32.836163, 39.883944 ], [ 32.835758, 39.884233 ], [ 32.835076, 39.884948 ], [ 32.834117, 39.886028 ], [ 32.833502, 39.886868 ], [ 32.833397, 39.887092 ], [ 32.833088, 39.887746 ], [ 32.832352, 39.88969 ], [ 32.831425, 39.891833 ], [ 32.831431, 39.891956 ], [ 32.831336, 39.892715 ], [ 32.831339, 39.893024 ], [ 32.831438, 39.893685 ], [ 32.831497, 39.894106 ], [ 32.831403, 39.894116 ], [ 32.831249, 39.894096 ], [ 32.830373, 39.89417 ], [ 32.82977, 39.89431 ], [ 32.830001, 39.894681 ] ] ] } },
{ "type": "Feature", "properties": { "ID": 14095.0, "NAME": "Aşağı Öveçler", "POPULATION": 8229.0 }, "geometry": { "type": "Polygon", "coordinates": [ [ [ 32.829668, 39.894911 ], [ 32.828512, 39.894768 ], [ 32.826642, 39.89462 ], [ 32.826108, 39.894644 ], [ 32.824555, 39.894864 ], [ 32.823567, 39.89496 ], [ 32.823552, 39.894829 ], [ 32.823389, 39.893262 ], [ 32.82333, 39.892282 ], [ 32.823294, 39.891353 ], [ 32.823321, 39.891011 ], [ 32.823398, 39.890663 ], [ 32.823802, 39.889986 ], [ 32.824236, 39.889303 ], [ 32.824269, 39.889217 ], [ 32.824297, 39.889049 ], [ 32.824312, 39.888639 ], [ 32.824291, 39.888394 ], [ 32.824231, 39.887806 ], [ 32.824198, 39.887608 ], [ 32.824152, 39.887344 ], [ 32.823838, 39.885267 ], [ 32.823797, 39.88475 ], [ 32.823678, 39.883142 ], [ 32.824673, 39.883087 ], [ 32.825261, 39.883052 ], [ 32.825774, 39.883032 ], [ 32.826169, 39.883013 ], [ 32.82676, 39.882974 ], [ 32.827309, 39.88295 ], [ 32.827823, 39.882868 ], [ 32.827934, 39.88319 ], [ 32.828605, 39.884733 ], [ 32.828806, 39.885451 ], [ 32.828845, 39.885679 ], [ 32.828871, 39.886056 ], [ 32.82889, 39.886259 ], [ 32.82891, 39.886542 ], [ 32.828967, 39.887312 ], [ 32.828967, 39.887519 ], [ 32.829011, 39.888051 ], [ 32.829044, 39.888904 ], [ 32.829052, 39.889337 ], [ 32.829065, 39.889567 ], [ 32.829089, 39.890106 ], [ 32.829216, 39.891742 ], [ 32.829223, 39.891844 ], [ 32.829237, 39.892025 ], [ 32.8293, 39.89252 ], [ 32.829362, 39.893168 ], [ 32.829414, 39.893535 ], [ 32.829429, 39.893611 ], [ 32.829518, 39.893905 ], [ 32.829668, 39.894911 ] ] ] } },
{ "type": "Feature", "properties": { "ID": 14200.0, "NAME": "Yukarı Öveçler", "POPULATION": 3927.0 }, "geometry": { "type": "Polygon", "coordinates": [ [ [ 32.824312, 39.888639 ], [ 32.824297, 39.889049 ], [ 32.824269, 39.889217 ], [ 32.824236, 39.889303 ], [ 32.823802, 39.889986 ], [ 32.823398, 39.890663 ], [ 32.823321, 39.891011 ], [ 32.823294, 39.891353 ], [ 32.82333, 39.892282 ], [ 32.823389, 39.893262 ], [ 32.823552, 39.894829 ], [ 32.823567, 39.89496 ], [ 32.82259, 39.895092 ], [ 32.821723, 39.895187 ], [ 32.821336, 39.895292 ], [ 32.821181, 39.89513 ], [ 32.820824, 39.894989 ], [ 32.820662, 39.894848 ], [ 32.820359, 39.894309 ], [ 32.819693, 39.8929 ], [ 32.819576, 39.892632 ], [ 32.81926, 39.892013 ], [ 32.819008, 39.891479 ], [ 32.820313, 39.89134 ], [ 32.820311, 39.890647 ], [ 32.820034, 39.890654 ], [ 32.820026, 39.889927 ], [ 32.819912, 39.889202 ], [ 32.819859, 39.888695 ], [ 32.819821, 39.888485 ], [ 32.819833, 39.887834 ], [ 32.819855, 39.886841 ], [ 32.819863, 39.886494 ], [ 32.819801, 39.886496 ], [ 32.819806, 39.886404 ], [ 32.81987, 39.885778 ], [ 32.819943, 39.885173 ], [ 32.820079, 39.884465 ], [ 32.820114, 39.884226 ], [ 32.820135, 39.884047 ], [ 32.820139, 39.883785 ], [ 32.82088, 39.883667 ], [ 32.821391, 39.883569 ], [ 32.821998, 39.883471 ], [ 32.822721, 39.883354 ], [ 32.823678, 39.883142 ], [ 32.823797, 39.88475 ], [ 32.823838, 39.885267 ], [ 32.824152, 39.887344 ], [ 32.824198, 39.887608 ], [ 32.824231, 39.887806 ], [ 32.824291, 39.888394 ], [ 32.824312, 39.888639 ] ] ] } },
{ "type": "Feature", "properties": { "ID": 14187.0, "NAME": "Sokullu Mehmet Paşa", "POPULATION": 8108.0 }, "geometry": { "type": "Polygon", "coordinates": [ [ [ 32.837044, 39.885023 ], [ 32.836936, 39.885838 ], [ 32.836808, 39.886952 ], [ 32.836785, 39.887081 ], [ 32.836664, 39.888161 ], [ 32.836583, 39.8885 ], [ 32.836512, 39.88869 ], [ 32.836299, 39.889036 ], [ 32.836122, 39.88933 ], [ 32.835441, 39.890604 ], [ 32.835364, 39.890765 ], [ 32.835093, 39.891417 ], [ 32.834921, 39.892112 ], [ 32.834803, 39.892878 ], [ 32.834641, 39.893842 ], [ 32.834458, 39.895098 ], [ 32.834405, 39.896038 ], [ 32.834441, 39.896368 ], [ 32.834441, 39.896441 ], [ 32.833255, 39.896358 ], [ 32.832832, 39.896302 ], [ 32.832521, 39.896253 ], [ 32.832058, 39.896113 ], [ 32.831723, 39.895948 ], [ 32.830846, 39.895489 ], [ 32.830156, 39.895079 ], [ 32.829668, 39.894911 ], [ 32.829785, 39.894832 ], [ 32.830001, 39.894681 ], [ 32.82977, 39.89431 ], [ 32.830373, 39.89417 ], [ 32.831249, 39.894096 ], [ 32.831403, 39.894116 ], [ 32.831497, 39.894106 ], [ 32.831438, 39.893685 ], [ 32.831339, 39.893024 ], [ 32.831336, 39.892715 ], [ 32.831431, 39.891956 ], [ 32.831425, 39.891833 ], [ 32.832352, 39.88969 ], [ 32.833088, 39.887746 ], [ 32.833397, 39.887092 ], [ 32.833502, 39.886868 ], [ 32.834117, 39.886028 ], [ 32.835076, 39.884948 ], [ 32.835758, 39.884233 ], [ 32.836163, 39.883944 ], [ 32.836334, 39.883865 ], [ 32.836681, 39.883724 ], [ 32.83686, 39.884078 ], [ 32.836965, 39.884459 ], [ 32.837022, 39.884745 ], [ 32.837044, 39.885023 ] ] ] } },
{ "type": "Feature", "properties": { "ID": 14122.0, "NAME": "Ehlibeyt", "POPULATION": 2804.0 }, "geometry": { "type": "Polygon", "coordinates": [ [ [ 32.821336, 39.895292 ], [ 32.820833, 39.895477 ], [ 32.820502, 39.895695 ], [ 32.819926, 39.896242 ], [ 32.81908, 39.897062 ], [ 32.818887, 39.897181 ], [ 32.81851, 39.897347 ], [ 32.818244, 39.897402 ], [ 32.817863, 39.897404 ], [ 32.816885, 39.897363 ], [ 32.815515, 39.897303 ], [ 32.814067, 39.897265 ], [ 32.813578, 39.897241 ], [ 32.812883, 39.890872 ], [ 32.812478, 39.886962 ], [ 32.812577, 39.88695 ], [ 32.812688, 39.886934 ], [ 32.813508, 39.88682 ], [ 32.814026, 39.886817 ], [ 32.814387, 39.886906 ], [ 32.81447, 39.88693 ], [ 32.814516, 39.887117 ], [ 32.814653, 39.887063 ], [ 32.814773, 39.887069 ], [ 32.8149, 39.88711 ], [ 32.815674, 39.887623 ], [ 32.815757, 39.887678 ], [ 32.816167, 39.887939 ], [ 32.816331, 39.888044 ], [ 32.816277, 39.888235 ], [ 32.816345, 39.888345 ], [ 32.816425, 39.888427 ], [ 32.816809, 39.88871 ], [ 32.817778, 39.889594 ], [ 32.818312, 39.890097 ], [ 32.818337, 39.890122 ], [ 32.818602, 39.890461 ], [ 32.818663, 39.890649 ], [ 32.819008, 39.891479 ], [ 32.81926, 39.892013 ], [ 32.819576, 39.892632 ], [ 32.819693, 39.8929 ], [ 32.820359, 39.894309 ], [ 32.820662, 39.894848 ], [ 32.820824, 39.894989 ], [ 32.821181, 39.89513 ], [ 32.821336, 39.895292 ] ] ] } },
{ "type": "Feature", "properties": { "ID": 14144.0, "NAME": "İşçi Blokları", "POPULATION": 16497.0 }, "geometry": { "type": "Polygon", "coordinates": [ [ [ 32.813578, 39.897241 ], [ 32.813043, 39.897215 ], [ 32.812777, 39.897102 ], [ 32.811527, 39.896521 ], [ 32.810624, 39.896002 ], [ 32.809888, 39.895584 ], [ 32.80912, 39.895007 ], [ 32.808617, 39.894746 ], [ 32.807665, 39.894449 ], [ 32.806563, 39.894082 ], [ 32.806267, 39.894022 ], [ 32.80481, 39.894015 ], [ 32.804376, 39.893994 ], [ 32.804321, 39.894232 ], [ 32.804276, 39.894296 ], [ 32.804257, 39.894311 ], [ 32.803625, 39.894602 ], [ 32.803056, 39.89485 ], [ 32.802742, 39.894998 ], [ 32.802466, 39.895151 ], [ 32.802027, 39.895328 ], [ 32.80133, 39.895589 ], [ 32.801066, 39.89568 ], [ 32.800318, 39.895825 ], [ 32.800224, 39.895835 ], [ 32.800139, 39.896135 ], [ 32.800125, 39.896329 ], [ 32.80019, 39.896539 ], [ 32.80076, 39.897622 ], [ 32.801171, 39.897749 ], [ 32.800589, 39.898371 ], [ 32.799966, 39.899146 ], [ 32.799759, 39.899404 ], [ 32.799636, 39.899557 ], [ 32.799374, 39.899908 ], [ 32.798341, 39.901345 ], [ 32.79831, 39.901382 ], [ 32.795829, 39.900338 ], [ 32.79388, 39.89962 ], [ 32.790497, 39.898762 ], [ 32.79028, 39.898728 ], [ 32.789947, 39.898776 ], [ 32.790907, 39.897036 ], [ 32.791164, 39.89651 ], [ 32.792697, 39.893269 ], [ 32.793137, 39.892537 ], [ 32.793542, 39.892071 ], [ 32.794276, 39.891387 ], [ 32.79449, 39.891281 ], [ 32.794288, 39.891115 ], [ 32.794989, 39.890883 ], [ 32.795006, 39.890909 ], [ 32.7952, 39.890814 ], [ 32.795232, 39.890803 ], [ 32.795275, 39.890777 ], [ 32.79588, 39.890479 ], [ 32.797834, 39.889636 ], [ 32.798327, 39.889425 ], [ 32.798652, 39.889309 ], [ 32.799002, 39.889203 ], [ 32.799502, 39.88906 ], [ 32.79984, 39.888976 ], [ 32.800907, 39.888768 ], [ 32.801618, 39.888629 ], [ 32.802481, 39.888457 ], [ 32.802901, 39.88838 ], [ 32.808663, 39.887483 ], [ 32.808661, 39.887477 ], [ 32.809563, 39.887367 ], [ 32.809892, 39.887305 ], [ 32.810392, 39.887266 ], [ 32.81102, 39.887189 ], [ 32.8112, 39.887179 ], [ 32.812276, 39.886991 ], [ 32.812395, 39.886977 ], [ 32.812478, 39.886962 ], [ 32.812883, 39.890872 ], [ 32.813578, 39.897241 ] ] ] } },
{ "type": "Feature", "properties": { "ID": 14117.0, "NAME": "Çukurambar", "POPULATION": 12811.0 }, "geometry": { "type": "Polygon", "coordinates": [ [ [ 32.808331, 39.901085 ], [ 32.807981, 39.901085 ], [ 32.80771, 39.901092 ], [ 32.807059, 39.901094 ], [ 32.806971, 39.901786 ], [ 32.806846, 39.902986 ], [ 32.806635, 39.903523 ], [ 32.806189, 39.904145 ], [ 32.80552, 39.905051 ], [ 32.805386, 39.905147 ], [ 32.805281, 39.905214 ], [ 32.806121, 39.905889 ], [ 32.80692, 39.906527 ], [ 32.807057, 39.906634 ], [ 32.807149, 39.90671 ], [ 32.80719, 39.906749 ], [ 32.806797, 39.907244 ], [ 32.806342, 39.907826 ], [ 32.80611, 39.908127 ], [ 32.805418, 39.909055 ], [ 32.805372, 39.909146 ], [ 32.804706, 39.910446 ], [ 32.800865, 39.909573 ], [ 32.799724, 39.909395 ], [ 32.79818, 39.909212 ], [ 32.797273, 39.90914 ], [ 32.795365, 39.909071 ], [ 32.786094, 39.90869 ], [ 32.78612, 39.908094 ], [ 32.786213, 39.907642 ], [ 32.786361, 39.907015 ], [ 32.78668, 39.906151 ], [ 32.787143, 39.905154 ], [ 32.787856, 39.903645 ], [ 32.788591, 39.90202 ], [ 32.789207, 39.900663 ], [ 32.789947, 39.898776 ], [ 32.79028, 39.898728 ], [ 32.790497, 39.898762 ], [ 32.79388, 39.89962 ], [ 32.795829, 39.900338 ], [ 32.79831, 39.901382 ], [ 32.798341, 39.901345 ], [ 32.799374, 39.899908 ], [ 32.799636, 39.899557 ], [ 32.799759, 39.899404 ], [ 32.799966, 39.899146 ], [ 32.800589, 39.898371 ], [ 32.801171, 39.897749 ], [ 32.80076, 39.897622 ], [ 32.80019, 39.896539 ], [ 32.800125, 39.896329 ], [ 32.800139, 39.896135 ], [ 32.800224, 39.895835 ], [ 32.800318, 39.895825 ], [ 32.801066, 39.89568 ], [ 32.80133, 39.895589 ], [ 32.802027, 39.895328 ], [ 32.802466, 39.895151 ], [ 32.802742, 39.894998 ], [ 32.803056, 39.89485 ], [ 32.803625, 39.894602 ], [ 32.804257, 39.894311 ], [ 32.804276, 39.894296 ], [ 32.804321, 39.894232 ], [ 32.804376, 39.893994 ], [ 32.80481, 39.894015 ], [ 32.806267, 39.894022 ], [ 32.806563, 39.894082 ], [ 32.807665, 39.894449 ], [ 32.807613, 39.895237 ], [ 32.807452, 39.89558 ], [ 32.807598, 39.89629 ], [ 32.807711, 39.89642 ], [ 32.807889, 39.897062 ], [ 32.807999, 39.89815 ], [ 32.808049, 39.898627 ], [ 32.808174, 39.899742 ], [ 32.808282, 39.900672 ], [ 32.808331, 39.901085 ] ] ] } },
{ "type": "Feature", "properties": { "ID": 14153.0, "NAME": "Kızılırmak", "POPULATION": 6304.0 }, "geometry": { "type": "Polygon", "coordinates": [ [ [ 32.814768, 39.909292 ], [ 32.814728, 39.910493 ], [ 32.814678, 39.911117 ], [ 32.814474, 39.912707 ], [ 32.812883, 39.91232 ], [ 32.808871, 39.911382 ], [ 32.807288, 39.91101 ], [ 32.804706, 39.910446 ], [ 32.805372, 39.909146 ], [ 32.805418, 39.909055 ], [ 32.80611, 39.908127 ], [ 32.806342, 39.907826 ], [ 32.806797, 39.907244 ], [ 32.80719, 39.906749 ], [ 32.807149, 39.90671 ], [ 32.807057, 39.906634 ], [ 32.80692, 39.906527 ], [ 32.806121, 39.905889 ], [ 32.805281, 39.905214 ], [ 32.805386, 39.905147 ], [ 32.80552, 39.905051 ], [ 32.806189, 39.904145 ], [ 32.806635, 39.903523 ], [ 32.806846, 39.902986 ], [ 32.806971, 39.901786 ], [ 32.807059, 39.901094 ], [ 32.80771, 39.901092 ], [ 32.807981, 39.901085 ], [ 32.808331, 39.901085 ], [ 32.808282, 39.900672 ], [ 32.808174, 39.899742 ], [ 32.808049, 39.898627 ], [ 32.807999, 39.89815 ], [ 32.807889, 39.897062 ], [ 32.807711, 39.89642 ], [ 32.807598, 39.89629 ], [ 32.807452, 39.89558 ], [ 32.807613, 39.895237 ], [ 32.807665, 39.894449 ], [ 32.808617, 39.894746 ], [ 32.80912, 39.895007 ], [ 32.809888, 39.895584 ], [ 32.810624, 39.896002 ], [ 32.811527, 39.896521 ], [ 32.812777, 39.897102 ], [ 32.813043, 39.897215 ], [ 32.813578, 39.897241 ], [ 32.814232, 39.903374 ], [ 32.814429, 39.905388 ], [ 32.814686, 39.907838 ], [ 32.814754, 39.908723 ], [ 32.814768, 39.909292 ] ] ] } },
{ "type": "Feature", "properties": { "ID": 14174.0, "NAME": "Oğuzlar", "POPULATION": 7886.0 }, "geometry": { "type": "Polygon", "coordinates": [ [ [ 32.813578, 39.897241 ], [ 32.814067, 39.897265 ], [ 32.815515, 39.897303 ], [ 32.816885, 39.897363 ], [ 32.817863, 39.897404 ], [ 32.818244, 39.897402 ], [ 32.81851, 39.897347 ], [ 32.818887, 39.897181 ], [ 32.81908, 39.897062 ], [ 32.819926, 39.896242 ], [ 32.820502, 39.895695 ], [ 32.820833, 39.895477 ], [ 32.821336, 39.895292 ], [ 32.821406, 39.895656 ], [ 32.821447, 39.896467 ], [ 32.821441, 39.898595 ], [ 32.821496, 39.898926 ], [ 32.821604, 39.899637 ], [ 32.821874, 39.901401 ], [ 32.822107, 39.90228 ], [ 32.822357, 39.902835 ], [ 32.822172, 39.903471 ], [ 32.821954, 39.904067 ], [ 32.821715, 39.9047 ], [ 32.821469, 39.905387 ], [ 32.821236, 39.906135 ], [ 32.82122, 39.906185 ], [ 32.82069, 39.906186 ], [ 32.820003, 39.906201 ], [ 32.81904, 39.906189 ], [ 32.818058, 39.906197 ], [ 32.817098, 39.906192 ], [ 32.816947, 39.906202 ], [ 32.81686, 39.906213 ], [ 32.816681, 39.905713 ], [ 32.81634, 39.904493 ], [ 32.816347, 39.904251 ], [ 32.816497, 39.903331 ], [ 32.815666, 39.903326 ], [ 32.81437, 39.903369 ], [ 32.814232, 39.903374 ], [ 32.813578, 39.897241 ] ] ] } },
{ "type": "Feature", "properties": { "ID": 14169.0, "NAME": "Mustafa Kemal", "POPULATION": 7557.0 }, "geometry": { "type": "Polygon", "coordinates": [ [ [ 32.732772, 39.910907 ], [ 32.732809, 39.910821 ], [ 32.733498, 39.909881 ], [ 32.734177, 39.908794 ], [ 32.73443, 39.908322 ], [ 32.734491, 39.908132 ], [ 32.734514, 39.907993 ], [ 32.734521, 39.907837 ], [ 32.734506, 39.907677 ], [ 32.734442, 39.907479 ], [ 32.734324, 39.907242 ], [ 32.734079, 39.906938 ], [ 32.73392, 39.906599 ], [ 32.743667, 39.90699 ], [ 32.749533, 39.90722 ], [ 32.758926, 39.907584 ], [ 32.763663, 39.907782 ], [ 32.768489, 39.907966 ], [ 32.772078, 39.908107 ], [ 32.777833, 39.908327 ], [ 32.783529, 39.90859 ], [ 32.786094, 39.90869 ], [ 32.786037, 39.911934 ], [ 32.785989, 39.913377 ], [ 32.78579, 39.914087 ], [ 32.785542, 39.914595 ], [ 32.785279, 39.915023 ], [ 32.784912, 39.915463 ], [ 32.784386, 39.915934 ], [ 32.783533, 39.916497 ], [ 32.781546, 39.9175 ], [ 32.780125, 39.918208 ], [ 32.777438, 39.917135 ], [ 32.77637, 39.916731 ], [ 32.775748, 39.916584 ], [ 32.774934, 39.916511 ], [ 32.774216, 39.916523 ], [ 32.770946, 39.91689 ], [ 32.769973, 39.916914 ], [ 32.768824, 39.916878 ], [ 32.75465, 39.91517 ], [ 32.753246, 39.914901 ], [ 32.747304, 39.913066 ], [ 32.745555, 39.912735 ], [ 32.74428, 39.912569 ], [ 32.743316, 39.912547 ], [ 32.737854, 39.912321 ], [ 32.736094, 39.912056 ], [ 32.734614, 39.911633 ], [ 32.732772, 39.910907 ] ] ] } },
{ "type": "Feature", "properties": { "ID": 14186.0, "NAME": "Söğütözü", "POPULATION": 5458.0 }, "geometry": { "type": "Polygon", "coordinates": [ [ [ 32.794285, 39.921178 ], [ 32.790918, 39.919055 ], [ 32.789826, 39.918401 ], [ 32.789339, 39.918144 ], [ 32.788805, 39.918058 ], [ 32.787823, 39.918071 ], [ 32.783333, 39.918615 ], [ 32.782783, 39.918682 ], [ 32.782153, 39.918688 ], [ 32.781522, 39.918633 ], [ 32.780741, 39.918432 ], [ 32.780125, 39.918208 ], [ 32.781546, 39.9175 ], [ 32.783533, 39.916497 ], [ 32.784386, 39.915934 ], [ 32.784912, 39.915463 ], [ 32.785279, 39.915023 ], [ 32.785542, 39.914595 ], [ 32.78579, 39.914087 ], [ 32.785989, 39.913377 ], [ 32.786037, 39.911934 ], [ 32.786094, 39.90869 ], [ 32.795365, 39.909071 ], [ 32.797273, 39.90914 ], [ 32.79818, 39.909212 ], [ 32.799724, 39.909395 ], [ 32.800865, 39.909573 ], [ 32.804706, 39.910446 ], [ 32.807288, 39.91101 ], [ 32.807263, 39.911016 ], [ 32.807293, 39.911019 ], [ 32.806908, 39.911508 ], [ 32.805938, 39.911805 ], [ 32.805743, 39.911976 ], [ 32.805428, 39.912226 ], [ 32.805344, 39.912254 ], [ 32.804808, 39.912684 ], [ 32.804471, 39.91302 ], [ 32.803831, 39.913819 ], [ 32.802862, 39.915319 ], [ 32.8027, 39.915447 ], [ 32.802231, 39.915338 ], [ 32.802135, 39.915318 ], [ 32.800817, 39.918666 ], [ 32.800803, 39.9187 ], [ 32.799124, 39.918333 ], [ 32.79717, 39.91789 ], [ 32.796834, 39.918975 ], [ 32.796677, 39.919418 ], [ 32.796755, 39.91952 ], [ 32.796693, 39.919928 ], [ 32.795982, 39.920006 ], [ 32.795802, 39.92018 ], [ 32.79556, 39.920372 ], [ 32.794919, 39.920761 ], [ 32.794285, 39.921178 ] ] ] } },
{ "type": "Feature", "properties": { "ID": 14104.0, "NAME": "Balgat", "POPULATION": 3285.0 }, "geometry": { "type": "Polygon", "coordinates": [ [ [ 32.824436, 39.914937 ], [ 32.824402, 39.91503 ], [ 32.814474, 39.912707 ], [ 32.814678, 39.911117 ], [ 32.814728, 39.910493 ], [ 32.814768, 39.909292 ], [ 32.814754, 39.908723 ], [ 32.814686, 39.907838 ], [ 32.814429, 39.905388 ], [ 32.814232, 39.903374 ], [ 32.81437, 39.903369 ], [ 32.815666, 39.903326 ], [ 32.816497, 39.903331 ], [ 32.816347, 39.904251 ], [ 32.81634, 39.904493 ], [ 32.816681, 39.905713 ], [ 32.81686, 39.906213 ], [ 32.816947, 39.906202 ], [ 32.817098, 39.906192 ], [ 32.818058, 39.906197 ], [ 32.81904, 39.906189 ], [ 32.820003, 39.906201 ], [ 32.82069, 39.906186 ], [ 32.82122, 39.906185 ], [ 32.821207, 39.906231 ], [ 32.820599, 39.907918 ], [ 32.820304, 39.908756 ], [ 32.819968, 39.909552 ], [ 32.819663, 39.910137 ], [ 32.819817, 39.910249 ], [ 32.820147, 39.910511 ], [ 32.820705, 39.911216 ], [ 32.821268, 39.91189 ], [ 32.82146, 39.912136 ], [ 32.823025, 39.91372 ], [ 32.823524, 39.914152 ], [ 32.824001, 39.91456 ], [ 32.824436, 39.914937 ] ] ] } },
{ "type": "Feature", "properties": { "ID": 14173.0, "NAME": "Nasuh Akar", "POPULATION": 3683.0 }, "geometry": { "type": "Polygon", "coordinates": [ [ [ 32.824402, 39.91503 ], [ 32.824436, 39.914937 ], [ 32.824001, 39.91456 ], [ 32.823524, 39.914152 ], [ 32.823025, 39.91372 ], [ 32.82146, 39.912136 ], [ 32.821268, 39.91189 ], [ 32.820705, 39.911216 ], [ 32.820147, 39.910511 ], [ 32.819817, 39.910249 ], [ 32.819663, 39.910137 ], [ 32.819968, 39.909552 ], [ 32.820304, 39.908756 ], [ 32.820599, 39.907918 ], [ 32.821207, 39.906231 ], [ 32.82122, 39.906185 ], [ 32.821236, 39.906135 ], [ 32.821469, 39.905387 ], [ 32.821715, 39.9047 ], [ 32.821954, 39.904067 ], [ 32.822172, 39.903471 ], [ 32.822357, 39.902835 ], [ 32.822775, 39.903402 ], [ 32.823132, 39.904037 ], [ 32.823251, 39.904448 ], [ 32.823353, 39.904917 ], [ 32.823326, 39.906149 ], [ 32.823381, 39.906954 ], [ 32.82361, 39.907726 ], [ 32.82392, 39.908294 ], [ 32.824567, 39.90909 ], [ 32.825777, 39.910157 ], [ 32.825999, 39.910401 ], [ 32.826642, 39.911261 ], [ 32.827526, 39.912475 ], [ 32.82814, 39.913336 ], [ 32.828304, 39.913571 ], [ 32.828461, 39.91379 ], [ 32.828754, 39.914207 ], [ 32.828841, 39.914392 ], [ 32.828909, 39.914726 ], [ 32.828874, 39.915421 ], [ 32.82883, 39.91583 ], [ 32.828443, 39.915779 ], [ 32.824402, 39.91503 ] ] ] } },
{ "type": "Feature", "properties": { "ID": 14119.0, "NAME": "Devlet", "POPULATION": 7928.0 }, "geometry": { "type": "Polygon", "coordinates": [ [ [ 32.853234, 39.92091 ], [ 32.853193, 39.920857 ], [ 32.853056, 39.920631 ], [ 32.85292, 39.920389 ], [ 32.852283, 39.919292 ], [ 32.851755, 39.918478 ], [ 32.851025, 39.917238 ], [ 32.850936, 39.917084 ], [ 32.850845, 39.916947 ], [ 32.850607, 39.917023 ], [ 32.849384, 39.917453 ], [ 32.8485, 39.917729 ], [ 32.846725, 39.918316 ], [ 32.845887, 39.918584 ], [ 32.845798, 39.918243 ], [ 32.845401, 39.916826 ], [ 32.845341, 39.916839 ], [ 32.84404, 39.917069 ], [ 32.841878, 39.917451 ], [ 32.840869, 39.91758 ], [ 32.840792, 39.917586 ], [ 32.840743, 39.917591 ], [ 32.84073, 39.917998 ], [ 32.840683, 39.918 ], [ 32.839833, 39.918109 ], [ 32.838661, 39.918278 ], [ 32.838414, 39.918365 ], [ 32.838275, 39.918431 ], [ 32.837971, 39.918209 ], [ 32.837933, 39.918177 ], [ 32.838106, 39.917733 ], [ 32.838241, 39.917255 ], [ 32.83847, 39.916347 ], [ 32.838532, 39.916012 ], [ 32.83662, 39.916124 ], [ 32.834469, 39.916179 ], [ 32.831802, 39.916103 ], [ 32.830938, 39.916058 ], [ 32.829119, 39.915871 ], [ 32.82883, 39.91583 ], [ 32.828874, 39.915421 ], [ 32.828909, 39.914726 ], [ 32.828841, 39.914392 ], [ 32.828754, 39.914207 ], [ 32.828461, 39.91379 ], [ 32.828304, 39.913571 ], [ 32.82814, 39.913336 ], [ 32.827526, 39.912475 ], [ 32.826642, 39.911261 ], [ 32.825999, 39.910401 ], [ 32.825777, 39.910157 ], [ 32.824567, 39.90909 ], [ 32.82392, 39.908294 ], [ 32.82361, 39.907726 ], [ 32.823381, 39.906954 ], [ 32.823326, 39.906149 ], [ 32.823353, 39.904917 ], [ 32.823251, 39.904448 ], [ 32.823132, 39.904037 ], [ 32.822775, 39.903402 ], [ 32.822357, 39.902835 ], [ 32.822107, 39.90228 ], [ 32.821874, 39.901401 ], [ 32.821604, 39.899637 ], [ 32.821496, 39.898926 ], [ 32.821441, 39.898595 ], [ 32.821447, 39.896467 ], [ 32.821406, 39.895656 ], [ 32.821336, 39.895292 ], [ 32.821723, 39.895187 ], [ 32.82259, 39.895092 ], [ 32.823567, 39.89496 ], [ 32.824555, 39.894864 ], [ 32.826108, 39.894644 ], [ 32.826642, 39.89462 ], [ 32.828512, 39.894768 ], [ 32.829668, 39.894911 ], [ 32.830156, 39.895079 ], [ 32.830846, 39.895489 ], [ 32.831723, 39.895948 ], [ 32.832058, 39.896113 ], [ 32.832521, 39.896253 ], [ 32.832832, 39.896302 ], [ 32.833255, 39.896358 ], [ 32.834441, 39.896441 ], [ 32.838957, 39.896682 ], [ 32.840964, 39.897028 ], [ 32.841607, 39.897097 ], [ 32.842024, 39.897103 ], [ 32.842026, 39.897155 ], [ 32.842596, 39.897975 ], [ 32.843147, 39.89913 ], [ 32.845115, 39.902762 ], [ 32.846609, 39.905435 ], [ 32.846705, 39.905394 ], [ 32.846914, 39.905302 ], [ 32.84878, 39.905129 ], [ 32.849805, 39.905132 ], [ 32.850685, 39.905126 ], [ 32.851751, 39.905125 ], [ 32.852846, 39.905131 ], [ 32.852911, 39.905943 ], [ 32.852885, 39.906244 ], [ 32.852768, 39.906729 ], [ 32.852652, 39.907231 ], [ 32.852619, 39.90757 ], [ 32.852742, 39.908411 ], [ 32.852825, 39.908747 ], [ 32.853088, 39.909544 ], [ 32.853314, 39.910296 ], [ 32.853362, 39.910442 ], [ 32.853441, 39.911006 ], [ 32.85348, 39.911438 ], [ 32.853557, 39.911832 ], [ 32.854916, 39.911792 ], [ 32.854696, 39.912213 ], [ 32.854474, 39.912772 ], [ 32.854315, 39.913407 ], [ 32.854272, 39.913852 ], [ 32.854243, 39.914066 ], [ 32.854266, 39.914964 ], [ 32.854264, 39.915674 ], [ 32.854168, 39.918678 ], [ 32.854099, 39.920763 ], [ 32.853974, 39.920777 ], [ 32.853872, 39.920793 ], [ 32.853234, 39.92091 ] ] ] } },
{ "type": "Feature", "properties": { "ID": 14172.0, "NAME": "Namık Kemal", "POPULATION": 57.0 }, "geometry": { "type": "Polygon", "coordinates": [ [ [ 32.852283, 39.919292 ], [ 32.851351, 39.91962 ], [ 32.851078, 39.919726 ], [ 32.850415, 39.920041 ], [ 32.850267, 39.920115 ], [ 32.849689, 39.92039 ], [ 32.849001, 39.920723 ], [ 32.848885, 39.920753 ], [ 32.848057, 39.921181 ], [ 32.847181, 39.921579 ], [ 32.846858, 39.921054 ], [ 32.846406, 39.920226 ], [ 32.84626, 39.919811 ], [ 32.846126, 39.9194 ], [ 32.84604, 39.919138 ], [ 32.845887, 39.918584 ], [ 32.846725, 39.918316 ], [ 32.8485, 39.917729 ], [ 32.849384, 39.917453 ], [ 32.850607, 39.917023 ], [ 32.850845, 39.916947 ], [ 32.850936, 39.917084 ], [ 32.851025, 39.917238 ], [ 32.851755, 39.918478 ], [ 32.852283, 39.919292 ] ] ] } },
{ "type": "Feature", "properties": { "ID": 14136.0, "NAME": "Harbiye", "POPULATION": 18766.0 }, "geometry": { "type": "Polygon", "coordinates": [ [ [ 32.842024, 39.897103 ], [ 32.841607, 39.897097 ], [ 32.840964, 39.897028 ], [ 32.838957, 39.896682 ], [ 32.834441, 39.896441 ], [ 32.834441, 39.896368 ], [ 32.834405, 39.896038 ], [ 32.834458, 39.895098 ], [ 32.834641, 39.893842 ], [ 32.834803, 39.892878 ], [ 32.834921, 39.892112 ], [ 32.835093, 39.891417 ], [ 32.835364, 39.890765 ], [ 32.835441, 39.890604 ], [ 32.836122, 39.88933 ], [ 32.836299, 39.889036 ], [ 32.836512, 39.88869 ], [ 32.836583, 39.8885 ], [ 32.836664, 39.888161 ], [ 32.836785, 39.887081 ], [ 32.836808, 39.886952 ], [ 32.836936, 39.885838 ], [ 32.837044, 39.885023 ], [ 32.837022, 39.884745 ], [ 32.836965, 39.884459 ], [ 32.83686, 39.884078 ], [ 32.836681, 39.883724 ], [ 32.836262, 39.882892 ], [ 32.835965, 39.882355 ], [ 32.83649, 39.882201 ], [ 32.838318, 39.881672 ], [ 32.838314, 39.881669 ], [ 32.83853, 39.881638 ], [ 32.839297, 39.881513 ], [ 32.839389, 39.882002 ], [ 32.83944, 39.882309 ], [ 32.839473, 39.882738 ], [ 32.839488, 39.882937 ], [ 32.839503, 39.88348 ], [ 32.839513, 39.8838 ], [ 32.839522, 39.884241 ], [ 32.839524, 39.884496 ], [ 32.839521, 39.884578 ], [ 32.839569, 39.884913 ], [ 32.839646, 39.885208 ], [ 32.839897, 39.885785 ], [ 32.84, 39.886291 ], [ 32.840039, 39.886647 ], [ 32.840079, 39.887696 ], [ 32.840087, 39.887801 ], [ 32.840117, 39.88805 ], [ 32.840142, 39.888169 ], [ 32.840155, 39.888223 ], [ 32.840208, 39.888378 ], [ 32.840264, 39.88853 ], [ 32.840342, 39.888703 ], [ 32.84036, 39.888738 ], [ 32.840488, 39.888947 ], [ 32.840524, 39.889002 ], [ 32.840561, 39.889058 ], [ 32.840573, 39.889078 ], [ 32.840858, 39.88952 ], [ 32.841059, 39.889823 ], [ 32.841139, 39.889984 ], [ 32.841275, 39.890346 ], [ 32.841332, 39.890573 ], [ 32.841345, 39.890732 ], [ 32.84135, 39.891011 ], [ 32.841359, 39.89166 ], [ 32.841364, 39.891832 ], [ 32.841384, 39.893167 ], [ 32.841424, 39.89348 ], [ 32.841574, 39.894092 ], [ 32.841662, 39.89464 ], [ 32.841673, 39.894717 ], [ 32.841825, 39.895494 ], [ 32.841926, 39.896023 ], [ 32.842001, 39.896853 ], [ 32.841977, 39.896911 ], [ 32.841984, 39.897017 ], [ 32.842024, 39.897103 ] ] ] } },
{ "type": "Feature", "properties": { "ID": 14162.0, "NAME": "Meşrutiyet", "POPULATION": 726.0 }, "geometry": { "type": "Polygon", "coordinates": [ [ [ 32.85851, 39.916113 ], [ 32.858388, 39.916164 ], [ 32.858252, 39.916244 ], [ 32.858048, 39.916393 ], [ 32.857945, 39.916566 ], [ 32.857444, 39.91809 ], [ 32.857374, 39.918257 ], [ 32.857097, 39.918799 ], [ 32.85666, 39.919524 ], [ 32.856186, 39.920513 ], [ 32.856121, 39.920656 ], [ 32.85602, 39.920918 ], [ 32.85598, 39.920978 ], [ 32.855908, 39.920964 ], [ 32.854817, 39.92078 ], [ 32.854099, 39.920763 ], [ 32.854168, 39.918678 ], [ 32.854264, 39.915674 ], [ 32.854266, 39.914964 ], [ 32.854419, 39.914867 ], [ 32.854524, 39.914881 ], [ 32.855771, 39.914974 ], [ 32.856984, 39.915034 ], [ 32.858178, 39.915063 ], [ 32.85829, 39.915497 ], [ 32.85851, 39.916113 ] ] ] } },
{ "type": "Feature", "properties": { "ID": 14140.0, "NAME": "İlkadım", "POPULATION": 12520.0 }, "geometry": { "type": "Polygon", "coordinates": [ [ [ 32.843844, 39.890283 ], [ 32.844234, 39.890549 ], [ 32.84428, 39.890731 ], [ 32.843932, 39.891203 ], [ 32.843799, 39.891274 ], [ 32.843817, 39.89161 ], [ 32.843694, 39.892703 ], [ 32.843735, 39.893527 ], [ 32.844074, 39.895406 ], [ 32.845007, 39.895795 ], [ 32.845436, 39.895914 ], [ 32.845631, 39.89614 ], [ 32.845573, 39.896232 ], [ 32.844832, 39.896486 ], [ 32.844301, 39.89666 ], [ 32.844874, 39.8968 ], [ 32.845326, 39.898755 ], [ 32.845326, 39.8988 ], [ 32.844756, 39.898801 ], [ 32.844422, 39.898837 ], [ 32.844262, 39.898861 ], [ 32.844126, 39.898884 ], [ 32.843147, 39.89913 ], [ 32.842596, 39.897975 ], [ 32.842026, 39.897155 ], [ 32.842024, 39.897103 ], [ 32.841984, 39.897017 ], [ 32.841977, 39.896911 ], [ 32.842001, 39.896853 ], [ 32.841926, 39.896023 ], [ 32.841825, 39.895494 ], [ 32.841673, 39.894717 ], [ 32.841662, 39.89464 ], [ 32.841574, 39.894092 ], [ 32.841424, 39.89348 ], [ 32.841384, 39.893167 ], [ 32.841364, 39.891832 ], [ 32.841359, 39.89166 ], [ 32.84135, 39.891011 ], [ 32.841345, 39.890732 ], [ 32.841332, 39.890573 ], [ 32.841275, 39.890346 ], [ 32.841139, 39.889984 ], [ 32.841059, 39.889823 ], [ 32.840858, 39.88952 ], [ 32.840573, 39.889078 ], [ 32.840561, 39.889058 ], [ 32.840524, 39.889002 ], [ 32.840488, 39.888947 ], [ 32.84036, 39.888738 ], [ 32.840342, 39.888703 ], [ 32.840264, 39.88853 ], [ 32.840208, 39.888378 ], [ 32.840155, 39.888223 ], [ 32.840142, 39.888169 ], [ 32.840117, 39.88805 ], [ 32.840087, 39.887801 ], [ 32.840079, 39.887696 ], [ 32.840039, 39.886647 ], [ 32.84, 39.886291 ], [ 32.839897, 39.885785 ], [ 32.839646, 39.885208 ], [ 32.839569, 39.884913 ], [ 32.839521, 39.884578 ], [ 32.839524, 39.884496 ], [ 32.839522, 39.884241 ], [ 32.839513, 39.8838 ], [ 32.839503, 39.88348 ], [ 32.839488, 39.882937 ], [ 32.839473, 39.882738 ], [ 32.83944, 39.882309 ], [ 32.839389, 39.882002 ], [ 32.839297, 39.881513 ], [ 32.839205, 39.881227 ], [ 32.838994, 39.880571 ], [ 32.8388, 39.880138 ], [ 32.838605, 39.879774 ], [ 32.839445, 39.879478 ], [ 32.840444, 39.879314 ], [ 32.841239, 39.879227 ], [ 32.842317, 39.879131 ], [ 32.842361, 39.879126 ], [ 32.842515, 39.879077 ], [ 32.842825, 39.878936 ], [ 32.842877, 39.87886 ], [ 32.842886, 39.878847 ], [ 32.842909, 39.878779 ], [ 32.842948, 39.878519 ], [ 32.842967, 39.877843 ], [ 32.842987, 39.877527 ], [ 32.843007, 39.877205 ], [ 32.843069, 39.877041 ], [ 32.843174, 39.876886 ], [ 32.843307, 39.876766 ], [ 32.843437, 39.876706 ], [ 32.843589, 39.876667 ], [ 32.844233, 39.876582 ], [ 32.845741, 39.876448 ], [ 32.846554, 39.876387 ], [ 32.846577, 39.876385 ], [ 32.846854, 39.876337 ], [ 32.847086, 39.876271 ], [ 32.847238, 39.876359 ], [ 32.847837, 39.876762 ], [ 32.848873, 39.875934 ], [ 32.849032, 39.876007 ], [ 32.849121, 39.876064 ], [ 32.849245, 39.876094 ], [ 32.849348, 39.876075 ], [ 32.84945, 39.87598 ], [ 32.849523, 39.875781 ], [ 32.849587, 39.875578 ], [ 32.849559, 39.875425 ], [ 32.849559, 39.875395 ], [ 32.849658, 39.875476 ], [ 32.849768, 39.875606 ], [ 32.849887, 39.875632 ], [ 32.849887, 39.875628 ], [ 32.850068, 39.875721 ], [ 32.850327, 39.875791 ], [ 32.850361, 39.875993 ], [ 32.850313, 39.876731 ], [ 32.850278, 39.877213 ], [ 32.850226, 39.877614 ], [ 32.850159, 39.87796 ], [ 32.849847, 39.878631 ], [ 32.849458, 39.879247 ], [ 32.849327, 39.87958 ], [ 32.849001, 39.880058 ], [ 32.848827, 39.880282 ], [ 32.848437, 39.880562 ], [ 32.847879, 39.880838 ], [ 32.847484, 39.881001 ], [ 32.847142, 39.881142 ], [ 32.846084, 39.881498 ], [ 32.845836, 39.881622 ], [ 32.845582, 39.881793 ], [ 32.845277, 39.882101 ], [ 32.845067, 39.882345 ], [ 32.844987, 39.882503 ], [ 32.84498, 39.883302 ], [ 32.845037, 39.88356 ], [ 32.844993, 39.883767 ], [ 32.844949, 39.884205 ], [ 32.844855, 39.884663 ], [ 32.844789, 39.885315 ], [ 32.844761, 39.885401 ], [ 32.844608, 39.885682 ], [ 32.844503, 39.885768 ], [ 32.844123, 39.886278 ], [ 32.843551, 39.887495 ], [ 32.843532, 39.887564 ], [ 32.843529, 39.887707 ], [ 32.843578, 39.887841 ], [ 32.843643, 39.887956 ], [ 32.843717, 39.888084 ], [ 32.843757, 39.888196 ], [ 32.843809, 39.888284 ], [ 32.84385, 39.888412 ], [ 32.843747, 39.888481 ], [ 32.843649, 39.888595 ], [ 32.843579, 39.88882 ], [ 32.843521, 39.889104 ], [ 32.843459, 39.889761 ], [ 32.843542, 39.890112 ], [ 32.843603, 39.890219 ], [ 32.843844, 39.890283 ] ] ] } },
{ "type": "Feature", "properties": { "ID": 14099.0, "NAME": "Ayrancı", "POPULATION": 15682.0 }, "geometry": { "type": "Polygon", "coordinates": [ [ [ 32.853426, 39.900145 ], [ 32.853376, 39.900741 ], [ 32.853256, 39.901356 ], [ 32.853007, 39.902147 ], [ 32.852835, 39.902839 ], [ 32.852764, 39.903269 ], [ 32.85272, 39.903766 ], [ 32.852768, 39.904496 ], [ 32.852846, 39.905131 ], [ 32.851751, 39.905125 ], [ 32.850685, 39.905126 ], [ 32.849805, 39.905132 ], [ 32.84878, 39.905129 ], [ 32.846914, 39.905302 ], [ 32.846705, 39.905394 ], [ 32.846609, 39.905435 ], [ 32.845115, 39.902762 ], [ 32.843147, 39.89913 ], [ 32.844126, 39.898884 ], [ 32.844262, 39.898861 ], [ 32.844422, 39.898837 ], [ 32.844756, 39.898801 ], [ 32.845326, 39.8988 ], [ 32.845326, 39.898755 ], [ 32.844874, 39.8968 ], [ 32.844301, 39.89666 ], [ 32.844832, 39.896486 ], [ 32.845573, 39.896232 ], [ 32.845631, 39.89614 ], [ 32.845436, 39.895914 ], [ 32.845007, 39.895795 ], [ 32.844074, 39.895406 ], [ 32.843735, 39.893527 ], [ 32.843694, 39.892703 ], [ 32.843817, 39.89161 ], [ 32.843799, 39.891274 ], [ 32.843932, 39.891203 ], [ 32.84428, 39.890731 ], [ 32.844234, 39.890549 ], [ 32.843844, 39.890283 ], [ 32.843603, 39.890219 ], [ 32.843542, 39.890112 ], [ 32.843459, 39.889761 ], [ 32.843521, 39.889104 ], [ 32.843579, 39.88882 ], [ 32.843649, 39.888595 ], [ 32.843747, 39.888481 ], [ 32.84385, 39.888412 ], [ 32.843844, 39.888603 ], [ 32.843836, 39.888931 ], [ 32.843828, 39.889253 ], [ 32.84382, 39.889795 ], [ 32.844619, 39.889755 ], [ 32.84488, 39.889734 ], [ 32.844977, 39.889726 ], [ 32.845008, 39.888741 ], [ 32.845761, 39.888773 ], [ 32.846775, 39.888774 ], [ 32.847067, 39.89038 ], [ 32.847157, 39.891596 ], [ 32.847191, 39.894011 ], [ 32.847247, 39.894717 ], [ 32.847353, 39.895429 ], [ 32.847407, 39.895548 ], [ 32.847428, 39.895588 ], [ 32.847452, 39.895636 ], [ 32.847541, 39.895786 ], [ 32.847889, 39.896255 ], [ 32.848184, 39.896553 ], [ 32.848377, 39.896734 ], [ 32.848607, 39.89707 ], [ 32.848906, 39.897865 ], [ 32.848935, 39.897999 ], [ 32.848939, 39.89805 ], [ 32.84893, 39.898051 ], [ 32.848935, 39.898121 ], [ 32.848946, 39.89812 ], [ 32.848955, 39.898229 ], [ 32.849197, 39.898364 ], [ 32.85019, 39.899648 ], [ 32.85028, 39.89976 ], [ 32.850504, 39.899898 ], [ 32.851487, 39.899967 ], [ 32.852366, 39.900057 ], [ 32.853426, 39.900145 ] ] ] } },
{ "type": "Feature", "properties": { "ID": 14154.0, "NAME": "Kocatepe", "POPULATION": 670.0 }, "geometry": { "type": "Polygon", "coordinates": [ [ [ 32.860207, 39.917922 ], [ 32.859754, 39.918738 ], [ 32.858952, 39.920155 ], [ 32.858587, 39.920859 ], [ 32.858303, 39.921384 ], [ 32.858279, 39.921432 ], [ 32.85598, 39.920978 ], [ 32.85602, 39.920918 ], [ 32.856121, 39.920656 ], [ 32.856186, 39.920513 ], [ 32.85666, 39.919524 ], [ 32.857097, 39.918799 ], [ 32.857374, 39.918257 ], [ 32.857444, 39.91809 ], [ 32.857945, 39.916566 ], [ 32.858048, 39.916393 ], [ 32.858252, 39.916244 ], [ 32.858388, 39.916164 ], [ 32.85851, 39.916113 ], [ 32.858731, 39.916583 ], [ 32.859013, 39.917011 ], [ 32.859378, 39.917415 ], [ 32.859487, 39.917521 ], [ 32.859721, 39.91764 ], [ 32.860013, 39.917792 ], [ 32.860207, 39.917922 ] ] ] } },
{ "type": "Feature", "properties": { "ID": 14148.0, "NAME": "Kavaklıdere", "POPULATION": 6203.0 }, "geometry": { "type": "Polygon", "coordinates": [ [ [ 32.854266, 39.914964 ], [ 32.854243, 39.914066 ], [ 32.854272, 39.913852 ], [ 32.854315, 39.913407 ], [ 32.854474, 39.912772 ], [ 32.854696, 39.912213 ], [ 32.854916, 39.911792 ], [ 32.853557, 39.911832 ], [ 32.85348, 39.911438 ], [ 32.853441, 39.911006 ], [ 32.853362, 39.910442 ], [ 32.853314, 39.910296 ], [ 32.853088, 39.909544 ], [ 32.852825, 39.908747 ], [ 32.852742, 39.908411 ], [ 32.852619, 39.90757 ], [ 32.852652, 39.907231 ], [ 32.852768, 39.906729 ], [ 32.85385, 39.907441 ], [ 32.854062, 39.90756 ], [ 32.854427, 39.907776 ], [ 32.854681, 39.907874 ], [ 32.854837, 39.908007 ], [ 32.854851, 39.908041 ], [ 32.854854, 39.90807 ], [ 32.854725, 39.908414 ], [ 32.855366, 39.908602 ], [ 32.856304, 39.908729 ], [ 32.856576, 39.908661 ], [ 32.857056, 39.908726 ], [ 32.858066, 39.908955 ], [ 32.858977, 39.909107 ], [ 32.859758, 39.909167 ], [ 32.861013, 39.909171 ], [ 32.86188, 39.909113 ], [ 32.861985, 39.910052 ], [ 32.862001, 39.91028 ], [ 32.862035, 39.91046 ], [ 32.862223, 39.911105 ], [ 32.86229, 39.911384 ], [ 32.862418, 39.913245 ], [ 32.862386, 39.913989 ], [ 32.862288, 39.91457 ], [ 32.862178, 39.915139 ], [ 32.862171, 39.915282 ], [ 32.861075, 39.915324 ], [ 32.860227, 39.915352 ], [ 32.859531, 39.915395 ], [ 32.859257, 39.915424 ], [ 32.859251, 39.915228 ], [ 32.859235, 39.915109 ], [ 32.859065, 39.915129 ], [ 32.858178, 39.915063 ], [ 32.856984, 39.915034 ], [ 32.855771, 39.914974 ], [ 32.854524, 39.914881 ], [ 32.854419, 39.914867 ], [ 32.854266, 39.914964 ] ] ] } },
{ "type": "Feature", "properties": { "ID": 14158.0, "NAME": "Kültür", "POPULATION": 4358.0 }, "geometry": { "type": "Polygon", "coordinates": [ [ [ 32.85851, 39.916113 ], [ 32.85829, 39.915497 ], [ 32.858178, 39.915063 ], [ 32.859065, 39.915129 ], [ 32.859235, 39.915109 ], [ 32.859251, 39.915228 ], [ 32.859257, 39.915424 ], [ 32.859531, 39.915395 ], [ 32.860227, 39.915352 ], [ 32.861075, 39.915324 ], [ 32.862171, 39.915282 ], [ 32.86222, 39.915473 ], [ 32.862618, 39.916182 ], [ 32.86297, 39.916771 ], [ 32.863117, 39.917271 ], [ 32.862906, 39.918396 ], [ 32.86291, 39.919303 ], [ 32.862955, 39.919551 ], [ 32.863053, 39.92012 ], [ 32.863099, 39.920291 ], [ 32.863137, 39.92044 ], [ 32.863191, 39.92077 ], [ 32.863213, 39.920946 ], [ 32.863218, 39.921092 ], [ 32.863409, 39.922022 ], [ 32.863584, 39.922075 ], [ 32.863584, 39.922321 ], [ 32.863601, 39.922507 ], [ 32.863591, 39.922644 ], [ 32.863591, 39.9227 ], [ 32.863558, 39.922854 ], [ 32.863434, 39.923025 ], [ 32.862375, 39.924174 ], [ 32.862115, 39.923937 ], [ 32.860946, 39.923049 ], [ 32.85922, 39.921663 ], [ 32.858831, 39.921522 ], [ 32.858279, 39.921432 ], [ 32.858303, 39.921384 ], [ 32.858587, 39.920859 ], [ 32.858952, 39.920155 ], [ 32.859754, 39.918738 ], [ 32.860207, 39.917922 ], [ 32.860013, 39.917792 ], [ 32.859721, 39.91764 ], [ 32.859487, 39.917521 ], [ 32.859378, 39.917415 ], [ 32.859013, 39.917011 ], [ 32.858731, 39.916583 ], [ 32.85851, 39.916113 ] ] ] } },
{ "type": "Feature", "properties": { "ID": 14180.0, "NAME": "Remzi Oğuz Arık", "POPULATION": 4746.0 }, "geometry": { "type": "Polygon", "coordinates": [ [ [ 32.86188, 39.909113 ], [ 32.861013, 39.909171 ], [ 32.859758, 39.909167 ], [ 32.858977, 39.909107 ], [ 32.858066, 39.908955 ], [ 32.857056, 39.908726 ], [ 32.856576, 39.908661 ], [ 32.856304, 39.908729 ], [ 32.855366, 39.908602 ], [ 32.854725, 39.908414 ], [ 32.854854, 39.90807 ], [ 32.854851, 39.908041 ], [ 32.854837, 39.908007 ], [ 32.854681, 39.907874 ], [ 32.854427, 39.907776 ], [ 32.854062, 39.90756 ], [ 32.85385, 39.907441 ], [ 32.852768, 39.906729 ], [ 32.852885, 39.906244 ], [ 32.852911, 39.905943 ], [ 32.852846, 39.905131 ], [ 32.852768, 39.904496 ], [ 32.85272, 39.903766 ], [ 32.852764, 39.903269 ], [ 32.852835, 39.902839 ], [ 32.853007, 39.902147 ], [ 32.853256, 39.901356 ], [ 32.853376, 39.900741 ], [ 32.853426, 39.900145 ], [ 32.854832, 39.900265 ], [ 32.855281, 39.900333 ], [ 32.855545, 39.900434 ], [ 32.855831, 39.900481 ], [ 32.855899, 39.900497 ], [ 32.856177, 39.900499 ], [ 32.856923, 39.900508 ], [ 32.857378, 39.900568 ], [ 32.857514, 39.900578 ], [ 32.857694, 39.900738 ], [ 32.857859, 39.900805 ], [ 32.858191, 39.900859 ], [ 32.858771, 39.900851 ], [ 32.858974, 39.900865 ], [ 32.859105, 39.900894 ], [ 32.859314, 39.900978 ], [ 32.859373, 39.90101 ], [ 32.859422, 39.901559 ], [ 32.859272, 39.902224 ], [ 32.859345, 39.90223 ], [ 32.859427, 39.902244 ], [ 32.860321, 39.902381 ], [ 32.860601, 39.902427 ], [ 32.860502, 39.902543 ], [ 32.860459, 39.902622 ], [ 32.860362, 39.902895 ], [ 32.860316, 39.903117 ], [ 32.860306, 39.903324 ], [ 32.860344, 39.903715 ], [ 32.860497, 39.905073 ], [ 32.860609, 39.905627 ], [ 32.861156, 39.906911 ], [ 32.861472, 39.907901 ], [ 32.86188, 39.909113 ] ] ] } },
{ "type": "Feature", "properties": { "ID": 14135.0, "NAME": "Güzeltepe", "POPULATION": 5932.0 }, "geometry": { "type": "Polygon", "coordinates": [ [ [ 32.843757, 39.888196 ], [ 32.843717, 39.888084 ], [ 32.843643, 39.887956 ], [ 32.843578, 39.887841 ], [ 32.843529, 39.887707 ], [ 32.843532, 39.887564 ], [ 32.843551, 39.887495 ], [ 32.844123, 39.886278 ], [ 32.844503, 39.885768 ], [ 32.844608, 39.885682 ], [ 32.844761, 39.885401 ], [ 32.844789, 39.885315 ], [ 32.844855, 39.884663 ], [ 32.844949, 39.884205 ], [ 32.844993, 39.883767 ], [ 32.845037, 39.88356 ], [ 32.84498, 39.883302 ], [ 32.844987, 39.882503 ], [ 32.845067, 39.882345 ], [ 32.845277, 39.882101 ], [ 32.845582, 39.881793 ], [ 32.845836, 39.881622 ], [ 32.846084, 39.881498 ], [ 32.847142, 39.881142 ], [ 32.847484, 39.881001 ], [ 32.848044, 39.881706 ], [ 32.848466, 39.881946 ], [ 32.848538, 39.882328 ], [ 32.850041, 39.882151 ], [ 32.850506, 39.882123 ], [ 32.851535, 39.882144 ], [ 32.852494, 39.88211 ], [ 32.853319, 39.882114 ], [ 32.854302, 39.882226 ], [ 32.854728, 39.882289 ], [ 32.855261, 39.882396 ], [ 32.855909, 39.882547 ], [ 32.85691, 39.88288 ], [ 32.857024, 39.882921 ], [ 32.856606, 39.883405 ], [ 32.85585, 39.88455 ], [ 32.855476, 39.885304 ], [ 32.854878, 39.885151 ], [ 32.854249, 39.885029 ], [ 32.853872, 39.884948 ], [ 32.85324, 39.884895 ], [ 32.852443, 39.88492 ], [ 32.851519, 39.885036 ], [ 32.850463, 39.885218 ], [ 32.849986, 39.885367 ], [ 32.849157, 39.885678 ], [ 32.848859, 39.885826 ], [ 32.84851, 39.886036 ], [ 32.848248, 39.886235 ], [ 32.848151, 39.8863 ], [ 32.847538, 39.886818 ], [ 32.847203, 39.887152 ], [ 32.847058, 39.887345 ], [ 32.846935, 39.88759 ], [ 32.846848, 39.887824 ], [ 32.846787, 39.888025 ], [ 32.846764, 39.888215 ], [ 32.846775, 39.888774 ], [ 32.845761, 39.888773 ], [ 32.845008, 39.888741 ], [ 32.844977, 39.889726 ], [ 32.84488, 39.889734 ], [ 32.844619, 39.889755 ], [ 32.84382, 39.889795 ], [ 32.843828, 39.889253 ], [ 32.843836, 39.888931 ], [ 32.843844, 39.888603 ], [ 32.84385, 39.888412 ], [ 32.843809, 39.888284 ], [ 32.843757, 39.888196 ] ] ] } },
{ "type": "Feature", "properties": { "ID": 14134.0, "NAME": "Güvenevler", "POPULATION": 8528.0 }, "geometry": { "type": "Polygon", "coordinates": [ [ [ 32.859373, 39.90101 ], [ 32.859314, 39.900978 ], [ 32.859105, 39.900894 ], [ 32.858974, 39.900865 ], [ 32.858771, 39.900851 ], [ 32.858191, 39.900859 ], [ 32.857859, 39.900805 ], [ 32.857694, 39.900738 ], [ 32.857514, 39.900578 ], [ 32.857378, 39.900568 ], [ 32.856923, 39.900508 ], [ 32.856177, 39.900499 ], [ 32.855899, 39.900497 ], [ 32.855831, 39.900481 ], [ 32.855545, 39.900434 ], [ 32.855281, 39.900333 ], [ 32.854832, 39.900265 ], [ 32.853426, 39.900145 ], [ 32.852366, 39.900057 ], [ 32.851487, 39.899967 ], [ 32.850504, 39.899898 ], [ 32.85028, 39.89976 ], [ 32.85019, 39.899648 ], [ 32.849197, 39.898364 ], [ 32.848955, 39.898229 ], [ 32.848946, 39.89812 ], [ 32.848935, 39.898121 ], [ 32.84893, 39.898051 ], [ 32.848939, 39.89805 ], [ 32.848935, 39.897999 ], [ 32.848906, 39.897865 ], [ 32.848607, 39.89707 ], [ 32.848377, 39.896734 ], [ 32.848184, 39.896553 ], [ 32.847889, 39.896255 ], [ 32.847541, 39.895786 ], [ 32.847452, 39.895636 ], [ 32.847428, 39.895588 ], [ 32.848594, 39.895453 ], [ 32.849827, 39.895384 ], [ 32.850768, 39.895372 ], [ 32.851207, 39.895377 ], [ 32.851673, 39.895381 ], [ 32.851996, 39.895323 ], [ 32.852219, 39.895318 ], [ 32.852609, 39.895319 ], [ 32.853295, 39.8953 ], [ 32.85362, 39.895305 ], [ 32.855277, 39.89532 ], [ 32.857364, 39.895297 ], [ 32.857672, 39.896001 ], [ 32.857884, 39.896529 ], [ 32.857905, 39.896596 ], [ 32.857933, 39.896663 ], [ 32.858198, 39.89733 ], [ 32.858233, 39.897424 ], [ 32.858769, 39.899021 ], [ 32.859314, 39.900536 ], [ 32.859369, 39.900797 ], [ 32.859373, 39.90101 ] ] ] } },
{ "type": "Feature", "properties": { "ID": 14100.0, "NAME": "Aziziye", "POPULATION": 10625.0 }, "geometry": { "type": "Polygon", "coordinates": [ [ [ 32.857364, 39.895297 ], [ 32.855277, 39.89532 ], [ 32.85362, 39.895305 ], [ 32.853295, 39.8953 ], [ 32.852609, 39.895319 ], [ 32.852219, 39.895318 ], [ 32.851996, 39.895323 ], [ 32.851673, 39.895381 ], [ 32.851207, 39.895377 ], [ 32.850768, 39.895372 ], [ 32.849827, 39.895384 ], [ 32.848594, 39.895453 ], [ 32.847428, 39.895588 ], [ 32.847407, 39.895548 ], [ 32.847353, 39.895429 ], [ 32.847247, 39.894717 ], [ 32.847191, 39.894011 ], [ 32.847157, 39.891596 ], [ 32.847067, 39.89038 ], [ 32.846775, 39.888774 ], [ 32.846764, 39.888215 ], [ 32.846787, 39.888025 ], [ 32.846848, 39.887824 ], [ 32.846935, 39.88759 ], [ 32.847058, 39.887345 ], [ 32.847203, 39.887152 ], [ 32.847538, 39.886818 ], [ 32.848151, 39.8863 ], [ 32.848248, 39.886235 ], [ 32.84851, 39.886036 ], [ 32.848859, 39.885826 ], [ 32.849157, 39.885678 ], [ 32.849986, 39.885367 ], [ 32.850463, 39.885218 ], [ 32.851519, 39.885036 ], [ 32.852443, 39.88492 ], [ 32.85324, 39.884895 ], [ 32.853872, 39.884948 ], [ 32.854249, 39.885029 ], [ 32.854878, 39.885151 ], [ 32.855476, 39.885304 ], [ 32.855189, 39.886165 ], [ 32.855161, 39.886297 ], [ 32.855142, 39.886485 ], [ 32.855067, 39.886765 ], [ 32.854962, 39.887243 ], [ 32.854962, 39.887337 ], [ 32.855002, 39.88823 ], [ 32.855061, 39.888738 ], [ 32.855085, 39.888878 ], [ 32.855163, 39.88926 ], [ 32.85537, 39.889994 ], [ 32.855581, 39.890586 ], [ 32.855957, 39.891651 ], [ 32.856398, 39.892674 ], [ 32.856791, 39.893789 ], [ 32.857106, 39.894586 ], [ 32.857364, 39.895297 ] ] ] } },
{ "type": "Feature", "properties": { "ID": 14185.0, "NAME": "Seyranbağları", "POPULATION": 6350.0 }, "geometry": { "type": "Polygon", "coordinates": [ [ [ 32.863191, 39.92077 ], [ 32.863364, 39.920488 ], [ 32.863413, 39.920304 ], [ 32.863449, 39.919729 ], [ 32.863504, 39.919452 ], [ 32.863672, 39.919077 ], [ 32.863903, 39.918638 ], [ 32.863945, 39.918526 ], [ 32.864165, 39.9179 ], [ 32.864222, 39.917675 ], [ 32.864397, 39.916839 ], [ 32.864495, 39.916612 ], [ 32.864656, 39.916234 ], [ 32.864868, 39.915851 ], [ 32.864976, 39.915566 ], [ 32.865089, 39.915267 ], [ 32.865493, 39.915279 ], [ 32.865734, 39.915268 ], [ 32.865971, 39.915164 ], [ 32.866363, 39.914876 ], [ 32.866703, 39.914572 ], [ 32.867835, 39.913534 ], [ 32.868105, 39.913275 ], [ 32.868617, 39.91274 ], [ 32.868978, 39.912325 ], [ 32.869892, 39.912697 ], [ 32.870293, 39.912053 ], [ 32.871309, 39.912523 ], [ 32.870849, 39.913185 ], [ 32.870443, 39.913708 ], [ 32.869837, 39.914444 ], [ 32.870226, 39.914697 ], [ 32.870105, 39.914885 ], [ 32.870088, 39.915008 ], [ 32.870113, 39.915154 ], [ 32.870316, 39.915637 ], [ 32.870492, 39.915944 ], [ 32.870482, 39.916 ], [ 32.870441, 39.91624 ], [ 32.87036, 39.916724 ], [ 32.870322, 39.917244 ], [ 32.870316, 39.918 ], [ 32.870323, 39.918066 ], [ 32.869615, 39.918111 ], [ 32.869112, 39.918209 ], [ 32.868546, 39.918386 ], [ 32.867828, 39.9186 ], [ 32.867437, 39.918826 ], [ 32.866887, 39.919163 ], [ 32.866432, 39.91945 ], [ 32.866049, 39.919744 ], [ 32.865675, 39.91997 ], [ 32.864789, 39.920515 ], [ 32.864621, 39.920735 ], [ 32.864382, 39.921139 ], [ 32.864138, 39.921345 ], [ 32.863863, 39.921586 ], [ 32.863672, 39.921836 ], [ 32.863584, 39.922075 ], [ 32.863409, 39.922022 ], [ 32.863218, 39.921092 ], [ 32.863213, 39.920946 ], [ 32.863191, 39.92077 ] ] ] } },
{ "type": "Feature", "properties": { "ID": 14188.0, "NAME": "Tınaztepe", "POPULATION": 5262.0 }, "geometry": { "type": "Polygon", "coordinates": [ [ [ 32.866575, 39.911091 ], [ 32.867679, 39.911661 ], [ 32.868304, 39.911993 ], [ 32.868978, 39.912325 ], [ 32.868617, 39.91274 ], [ 32.868105, 39.913275 ], [ 32.867835, 39.913534 ], [ 32.866703, 39.914572 ], [ 32.866363, 39.914876 ], [ 32.865971, 39.915164 ], [ 32.865734, 39.915268 ], [ 32.865493, 39.915279 ], [ 32.865089, 39.915267 ], [ 32.864976, 39.915566 ], [ 32.864868, 39.915851 ], [ 32.864656, 39.916234 ], [ 32.864495, 39.916612 ], [ 32.864397, 39.916839 ], [ 32.864222, 39.917675 ], [ 32.864165, 39.9179 ], [ 32.863945, 39.918526 ], [ 32.863903, 39.918638 ], [ 32.863672, 39.919077 ], [ 32.863504, 39.919452 ], [ 32.863449, 39.919729 ], [ 32.863413, 39.920304 ], [ 32.863364, 39.920488 ], [ 32.863191, 39.92077 ], [ 32.863137, 39.92044 ], [ 32.863099, 39.920291 ], [ 32.863053, 39.92012 ], [ 32.862955, 39.919551 ], [ 32.86291, 39.919303 ], [ 32.862906, 39.918396 ], [ 32.863117, 39.917271 ], [ 32.86297, 39.916771 ], [ 32.862618, 39.916182 ], [ 32.86222, 39.915473 ], [ 32.862171, 39.915282 ], [ 32.862178, 39.915139 ], [ 32.862288, 39.91457 ], [ 32.862386, 39.913989 ], [ 32.862418, 39.913245 ], [ 32.863186, 39.913248 ], [ 32.864284, 39.913279 ], [ 32.864599, 39.912803 ], [ 32.865437, 39.912037 ], [ 32.865634, 39.911858 ], [ 32.866575, 39.911091 ] ] ] } },
{ "type": "Feature", "properties": { "ID": 14143.0, "NAME": "İncesu", "POPULATION": 2878.0 }, "geometry": { "type": "Polygon", "coordinates": [ [ [ 32.871465, 39.917993 ], [ 32.871466, 39.918043 ], [ 32.871462, 39.91861 ], [ 32.871556, 39.919767 ], [ 32.871293, 39.919625 ], [ 32.870946, 39.91945 ], [ 32.870619, 39.919346 ], [ 32.870413, 39.919303 ], [ 32.870208, 39.919283 ], [ 32.870021, 39.919286 ], [ 32.869838, 39.919305 ], [ 32.869681, 39.919352 ], [ 32.869144, 39.919564 ], [ 32.868334, 39.919942 ], [ 32.868057, 39.920117 ], [ 32.867819, 39.920349 ], [ 32.867491, 39.920814 ], [ 32.86723, 39.921221 ], [ 32.867059, 39.921585 ], [ 32.866701, 39.922487 ], [ 32.865892, 39.922155 ], [ 32.864993, 39.921815 ], [ 32.864243, 39.921403 ], [ 32.864138, 39.921345 ], [ 32.864382, 39.921139 ], [ 32.864621, 39.920735 ], [ 32.864789, 39.920515 ], [ 32.865675, 39.91997 ], [ 32.866049, 39.919744 ], [ 32.866432, 39.91945 ], [ 32.866887, 39.919163 ], [ 32.867437, 39.918826 ], [ 32.867828, 39.9186 ], [ 32.868546, 39.918386 ], [ 32.869112, 39.918209 ], [ 32.869615, 39.918111 ], [ 32.870323, 39.918066 ], [ 32.871465, 39.917993 ] ] ] } },
{ "type": "Feature", "properties": { "ID": 14126.0, "NAME": "Esatoğlu", "POPULATION": 3174.0 }, "geometry": { "type": "Polygon", "coordinates": [ [ [ 32.862001, 39.91028 ], [ 32.862312, 39.910141 ], [ 32.862991, 39.909817 ], [ 32.863251, 39.90965 ], [ 32.863683, 39.909357 ], [ 32.864151, 39.908978 ], [ 32.864581, 39.909295 ], [ 32.864953, 39.909464 ], [ 32.866157, 39.909822 ], [ 32.867392, 39.910211 ], [ 32.867081, 39.910612 ], [ 32.866735, 39.91095 ], [ 32.866575, 39.911091 ], [ 32.865634, 39.911858 ], [ 32.865437, 39.912037 ], [ 32.864599, 39.912803 ], [ 32.864284, 39.913279 ], [ 32.863186, 39.913248 ], [ 32.862418, 39.913245 ], [ 32.86229, 39.911384 ], [ 32.862223, 39.911105 ], [ 32.862035, 39.91046 ], [ 32.862001, 39.91028 ] ] ] } },
{ "type": "Feature", "properties": { "ID": 14105.0, "NAME": "Barbaros", "POPULATION": 5151.0 }, "geometry": { "type": "Polygon", "coordinates": [ [ [ 32.867468, 39.904698 ], [ 32.867314, 39.905592 ], [ 32.867263, 39.905797 ], [ 32.867245, 39.905869 ], [ 32.866806, 39.906448 ], [ 32.866368, 39.906913 ], [ 32.866043, 39.90728 ], [ 32.865286, 39.90794 ], [ 32.864784, 39.908443 ], [ 32.864342, 39.908784 ], [ 32.864151, 39.908978 ], [ 32.863683, 39.909357 ], [ 32.863251, 39.90965 ], [ 32.862991, 39.909817 ], [ 32.862312, 39.910141 ], [ 32.862001, 39.91028 ], [ 32.861985, 39.910052 ], [ 32.86188, 39.909113 ], [ 32.861472, 39.907901 ], [ 32.861156, 39.906911 ], [ 32.860609, 39.905627 ], [ 32.860497, 39.905073 ], [ 32.860344, 39.903715 ], [ 32.860306, 39.903324 ], [ 32.860316, 39.903117 ], [ 32.860362, 39.902895 ], [ 32.860459, 39.902622 ], [ 32.860502, 39.902543 ], [ 32.860601, 39.902427 ], [ 32.860998, 39.901995 ], [ 32.861142, 39.901816 ], [ 32.861582, 39.901361 ], [ 32.86169, 39.901202 ], [ 32.862109, 39.900649 ], [ 32.862459, 39.900846 ], [ 32.863006, 39.901228 ], [ 32.863034, 39.901253 ], [ 32.863076, 39.90128 ], [ 32.863147, 39.901352 ], [ 32.863209, 39.901406 ], [ 32.863273, 39.901498 ], [ 32.863333, 39.901631 ], [ 32.863339, 39.901651 ], [ 32.863353, 39.901669 ], [ 32.863366, 39.901693 ], [ 32.863441, 39.901797 ], [ 32.863546, 39.901955 ], [ 32.863875, 39.902342 ], [ 32.864696, 39.903288 ], [ 32.864706, 39.903299 ], [ 32.865264, 39.903872 ], [ 32.866212, 39.904374 ], [ 32.866331, 39.904424 ], [ 32.866585, 39.904514 ], [ 32.866872, 39.904594 ], [ 32.867468, 39.904698 ] ] ] } },
{ "type": "Feature", "properties": { "ID": 14196.0, "NAME": "Yıldızevler", "POPULATION": 12493.0 }, "geometry": { "type": "Polygon", "coordinates": [ [ [ 32.86445, 39.877587 ], [ 32.863644, 39.878062 ], [ 32.862374, 39.87896 ], [ 32.861945, 39.879236 ], [ 32.861499, 39.879527 ], [ 32.861107, 39.879916 ], [ 32.860864, 39.88017 ], [ 32.86036, 39.880494 ], [ 32.859634, 39.880825 ], [ 32.859007, 39.881173 ], [ 32.858851, 39.881264 ], [ 32.858718, 39.881361 ], [ 32.858572, 39.88148 ], [ 32.857868, 39.882159 ], [ 32.857469, 39.882552 ], [ 32.857024, 39.882921 ], [ 32.85691, 39.88288 ], [ 32.855909, 39.882547 ], [ 32.855261, 39.882396 ], [ 32.854728, 39.882289 ], [ 32.854302, 39.882226 ], [ 32.853319, 39.882114 ], [ 32.852494, 39.88211 ], [ 32.851535, 39.882144 ], [ 32.850506, 39.882123 ], [ 32.850041, 39.882151 ], [ 32.848538, 39.882328 ], [ 32.848466, 39.881946 ], [ 32.848044, 39.881706 ], [ 32.847484, 39.881001 ], [ 32.847879, 39.880838 ], [ 32.848437, 39.880562 ], [ 32.848827, 39.880282 ], [ 32.849001, 39.880058 ], [ 32.849327, 39.87958 ], [ 32.849458, 39.879247 ], [ 32.849847, 39.878631 ], [ 32.850159, 39.87796 ], [ 32.850226, 39.877614 ], [ 32.850278, 39.877213 ], [ 32.850313, 39.876731 ], [ 32.850361, 39.875993 ], [ 32.850327, 39.875791 ], [ 32.850496, 39.875358 ], [ 32.850522, 39.874887 ], [ 32.849861, 39.874433 ], [ 32.849693, 39.87407 ], [ 32.849971, 39.873842 ], [ 32.850023, 39.873799 ], [ 32.850426, 39.873466 ], [ 32.850682, 39.87325 ], [ 32.850848, 39.873082 ], [ 32.850902, 39.872952 ], [ 32.850961, 39.872804 ], [ 32.851166, 39.872718 ], [ 32.851439, 39.872643 ], [ 32.851677, 39.872622 ], [ 32.852295, 39.872623 ], [ 32.852345, 39.872811 ], [ 32.852332, 39.872991 ], [ 32.852455, 39.873177 ], [ 32.852773, 39.873197 ], [ 32.853435, 39.873163 ], [ 32.85384, 39.873157 ], [ 32.854273, 39.873177 ], [ 32.854489, 39.873153 ], [ 32.855196, 39.873078 ], [ 32.855249, 39.872611 ], [ 32.856208, 39.872597 ], [ 32.857097, 39.872586 ], [ 32.857672, 39.872583 ], [ 32.85872, 39.872534 ], [ 32.859768, 39.872478 ], [ 32.859713, 39.872444 ], [ 32.859551, 39.871883 ], [ 32.85927, 39.871208 ], [ 32.85923, 39.871137 ], [ 32.859831, 39.870976 ], [ 32.860488, 39.870748 ], [ 32.860574, 39.870731 ], [ 32.861398, 39.872111 ], [ 32.862368, 39.873714 ], [ 32.863089, 39.874939 ], [ 32.86367, 39.876181 ], [ 32.86445, 39.877587 ] ] ] } },
{ "type": "Feature", "properties": { "ID": 14112.0, "NAME": "Çankaya", "POPULATION": 7786.0 }, "geometry": { "type": "Polygon", "coordinates": [ [ [ 32.856791, 39.893789 ], [ 32.856398, 39.892674 ], [ 32.855957, 39.891651 ], [ 32.855581, 39.890586 ], [ 32.85537, 39.889994 ], [ 32.855163, 39.88926 ], [ 32.855085, 39.888878 ], [ 32.855061, 39.888738 ], [ 32.855002, 39.88823 ], [ 32.854962, 39.887337 ], [ 32.854962, 39.887243 ], [ 32.855067, 39.886765 ], [ 32.855142, 39.886485 ], [ 32.855161, 39.886297 ], [ 32.855189, 39.886165 ], [ 32.855476, 39.885304 ], [ 32.85585, 39.88455 ], [ 32.856606, 39.883405 ], [ 32.857024, 39.882921 ], [ 32.857469, 39.882552 ], [ 32.857868, 39.882159 ], [ 32.858572, 39.88148 ], [ 32.858718, 39.881361 ], [ 32.858851, 39.881264 ], [ 32.859007, 39.881173 ], [ 32.859634, 39.880825 ], [ 32.86036, 39.880494 ], [ 32.860864, 39.88017 ], [ 32.861107, 39.879916 ], [ 32.861499, 39.879527 ], [ 32.861945, 39.879236 ], [ 32.862374, 39.87896 ], [ 32.863644, 39.878062 ], [ 32.86445, 39.877587 ], [ 32.864794, 39.878075 ], [ 32.865133, 39.878669 ], [ 32.865446, 39.8793 ], [ 32.865891, 39.880243 ], [ 32.866253, 39.881246 ], [ 32.86666, 39.882485 ], [ 32.866923, 39.883939 ], [ 32.867056, 39.884803 ], [ 32.867241, 39.886295 ], [ 32.867509, 39.887464 ], [ 32.867586, 39.888091 ], [ 32.867581, 39.888536 ], [ 32.867527, 39.889009 ], [ 32.867415, 39.889699 ], [ 32.867361, 39.890168 ], [ 32.867352, 39.890616 ], [ 32.867473, 39.891338 ], [ 32.867617, 39.891691 ], [ 32.868202, 39.892648 ], [ 32.868375, 39.893044 ], [ 32.867728, 39.892963 ], [ 32.866887, 39.892839 ], [ 32.866569, 39.892768 ], [ 32.866226, 39.892669 ], [ 32.865479, 39.892411 ], [ 32.86441, 39.892122 ], [ 32.863985, 39.894087 ], [ 32.863312, 39.897845 ], [ 32.863258, 39.898116 ], [ 32.862884, 39.89921 ], [ 32.86237, 39.900203 ], [ 32.862109, 39.900649 ], [ 32.86169, 39.901202 ], [ 32.861582, 39.901361 ], [ 32.861142, 39.901816 ], [ 32.860998, 39.901995 ], [ 32.860601, 39.902427 ], [ 32.860321, 39.902381 ], [ 32.859427, 39.902244 ], [ 32.859345, 39.90223 ], [ 32.859272, 39.902224 ], [ 32.859422, 39.901559 ], [ 32.859373, 39.90101 ], [ 32.859369, 39.900797 ], [ 32.859314, 39.900536 ], [ 32.858769, 39.899021 ], [ 32.858233, 39.897424 ], [ 32.858198, 39.89733 ], [ 32.857933, 39.896663 ], [ 32.857905, 39.896596 ], [ 32.857884, 39.896529 ], [ 32.857672, 39.896001 ], [ 32.857364, 39.895297 ], [ 32.857106, 39.894586 ], [ 32.856791, 39.893789 ] ] ] } },
{ "type": "Feature", "properties": { "ID": 14092.0, "NAME": "Arka Topraklık", "POPULATION": 2228.0 }, "geometry": { "type": "Polygon", "coordinates": [ [ [ 32.876953, 39.918377 ], [ 32.876469, 39.919149 ], [ 32.876368, 39.919174 ], [ 32.876167, 39.919328 ], [ 32.875971, 39.919345 ], [ 32.875846, 39.919345 ], [ 32.874645, 39.919115 ], [ 32.874142, 39.919189 ], [ 32.873795, 39.919334 ], [ 32.873419, 39.919576 ], [ 32.873195, 39.919877 ], [ 32.873167, 39.919938 ], [ 32.873125, 39.920178 ], [ 32.873068, 39.920526 ], [ 32.872974, 39.920809 ], [ 32.872895, 39.920934 ], [ 32.872808, 39.921046 ], [ 32.872629, 39.921188 ], [ 32.871779, 39.92157 ], [ 32.871628, 39.921652 ], [ 32.871496, 39.921729 ], [ 32.871319, 39.921872 ], [ 32.871175, 39.921996 ], [ 32.870896, 39.922332 ], [ 32.870515, 39.922022 ], [ 32.871295, 39.921369 ], [ 32.871396, 39.921253 ], [ 32.871486, 39.921147 ], [ 32.871534, 39.92107 ], [ 32.871563, 39.920954 ], [ 32.871596, 39.920408 ], [ 32.871556, 39.919767 ], [ 32.871462, 39.91861 ], [ 32.871466, 39.918043 ], [ 32.871465, 39.917993 ], [ 32.872304, 39.917898 ], [ 32.872601, 39.917868 ], [ 32.874203, 39.917727 ], [ 32.875809, 39.917957 ], [ 32.876349, 39.91817 ], [ 32.876769, 39.918318 ], [ 32.876953, 39.918377 ] ] ] } },
{ "type": "Feature", "properties": { "ID": 14157.0, "NAME": "Küçükesat", "POPULATION": 2362.0 }, "geometry": { "type": "Polygon", "coordinates": [ [ [ 32.868559, 39.906382 ], [ 32.868353, 39.908046 ], [ 32.868221, 39.908632 ], [ 32.867392, 39.910211 ], [ 32.866157, 39.909822 ], [ 32.864953, 39.909464 ], [ 32.864581, 39.909295 ], [ 32.864151, 39.908978 ], [ 32.864342, 39.908784 ], [ 32.864784, 39.908443 ], [ 32.865286, 39.90794 ], [ 32.866043, 39.90728 ], [ 32.866368, 39.906913 ], [ 32.866806, 39.906448 ], [ 32.867245, 39.905869 ], [ 32.867732, 39.905543 ], [ 32.868462, 39.905005 ], [ 32.868716, 39.904882 ], [ 32.868652, 39.905575 ], [ 32.868627, 39.90581 ], [ 32.868559, 39.906382 ] ] ] } },
{ "type": "Feature", "properties": { "ID": 14201.0, "NAME": "Zafertepe", "POPULATION": 2169.0 }, "geometry": { "type": "Polygon", "coordinates": [ [ [ 32.879082, 39.916868 ], [ 32.878577, 39.916931 ], [ 32.878361, 39.916996 ], [ 32.878033, 39.917112 ], [ 32.877739, 39.917165 ], [ 32.877095, 39.917217 ], [ 32.876704, 39.917308 ], [ 32.876605, 39.917351 ], [ 32.876538, 39.917376 ], [ 32.876515, 39.91739 ], [ 32.87649, 39.917401 ], [ 32.876095, 39.917644 ], [ 32.875968, 39.917751 ], [ 32.875848, 39.917884 ], [ 32.875809, 39.917957 ], [ 32.874203, 39.917727 ], [ 32.872601, 39.917868 ], [ 32.872304, 39.917898 ], [ 32.871465, 39.917993 ], [ 32.870323, 39.918066 ], [ 32.870316, 39.918 ], [ 32.870322, 39.917244 ], [ 32.87036, 39.916724 ], [ 32.870441, 39.91624 ], [ 32.870482, 39.916 ], [ 32.870492, 39.915944 ], [ 32.870316, 39.915637 ], [ 32.870113, 39.915154 ], [ 32.870088, 39.915008 ], [ 32.870105, 39.914885 ], [ 32.870226, 39.914697 ], [ 32.869837, 39.914444 ], [ 32.870443, 39.913708 ], [ 32.870841, 39.913895 ], [ 32.871256, 39.914105 ], [ 32.87136, 39.914158 ], [ 32.872204, 39.914502 ], [ 32.873284, 39.914817 ], [ 32.874058, 39.915021 ], [ 32.874581, 39.915128 ], [ 32.875474, 39.915189 ], [ 32.876314, 39.915644 ], [ 32.876967, 39.915892 ], [ 32.87731, 39.916027 ], [ 32.877702, 39.91577 ], [ 32.877715, 39.915775 ], [ 32.877784, 39.915815 ], [ 32.877928, 39.916007 ], [ 32.877978, 39.915911 ], [ 32.878427, 39.915728 ], [ 32.878551, 39.915879 ], [ 32.878607, 39.915978 ], [ 32.878763, 39.916268 ], [ 32.878813, 39.916359 ], [ 32.879082, 39.916868 ] ] ] } },
{ "type": "Feature", "properties": { "ID": 14121.0, "NAME": "Doğuş", "POPULATION": 2465.0 }, "geometry": { "type": "Polygon", "coordinates": [ [ [ 32.866575, 39.911091 ], [ 32.866735, 39.91095 ], [ 32.867081, 39.910612 ], [ 32.867392, 39.910211 ], [ 32.868221, 39.908632 ], [ 32.86914, 39.9087 ], [ 32.869906, 39.908795 ], [ 32.870919, 39.908893 ], [ 32.870776, 39.910213 ], [ 32.87067, 39.911088 ], [ 32.870608, 39.911543 ], [ 32.870293, 39.912053 ], [ 32.869892, 39.912697 ], [ 32.868978, 39.912325 ], [ 32.868304, 39.911993 ], [ 32.867679, 39.911661 ], [ 32.866575, 39.911091 ] ] ] } },
{ "type": "Feature", "properties": { "ID": 14131.0, "NAME": "Gaziosmanpaşa", "POPULATION": 3605.0 }, "geometry": { "type": "Polygon", "coordinates": [ [ [ 32.862109, 39.900649 ], [ 32.86237, 39.900203 ], [ 32.862884, 39.89921 ], [ 32.863258, 39.898116 ], [ 32.863312, 39.897845 ], [ 32.863985, 39.894087 ], [ 32.86441, 39.892122 ], [ 32.865479, 39.892411 ], [ 32.866226, 39.892669 ], [ 32.866569, 39.892768 ], [ 32.866887, 39.892839 ], [ 32.867728, 39.892963 ], [ 32.868375, 39.893044 ], [ 32.868533, 39.893451 ], [ 32.868582, 39.893717 ], [ 32.868609, 39.894023 ], [ 32.868664, 39.894729 ], [ 32.868599, 39.896061 ], [ 32.868287, 39.897879 ], [ 32.868061, 39.898664 ], [ 32.867711, 39.899525 ], [ 32.867604, 39.899805 ], [ 32.867568, 39.901117 ], [ 32.867543, 39.90176 ], [ 32.867474, 39.902905 ], [ 32.86747, 39.903888 ], [ 32.867469, 39.903931 ], [ 32.867468, 39.904698 ], [ 32.866872, 39.904594 ], [ 32.866585, 39.904514 ], [ 32.866331, 39.904424 ], [ 32.866212, 39.904374 ], [ 32.865264, 39.903872 ], [ 32.864706, 39.903299 ], [ 32.864696, 39.903288 ], [ 32.863875, 39.902342 ], [ 32.863546, 39.901955 ], [ 32.863441, 39.901797 ], [ 32.863366, 39.901693 ], [ 32.863353, 39.901669 ], [ 32.863339, 39.901651 ], [ 32.863333, 39.901631 ], [ 32.863273, 39.901498 ], [ 32.863209, 39.901406 ], [ 32.863147, 39.901352 ], [ 32.863076, 39.90128 ], [ 32.863034, 39.901253 ], [ 32.863006, 39.901228 ], [ 32.862459, 39.900846 ], [ 32.862109, 39.900649 ] ] ] } },
{ "type": "Feature", "properties": { "ID": 14133.0, "NAME": "Göktürk", "POPULATION": 3689.0 }, "geometry": { "type": "Polygon", "coordinates": [ [ [ 32.876792, 39.911107 ], [ 32.876759, 39.911396 ], [ 32.87487, 39.911485 ], [ 32.874588, 39.911818 ], [ 32.874662, 39.911857 ], [ 32.874711, 39.91189 ], [ 32.874735, 39.912054 ], [ 32.874589, 39.912375 ], [ 32.87446, 39.912657 ], [ 32.873941, 39.913258 ], [ 32.874272, 39.913479 ], [ 32.874857, 39.913868 ], [ 32.874947, 39.913915 ], [ 32.875842, 39.91442 ], [ 32.876218, 39.9146 ], [ 32.876402, 39.914692 ], [ 32.876113, 39.915156 ], [ 32.876049, 39.91521 ], [ 32.875988, 39.915241 ], [ 32.875922, 39.91525 ], [ 32.875474, 39.915189 ], [ 32.874581, 39.915128 ], [ 32.874058, 39.915021 ], [ 32.873284, 39.914817 ], [ 32.872204, 39.914502 ], [ 32.87136, 39.914158 ], [ 32.871256, 39.914105 ], [ 32.870841, 39.913895 ], [ 32.870443, 39.913708 ], [ 32.870849, 39.913185 ], [ 32.871309, 39.912523 ], [ 32.870293, 39.912053 ], [ 32.870608, 39.911543 ], [ 32.87067, 39.911088 ], [ 32.870776, 39.910213 ], [ 32.870919, 39.908893 ], [ 32.871002, 39.908394 ], [ 32.871991, 39.908628 ], [ 32.871802, 39.909449 ], [ 32.873278, 39.910518 ], [ 32.873548, 39.910729 ], [ 32.873846, 39.910886 ], [ 32.874134, 39.910799 ], [ 32.874597, 39.911123 ], [ 32.874941, 39.911138 ], [ 32.875166, 39.911104 ], [ 32.876299, 39.911086 ], [ 32.876572, 39.911034 ], [ 32.876792, 39.911107 ] ] ] } },
{ "type": "Feature", "properties": { "ID": 14166.0, "NAME": "Muhsin Ertuğrul", "POPULATION": 2868.0 }, "geometry": { "type": "Polygon", "coordinates": [ [ [ 32.871639, 39.907037 ], [ 32.87156, 39.907413 ], [ 32.871459, 39.907667 ], [ 32.871176, 39.908112 ], [ 32.871002, 39.908394 ], [ 32.870919, 39.908893 ], [ 32.869906, 39.908795 ], [ 32.86914, 39.9087 ], [ 32.868221, 39.908632 ], [ 32.868353, 39.908046 ], [ 32.868559, 39.906382 ], [ 32.868627, 39.90581 ], [ 32.868652, 39.905575 ], [ 32.868716, 39.904882 ], [ 32.869693, 39.904574 ], [ 32.870171, 39.904414 ], [ 32.870573, 39.904335 ], [ 32.871093, 39.904343 ], [ 32.87161, 39.904383 ], [ 32.87151, 39.90515 ], [ 32.871471, 39.905588 ], [ 32.871521, 39.906078 ], [ 32.871639, 39.907037 ] ] ] } },
{ "type": "Feature", "properties": { "ID": 14086.0, "NAME": "100. Yıl", "POPULATION": 5273.0 }, "geometry": { "type": "Polygon", "coordinates": [ [ [ 32.87623, 39.899119 ], [ 32.876139, 39.899158 ], [ 32.876024, 39.899183 ], [ 32.87594, 39.899229 ], [ 32.875786, 39.899333 ], [ 32.875721, 39.899383 ], [ 32.875632, 39.89946 ], [ 32.875338, 39.899756 ], [ 32.874931, 39.9002 ], [ 32.874837, 39.900282 ], [ 32.874241, 39.900619 ], [ 32.874013, 39.900797 ], [ 32.873897, 39.900936 ], [ 32.873638, 39.901313 ], [ 32.873562, 39.901405 ], [ 32.873421, 39.901548 ], [ 32.872652, 39.90223 ], [ 32.87225, 39.902741 ], [ 32.871893, 39.903404 ], [ 32.871654, 39.904102 ], [ 32.87161, 39.904383 ], [ 32.871093, 39.904343 ], [ 32.870573, 39.904335 ], [ 32.870171, 39.904414 ], [ 32.869693, 39.904574 ], [ 32.868716, 39.904882 ], [ 32.868462, 39.905005 ], [ 32.867732, 39.905543 ], [ 32.867245, 39.905869 ], [ 32.867263, 39.905797 ], [ 32.867314, 39.905592 ], [ 32.867468, 39.904698 ], [ 32.867469, 39.903931 ], [ 32.86747, 39.903888 ], [ 32.867474, 39.902905 ], [ 32.867543, 39.90176 ], [ 32.867568, 39.901117 ], [ 32.867604, 39.899805 ], [ 32.867711, 39.899525 ], [ 32.868061, 39.898664 ], [ 32.868287, 39.897879 ], [ 32.869639, 39.898197 ], [ 32.87007, 39.898255 ], [ 32.870257, 39.898255 ], [ 32.870588, 39.898197 ], [ 32.870704, 39.898171 ], [ 32.870956, 39.898044 ], [ 32.87128, 39.897791 ], [ 32.871598, 39.897403 ], [ 32.871746, 39.897278 ], [ 32.872041, 39.897133 ], [ 32.872708, 39.896825 ], [ 32.873042, 39.896708 ], [ 32.873461, 39.896584 ], [ 32.87399, 39.89641 ], [ 32.874069, 39.8964 ], [ 32.874349, 39.897474 ], [ 32.874333, 39.897572 ], [ 32.874364, 39.898098 ], [ 32.874492, 39.898355 ], [ 32.874715, 39.898641 ], [ 32.874764, 39.898608 ], [ 32.875086, 39.898462 ], [ 32.875455, 39.898333 ], [ 32.875466, 39.898329 ], [ 32.875692, 39.89825 ], [ 32.87572, 39.89824 ], [ 32.875733, 39.898373 ], [ 32.875769, 39.898523 ], [ 32.875819, 39.898626 ], [ 32.87623, 39.899119 ] ] ] } },
{ "type": "Feature", "properties": { "ID": 14165.0, "NAME": "Mimar Sinan", "POPULATION": 3347.0 }, "geometry": { "type": "Polygon", "coordinates": [ [ [ 32.875809, 39.917957 ], [ 32.875848, 39.917884 ], [ 32.875968, 39.917751 ], [ 32.876095, 39.917644 ], [ 32.87649, 39.917401 ], [ 32.876515, 39.91739 ], [ 32.876538, 39.917376 ], [ 32.876605, 39.917351 ], [ 32.876704, 39.917308 ], [ 32.877095, 39.917217 ], [ 32.877739, 39.917165 ], [ 32.878033, 39.917112 ], [ 32.878361, 39.916996 ], [ 32.878577, 39.916931 ], [ 32.879082, 39.916868 ], [ 32.878813, 39.916359 ], [ 32.878763, 39.916268 ], [ 32.878607, 39.915978 ], [ 32.878551, 39.915879 ], [ 32.878427, 39.915728 ], [ 32.877978, 39.915911 ], [ 32.877928, 39.916007 ], [ 32.877784, 39.915815 ], [ 32.877715, 39.915775 ], [ 32.877702, 39.91577 ], [ 32.87731, 39.916027 ], [ 32.876967, 39.915892 ], [ 32.876314, 39.915644 ], [ 32.875474, 39.915189 ], [ 32.875922, 39.91525 ], [ 32.875988, 39.915241 ], [ 32.876049, 39.91521 ], [ 32.876113, 39.915156 ], [ 32.876402, 39.914692 ], [ 32.876218, 39.9146 ], [ 32.875842, 39.91442 ], [ 32.874947, 39.913915 ], [ 32.874857, 39.913868 ], [ 32.874272, 39.913479 ], [ 32.873941, 39.913258 ], [ 32.87446, 39.912657 ], [ 32.874589, 39.912375 ], [ 32.874735, 39.912054 ], [ 32.874711, 39.91189 ], [ 32.874662, 39.911857 ], [ 32.874588, 39.911818 ], [ 32.87487, 39.911485 ], [ 32.876759, 39.911396 ], [ 32.876792, 39.911107 ], [ 32.877624, 39.911317 ], [ 32.87807, 39.91142 ], [ 32.878125, 39.912098 ], [ 32.878209, 39.912673 ], [ 32.878281, 39.912786 ], [ 32.878348, 39.912851 ], [ 32.878437, 39.912931 ], [ 32.87882, 39.913148 ], [ 32.879928, 39.913744 ], [ 32.880063, 39.913893 ], [ 32.880112, 39.913999 ], [ 32.880219, 39.914424 ], [ 32.880255, 39.914564 ], [ 32.880489, 39.915143 ], [ 32.880589, 39.915376 ], [ 32.880612, 39.915505 ], [ 32.88063, 39.915655 ], [ 32.880628, 39.915827 ], [ 32.880613, 39.915981 ], [ 32.880581, 39.916179 ], [ 32.8805, 39.916448 ], [ 32.880124, 39.917447 ], [ 32.880072, 39.917547 ], [ 32.879896, 39.917786 ], [ 32.879722, 39.917999 ], [ 32.879431, 39.918262 ], [ 32.879307, 39.918349 ], [ 32.87907, 39.918464 ], [ 32.878781, 39.918553 ], [ 32.878385, 39.918582 ], [ 32.878022, 39.918571 ], [ 32.877673, 39.918532 ], [ 32.877389, 39.918488 ], [ 32.876953, 39.918377 ], [ 32.876769, 39.918318 ], [ 32.876349, 39.91817 ], [ 32.875809, 39.917957 ] ] ] } },
{ "type": "Feature", "properties": { "ID": 14191.0, "NAME": "Umut", "POPULATION": 6797.0 }, "geometry": { "type": "Polygon", "coordinates": [ [ [ 32.878334, 39.906121 ], [ 32.877743, 39.906616 ], [ 32.876883, 39.907046 ], [ 32.876116, 39.907371 ], [ 32.875946, 39.907445 ], [ 32.875152, 39.907805 ], [ 32.87423, 39.908128 ], [ 32.873247, 39.90848 ], [ 32.872476, 39.908721 ], [ 32.872325, 39.908724 ], [ 32.871991, 39.908628 ], [ 32.871002, 39.908394 ], [ 32.871176, 39.908112 ], [ 32.871459, 39.907667 ], [ 32.87156, 39.907413 ], [ 32.871639, 39.907037 ], [ 32.871521, 39.906078 ], [ 32.871471, 39.905588 ], [ 32.87151, 39.90515 ], [ 32.87161, 39.904383 ], [ 32.871654, 39.904102 ], [ 32.871893, 39.903404 ], [ 32.87225, 39.902741 ], [ 32.873062, 39.903027 ], [ 32.874589, 39.903742 ], [ 32.8747, 39.904026 ], [ 32.875228, 39.90372 ], [ 32.875667, 39.90353 ], [ 32.875874, 39.903376 ], [ 32.876076, 39.90307 ], [ 32.876189, 39.902681 ], [ 32.876226, 39.902467 ], [ 32.876233, 39.902152 ], [ 32.876916, 39.902507 ], [ 32.876926, 39.903196 ], [ 32.876957, 39.903761 ], [ 32.877071, 39.904259 ], [ 32.877254, 39.904713 ], [ 32.877385, 39.904969 ], [ 32.877654, 39.905382 ], [ 32.877879, 39.905666 ], [ 32.878292, 39.906041 ], [ 32.878299, 39.906048 ], [ 32.878334, 39.906121 ] ] ] } },
{ "type": "Feature", "properties": { "ID": 14164.0, "NAME": "Metin Oktay", "POPULATION": 5081.0 }, "geometry": { "type": "Polygon", "coordinates": [ [ [ 32.873846, 39.910886 ], [ 32.873548, 39.910729 ], [ 32.873278, 39.910518 ], [ 32.871802, 39.909449 ], [ 32.871991, 39.908628 ], [ 32.872325, 39.908724 ], [ 32.872476, 39.908721 ], [ 32.873247, 39.90848 ], [ 32.87423, 39.908128 ], [ 32.875152, 39.907805 ], [ 32.875946, 39.907445 ], [ 32.876116, 39.907371 ], [ 32.876883, 39.907046 ], [ 32.877743, 39.906616 ], [ 32.877831, 39.906969 ], [ 32.877944, 39.907336 ], [ 32.877986, 39.907419 ], [ 32.878115, 39.907534 ], [ 32.87856, 39.907812 ], [ 32.879049, 39.908159 ], [ 32.879489, 39.908624 ], [ 32.879812, 39.909046 ], [ 32.879902, 39.909247 ], [ 32.87995, 39.9094 ], [ 32.879955, 39.909915 ], [ 32.879906, 39.910084 ], [ 32.879443, 39.910589 ], [ 32.878949, 39.910828 ], [ 32.878888, 39.910868 ], [ 32.87883, 39.91092 ], [ 32.878665, 39.911096 ], [ 32.878556, 39.911486 ], [ 32.87807, 39.91142 ], [ 32.877624, 39.911317 ], [ 32.876792, 39.911107 ], [ 32.876572, 39.911034 ], [ 32.876299, 39.911086 ], [ 32.875166, 39.911104 ], [ 32.874941, 39.911138 ], [ 32.874597, 39.911123 ], [ 32.874134, 39.910799 ], [ 32.873846, 39.910886 ] ] ] } },
{ "type": "Feature", "properties": { "ID": 14149.0, "NAME": "Kazım Özalp", "POPULATION": 5104.0 }, "geometry": { "type": "Polygon", "coordinates": [ [ [ 32.868287, 39.897879 ], [ 32.868599, 39.896061 ], [ 32.868664, 39.894729 ], [ 32.868609, 39.894023 ], [ 32.868582, 39.893717 ], [ 32.868533, 39.893451 ], [ 32.868375, 39.893044 ], [ 32.868202, 39.892648 ], [ 32.867617, 39.891691 ], [ 32.867473, 39.891338 ], [ 32.867352, 39.890616 ], [ 32.867361, 39.890168 ], [ 32.867415, 39.889699 ], [ 32.867527, 39.889009 ], [ 32.867581, 39.888536 ], [ 32.867586, 39.888091 ], [ 32.867509, 39.887464 ], [ 32.867241, 39.886295 ], [ 32.867056, 39.884803 ], [ 32.869421, 39.885572 ], [ 32.871089, 39.886113 ], [ 32.871947, 39.886466 ], [ 32.873014, 39.886918 ], [ 32.874192, 39.887537 ], [ 32.873823, 39.887903 ], [ 32.873437, 39.888325 ], [ 32.873275, 39.8885 ], [ 32.873125, 39.888702 ], [ 32.872737, 39.889131 ], [ 32.872213, 39.889688 ], [ 32.871865, 39.890148 ], [ 32.87211, 39.890304 ], [ 32.872282, 39.890465 ], [ 32.87244, 39.890684 ], [ 32.872597, 39.891192 ], [ 32.872349, 39.891235 ], [ 32.872069, 39.891343 ], [ 32.872865, 39.894414 ], [ 32.874069, 39.8964 ], [ 32.87399, 39.89641 ], [ 32.873461, 39.896584 ], [ 32.873042, 39.896708 ], [ 32.872708, 39.896825 ], [ 32.872041, 39.897133 ], [ 32.871746, 39.897278 ], [ 32.871598, 39.897403 ], [ 32.87128, 39.897791 ], [ 32.870956, 39.898044 ], [ 32.870704, 39.898171 ], [ 32.870588, 39.898197 ], [ 32.870257, 39.898255 ], [ 32.87007, 39.898255 ], [ 32.869639, 39.898197 ], [ 32.868287, 39.897879 ] ] ] } },
{ "type": "Feature", "properties": { "ID": 14167.0, "NAME": "Murat", "POPULATION": 3300.0 }, "geometry": { "type": "Polygon", "coordinates": [ [ [ 32.877554, 39.901342 ], [ 32.877485, 39.901938 ], [ 32.877295, 39.90251 ], [ 32.876916, 39.902507 ], [ 32.876233, 39.902152 ], [ 32.876226, 39.902467 ], [ 32.876189, 39.902681 ], [ 32.876076, 39.90307 ], [ 32.875874, 39.903376 ], [ 32.875667, 39.90353 ], [ 32.875228, 39.90372 ], [ 32.8747, 39.904026 ], [ 32.874589, 39.903742 ], [ 32.873062, 39.903027 ], [ 32.87225, 39.902741 ], [ 32.872652, 39.90223 ], [ 32.873421, 39.901548 ], [ 32.873562, 39.901405 ], [ 32.873638, 39.901313 ], [ 32.873897, 39.900936 ], [ 32.874013, 39.900797 ], [ 32.874241, 39.900619 ], [ 32.874837, 39.900282 ], [ 32.874931, 39.9002 ], [ 32.875338, 39.899756 ], [ 32.875632, 39.89946 ], [ 32.875721, 39.899383 ], [ 32.875786, 39.899333 ], [ 32.87594, 39.899229 ], [ 32.876024, 39.899183 ], [ 32.876139, 39.899158 ], [ 32.87623, 39.899119 ], [ 32.876277, 39.899114 ], [ 32.876377, 39.8991 ], [ 32.876543, 39.899114 ], [ 32.876643, 39.899213 ], [ 32.876716, 39.899449 ], [ 32.876753, 39.899553 ], [ 32.87681, 39.899645 ], [ 32.876802, 39.899757 ], [ 32.876845, 39.899873 ], [ 32.876967, 39.900069 ], [ 32.877111, 39.90022 ], [ 32.877182, 39.900283 ], [ 32.877359, 39.900343 ], [ 32.877538, 39.90034 ], [ 32.877554, 39.901342 ] ] ] } },
{ "type": "Feature", "properties": { "ID": 14096.0, "NAME": "Aşıkpaşa", "POPULATION": 9017.0 }, "geometry": { "type": "Polygon", "coordinates": [ [ [ 32.886722, 39.910056 ], [ 32.886305, 39.910279 ], [ 32.886108, 39.910386 ], [ 32.885991, 39.910432 ], [ 32.88577, 39.910559 ], [ 32.885276, 39.910843 ], [ 32.885154, 39.910893 ], [ 32.884888, 39.91098 ], [ 32.884679, 39.910867 ], [ 32.884452, 39.910931 ], [ 32.883107, 39.911176 ], [ 32.881955, 39.911381 ], [ 32.881826, 39.911391 ], [ 32.88172, 39.911373 ], [ 32.881097, 39.911167 ], [ 32.880359, 39.910858 ], [ 32.88005, 39.910744 ], [ 32.879863, 39.910691 ], [ 32.879443, 39.910589 ], [ 32.879906, 39.910084 ], [ 32.879955, 39.909915 ], [ 32.87995, 39.9094 ], [ 32.879902, 39.909247 ], [ 32.879812, 39.909046 ], [ 32.879489, 39.908624 ], [ 32.879049, 39.908159 ], [ 32.87856, 39.907812 ], [ 32.878115, 39.907534 ], [ 32.877986, 39.907419 ], [ 32.877944, 39.907336 ], [ 32.877831, 39.906969 ], [ 32.877743, 39.906616 ], [ 32.878334, 39.906121 ], [ 32.878862, 39.905597 ], [ 32.879234, 39.905642 ], [ 32.879676, 39.905611 ], [ 32.880383, 39.905307 ], [ 32.879831, 39.904451 ], [ 32.87963, 39.904117 ], [ 32.879524, 39.903778 ], [ 32.879547, 39.903546 ], [ 32.879583, 39.903392 ], [ 32.879731, 39.903086 ], [ 32.880408, 39.901773 ], [ 32.880517, 39.901887 ], [ 32.880574, 39.902038 ], [ 32.880586, 39.902743 ], [ 32.880595, 39.903144 ], [ 32.880655, 39.903393 ], [ 32.880769, 39.903534 ], [ 32.880916, 39.90363 ], [ 32.881616, 39.903955 ], [ 32.882052, 39.904142 ], [ 32.882488, 39.904342 ], [ 32.882744, 39.904415 ], [ 32.883296, 39.904442 ], [ 32.883462, 39.904439 ], [ 32.884319, 39.904454 ], [ 32.884363, 39.904634 ], [ 32.884432, 39.904919 ], [ 32.884483, 39.905103 ], [ 32.88475, 39.90579 ], [ 32.884751, 39.905792 ], [ 32.884755, 39.905802 ], [ 32.884846, 39.906007 ], [ 32.885001, 39.906323 ], [ 32.885043, 39.906408 ], [ 32.885204, 39.906813 ], [ 32.885259, 39.906992 ], [ 32.885469, 39.907654 ], [ 32.885703, 39.908974 ], [ 32.885797, 39.909103 ], [ 32.885892, 39.909195 ], [ 32.885918, 39.909217 ], [ 32.885924, 39.909226 ], [ 32.885958, 39.909249 ], [ 32.886028, 39.909311 ], [ 32.886132, 39.909407 ], [ 32.886421, 39.909741 ], [ 32.886722, 39.910056 ] ] ] } },
{ "type": "Feature", "properties": { "ID": 14106.0, "NAME": "Bayraktar", "POPULATION": 4436.0 }, "geometry": { "type": "Polygon", "coordinates": [ [ [ 32.878299, 39.906048 ], [ 32.878292, 39.906041 ], [ 32.877879, 39.905666 ], [ 32.877654, 39.905382 ], [ 32.877385, 39.904969 ], [ 32.877254, 39.904713 ], [ 32.877071, 39.904259 ], [ 32.876957, 39.903761 ], [ 32.876926, 39.903196 ], [ 32.876916, 39.902507 ], [ 32.877295, 39.90251 ], [ 32.877485, 39.901938 ], [ 32.877554, 39.901342 ], [ 32.877538, 39.90034 ], [ 32.877359, 39.900343 ], [ 32.877182, 39.900283 ], [ 32.877111, 39.90022 ], [ 32.876967, 39.900069 ], [ 32.876845, 39.899873 ], [ 32.876802, 39.899757 ], [ 32.87681, 39.899645 ], [ 32.876982, 39.899718 ], [ 32.87715, 39.89975 ], [ 32.877301, 39.899725 ], [ 32.8774, 39.899646 ], [ 32.877531, 39.899249 ], [ 32.877588, 39.899098 ], [ 32.877895, 39.898567 ], [ 32.878073, 39.898358 ], [ 32.878695, 39.898109 ], [ 32.878859, 39.898043 ], [ 32.879642, 39.898898 ], [ 32.880173, 39.899408 ], [ 32.880374, 39.899644 ], [ 32.880522, 39.899845 ], [ 32.880599, 39.900018 ], [ 32.88067, 39.900193 ], [ 32.880695, 39.900338 ], [ 32.880713, 39.900652 ], [ 32.880706, 39.900884 ], [ 32.880701, 39.900914 ], [ 32.880696, 39.901034 ], [ 32.880674, 39.901141 ], [ 32.880661, 39.901172 ], [ 32.880659, 39.901185 ], [ 32.880408, 39.901773 ], [ 32.879731, 39.903086 ], [ 32.879583, 39.903392 ], [ 32.879547, 39.903546 ], [ 32.879524, 39.903778 ], [ 32.87963, 39.904117 ], [ 32.879831, 39.904451 ], [ 32.880383, 39.905307 ], [ 32.879676, 39.905611 ], [ 32.879234, 39.905642 ], [ 32.878862, 39.905597 ], [ 32.878334, 39.906121 ], [ 32.878299, 39.906048 ] ] ] } },
{ "type": "Feature", "properties": { "ID": 14108.0, "NAME": "Birlik", "POPULATION": 30598.0 }, "geometry": { "type": "Polygon", "coordinates": [ [ [ 32.875507, 39.886562 ], [ 32.874967, 39.88629 ], [ 32.874479, 39.885939 ], [ 32.874481, 39.885938 ], [ 32.873673, 39.885263 ], [ 32.873562, 39.885171 ], [ 32.873512, 39.885191 ], [ 32.87352, 39.885478 ], [ 32.87383, 39.886037 ], [ 32.874004, 39.886408 ], [ 32.874086, 39.886603 ], [ 32.874327, 39.887263 ], [ 32.874192, 39.887537 ], [ 32.873014, 39.886918 ], [ 32.871947, 39.886466 ], [ 32.871089, 39.886113 ], [ 32.869421, 39.885572 ], [ 32.867056, 39.884803 ], [ 32.866923, 39.883939 ], [ 32.86666, 39.882485 ], [ 32.866253, 39.881246 ], [ 32.865891, 39.880243 ], [ 32.865446, 39.8793 ], [ 32.865133, 39.878669 ], [ 32.864794, 39.878075 ], [ 32.86445, 39.877587 ], [ 32.86524, 39.877118 ], [ 32.865523, 39.876904 ], [ 32.865617, 39.876809 ], [ 32.865798, 39.876371 ], [ 32.865921, 39.875999 ], [ 32.866033, 39.87542 ], [ 32.866058, 39.875236 ], [ 32.866241, 39.872532 ], [ 32.86634, 39.872321 ], [ 32.866887, 39.871556 ], [ 32.86747, 39.870756 ], [ 32.867572, 39.870624 ], [ 32.8677, 39.870436 ], [ 32.868038, 39.869897 ], [ 32.868297, 39.869509 ], [ 32.868409, 39.869354 ], [ 32.868627, 39.869039 ], [ 32.868746, 39.868857 ], [ 32.86913, 39.868262 ], [ 32.869165, 39.8682 ], [ 32.869405, 39.867693 ], [ 32.869449, 39.867567 ], [ 32.869459, 39.867361 ], [ 32.869432, 39.867283 ], [ 32.869357, 39.86712 ], [ 32.869774, 39.866881 ], [ 32.87274, 39.866801 ], [ 32.873386, 39.867891 ], [ 32.875728, 39.870533 ], [ 32.877355, 39.871022 ], [ 32.878089, 39.871683 ], [ 32.877706, 39.872356 ], [ 32.879078, 39.873458 ], [ 32.883768, 39.872919 ], [ 32.887342, 39.876481 ], [ 32.89117, 39.875061 ], [ 32.892032, 39.87593 ], [ 32.891841, 39.876299 ], [ 32.891787, 39.876288 ], [ 32.89173, 39.876361 ], [ 32.891636, 39.876546 ], [ 32.891522, 39.876737 ], [ 32.891411, 39.876934 ], [ 32.891313, 39.877107 ], [ 32.891191, 39.877364 ], [ 32.891109, 39.877602 ], [ 32.891053, 39.87769 ], [ 32.892181, 39.880309 ], [ 32.892191, 39.880691 ], [ 32.892223, 39.881523 ], [ 32.891936, 39.881915 ], [ 32.891327, 39.881583 ], [ 32.89147, 39.881428 ], [ 32.891579, 39.881109 ], [ 32.891573, 39.881058 ], [ 32.89157, 39.881059 ], [ 32.891567, 39.881048 ], [ 32.891497, 39.880917 ], [ 32.891406, 39.880819 ], [ 32.891222, 39.880757 ], [ 32.890634, 39.880736 ], [ 32.890043, 39.880736 ], [ 32.889848, 39.880762 ], [ 32.889069, 39.881116 ], [ 32.888477, 39.881394 ], [ 32.888431, 39.881358 ], [ 32.888234, 39.881199 ], [ 32.888148, 39.881131 ], [ 32.888083, 39.88105 ], [ 32.887344, 39.881584 ], [ 32.887445, 39.881676 ], [ 32.887543, 39.881757 ], [ 32.886746, 39.88227 ], [ 32.886695, 39.882302 ], [ 32.886771, 39.882523 ], [ 32.886643, 39.882597 ], [ 32.886289, 39.882832 ], [ 32.885981, 39.883032 ], [ 32.885308, 39.883525 ], [ 32.885144, 39.883629 ], [ 32.884741, 39.883847 ], [ 32.884411, 39.883985 ], [ 32.884009, 39.884124 ], [ 32.883752, 39.884187 ], [ 32.882989, 39.884734 ], [ 32.882403, 39.885064 ], [ 32.881832, 39.885349 ], [ 32.881531, 39.885489 ], [ 32.881374, 39.885541 ], [ 32.881196, 39.885575 ], [ 32.880837, 39.885645 ], [ 32.880631, 39.885711 ], [ 32.880511, 39.885764 ], [ 32.880364, 39.885857 ], [ 32.880026, 39.886104 ], [ 32.879714, 39.886446 ], [ 32.879387, 39.886683 ], [ 32.879033, 39.886912 ], [ 32.878572, 39.887516 ], [ 32.878376, 39.887864 ], [ 32.878336, 39.887835 ], [ 32.877817, 39.887659 ], [ 32.87721, 39.887345 ], [ 32.876512, 39.886917 ], [ 32.876065, 39.886732 ], [ 32.875507, 39.886562 ] ] ] } },
{ "type": "Feature", "properties": { "ID": 14110.0, "NAME": "Büyükesat", "POPULATION": 8626.0 }, "geometry": { "type": "Polygon", "coordinates": [ [ [ 32.88205, 39.894021 ], [ 32.882019, 39.89422 ], [ 32.881949, 39.89443 ], [ 32.881551, 39.895464 ], [ 32.881184, 39.896063 ], [ 32.880974, 39.896367 ], [ 32.880458, 39.896907 ], [ 32.880382, 39.896989 ], [ 32.879879, 39.897521 ], [ 32.879509, 39.897757 ], [ 32.878859, 39.898043 ], [ 32.878695, 39.898109 ], [ 32.878073, 39.898358 ], [ 32.877895, 39.898567 ], [ 32.877588, 39.899098 ], [ 32.877531, 39.899249 ], [ 32.8774, 39.899646 ], [ 32.877301, 39.899725 ], [ 32.87715, 39.89975 ], [ 32.876982, 39.899718 ], [ 32.87681, 39.899645 ], [ 32.876753, 39.899553 ], [ 32.876716, 39.899449 ], [ 32.876643, 39.899213 ], [ 32.876543, 39.899114 ], [ 32.876377, 39.8991 ], [ 32.876277, 39.899114 ], [ 32.87623, 39.899119 ], [ 32.875819, 39.898626 ], [ 32.875769, 39.898523 ], [ 32.875733, 39.898373 ], [ 32.87572, 39.89824 ], [ 32.875692, 39.89825 ], [ 32.875466, 39.898329 ], [ 32.875455, 39.898333 ], [ 32.875086, 39.898462 ], [ 32.874764, 39.898608 ], [ 32.874715, 39.898641 ], [ 32.874492, 39.898355 ], [ 32.874364, 39.898098 ], [ 32.874333, 39.897572 ], [ 32.874349, 39.897474 ], [ 32.874069, 39.8964 ], [ 32.872865, 39.894414 ], [ 32.872069, 39.891343 ], [ 32.872349, 39.891235 ], [ 32.872597, 39.891192 ], [ 32.87244, 39.890684 ], [ 32.872282, 39.890465 ], [ 32.87211, 39.890304 ], [ 32.871865, 39.890148 ], [ 32.872213, 39.889688 ], [ 32.872737, 39.889131 ], [ 32.873125, 39.888702 ], [ 32.873275, 39.8885 ], [ 32.873437, 39.888325 ], [ 32.873823, 39.887903 ], [ 32.874192, 39.887537 ], [ 32.874327, 39.887263 ], [ 32.874086, 39.886603 ], [ 32.874004, 39.886408 ], [ 32.87383, 39.886037 ], [ 32.87352, 39.885478 ], [ 32.873512, 39.885191 ], [ 32.873562, 39.885171 ], [ 32.873673, 39.885263 ], [ 32.874481, 39.885938 ], [ 32.874479, 39.885939 ], [ 32.874967, 39.88629 ], [ 32.875507, 39.886562 ], [ 32.876065, 39.886732 ], [ 32.876512, 39.886917 ], [ 32.87721, 39.887345 ], [ 32.877817, 39.887659 ], [ 32.878336, 39.887835 ], [ 32.878376, 39.887864 ], [ 32.878408, 39.888266 ], [ 32.878506, 39.8887 ], [ 32.878711, 39.889494 ], [ 32.87901, 39.890216 ], [ 32.879195, 39.890443 ], [ 32.879383, 39.890636 ], [ 32.879693, 39.890865 ], [ 32.879866, 39.890972 ], [ 32.880273, 39.89114 ], [ 32.880468, 39.891254 ], [ 32.880627, 39.891337 ], [ 32.880893, 39.891549 ], [ 32.881197, 39.891932 ], [ 32.881252, 39.891973 ], [ 32.881353, 39.892049 ], [ 32.88154, 39.892197 ], [ 32.881674, 39.892326 ], [ 32.881304, 39.892315 ], [ 32.881498, 39.892693 ], [ 32.881959, 39.893485 ], [ 32.882046, 39.893771 ], [ 32.88205, 39.894021 ] ] ] } },
{ "type": "Feature", "properties": { "ID": 14182.0, "NAME": "Sancak", "POPULATION": 10573.0 }, "geometry": { "type": "Polygon", "coordinates": [ [ [ 32.869357, 39.86712 ], [ 32.869432, 39.867283 ], [ 32.869459, 39.867361 ], [ 32.869449, 39.867567 ], [ 32.869405, 39.867693 ], [ 32.869165, 39.8682 ], [ 32.86913, 39.868262 ], [ 32.868746, 39.868857 ], [ 32.868627, 39.869039 ], [ 32.868409, 39.869354 ], [ 32.868297, 39.869509 ], [ 32.868038, 39.869897 ], [ 32.8677, 39.870436 ], [ 32.867572, 39.870624 ], [ 32.86747, 39.870756 ], [ 32.866887, 39.871556 ], [ 32.86634, 39.872321 ], [ 32.866241, 39.872532 ], [ 32.866058, 39.875236 ], [ 32.866033, 39.87542 ], [ 32.865921, 39.875999 ], [ 32.865798, 39.876371 ], [ 32.865617, 39.876809 ], [ 32.865523, 39.876904 ], [ 32.86524, 39.877118 ], [ 32.86445, 39.877587 ], [ 32.86367, 39.876181 ], [ 32.863089, 39.874939 ], [ 32.862368, 39.873714 ], [ 32.861398, 39.872111 ], [ 32.860574, 39.870731 ], [ 32.85989, 39.869591 ], [ 32.859272, 39.86831 ], [ 32.859062, 39.867866 ], [ 32.858784, 39.867072 ], [ 32.859163, 39.866805 ], [ 32.85957, 39.866547 ], [ 32.860086, 39.866218 ], [ 32.860242, 39.866126 ], [ 32.860779, 39.865723 ], [ 32.861578, 39.865192 ], [ 32.862295, 39.864676 ], [ 32.862883, 39.864283 ], [ 32.863005, 39.864199 ], [ 32.863064, 39.864158 ], [ 32.863121, 39.864032 ], [ 32.863143, 39.863876 ], [ 32.863172, 39.863746 ], [ 32.863219, 39.863651 ], [ 32.863331, 39.863488 ], [ 32.863399, 39.863438 ], [ 32.864837, 39.862542 ], [ 32.865889, 39.861783 ], [ 32.868845, 39.861554 ], [ 32.868733, 39.861687 ], [ 32.868696, 39.861804 ], [ 32.868702, 39.861899 ], [ 32.868742, 39.861987 ], [ 32.86968, 39.863162 ], [ 32.869916, 39.863546 ], [ 32.870426, 39.864407 ], [ 32.870589, 39.864608 ], [ 32.870775, 39.86477 ], [ 32.870877, 39.864827 ], [ 32.871337, 39.865018 ], [ 32.87216, 39.865266 ], [ 32.872737, 39.865518 ], [ 32.8729, 39.865547 ], [ 32.87316, 39.865579 ], [ 32.873323, 39.86563 ], [ 32.87336, 39.865723 ], [ 32.873304, 39.86583 ], [ 32.873054, 39.86606 ], [ 32.872704, 39.866339 ], [ 32.872498, 39.866453 ], [ 32.872246, 39.866543 ], [ 32.871716, 39.866592 ], [ 32.87106, 39.866599 ], [ 32.870394, 39.866562 ], [ 32.870008, 39.866519 ], [ 32.869292, 39.866342 ], [ 32.868971, 39.866267 ], [ 32.868878, 39.866274 ], [ 32.868799, 39.866309 ], [ 32.868817, 39.866474 ], [ 32.869357, 39.86712 ] ] ] } },
{ "type": "Feature", "properties": { "ID": 14102.0, "NAME": "Bağcılar", "POPULATION": 3716.0 }, "geometry": { "type": "Polygon", "coordinates": [ [ [ 32.880586, 39.902743 ], [ 32.880574, 39.902038 ], [ 32.880517, 39.901887 ], [ 32.880408, 39.901773 ], [ 32.880659, 39.901185 ], [ 32.880661, 39.901172 ], [ 32.880674, 39.901141 ], [ 32.880696, 39.901034 ], [ 32.880701, 39.900914 ], [ 32.880706, 39.900884 ], [ 32.880713, 39.900652 ], [ 32.880695, 39.900338 ], [ 32.88067, 39.900193 ], [ 32.880599, 39.900018 ], [ 32.880522, 39.899845 ], [ 32.880374, 39.899644 ], [ 32.880173, 39.899408 ], [ 32.879642, 39.898898 ], [ 32.878859, 39.898043 ], [ 32.879509, 39.897757 ], [ 32.879879, 39.897521 ], [ 32.880382, 39.896989 ], [ 32.880458, 39.896907 ], [ 32.880974, 39.896367 ], [ 32.881184, 39.896063 ], [ 32.881551, 39.895464 ], [ 32.881949, 39.89443 ], [ 32.882019, 39.89422 ], [ 32.88205, 39.894021 ], [ 32.882046, 39.893771 ], [ 32.881959, 39.893485 ], [ 32.881498, 39.892693 ], [ 32.881304, 39.892315 ], [ 32.881674, 39.892326 ], [ 32.881841, 39.892548 ], [ 32.88198, 39.892765 ], [ 32.882073, 39.892884 ], [ 32.882395, 39.893183 ], [ 32.882848, 39.893624 ], [ 32.88313, 39.893817 ], [ 32.883343, 39.893927 ], [ 32.883867, 39.89427 ], [ 32.884034, 39.894504 ], [ 32.884221, 39.894817 ], [ 32.88425, 39.894909 ], [ 32.884527, 39.895341 ], [ 32.884637, 39.89599 ], [ 32.884652, 39.896586 ], [ 32.884623, 39.896933 ], [ 32.884445, 39.897746 ], [ 32.884265, 39.898341 ], [ 32.884045, 39.899111 ], [ 32.88396, 39.899397 ], [ 32.883936, 39.899506 ], [ 32.883918, 39.899584 ], [ 32.884068, 39.900539 ], [ 32.884035, 39.900739 ], [ 32.884004, 39.90084 ], [ 32.883934, 39.90107 ], [ 32.883916, 39.901125 ], [ 32.883546, 39.901985 ], [ 32.883525, 39.902081 ], [ 32.883505, 39.902264 ], [ 32.883629, 39.902696 ], [ 32.883761, 39.903013 ], [ 32.884113, 39.903723 ], [ 32.884319, 39.904454 ], [ 32.883462, 39.904439 ], [ 32.883296, 39.904442 ], [ 32.882744, 39.904415 ], [ 32.882488, 39.904342 ], [ 32.882052, 39.904142 ], [ 32.881616, 39.903955 ], [ 32.880916, 39.90363 ], [ 32.880769, 39.903534 ], [ 32.880655, 39.903393 ], [ 32.880595, 39.903144 ], [ 32.880586, 39.902743 ] ] ] } },
{ "type": "Feature", "properties": { "ID": 14109.0, "NAME": "Boztepe", "POPULATION": 843.0 }, "geometry": { "type": "Polygon", "coordinates": [ [ [ 32.896462, 39.902584 ], [ 32.896024, 39.903114 ], [ 32.895834, 39.90323 ], [ 32.895642, 39.903393 ], [ 32.895541, 39.903582 ], [ 32.895279, 39.903644 ], [ 32.895068, 39.903936 ], [ 32.894806, 39.904228 ], [ 32.894037, 39.904765 ], [ 32.893281, 39.905193 ], [ 32.892901, 39.905323 ], [ 32.892682, 39.905446 ], [ 32.892301, 39.905867 ], [ 32.89228, 39.905955 ], [ 32.892015, 39.906219 ], [ 32.891805, 39.906389 ], [ 32.891535, 39.906586 ], [ 32.890926, 39.906991 ], [ 32.888199, 39.908885 ], [ 32.888159, 39.908891 ], [ 32.887945, 39.909092 ], [ 32.887645, 39.909336 ], [ 32.887604, 39.909318 ], [ 32.887578, 39.909321 ], [ 32.887549, 39.909348 ], [ 32.887521, 39.909371 ], [ 32.887479, 39.909395 ], [ 32.887217, 39.909589 ], [ 32.887211, 39.909601 ], [ 32.887209, 39.90962 ], [ 32.88722, 39.909636 ], [ 32.887131, 39.909725 ], [ 32.887032, 39.909772 ], [ 32.886996, 39.9098 ], [ 32.886968, 39.909836 ], [ 32.886722, 39.910056 ], [ 32.886421, 39.909741 ], [ 32.886132, 39.909407 ], [ 32.886028, 39.909311 ], [ 32.885958, 39.909249 ], [ 32.885924, 39.909226 ], [ 32.885918, 39.909217 ], [ 32.885892, 39.909195 ], [ 32.885797, 39.909103 ], [ 32.885703, 39.908974 ], [ 32.885469, 39.907654 ], [ 32.885259, 39.906992 ], [ 32.885204, 39.906813 ], [ 32.885043, 39.906408 ], [ 32.885001, 39.906323 ], [ 32.884846, 39.906007 ], [ 32.884755, 39.905802 ], [ 32.884751, 39.905792 ], [ 32.88475, 39.90579 ], [ 32.884483, 39.905103 ], [ 32.884432, 39.904919 ], [ 32.884363, 39.904634 ], [ 32.884843, 39.904555 ], [ 32.884886, 39.904529 ], [ 32.885126, 39.904449 ], [ 32.88529, 39.904428 ], [ 32.885448, 39.904489 ], [ 32.885451, 39.90449 ], [ 32.886049, 39.904722 ], [ 32.886173, 39.904754 ], [ 32.886268, 39.904769 ], [ 32.886466, 39.904774 ], [ 32.88696, 39.90475 ], [ 32.887667, 39.904473 ], [ 32.888017, 39.904375 ], [ 32.888139, 39.904318 ], [ 32.888245, 39.904244 ], [ 32.888319, 39.90416 ], [ 32.888454, 39.903883 ], [ 32.888515, 39.903824 ], [ 32.88857, 39.903804 ], [ 32.888631, 39.903807 ], [ 32.888679, 39.903842 ], [ 32.888791, 39.903965 ], [ 32.888952, 39.904069 ], [ 32.889138, 39.904122 ], [ 32.889372, 39.904114 ], [ 32.889783, 39.904013 ], [ 32.889873, 39.903976 ], [ 32.890008, 39.90389 ], [ 32.890204, 39.903639 ], [ 32.890263, 39.903611 ], [ 32.890369, 39.90362 ], [ 32.890632, 39.90373 ], [ 32.890791, 39.903761 ], [ 32.890779, 39.903615 ], [ 32.890785, 39.903447 ], [ 32.890809, 39.903315 ], [ 32.890839, 39.903219 ], [ 32.890952, 39.903055 ], [ 32.89246, 39.902943 ], [ 32.892846, 39.901868 ], [ 32.892617, 39.900729 ], [ 32.892984, 39.900744 ], [ 32.893143, 39.900803 ], [ 32.893208, 39.90088 ], [ 32.893303, 39.900876 ], [ 32.893451, 39.900931 ], [ 32.89361, 39.900985 ], [ 32.893805, 39.901027 ], [ 32.893947, 39.901036 ], [ 32.89442, 39.901082 ], [ 32.894442, 39.90136 ], [ 32.894698, 39.901624 ], [ 32.895149, 39.901979 ], [ 32.895276, 39.902044 ], [ 32.895508, 39.902214 ], [ 32.895759, 39.902379 ], [ 32.896128, 39.902424 ], [ 32.896462, 39.902584 ] ] ] } },
{ "type": "Feature", "properties": { "ID": 14101.0, "NAME": "Bademlidere", "POPULATION": 2568.0 }, "geometry": { "type": "Polygon", "coordinates": [ [ [ 32.88529, 39.904428 ], [ 32.885126, 39.904449 ], [ 32.884886, 39.904529 ], [ 32.884843, 39.904555 ], [ 32.884363, 39.904634 ], [ 32.884319, 39.904454 ], [ 32.884113, 39.903723 ], [ 32.883761, 39.903013 ], [ 32.883629, 39.902696 ], [ 32.883505, 39.902264 ], [ 32.883525, 39.902081 ], [ 32.883546, 39.901985 ], [ 32.883916, 39.901125 ], [ 32.883934, 39.90107 ], [ 32.884004, 39.90084 ], [ 32.884035, 39.900739 ], [ 32.884068, 39.900539 ], [ 32.883918, 39.899584 ], [ 32.883936, 39.899506 ], [ 32.88396, 39.899397 ], [ 32.884045, 39.899111 ], [ 32.884265, 39.898341 ], [ 32.884445, 39.897746 ], [ 32.884623, 39.896933 ], [ 32.884652, 39.896586 ], [ 32.884637, 39.89599 ], [ 32.884527, 39.895341 ], [ 32.885497, 39.895701 ], [ 32.885679, 39.895743 ], [ 32.886262, 39.895789 ], [ 32.886792, 39.895803 ], [ 32.888359, 39.89585 ], [ 32.890116, 39.895451 ], [ 32.890133, 39.8954 ], [ 32.890202, 39.895123 ], [ 32.890268, 39.894778 ], [ 32.890374, 39.894637 ], [ 32.890524, 39.894556 ], [ 32.890714, 39.894484 ], [ 32.890793, 39.894428 ], [ 32.890831, 39.894364 ], [ 32.890852, 39.894056 ], [ 32.890842, 39.893751 ], [ 32.890777, 39.893477 ], [ 32.890726, 39.893312 ], [ 32.890761, 39.892975 ], [ 32.890764, 39.892807 ], [ 32.890675, 39.892682 ], [ 32.890403, 39.892448 ], [ 32.890217, 39.892263 ], [ 32.890202, 39.892195 ], [ 32.890238, 39.892155 ], [ 32.890382, 39.892173 ], [ 32.890522, 39.892182 ], [ 32.890637, 39.892128 ], [ 32.890683, 39.892084 ], [ 32.890835, 39.891989 ], [ 32.89108, 39.891992 ], [ 32.891831, 39.892029 ], [ 32.892174, 39.892007 ], [ 32.892311, 39.891971 ], [ 32.89237, 39.891926 ], [ 32.89237, 39.891879 ], [ 32.892349, 39.891837 ], [ 32.892111, 39.8916 ], [ 32.892047, 39.89155 ], [ 32.891898, 39.89146 ], [ 32.891784, 39.891321 ], [ 32.891697, 39.89114 ], [ 32.891626, 39.890951 ], [ 32.891555, 39.890689 ], [ 32.891552, 39.890612 ], [ 32.892123, 39.890923 ], [ 32.892677, 39.890976 ], [ 32.892862, 39.891105 ], [ 32.893128, 39.89127 ], [ 32.893198, 39.891313 ], [ 32.893248, 39.891442 ], [ 32.893382, 39.891585 ], [ 32.893534, 39.891663 ], [ 32.893685, 39.891754 ], [ 32.894058, 39.892042 ], [ 32.894114, 39.892122 ], [ 32.894138, 39.892282 ], [ 32.894161, 39.892362 ], [ 32.894217, 39.892503 ], [ 32.894233, 39.89262 ], [ 32.894336, 39.892805 ], [ 32.894488, 39.893106 ], [ 32.894515, 39.89322 ], [ 32.894499, 39.893331 ], [ 32.894523, 39.893491 ], [ 32.894594, 39.893632 ], [ 32.894618, 39.8937 ], [ 32.894634, 39.893878 ], [ 32.894593, 39.894278 ], [ 32.894562, 39.894339 ], [ 32.894506, 39.894382 ], [ 32.894346, 39.894468 ], [ 32.894231, 39.894551 ], [ 32.894212, 39.894693 ], [ 32.894256, 39.894936 ], [ 32.894323, 39.895301 ], [ 32.894308, 39.895405 ], [ 32.89439, 39.895637 ], [ 32.894533, 39.895886 ], [ 32.89451, 39.896007 ], [ 32.894487, 39.896077 ], [ 32.894517, 39.896181 ], [ 32.89454, 39.896297 ], [ 32.8946, 39.896418 ], [ 32.894629, 39.896557 ], [ 32.894599, 39.896707 ], [ 32.894606, 39.896881 ], [ 32.894591, 39.897118 ], [ 32.894737, 39.89722 ], [ 32.894752, 39.897312 ], [ 32.894745, 39.897405 ], [ 32.894722, 39.897555 ], [ 32.894752, 39.8977 ], [ 32.894782, 39.897816 ], [ 32.894819, 39.89796 ], [ 32.894939, 39.898018 ], [ 32.895052, 39.898065 ], [ 32.895082, 39.898146 ], [ 32.895059, 39.898279 ], [ 32.895029, 39.898406 ], [ 32.895013, 39.898522 ], [ 32.895047, 39.898693 ], [ 32.895047, 39.898791 ], [ 32.895047, 39.89889 ], [ 32.895077, 39.898965 ], [ 32.895121, 39.899086 ], [ 32.895159, 39.899225 ], [ 32.895264, 39.89941 ], [ 32.895196, 39.899532 ], [ 32.895121, 39.899624 ], [ 32.895135, 39.899787 ], [ 32.89509, 39.899908 ], [ 32.895048, 39.900079 ], [ 32.894973, 39.900194 ], [ 32.894815, 39.900287 ], [ 32.894642, 39.900373 ], [ 32.894567, 39.900541 ], [ 32.894499, 39.900721 ], [ 32.894394, 39.900906 ], [ 32.89442, 39.901082 ], [ 32.893947, 39.901036 ], [ 32.893805, 39.901027 ], [ 32.89361, 39.900985 ], [ 32.893451, 39.900931 ], [ 32.893303, 39.900876 ], [ 32.893208, 39.90088 ], [ 32.893143, 39.900803 ], [ 32.892984, 39.900744 ], [ 32.892617, 39.900729 ], [ 32.892846, 39.901868 ], [ 32.89246, 39.902943 ], [ 32.890952, 39.903055 ], [ 32.890839, 39.903219 ], [ 32.890809, 39.903315 ], [ 32.890785, 39.903447 ], [ 32.890779, 39.903615 ], [ 32.890791, 39.903761 ], [ 32.890632, 39.90373 ], [ 32.890369, 39.90362 ], [ 32.890263, 39.903611 ], [ 32.890204, 39.903639 ], [ 32.890008, 39.90389 ], [ 32.889873, 39.903976 ], [ 32.889783, 39.904013 ], [ 32.889372, 39.904114 ], [ 32.889138, 39.904122 ], [ 32.888952, 39.904069 ], [ 32.888791, 39.903965 ], [ 32.888679, 39.903842 ], [ 32.888631, 39.903807 ], [ 32.88857, 39.903804 ], [ 32.888515, 39.903824 ], [ 32.888454, 39.903883 ], [ 32.888319, 39.90416 ], [ 32.888245, 39.904244 ], [ 32.888139, 39.904318 ], [ 32.888017, 39.904375 ], [ 32.887667, 39.904473 ], [ 32.88696, 39.90475 ], [ 32.886466, 39.904774 ], [ 32.886268, 39.904769 ], [ 32.886173, 39.904754 ], [ 32.886049, 39.904722 ], [ 32.885451, 39.90449 ], [ 32.885448, 39.904489 ], [ 32.88529, 39.904428 ] ] ] } },
{ "type": "Feature", "properties": { "ID": 14151.0, "NAME": "Kırkkonaklar", "POPULATION": 19146.0 }, "geometry": { "type": "Polygon", "coordinates": [ [ [ 32.880893, 39.891549 ], [ 32.880627, 39.891337 ], [ 32.880468, 39.891254 ], [ 32.880273, 39.89114 ], [ 32.879866, 39.890972 ], [ 32.879693, 39.890865 ], [ 32.879383, 39.890636 ], [ 32.879195, 39.890443 ], [ 32.87901, 39.890216 ], [ 32.878711, 39.889494 ], [ 32.878506, 39.8887 ], [ 32.878408, 39.888266 ], [ 32.878376, 39.887864 ], [ 32.878572, 39.887516 ], [ 32.879033, 39.886912 ], [ 32.879387, 39.886683 ], [ 32.879714, 39.886446 ], [ 32.880026, 39.886104 ], [ 32.880364, 39.885857 ], [ 32.880511, 39.885764 ], [ 32.880631, 39.885711 ], [ 32.880837, 39.885645 ], [ 32.881196, 39.885575 ], [ 32.881374, 39.885541 ], [ 32.881531, 39.885489 ], [ 32.881832, 39.885349 ], [ 32.882403, 39.885064 ], [ 32.882989, 39.884734 ], [ 32.883752, 39.884187 ], [ 32.884009, 39.884124 ], [ 32.884411, 39.883985 ], [ 32.884741, 39.883847 ], [ 32.885144, 39.883629 ], [ 32.885308, 39.883525 ], [ 32.885981, 39.883032 ], [ 32.886289, 39.882832 ], [ 32.886643, 39.882597 ], [ 32.886771, 39.882523 ], [ 32.886695, 39.882302 ], [ 32.886746, 39.88227 ], [ 32.887543, 39.881757 ], [ 32.887445, 39.881676 ], [ 32.887344, 39.881584 ], [ 32.888083, 39.88105 ], [ 32.888148, 39.881131 ], [ 32.888234, 39.881199 ], [ 32.888431, 39.881358 ], [ 32.888477, 39.881394 ], [ 32.889069, 39.881116 ], [ 32.889848, 39.880762 ], [ 32.890043, 39.880736 ], [ 32.890634, 39.880736 ], [ 32.891222, 39.880757 ], [ 32.891406, 39.880819 ], [ 32.891497, 39.880917 ], [ 32.891567, 39.881048 ], [ 32.89157, 39.881059 ], [ 32.891573, 39.881058 ], [ 32.891579, 39.881109 ], [ 32.89147, 39.881428 ], [ 32.891327, 39.881583 ], [ 32.891936, 39.881915 ], [ 32.892917, 39.882251 ], [ 32.893324, 39.882649 ], [ 32.893372, 39.883035 ], [ 32.892225, 39.883438 ], [ 32.892056, 39.883537 ], [ 32.891974, 39.883618 ], [ 32.892065, 39.883798 ], [ 32.892046, 39.883933 ], [ 32.891958, 39.884167 ], [ 32.891931, 39.88423 ], [ 32.891862, 39.884257 ], [ 32.892097, 39.884244 ], [ 32.892371, 39.884289 ], [ 32.892625, 39.884316 ], [ 32.892859, 39.884339 ], [ 32.892931, 39.884384 ], [ 32.89298, 39.884434 ], [ 32.893063, 39.884614 ], [ 32.893117, 39.884722 ], [ 32.893247, 39.884835 ], [ 32.893278, 39.884878 ], [ 32.893299, 39.884938 ], [ 32.893321, 39.884999 ], [ 32.893364, 39.885042 ], [ 32.893485, 39.885069 ], [ 32.893635, 39.88506 ], [ 32.89379, 39.885011 ], [ 32.894012, 39.884993 ], [ 32.894291, 39.885025 ], [ 32.894588, 39.885088 ], [ 32.894934, 39.88512 ], [ 32.895186, 39.885156 ], [ 32.89529, 39.885201 ], [ 32.895397, 39.885269 ], [ 32.895494, 39.885305 ], [ 32.89567, 39.885328 ], [ 32.895793, 39.88536 ], [ 32.89597, 39.885477 ], [ 32.896076, 39.88556 ], [ 32.896144, 39.885567 ], [ 32.896243, 39.885557 ], [ 32.896426, 39.885533 ], [ 32.896534, 39.885538 ], [ 32.896616, 39.885561 ], [ 32.896713, 39.88561 ], [ 32.896787, 39.885693 ], [ 32.896834, 39.885743 ], [ 32.898708, 39.885021 ], [ 32.900989, 39.887897 ], [ 32.900667, 39.888134 ], [ 32.894058, 39.892042 ], [ 32.893685, 39.891754 ], [ 32.893534, 39.891663 ], [ 32.893382, 39.891585 ], [ 32.893248, 39.891442 ], [ 32.893198, 39.891313 ], [ 32.893128, 39.89127 ], [ 32.892862, 39.891105 ], [ 32.892677, 39.890976 ], [ 32.892123, 39.890923 ], [ 32.891552, 39.890612 ], [ 32.891555, 39.890689 ], [ 32.891626, 39.890951 ], [ 32.891697, 39.89114 ], [ 32.891784, 39.891321 ], [ 32.891898, 39.89146 ], [ 32.892047, 39.89155 ], [ 32.892111, 39.8916 ], [ 32.892349, 39.891837 ], [ 32.89237, 39.891879 ], [ 32.89237, 39.891926 ], [ 32.892311, 39.891971 ], [ 32.892174, 39.892007 ], [ 32.891831, 39.892029 ], [ 32.89108, 39.891992 ], [ 32.890835, 39.891989 ], [ 32.890683, 39.892084 ], [ 32.890637, 39.892128 ], [ 32.890522, 39.892182 ], [ 32.890382, 39.892173 ], [ 32.890238, 39.892155 ], [ 32.890202, 39.892195 ], [ 32.890217, 39.892263 ], [ 32.890403, 39.892448 ], [ 32.890675, 39.892682 ], [ 32.890764, 39.892807 ], [ 32.890761, 39.892975 ], [ 32.890726, 39.893312 ], [ 32.890777, 39.893477 ], [ 32.890842, 39.893751 ], [ 32.890852, 39.894056 ], [ 32.890831, 39.894364 ], [ 32.890793, 39.894428 ], [ 32.890714, 39.894484 ], [ 32.890524, 39.894556 ], [ 32.890374, 39.894637 ], [ 32.890268, 39.894778 ], [ 32.890202, 39.895123 ], [ 32.890133, 39.8954 ], [ 32.890116, 39.895451 ], [ 32.888359, 39.89585 ], [ 32.886792, 39.895803 ], [ 32.886262, 39.895789 ], [ 32.885679, 39.895743 ], [ 32.885497, 39.895701 ], [ 32.884527, 39.895341 ], [ 32.88425, 39.894909 ], [ 32.884221, 39.894817 ], [ 32.884034, 39.894504 ], [ 32.883867, 39.89427 ], [ 32.883343, 39.893927 ], [ 32.88313, 39.893817 ], [ 32.882848, 39.893624 ], [ 32.882395, 39.893183 ], [ 32.882073, 39.892884 ], [ 32.88198, 39.892765 ], [ 32.881841, 39.892548 ], [ 32.881674, 39.892326 ], [ 32.88154, 39.892197 ], [ 32.881353, 39.892049 ], [ 32.881252, 39.891973 ], [ 32.881197, 39.891932 ], [ 32.880893, 39.891549 ] ] ] } },
{ "type": "Feature", "properties": { "ID": 14125.0, "NAME": "Erzurum", "POPULATION": 2702.0 }, "geometry": { "type": "Polygon", "coordinates": [ [ [ 32.877306, 39.934181 ], [ 32.875961, 39.934568 ], [ 32.873253, 39.934385 ], [ 32.873037, 39.934352 ], [ 32.872033, 39.934074 ], [ 32.872064, 39.93403 ], [ 32.872116, 39.933904 ], [ 32.872156, 39.933848 ], [ 32.872328, 39.933607 ], [ 32.872353, 39.933422 ], [ 32.871352, 39.932728 ], [ 32.870678, 39.931962 ], [ 32.870464, 39.931704 ], [ 32.869894, 39.931054 ], [ 32.869842, 39.930994 ], [ 32.869339, 39.930325 ], [ 32.869183, 39.930146 ], [ 32.868943, 39.929955 ], [ 32.868644, 39.929744 ], [ 32.868307, 39.929557 ], [ 32.867753, 39.929307 ], [ 32.867541, 39.929186 ], [ 32.867448, 39.929081 ], [ 32.867405, 39.929 ], [ 32.867382, 39.928824 ], [ 32.867851, 39.928832 ], [ 32.868526, 39.928862 ], [ 32.868916, 39.92888 ], [ 32.869357, 39.928928 ], [ 32.869731, 39.929001 ], [ 32.870037, 39.929079 ], [ 32.870389, 39.929187 ], [ 32.870829, 39.929355 ], [ 32.871078, 39.929469 ], [ 32.871557, 39.929761 ], [ 32.871831, 39.929957 ], [ 32.87215, 39.930227 ], [ 32.872434, 39.930489 ], [ 32.87309, 39.931132 ], [ 32.873681, 39.931728 ], [ 32.87397, 39.932005 ], [ 32.8741, 39.932129 ], [ 32.874289, 39.932294 ], [ 32.874641, 39.932547 ], [ 32.874831, 39.932671 ], [ 32.875054, 39.932792 ], [ 32.87591, 39.933259 ], [ 32.877029, 39.933931 ], [ 32.877265, 39.93406 ], [ 32.877432, 39.934096 ], [ 32.877306, 39.934181 ] ] ] } },
{ "type": "Feature", "properties": { "ID": 14111.0, "NAME": "Çamlıtepe", "POPULATION": 6038.0 }, "geometry": { "type": "Polygon", "coordinates": [ [ [ 32.876388, 39.92616 ], [ 32.876369, 39.9263 ], [ 32.873616, 39.925955 ], [ 32.873459, 39.925952 ], [ 32.873256, 39.925991 ], [ 32.87277, 39.926547 ], [ 32.872509, 39.926867 ], [ 32.872268, 39.927151 ], [ 32.871787, 39.927735 ], [ 32.871283, 39.928341 ], [ 32.870909, 39.928977 ], [ 32.870912, 39.929029 ], [ 32.871101, 39.929366 ], [ 32.871078, 39.929469 ], [ 32.870829, 39.929355 ], [ 32.870389, 39.929187 ], [ 32.870037, 39.929079 ], [ 32.869731, 39.929001 ], [ 32.869357, 39.928928 ], [ 32.868916, 39.92888 ], [ 32.868526, 39.928862 ], [ 32.867851, 39.928832 ], [ 32.867382, 39.928824 ], [ 32.867324, 39.928019 ], [ 32.86742, 39.927803 ], [ 32.86747, 39.927546 ], [ 32.867779, 39.926704 ], [ 32.868111, 39.925701 ], [ 32.868168, 39.925434 ], [ 32.868313, 39.925129 ], [ 32.868523, 39.924843 ], [ 32.86919, 39.924137 ], [ 32.869952, 39.923412 ], [ 32.86994, 39.923393 ], [ 32.871251, 39.924441 ], [ 32.87157, 39.924682 ], [ 32.871927, 39.92414 ], [ 32.87201, 39.924021 ], [ 32.872663, 39.923626 ], [ 32.873338, 39.923127 ], [ 32.873891, 39.922878 ], [ 32.875169, 39.924614 ], [ 32.875443, 39.924995 ], [ 32.87636, 39.92608 ], [ 32.876388, 39.92616 ] ] ] } },
{ "type": "Feature", "properties": { "ID": 14130.0, "NAME": "Fidanlık", "POPULATION": 1395.0 }, "geometry": { "type": "Polygon", "coordinates": [ [ [ 32.857029, 39.923843 ], [ 32.857754, 39.922565 ], [ 32.857971, 39.92207 ], [ 32.858249, 39.92149 ], [ 32.858279, 39.921432 ], [ 32.858831, 39.921522 ], [ 32.85922, 39.921663 ], [ 32.860946, 39.923049 ], [ 32.862115, 39.923937 ], [ 32.862375, 39.924174 ], [ 32.863316, 39.924834 ], [ 32.866069, 39.926844 ], [ 32.86679, 39.927352 ], [ 32.867028, 39.92756 ], [ 32.867324, 39.928019 ], [ 32.866838, 39.928153 ], [ 32.866295, 39.928228 ], [ 32.863393, 39.928408 ], [ 32.863371, 39.9284 ], [ 32.86337, 39.92836 ], [ 32.863049, 39.927925 ], [ 32.860514, 39.926196 ], [ 32.861272, 39.925362 ], [ 32.861181, 39.925325 ], [ 32.860844, 39.92517 ], [ 32.860598, 39.92505 ], [ 32.859868, 39.925748 ], [ 32.859459, 39.925438 ], [ 32.859024, 39.925083 ], [ 32.858414, 39.924652 ], [ 32.857708, 39.924213 ], [ 32.857029, 39.923843 ] ] ] } },
{ "type": "Feature", "properties": { "ID": 14175.0, "NAME": "Ön Cebeci", "POPULATION": 4117.0 }, "geometry": { "type": "Polygon", "coordinates": [ [ [ 32.86919, 39.924137 ], [ 32.868523, 39.924843 ], [ 32.868313, 39.925129 ], [ 32.868168, 39.925434 ], [ 32.868111, 39.925701 ], [ 32.867779, 39.926704 ], [ 32.86747, 39.927546 ], [ 32.86742, 39.927803 ], [ 32.867324, 39.928019 ], [ 32.867028, 39.92756 ], [ 32.86679, 39.927352 ], [ 32.866069, 39.926844 ], [ 32.863316, 39.924834 ], [ 32.862375, 39.924174 ], [ 32.863434, 39.923025 ], [ 32.863558, 39.922854 ], [ 32.863591, 39.9227 ], [ 32.863591, 39.922644 ], [ 32.863601, 39.922507 ], [ 32.863584, 39.922321 ], [ 32.863584, 39.922075 ], [ 32.863672, 39.921836 ], [ 32.863863, 39.921586 ], [ 32.864138, 39.921345 ], [ 32.864243, 39.921403 ], [ 32.864993, 39.921815 ], [ 32.865892, 39.922155 ], [ 32.866701, 39.922487 ], [ 32.867127, 39.922774 ], [ 32.867426, 39.922994 ], [ 32.867859, 39.923277 ], [ 32.868385, 39.923666 ], [ 32.86919, 39.924137 ] ] ] } },
{ "type": "Feature", "properties": { "ID": 14181.0, "NAME": "Sağlık", "POPULATION": 601.0 }, "geometry": { "type": "Polygon", "coordinates": [ [ [ 32.854879, 39.928948 ], [ 32.8549, 39.928869 ], [ 32.855173, 39.927381 ], [ 32.855218, 39.926886 ], [ 32.855175, 39.926605 ], [ 32.855242, 39.926585 ], [ 32.855328, 39.926508 ], [ 32.855655, 39.926218 ], [ 32.856297, 39.925062 ], [ 32.857029, 39.923843 ], [ 32.857708, 39.924213 ], [ 32.858414, 39.924652 ], [ 32.859024, 39.925083 ], [ 32.859459, 39.925438 ], [ 32.859868, 39.925748 ], [ 32.860598, 39.92505 ], [ 32.860844, 39.92517 ], [ 32.861181, 39.925325 ], [ 32.861272, 39.925362 ], [ 32.860514, 39.926196 ], [ 32.863049, 39.927925 ], [ 32.86337, 39.92836 ], [ 32.863371, 39.9284 ], [ 32.863393, 39.928408 ], [ 32.863373, 39.928457 ], [ 32.863393, 39.928713 ], [ 32.86266, 39.928741 ], [ 32.862107, 39.928804 ], [ 32.860609, 39.929027 ], [ 32.859921, 39.929261 ], [ 32.859791, 39.92926 ], [ 32.85959, 39.929257 ], [ 32.859328, 39.929232 ], [ 32.859026, 39.929194 ], [ 32.858354, 39.929177 ], [ 32.8576, 39.929117 ], [ 32.855857, 39.92913 ], [ 32.855052, 39.92905 ], [ 32.854948, 39.929017 ], [ 32.854879, 39.928948 ] ] ] } },
{ "type": "Feature", "properties": { "ID": 14139.0, "NAME": "İleri", "POPULATION": 3906.0 }, "geometry": { "type": "Polygon", "coordinates": [ [ [ 32.867127, 39.922774 ], [ 32.866701, 39.922487 ], [ 32.867059, 39.921585 ], [ 32.86723, 39.921221 ], [ 32.867491, 39.920814 ], [ 32.867819, 39.920349 ], [ 32.868057, 39.920117 ], [ 32.868334, 39.919942 ], [ 32.869144, 39.919564 ], [ 32.869681, 39.919352 ], [ 32.869838, 39.919305 ], [ 32.870021, 39.919286 ], [ 32.870208, 39.919283 ], [ 32.870413, 39.919303 ], [ 32.870619, 39.919346 ], [ 32.870946, 39.91945 ], [ 32.871293, 39.919625 ], [ 32.871556, 39.919767 ], [ 32.871596, 39.920408 ], [ 32.871563, 39.920954 ], [ 32.871534, 39.92107 ], [ 32.871486, 39.921147 ], [ 32.871396, 39.921253 ], [ 32.871295, 39.921369 ], [ 32.870515, 39.922022 ], [ 32.870896, 39.922332 ], [ 32.870268, 39.923025 ], [ 32.86994, 39.923393 ], [ 32.869952, 39.923412 ], [ 32.86919, 39.924137 ], [ 32.868385, 39.923666 ], [ 32.867859, 39.923277 ], [ 32.867426, 39.922994 ], [ 32.867127, 39.922774 ] ] ] } },
{ "type": "Feature", "properties": { "ID": 14156.0, "NAME": "Korkutreis", "POPULATION": 1251.0 }, "geometry": { "type": "Polygon", "coordinates": [ [ [ 32.853923, 39.928729 ], [ 32.853849, 39.92864 ], [ 32.853708, 39.928548 ], [ 32.853467, 39.928449 ], [ 32.853475, 39.928418 ], [ 32.853253, 39.928369 ], [ 32.852327, 39.928116 ], [ 32.851603, 39.927912 ], [ 32.851137, 39.92775 ], [ 32.850598, 39.927538 ], [ 32.850102, 39.927329 ], [ 32.849706, 39.927163 ], [ 32.849419, 39.927014 ], [ 32.848999, 39.926787 ], [ 32.848801, 39.926673 ], [ 32.848639, 39.926561 ], [ 32.848395, 39.926354 ], [ 32.848136, 39.926105 ], [ 32.847851, 39.925866 ], [ 32.84764, 39.925723 ], [ 32.847782, 39.92542 ], [ 32.847902, 39.925174 ], [ 32.848369, 39.924438 ], [ 32.848584, 39.92418 ], [ 32.848799, 39.923954 ], [ 32.849169, 39.923641 ], [ 32.84921, 39.923667 ], [ 32.850397, 39.924203 ], [ 32.851861, 39.924907 ], [ 32.852406, 39.92516 ], [ 32.852785, 39.925326 ], [ 32.853446, 39.925621 ], [ 32.853898, 39.9258 ], [ 32.854502, 39.926161 ], [ 32.854774, 39.926379 ], [ 32.855011, 39.92654 ], [ 32.855116, 39.926597 ], [ 32.855175, 39.926605 ], [ 32.855218, 39.926886 ], [ 32.855173, 39.927381 ], [ 32.8549, 39.928869 ], [ 32.854879, 39.928948 ], [ 32.854619, 39.929009 ], [ 32.854433, 39.929045 ], [ 32.854315, 39.929027 ], [ 32.854245, 39.929011 ], [ 32.854045, 39.928988 ], [ 32.854033, 39.92891 ], [ 32.853923, 39.928729 ] ] ] } },
{ "type": "Feature", "properties": { "ID": 14127.0, "NAME": "Eti", "POPULATION": 2333.0 }, "geometry": { "type": "Polygon", "coordinates": [ [ [ 32.854082, 39.929217 ], [ 32.853196, 39.929272 ], [ 32.852699, 39.929292 ], [ 32.851695, 39.929381 ], [ 32.850605, 39.929778 ], [ 32.849374, 39.930652 ], [ 32.848655, 39.931308 ], [ 32.847683, 39.932223 ], [ 32.847067, 39.932959 ], [ 32.846446, 39.933592 ], [ 32.845767, 39.934305 ], [ 32.844881, 39.934834 ], [ 32.844041, 39.93526 ], [ 32.841867, 39.936439 ], [ 32.840216, 39.937406 ], [ 32.839595, 39.937768 ], [ 32.838738, 39.93684 ], [ 32.837799, 39.935813 ], [ 32.837575, 39.935495 ], [ 32.837357, 39.93505 ], [ 32.837714, 39.934971 ], [ 32.837969, 39.934872 ], [ 32.838344, 39.934679 ], [ 32.839407, 39.934066 ], [ 32.840048, 39.933751 ], [ 32.84129, 39.933137 ], [ 32.842181, 39.932688 ], [ 32.84246, 39.932544 ], [ 32.842903, 39.93226 ], [ 32.84358, 39.931769 ], [ 32.844523, 39.930933 ], [ 32.844759, 39.930701 ], [ 32.845283, 39.930173 ], [ 32.84573, 39.929569 ], [ 32.845879, 39.929312 ], [ 32.846103, 39.928912 ], [ 32.846227, 39.928651 ], [ 32.846599, 39.927855 ], [ 32.846953, 39.927156 ], [ 32.847276, 39.926504 ], [ 32.84764, 39.925723 ], [ 32.847851, 39.925866 ], [ 32.848136, 39.926105 ], [ 32.848395, 39.926354 ], [ 32.848639, 39.926561 ], [ 32.848801, 39.926673 ], [ 32.848999, 39.926787 ], [ 32.849419, 39.927014 ], [ 32.849706, 39.927163 ], [ 32.850102, 39.927329 ], [ 32.850598, 39.927538 ], [ 32.851137, 39.92775 ], [ 32.851603, 39.927912 ], [ 32.852327, 39.928116 ], [ 32.853253, 39.928369 ], [ 32.853475, 39.928418 ], [ 32.853467, 39.928449 ], [ 32.853708, 39.928548 ], [ 32.853849, 39.92864 ], [ 32.853923, 39.928729 ], [ 32.854033, 39.92891 ], [ 32.854045, 39.928988 ], [ 32.854082, 39.929217 ] ] ] } },
{ "type": "Feature", "properties": { "ID": 14118.0, "NAME": "Cumhuriyet", "POPULATION": 295.0 }, "geometry": { "type": "Polygon", "coordinates": [ [ [ 32.85598, 39.920978 ], [ 32.858279, 39.921432 ], [ 32.858249, 39.92149 ], [ 32.857971, 39.92207 ], [ 32.857754, 39.922565 ], [ 32.857029, 39.923843 ], [ 32.856297, 39.925062 ], [ 32.855655, 39.926218 ], [ 32.855328, 39.926508 ], [ 32.855242, 39.926585 ], [ 32.855175, 39.926605 ], [ 32.85517, 39.926264 ], [ 32.854838, 39.925021 ], [ 32.854436, 39.923466 ], [ 32.854166, 39.922431 ], [ 32.854099, 39.920763 ], [ 32.854817, 39.92078 ], [ 32.855908, 39.920964 ], [ 32.85598, 39.920978 ] ] ] } },
{ "type": "Feature", "properties": { "ID": 14152.0, "NAME": "Kızılay", "POPULATION": 1533.0 }, "geometry": { "type": "Polygon", "coordinates": [ [ [ 32.855175, 39.926605 ], [ 32.855116, 39.926597 ], [ 32.855011, 39.92654 ], [ 32.854774, 39.926379 ], [ 32.854502, 39.926161 ], [ 32.853898, 39.9258 ], [ 32.853446, 39.925621 ], [ 32.852785, 39.925326 ], [ 32.852406, 39.92516 ], [ 32.851861, 39.924907 ], [ 32.850397, 39.924203 ], [ 32.84921, 39.923667 ], [ 32.849169, 39.923641 ], [ 32.849127, 39.92362 ], [ 32.848917, 39.923435 ], [ 32.848376, 39.922958 ], [ 32.847962, 39.922569 ], [ 32.847181, 39.921579 ], [ 32.848057, 39.921181 ], [ 32.848885, 39.920753 ], [ 32.849001, 39.920723 ], [ 32.849689, 39.92039 ], [ 32.850267, 39.920115 ], [ 32.850415, 39.920041 ], [ 32.851078, 39.919726 ], [ 32.851351, 39.91962 ], [ 32.852283, 39.919292 ], [ 32.85292, 39.920389 ], [ 32.853056, 39.920631 ], [ 32.853193, 39.920857 ], [ 32.853234, 39.92091 ], [ 32.853872, 39.920793 ], [ 32.853974, 39.920777 ], [ 32.854099, 39.920763 ], [ 32.854166, 39.922431 ], [ 32.854436, 39.923466 ], [ 32.854838, 39.925021 ], [ 32.85517, 39.926264 ], [ 32.855175, 39.926605 ] ] ] } },
{ "type": "Feature", "properties": { "ID": 14091.0, "NAME": "Anıttepe", "POPULATION": 4688.0 }, "geometry": { "type": "Polygon", "coordinates": [ [ [ 32.844759, 39.930701 ], [ 32.844523, 39.930933 ], [ 32.84358, 39.931769 ], [ 32.842903, 39.93226 ], [ 32.84246, 39.932544 ], [ 32.842181, 39.932688 ], [ 32.84129, 39.933137 ], [ 32.840048, 39.933751 ], [ 32.839407, 39.934066 ], [ 32.838344, 39.934679 ], [ 32.837969, 39.934872 ], [ 32.837714, 39.934971 ], [ 32.837357, 39.93505 ], [ 32.837379, 39.934794 ], [ 32.837499, 39.934103 ], [ 32.837553, 39.933816 ], [ 32.837575, 39.93277 ], [ 32.837552, 39.932343 ], [ 32.83752, 39.932092 ], [ 32.837388, 39.931689 ], [ 32.837546, 39.931484 ], [ 32.838923, 39.930236 ], [ 32.839432, 39.92969 ], [ 32.839648, 39.929421 ], [ 32.839999, 39.928947 ], [ 32.840402, 39.928344 ], [ 32.840493, 39.928198 ], [ 32.840731, 39.927711 ], [ 32.84191, 39.928108 ], [ 32.842133, 39.928173 ], [ 32.842285, 39.928223 ], [ 32.842272, 39.928315 ], [ 32.842166, 39.928436 ], [ 32.842126, 39.92872 ], [ 32.843839, 39.93016 ], [ 32.844759, 39.930701 ] ] ] } },
{ "type": "Feature", "properties": { "ID": 14160.0, "NAME": "Maltepe", "POPULATION": 8988.0 }, "geometry": { "type": "Polygon", "coordinates": [ [ [ 32.840731, 39.927711 ], [ 32.841106, 39.92671 ], [ 32.841566, 39.925684 ], [ 32.841734, 39.925239 ], [ 32.841909, 39.924831 ], [ 32.841934, 39.924762 ], [ 32.841957, 39.924715 ], [ 32.842387, 39.923704 ], [ 32.842606, 39.92329 ], [ 32.842928, 39.922793 ], [ 32.843156, 39.922478 ], [ 32.84359, 39.921938 ], [ 32.844085, 39.921387 ], [ 32.844649, 39.920784 ], [ 32.845533, 39.919828 ], [ 32.846126, 39.9194 ], [ 32.84626, 39.919811 ], [ 32.846406, 39.920226 ], [ 32.846858, 39.921054 ], [ 32.847181, 39.921579 ], [ 32.847962, 39.922569 ], [ 32.848376, 39.922958 ], [ 32.848917, 39.923435 ], [ 32.849127, 39.92362 ], [ 32.849169, 39.923641 ], [ 32.848799, 39.923954 ], [ 32.848584, 39.92418 ], [ 32.848369, 39.924438 ], [ 32.847902, 39.925174 ], [ 32.847782, 39.92542 ], [ 32.84764, 39.925723 ], [ 32.847276, 39.926504 ], [ 32.846953, 39.927156 ], [ 32.846599, 39.927855 ], [ 32.846227, 39.928651 ], [ 32.846103, 39.928912 ], [ 32.845879, 39.929312 ], [ 32.84573, 39.929569 ], [ 32.845283, 39.930173 ], [ 32.844759, 39.930701 ], [ 32.843839, 39.93016 ], [ 32.842126, 39.92872 ], [ 32.842166, 39.928436 ], [ 32.842272, 39.928315 ], [ 32.842285, 39.928223 ], [ 32.842133, 39.928173 ], [ 32.84191, 39.928108 ], [ 32.840731, 39.927711 ] ] ] } },
{ "type": "Feature", "properties": { "ID": 14161.0, "NAME": "Mebusevleri", "POPULATION": 4312.0 }, "geometry": { "type": "Polygon", "coordinates": [ [ [ 32.829204, 39.93283 ], [ 32.829539, 39.932383 ], [ 32.830867, 39.929252 ], [ 32.831574, 39.92752 ], [ 32.832305, 39.925955 ], [ 32.832567, 39.925311 ], [ 32.8333, 39.923884 ], [ 32.833759, 39.923227 ], [ 32.835248, 39.921686 ], [ 32.835619, 39.921312 ], [ 32.837333, 39.922162 ], [ 32.837693, 39.922333 ], [ 32.838339, 39.922685 ], [ 32.838802, 39.922992 ], [ 32.839294, 39.923428 ], [ 32.840215, 39.92425 ], [ 32.840426, 39.924412 ], [ 32.840653, 39.924482 ], [ 32.841934, 39.924762 ], [ 32.841909, 39.924831 ], [ 32.841734, 39.925239 ], [ 32.841566, 39.925684 ], [ 32.841106, 39.92671 ], [ 32.840731, 39.927711 ], [ 32.840493, 39.928198 ], [ 32.840402, 39.928344 ], [ 32.839999, 39.928947 ], [ 32.839648, 39.929421 ], [ 32.839432, 39.92969 ], [ 32.838923, 39.930236 ], [ 32.837546, 39.931484 ], [ 32.837388, 39.931689 ], [ 32.83752, 39.932092 ], [ 32.837552, 39.932343 ], [ 32.837575, 39.93277 ], [ 32.837553, 39.933816 ], [ 32.837499, 39.934103 ], [ 32.837379, 39.934794 ], [ 32.837357, 39.93505 ], [ 32.836825, 39.935084 ], [ 32.836521, 39.935026 ], [ 32.835288, 39.934683 ], [ 32.832741, 39.933896 ], [ 32.829869, 39.933026 ], [ 32.829204, 39.93283 ] ] ] } },
{ "type": "Feature", "properties": { "ID": 14197.0, "NAME": "Yücetepe", "POPULATION": 4864.0 }, "geometry": { "type": "Polygon", "coordinates": [ [ [ 32.845401, 39.916826 ], [ 32.845798, 39.918243 ], [ 32.845887, 39.918584 ], [ 32.84604, 39.919138 ], [ 32.846126, 39.9194 ], [ 32.845533, 39.919828 ], [ 32.844649, 39.920784 ], [ 32.844085, 39.921387 ], [ 32.84359, 39.921938 ], [ 32.843156, 39.922478 ], [ 32.842928, 39.922793 ], [ 32.842606, 39.92329 ], [ 32.842387, 39.923704 ], [ 32.841957, 39.924715 ], [ 32.841934, 39.924762 ], [ 32.840653, 39.924482 ], [ 32.840426, 39.924412 ], [ 32.840215, 39.92425 ], [ 32.839294, 39.923428 ], [ 32.838802, 39.922992 ], [ 32.838339, 39.922685 ], [ 32.837693, 39.922333 ], [ 32.837333, 39.922162 ], [ 32.835619, 39.921312 ], [ 32.836189, 39.92071 ], [ 32.836711, 39.920015 ], [ 32.837073, 39.919449 ], [ 32.837338, 39.91906 ], [ 32.837561, 39.918745 ], [ 32.837693, 39.918563 ], [ 32.837933, 39.918177 ], [ 32.837971, 39.918209 ], [ 32.838275, 39.918431 ], [ 32.838414, 39.918365 ], [ 32.838661, 39.918278 ], [ 32.839833, 39.918109 ], [ 32.840683, 39.918 ], [ 32.84073, 39.917998 ], [ 32.840743, 39.917591 ], [ 32.840792, 39.917586 ], [ 32.840869, 39.91758 ], [ 32.841878, 39.917451 ], [ 32.84404, 39.917069 ], [ 32.845341, 39.916839 ], [ 32.845401, 39.916826 ] ] ] } },
{ "type": "Feature", "properties": { "ID": 14103.0, "NAME": "Bahçelievler", "POPULATION": 10565.0 }, "geometry": { "type": "Polygon", "coordinates": [ [ [ 32.822738, 39.924634 ], [ 32.823509, 39.924618 ], [ 32.824284, 39.924639 ], [ 32.824808, 39.924657 ], [ 32.825299, 39.924688 ], [ 32.825646, 39.924701 ], [ 32.826099, 39.924746 ], [ 32.826378, 39.924771 ], [ 32.826834, 39.924831 ], [ 32.82766, 39.924921 ], [ 32.828286, 39.925036 ], [ 32.829201, 39.925208 ], [ 32.830113, 39.925432 ], [ 32.831194, 39.925723 ], [ 32.832305, 39.925955 ], [ 32.831574, 39.92752 ], [ 32.830867, 39.929252 ], [ 32.829539, 39.932383 ], [ 32.829204, 39.93283 ], [ 32.828328, 39.932551 ], [ 32.828054, 39.932497 ], [ 32.827792, 39.932493 ], [ 32.827581, 39.932524 ], [ 32.826252, 39.932692 ], [ 32.824955, 39.932837 ], [ 32.824363, 39.932846 ], [ 32.823643, 39.932821 ], [ 32.823262, 39.932754 ], [ 32.822818, 39.93265 ], [ 32.822847, 39.932604 ], [ 32.822896, 39.932446 ], [ 32.822978, 39.931697 ], [ 32.823037, 39.930983 ], [ 32.823052, 39.930711 ], [ 32.82308, 39.929617 ], [ 32.823044, 39.928753 ], [ 32.823033, 39.928045 ], [ 32.82295, 39.926106 ], [ 32.822919, 39.925877 ], [ 32.822738, 39.924634 ] ] ] } },
{ "type": "Feature", "properties": { "ID": 14198.0, "NAME": "Yukarı Bahçelievler", "POPULATION": 15726.0 }, "geometry": { "type": "Polygon", "coordinates": [ [ [ 32.822499, 39.923041 ], [ 32.82239, 39.922443 ], [ 32.822423, 39.922241 ], [ 32.822573, 39.92183 ], [ 32.822848, 39.921269 ], [ 32.823216, 39.92053 ], [ 32.823713, 39.919477 ], [ 32.824427, 39.918009 ], [ 32.824549, 39.917785 ], [ 32.824633, 39.917338 ], [ 32.825799, 39.917248 ], [ 32.826773, 39.917125 ], [ 32.827677, 39.917041 ], [ 32.828267, 39.9171 ], [ 32.828645, 39.916259 ], [ 32.828809, 39.915938 ], [ 32.82883, 39.91583 ], [ 32.829119, 39.915871 ], [ 32.830938, 39.916058 ], [ 32.831802, 39.916103 ], [ 32.834469, 39.916179 ], [ 32.83662, 39.916124 ], [ 32.838532, 39.916012 ], [ 32.83847, 39.916347 ], [ 32.838241, 39.917255 ], [ 32.838106, 39.917733 ], [ 32.837933, 39.918177 ], [ 32.837693, 39.918563 ], [ 32.837561, 39.918745 ], [ 32.837338, 39.91906 ], [ 32.837073, 39.919449 ], [ 32.836711, 39.920015 ], [ 32.836189, 39.92071 ], [ 32.835619, 39.921312 ], [ 32.835248, 39.921686 ], [ 32.833759, 39.923227 ], [ 32.8333, 39.923884 ], [ 32.832567, 39.925311 ], [ 32.832305, 39.925955 ], [ 32.831194, 39.925723 ], [ 32.830113, 39.925432 ], [ 32.829201, 39.925208 ], [ 32.828286, 39.925036 ], [ 32.82766, 39.924921 ], [ 32.826834, 39.924831 ], [ 32.826378, 39.924771 ], [ 32.826099, 39.924746 ], [ 32.825646, 39.924701 ], [ 32.825299, 39.924688 ], [ 32.824808, 39.924657 ], [ 32.824284, 39.924639 ], [ 32.823509, 39.924618 ], [ 32.822738, 39.924634 ], [ 32.822688, 39.924259 ], [ 32.822499, 39.923041 ] ] ] } },
{ "type": "Feature", "properties": { "ID": 14123.0, "NAME": "Emek", "POPULATION": 22420.0 }, "geometry": { "type": "Polygon", "coordinates": [ [ [ 32.82883, 39.91583 ], [ 32.828809, 39.915938 ], [ 32.828645, 39.916259 ], [ 32.828267, 39.9171 ], [ 32.827677, 39.917041 ], [ 32.826773, 39.917125 ], [ 32.825799, 39.917248 ], [ 32.824633, 39.917338 ], [ 32.824549, 39.917785 ], [ 32.824427, 39.918009 ], [ 32.823713, 39.919477 ], [ 32.823216, 39.92053 ], [ 32.822848, 39.921269 ], [ 32.822573, 39.92183 ], [ 32.822423, 39.922241 ], [ 32.82239, 39.922443 ], [ 32.822499, 39.923041 ], [ 32.822688, 39.924259 ], [ 32.822738, 39.924634 ], [ 32.822919, 39.925877 ], [ 32.82295, 39.926106 ], [ 32.823033, 39.928045 ], [ 32.823044, 39.928753 ], [ 32.82308, 39.929617 ], [ 32.823052, 39.930711 ], [ 32.823037, 39.930983 ], [ 32.822978, 39.931697 ], [ 32.822896, 39.932446 ], [ 32.822847, 39.932604 ], [ 32.822818, 39.93265 ], [ 32.821046, 39.932028 ], [ 32.819975, 39.931617 ], [ 32.819446, 39.93145 ], [ 32.818807, 39.930621 ], [ 32.81636, 39.927358 ], [ 32.815674, 39.926246 ], [ 32.814947, 39.924709 ], [ 32.814744, 39.924203 ], [ 32.814396, 39.923019 ], [ 32.814126, 39.921975 ], [ 32.813851, 39.919859 ], [ 32.813851, 39.918577 ], [ 32.81406, 39.916354 ], [ 32.814474, 39.912707 ], [ 32.824402, 39.91503 ], [ 32.828443, 39.915779 ], [ 32.82883, 39.91583 ] ] ] } },
{ "type": "Feature", "properties": { "ID": 15213.0, "NAME": "Koru", "POPULATION": 14010.0 }, "geometry": { "type": "Polygon", "coordinates": [ [ [ 32.689813, 39.88952 ], [ 32.689824, 39.893409 ], [ 32.68999, 39.893607 ], [ 32.690659, 39.893608 ], [ 32.690685, 39.893928 ], [ 32.690706, 39.894025 ], [ 32.69097, 39.895322 ], [ 32.691012, 39.895448 ], [ 32.691276, 39.896085 ], [ 32.691737, 39.897165 ], [ 32.692018, 39.898171 ], [ 32.691917, 39.900724 ], [ 32.691875, 39.901636 ], [ 32.691833, 39.902343 ], [ 32.691833, 39.902632 ], [ 32.679273, 39.894992 ], [ 32.672689, 39.890997 ], [ 32.66948, 39.888966 ], [ 32.667311, 39.887461 ], [ 32.665576, 39.886234 ], [ 32.667168, 39.884974 ], [ 32.667767, 39.884526 ], [ 32.667914, 39.884338 ], [ 32.668098, 39.883804 ], [ 32.66827, 39.883258 ], [ 32.66835, 39.88309 ], [ 32.668407, 39.882981 ], [ 32.668576, 39.882858 ], [ 32.671496, 39.881901 ], [ 32.675293, 39.880673 ], [ 32.6756, 39.880489 ], [ 32.676903, 39.878851 ], [ 32.677231, 39.87856 ], [ 32.684348, 39.881608 ], [ 32.688884, 39.883543 ], [ 32.689961, 39.884004 ], [ 32.692787, 39.885132 ], [ 32.692723, 39.885215 ], [ 32.690809, 39.885612 ], [ 32.69042, 39.885744 ], [ 32.689814, 39.8869 ], [ 32.690011, 39.887526 ], [ 32.690688, 39.887923 ], [ 32.690003, 39.888602 ], [ 32.689637, 39.888879 ], [ 32.689276, 39.889145 ], [ 32.689408, 39.889254 ], [ 32.689629, 39.889401 ], [ 32.689813, 39.88952 ] ] ] } },
{ "type": "Feature", "properties": { "ID": 15228.0, "NAME": "Ümit", "POPULATION": 14019.0 }, "geometry": { "type": "Polygon", "coordinates": [ [ [ 32.711186, 39.905686 ], [ 32.708154, 39.905556 ], [ 32.701585, 39.905286 ], [ 32.698854, 39.905202 ], [ 32.69801, 39.905115 ], [ 32.696761, 39.904904 ], [ 32.69575, 39.904642 ], [ 32.694415, 39.904144 ], [ 32.693468, 39.90368 ], [ 32.691833, 39.902632 ], [ 32.691833, 39.902343 ], [ 32.691875, 39.901636 ], [ 32.691917, 39.900724 ], [ 32.692018, 39.898171 ], [ 32.691737, 39.897165 ], [ 32.691276, 39.896085 ], [ 32.691012, 39.895448 ], [ 32.69097, 39.895322 ], [ 32.690706, 39.894025 ], [ 32.690685, 39.893928 ], [ 32.690659, 39.893608 ], [ 32.695036, 39.891114 ], [ 32.696131, 39.891211 ], [ 32.6967, 39.8907 ], [ 32.697066, 39.890351 ], [ 32.697215, 39.890177 ], [ 32.697414, 39.890021 ], [ 32.697758, 39.889248 ], [ 32.698012, 39.888878 ], [ 32.698557, 39.888586 ], [ 32.698827, 39.888535 ], [ 32.69891, 39.888381 ], [ 32.699049, 39.88824 ], [ 32.698858, 39.887992 ], [ 32.698837, 39.88784 ], [ 32.69901, 39.887602 ], [ 32.699295, 39.887532 ], [ 32.699675, 39.887618 ], [ 32.700137, 39.88814 ], [ 32.700272, 39.888366 ], [ 32.701096, 39.887835 ], [ 32.701334, 39.88813 ], [ 32.701503, 39.888512 ], [ 32.701653, 39.889965 ], [ 32.701745, 39.890698 ], [ 32.70182, 39.891199 ], [ 32.701929, 39.89172 ], [ 32.70203, 39.892048 ], [ 32.702624, 39.893455 ], [ 32.702968, 39.894245 ], [ 32.703255, 39.894796 ], [ 32.704275, 39.896405 ], [ 32.706093, 39.899033 ], [ 32.706773, 39.899908 ], [ 32.707668, 39.901129 ], [ 32.708924, 39.902549 ], [ 32.710185, 39.903944 ], [ 32.710516, 39.904298 ], [ 32.711019, 39.904882 ], [ 32.711178, 39.905307 ], [ 32.711186, 39.905686 ] ] ] } },
{ "type": "Feature", "properties": { "ID": 14114.0, "NAME": "Cebeci", "POPULATION": 4375.0 }, "geometry": { "type": "Polygon", "coordinates": [ [ [ 32.885459, 39.931311 ], [ 32.885374, 39.931491 ], [ 32.885148, 39.93174 ], [ 32.884911, 39.931905 ], [ 32.884463, 39.932089 ], [ 32.881982, 39.932902 ], [ 32.880409, 39.933419 ], [ 32.879748, 39.933565 ], [ 32.878276, 39.933946 ], [ 32.877573, 39.934104 ], [ 32.877432, 39.934096 ], [ 32.877265, 39.93406 ], [ 32.877029, 39.933931 ], [ 32.87591, 39.933259 ], [ 32.875054, 39.932792 ], [ 32.874831, 39.932671 ], [ 32.874641, 39.932547 ], [ 32.87477, 39.932462 ], [ 32.874908, 39.932359 ], [ 32.875053, 39.932284 ], [ 32.875396, 39.932038 ], [ 32.876062, 39.931549 ], [ 32.876134, 39.93148 ], [ 32.876552, 39.931146 ], [ 32.876603, 39.931105 ], [ 32.876868, 39.93089 ], [ 32.877509, 39.930354 ], [ 32.877802, 39.929992 ], [ 32.877895, 39.929871 ], [ 32.87816, 39.929898 ], [ 32.87829, 39.929927 ], [ 32.878768, 39.930256 ], [ 32.87942, 39.929786 ], [ 32.880004, 39.929488 ], [ 32.880742, 39.929102 ], [ 32.880807, 39.929068 ], [ 32.881266, 39.929446 ], [ 32.88169, 39.929683 ], [ 32.882319, 39.930082 ], [ 32.882447, 39.930143 ], [ 32.882725, 39.930261 ], [ 32.882904, 39.930043 ], [ 32.883009, 39.929916 ], [ 32.883387, 39.929671 ], [ 32.883482, 39.929613 ], [ 32.883663, 39.92948 ], [ 32.883777, 39.929418 ], [ 32.883811, 39.929406 ], [ 32.884302, 39.930042 ], [ 32.885211, 39.930956 ], [ 32.885459, 39.931311 ] ] ] } },
{ "type": "Feature", "properties": { "ID": 14124.0, "NAME": "Ertuğrulgazi", "POPULATION": 6181.0 }, "geometry": { "type": "Polygon", "coordinates": [ [ [ 32.883811, 39.929406 ], [ 32.883777, 39.929418 ], [ 32.883663, 39.92948 ], [ 32.883482, 39.929613 ], [ 32.883387, 39.929671 ], [ 32.883009, 39.929916 ], [ 32.882904, 39.930043 ], [ 32.882725, 39.930261 ], [ 32.882447, 39.930143 ], [ 32.882319, 39.930082 ], [ 32.88169, 39.929683 ], [ 32.881266, 39.929446 ], [ 32.880807, 39.929068 ], [ 32.880742, 39.929102 ], [ 32.880004, 39.929488 ], [ 32.87942, 39.929786 ], [ 32.878768, 39.930256 ], [ 32.87829, 39.929927 ], [ 32.87816, 39.929898 ], [ 32.877895, 39.929871 ], [ 32.877802, 39.929992 ], [ 32.877692, 39.929917 ], [ 32.877674, 39.929724 ], [ 32.877678, 39.929366 ], [ 32.877678, 39.929321 ], [ 32.877813, 39.929028 ], [ 32.877922, 39.928738 ], [ 32.877983, 39.928604 ], [ 32.878105, 39.928326 ], [ 32.878201, 39.928162 ], [ 32.878195, 39.92811 ], [ 32.877977, 39.927853 ], [ 32.877951, 39.927771 ], [ 32.877953, 39.927612 ], [ 32.877177, 39.927238 ], [ 32.876052, 39.926677 ], [ 32.876369, 39.9263 ], [ 32.877775, 39.926491 ], [ 32.87852, 39.926139 ], [ 32.878652, 39.926093 ], [ 32.878887, 39.926071 ], [ 32.879032, 39.92603 ], [ 32.879212, 39.925894 ], [ 32.879575, 39.925498 ], [ 32.879696, 39.925362 ], [ 32.879829, 39.925188 ], [ 32.879932, 39.924989 ], [ 32.879949, 39.924817 ], [ 32.88014, 39.924815 ], [ 32.880204, 39.924776 ], [ 32.880443, 39.924774 ], [ 32.880432, 39.9247 ], [ 32.880408, 39.924333 ], [ 32.880313, 39.924192 ], [ 32.88061, 39.924105 ], [ 32.880911, 39.924043 ], [ 32.881084, 39.924038 ], [ 32.881277, 39.924053 ], [ 32.881471, 39.924089 ], [ 32.881688, 39.924163 ], [ 32.881995, 39.924321 ], [ 32.882121, 39.92443 ], [ 32.882452, 39.924747 ], [ 32.882516, 39.924826 ], [ 32.882634, 39.925066 ], [ 32.88256, 39.925158 ], [ 32.882557, 39.925373 ], [ 32.882623, 39.925594 ], [ 32.882811, 39.925985 ], [ 32.883013, 39.926415 ], [ 32.883012, 39.926718 ], [ 32.883012, 39.9271 ], [ 32.882933, 39.927801 ], [ 32.882936, 39.927973 ], [ 32.882968, 39.928137 ], [ 32.883039, 39.92828 ], [ 32.8833, 39.928663 ], [ 32.883811, 39.929406 ] ] ] } },
{ "type": "Feature", "properties": { "ID": 14129.0, "NAME": "Fakülteler", "POPULATION": 5365.0 }, "geometry": { "type": "Polygon", "coordinates": [ [ [ 32.874641, 39.932547 ], [ 32.874289, 39.932294 ], [ 32.8741, 39.932129 ], [ 32.87397, 39.932005 ], [ 32.873681, 39.931728 ], [ 32.87309, 39.931132 ], [ 32.872434, 39.930489 ], [ 32.87215, 39.930227 ], [ 32.871831, 39.929957 ], [ 32.871557, 39.929761 ], [ 32.871078, 39.929469 ], [ 32.871101, 39.929366 ], [ 32.870912, 39.929029 ], [ 32.870909, 39.928977 ], [ 32.871283, 39.928341 ], [ 32.871787, 39.927735 ], [ 32.872268, 39.927151 ], [ 32.872509, 39.926867 ], [ 32.87277, 39.926547 ], [ 32.873256, 39.925991 ], [ 32.873459, 39.925952 ], [ 32.873616, 39.925955 ], [ 32.876369, 39.9263 ], [ 32.876052, 39.926677 ], [ 32.877177, 39.927238 ], [ 32.877953, 39.927612 ], [ 32.877951, 39.927771 ], [ 32.877977, 39.927853 ], [ 32.878195, 39.92811 ], [ 32.878201, 39.928162 ], [ 32.878105, 39.928326 ], [ 32.877983, 39.928604 ], [ 32.877922, 39.928738 ], [ 32.877813, 39.929028 ], [ 32.877678, 39.929321 ], [ 32.877678, 39.929366 ], [ 32.877674, 39.929724 ], [ 32.877692, 39.929917 ], [ 32.877802, 39.929992 ], [ 32.877509, 39.930354 ], [ 32.876868, 39.93089 ], [ 32.876603, 39.931105 ], [ 32.876552, 39.931146 ], [ 32.876134, 39.93148 ], [ 32.876062, 39.931549 ], [ 32.875396, 39.932038 ], [ 32.875053, 39.932284 ], [ 32.874908, 39.932359 ], [ 32.87477, 39.932462 ], [ 32.874641, 39.932547 ] ] ] } },
{ "type": "Feature", "properties": { "ID": 14087.0, "NAME": "50. Yıl", "POPULATION": 415.0 }, "geometry": { "type": "Polygon", "coordinates": [ [ [ 32.885515, 39.923485 ], [ 32.883955, 39.924248 ], [ 32.883285, 39.924591 ], [ 32.883047, 39.924755 ], [ 32.882895, 39.924853 ], [ 32.882634, 39.925066 ], [ 32.882516, 39.924826 ], [ 32.882452, 39.924747 ], [ 32.882121, 39.92443 ], [ 32.881995, 39.924321 ], [ 32.881688, 39.924163 ], [ 32.881471, 39.924089 ], [ 32.881277, 39.924053 ], [ 32.881084, 39.924038 ], [ 32.880911, 39.924043 ], [ 32.88061, 39.924105 ], [ 32.880313, 39.924192 ], [ 32.880408, 39.924333 ], [ 32.880432, 39.9247 ], [ 32.880443, 39.924774 ], [ 32.880204, 39.924776 ], [ 32.88014, 39.924815 ], [ 32.879949, 39.924817 ], [ 32.879932, 39.924989 ], [ 32.879829, 39.925188 ], [ 32.879696, 39.925362 ], [ 32.879575, 39.925498 ], [ 32.879212, 39.925894 ], [ 32.879032, 39.92603 ], [ 32.878887, 39.926071 ], [ 32.878652, 39.926093 ], [ 32.87852, 39.926139 ], [ 32.877775, 39.926491 ], [ 32.876369, 39.9263 ], [ 32.876388, 39.92616 ], [ 32.87636, 39.92608 ], [ 32.875443, 39.924995 ], [ 32.875169, 39.924614 ], [ 32.873891, 39.922878 ], [ 32.873842, 39.922787 ], [ 32.873816, 39.922685 ], [ 32.873816, 39.92259 ], [ 32.873859, 39.922511 ], [ 32.873571, 39.922133 ], [ 32.873771, 39.921927 ], [ 32.874292, 39.921604 ], [ 32.874588, 39.921417 ], [ 32.87488, 39.921211 ], [ 32.874959, 39.921189 ], [ 32.874951, 39.921147 ], [ 32.875489, 39.920865 ], [ 32.875605, 39.921001 ], [ 32.875642, 39.920985 ], [ 32.875748, 39.92091 ], [ 32.875843, 39.920973 ], [ 32.875903, 39.920941 ], [ 32.875948, 39.920908 ], [ 32.875955, 39.920877 ], [ 32.876032, 39.920825 ], [ 32.876077, 39.920804 ], [ 32.87636, 39.921181 ], [ 32.876641, 39.921415 ], [ 32.877081, 39.922051 ], [ 32.877551, 39.921828 ], [ 32.877727, 39.921868 ], [ 32.878394, 39.92216 ], [ 32.878936, 39.922092 ], [ 32.879177, 39.921954 ], [ 32.879273, 39.921922 ], [ 32.879402, 39.921914 ], [ 32.880091, 39.92195 ], [ 32.880285, 39.921915 ], [ 32.880471, 39.921911 ], [ 32.880681, 39.921882 ], [ 32.882586, 39.921432 ], [ 32.882791, 39.921405 ], [ 32.883087, 39.921383 ], [ 32.883411, 39.921395 ], [ 32.883646, 39.921394 ], [ 32.883827, 39.921362 ], [ 32.883952, 39.921416 ], [ 32.884054, 39.921481 ], [ 32.884265, 39.921661 ], [ 32.88448, 39.921946 ], [ 32.884731, 39.922232 ], [ 32.885074, 39.922808 ], [ 32.885153, 39.922888 ], [ 32.885419, 39.922894 ], [ 32.885506, 39.923262 ], [ 32.885515, 39.923485 ] ] ] } },
{ "type": "Feature", "properties": { "ID": 14120.0, "NAME": "Dilekler", "POPULATION": 292.0 }, "geometry": { "type": "Polygon", "coordinates": [ [ [ 32.880285, 39.921915 ], [ 32.880091, 39.92195 ], [ 32.879402, 39.921914 ], [ 32.879273, 39.921922 ], [ 32.879177, 39.921954 ], [ 32.878936, 39.922092 ], [ 32.878394, 39.92216 ], [ 32.877727, 39.921868 ], [ 32.877551, 39.921828 ], [ 32.877081, 39.922051 ], [ 32.876641, 39.921415 ], [ 32.87636, 39.921181 ], [ 32.876077, 39.920804 ], [ 32.876032, 39.920825 ], [ 32.875955, 39.920877 ], [ 32.875948, 39.920908 ], [ 32.875903, 39.920941 ], [ 32.875843, 39.920973 ], [ 32.875748, 39.92091 ], [ 32.875642, 39.920985 ], [ 32.875605, 39.921001 ], [ 32.875489, 39.920865 ], [ 32.874951, 39.921147 ], [ 32.874959, 39.921189 ], [ 32.87488, 39.921211 ], [ 32.874588, 39.921417 ], [ 32.874292, 39.921604 ], [ 32.873771, 39.921927 ], [ 32.873571, 39.922133 ], [ 32.873104, 39.921522 ], [ 32.872629, 39.921188 ], [ 32.872808, 39.921046 ], [ 32.872895, 39.920934 ], [ 32.872974, 39.920809 ], [ 32.873068, 39.920526 ], [ 32.873125, 39.920178 ], [ 32.873167, 39.919938 ], [ 32.873195, 39.919877 ], [ 32.873419, 39.919576 ], [ 32.873795, 39.919334 ], [ 32.874142, 39.919189 ], [ 32.874645, 39.919115 ], [ 32.875846, 39.919345 ], [ 32.875971, 39.919345 ], [ 32.876167, 39.919328 ], [ 32.87638, 39.919766 ], [ 32.876678, 39.920204 ], [ 32.877008, 39.920541 ], [ 32.878102, 39.921035 ], [ 32.878914, 39.921466 ], [ 32.879351, 39.921578 ], [ 32.879778, 39.921675 ], [ 32.879951, 39.921732 ], [ 32.880285, 39.921915 ] ] ] } },
{ "type": "Feature", "properties": { "ID": 14190.0, "NAME": "Topraklık", "POPULATION": 1643.0 }, "geometry": { "type": "Polygon", "coordinates": [ [ [ 32.86994, 39.923393 ], [ 32.870268, 39.923025 ], [ 32.870896, 39.922332 ], [ 32.871175, 39.921996 ], [ 32.871319, 39.921872 ], [ 32.871496, 39.921729 ], [ 32.871628, 39.921652 ], [ 32.871779, 39.92157 ], [ 32.872629, 39.921188 ], [ 32.873104, 39.921522 ], [ 32.873571, 39.922133 ], [ 32.873859, 39.922511 ], [ 32.873816, 39.92259 ], [ 32.873816, 39.922685 ], [ 32.873842, 39.922787 ], [ 32.873891, 39.922878 ], [ 32.873338, 39.923127 ], [ 32.872663, 39.923626 ], [ 32.87201, 39.924021 ], [ 32.871927, 39.92414 ], [ 32.87157, 39.924682 ], [ 32.871251, 39.924441 ], [ 32.86994, 39.923393 ] ] ] } },
{ "type": "Feature", "properties": { "ID": 14195.0, "NAME": "Yeşilkent", "POPULATION": 568.0 }, "geometry": { "type": "Polygon", "coordinates": [ [ [ 32.869357, 39.86712 ], [ 32.868817, 39.866474 ], [ 32.868799, 39.866309 ], [ 32.868878, 39.866274 ], [ 32.868971, 39.866267 ], [ 32.869292, 39.866342 ], [ 32.870008, 39.866519 ], [ 32.870394, 39.866562 ], [ 32.87106, 39.866599 ], [ 32.871716, 39.866592 ], [ 32.872246, 39.866543 ], [ 32.872498, 39.866453 ], [ 32.872704, 39.866339 ], [ 32.873054, 39.86606 ], [ 32.873304, 39.86583 ], [ 32.87336, 39.865723 ], [ 32.873323, 39.86563 ], [ 32.87316, 39.865579 ], [ 32.8729, 39.865547 ], [ 32.872737, 39.865518 ], [ 32.87216, 39.865266 ], [ 32.871337, 39.865018 ], [ 32.870877, 39.864827 ], [ 32.870775, 39.86477 ], [ 32.870589, 39.864608 ], [ 32.870426, 39.864407 ], [ 32.869916, 39.863546 ], [ 32.86968, 39.863162 ], [ 32.868742, 39.861987 ], [ 32.868702, 39.861899 ], [ 32.868696, 39.861804 ], [ 32.868733, 39.861687 ], [ 32.868845, 39.861554 ], [ 32.86909, 39.861385 ], [ 32.869805, 39.861088 ], [ 32.870192, 39.860905 ], [ 32.870596, 39.860652 ], [ 32.870829, 39.860501 ], [ 32.871272, 39.860129 ], [ 32.871752, 39.859703 ], [ 32.872162, 39.859319 ], [ 32.872771, 39.858819 ], [ 32.872856, 39.858768 ], [ 32.873056, 39.858747 ], [ 32.87395, 39.858769 ], [ 32.873983, 39.858461 ], [ 32.873877, 39.857776 ], [ 32.873873, 39.85765 ], [ 32.873924, 39.857446 ], [ 32.874139, 39.857127 ], [ 32.874391, 39.856697 ], [ 32.874536, 39.856299 ], [ 32.874625, 39.855891 ], [ 32.874616, 39.855579 ], [ 32.874505, 39.85532 ], [ 32.874301, 39.855087 ], [ 32.874073, 39.854875 ], [ 32.873827, 39.854728 ], [ 32.873478, 39.854599 ], [ 32.872655, 39.854383 ], [ 32.871581, 39.854206 ], [ 32.87086, 39.854029 ], [ 32.87013, 39.853792 ], [ 32.869628, 39.853562 ], [ 32.869479, 39.853461 ], [ 32.869335, 39.853296 ], [ 32.86928, 39.853077 ], [ 32.869258, 39.852443 ], [ 32.869152, 39.852048 ], [ 32.868888, 39.851331 ], [ 32.868856, 39.851176 ], [ 32.868851, 39.85104 ], [ 32.869285, 39.850402 ], [ 32.869891, 39.84965 ], [ 32.869985, 39.849507 ], [ 32.870106, 39.849234 ], [ 32.870251, 39.848772 ], [ 32.870283, 39.848225 ], [ 32.870289, 39.847862 ], [ 32.869987, 39.847729 ], [ 32.869554, 39.847644 ], [ 32.869328, 39.847588 ], [ 32.869069, 39.847473 ], [ 32.868938, 39.847424 ], [ 32.868227, 39.84732 ], [ 32.86652, 39.846267 ], [ 32.865722, 39.845936 ], [ 32.865116, 39.845654 ], [ 32.862564, 39.844282 ], [ 32.86226, 39.844025 ], [ 32.861718, 39.843731 ], [ 32.860888, 39.843462 ], [ 32.860777, 39.843327 ], [ 32.860521, 39.842507 ], [ 32.860266, 39.842335 ], [ 32.859165, 39.841735 ], [ 32.858511, 39.84111 ], [ 32.858448, 39.840963 ], [ 32.858479, 39.840828 ], [ 32.858687, 39.840534 ], [ 32.858735, 39.84035 ], [ 32.858735, 39.840081 ], [ 32.858655, 39.839873 ], [ 32.858432, 39.839554 ], [ 32.85816, 39.839211 ], [ 32.858128, 39.838979 ], [ 32.858176, 39.83866 ], [ 32.858192, 39.837999 ], [ 32.858336, 39.837399 ], [ 32.858288, 39.836835 ], [ 32.858312, 39.836535 ], [ 32.862483, 39.837031 ], [ 32.873687, 39.838347 ], [ 32.876859, 39.843294 ], [ 32.877949, 39.844606 ], [ 32.878133, 39.844658 ], [ 32.879808, 39.843525 ], [ 32.884936, 39.838005 ], [ 32.889108, 39.839497 ], [ 32.891757, 39.838197 ], [ 32.895876, 39.83846 ], [ 32.894905, 39.840949 ], [ 32.894089, 39.843395 ], [ 32.893547, 39.845789 ], [ 32.893353, 39.847871 ], [ 32.893285, 39.848571 ], [ 32.893316, 39.850009 ], [ 32.893494, 39.851236 ], [ 32.893761, 39.852261 ], [ 32.894712, 39.853959 ], [ 32.896768, 39.856987 ], [ 32.896949, 39.857262 ], [ 32.897686, 39.858987 ], [ 32.897787, 39.859341 ], [ 32.897987, 39.860391 ], [ 32.898009, 39.860676 ], [ 32.898025, 39.864668 ], [ 32.897922, 39.866392 ], [ 32.898019, 39.868924 ], [ 32.898052, 39.869131 ], [ 32.898421, 39.870492 ], [ 32.899562, 39.872247 ], [ 32.907426, 39.875459 ], [ 32.899083, 39.881323 ], [ 32.904604, 39.885203 ], [ 32.904618, 39.885966 ], [ 32.904913, 39.886312 ], [ 32.905136, 39.886616 ], [ 32.905265, 39.887025 ], [ 32.900989, 39.887897 ], [ 32.898708, 39.885021 ], [ 32.896834, 39.885743 ], [ 32.896787, 39.885693 ], [ 32.896713, 39.88561 ], [ 32.896616, 39.885561 ], [ 32.896534, 39.885538 ], [ 32.896426, 39.885533 ], [ 32.896243, 39.885557 ], [ 32.896144, 39.885567 ], [ 32.896076, 39.88556 ], [ 32.89597, 39.885477 ], [ 32.895793, 39.88536 ], [ 32.89567, 39.885328 ], [ 32.895494, 39.885305 ], [ 32.895397, 39.885269 ], [ 32.89529, 39.885201 ], [ 32.895186, 39.885156 ], [ 32.894934, 39.88512 ], [ 32.894588, 39.885088 ], [ 32.894291, 39.885025 ], [ 32.894012, 39.884993 ], [ 32.89379, 39.885011 ], [ 32.893635, 39.88506 ], [ 32.893485, 39.885069 ], [ 32.893364, 39.885042 ], [ 32.893321, 39.884999 ], [ 32.893299, 39.884938 ], [ 32.893278, 39.884878 ], [ 32.893247, 39.884835 ], [ 32.893117, 39.884722 ], [ 32.893063, 39.884614 ], [ 32.89298, 39.884434 ], [ 32.892931, 39.884384 ], [ 32.892859, 39.884339 ], [ 32.892625, 39.884316 ], [ 32.892371, 39.884289 ], [ 32.892097, 39.884244 ], [ 32.891862, 39.884257 ], [ 32.891931, 39.88423 ], [ 32.891958, 39.884167 ], [ 32.892046, 39.883933 ], [ 32.892065, 39.883798 ], [ 32.891974, 39.883618 ], [ 32.892056, 39.883537 ], [ 32.892225, 39.883438 ], [ 32.893372, 39.883035 ], [ 32.893324, 39.882649 ], [ 32.892917, 39.882251 ], [ 32.891936, 39.881915 ], [ 32.892223, 39.881523 ], [ 32.892191, 39.880691 ], [ 32.892181, 39.880309 ], [ 32.891053, 39.87769 ], [ 32.891109, 39.877602 ], [ 32.891191, 39.877364 ], [ 32.891313, 39.877107 ], [ 32.891411, 39.876934 ], [ 32.891522, 39.876737 ], [ 32.891636, 39.876546 ], [ 32.89173, 39.876361 ], [ 32.891787, 39.876288 ], [ 32.891841, 39.876299 ], [ 32.892032, 39.87593 ], [ 32.89117, 39.875061 ], [ 32.887342, 39.876481 ], [ 32.883768, 39.872919 ], [ 32.879078, 39.873458 ], [ 32.877706, 39.872356 ], [ 32.878089, 39.871683 ], [ 32.877355, 39.871022 ], [ 32.875728, 39.870533 ], [ 32.873386, 39.867891 ], [ 32.87274, 39.866801 ], [ 32.869774, 39.866881 ], [ 32.869357, 39.86712 ] ] ] } },
{ "type": "Feature", "properties": { "ID": 14147.0, "NAME": "Karataş", "POPULATION": 682.0 }, "geometry": { "type": "Polygon", "coordinates": [ [ [ 32.940768, 39.796873 ], [ 32.939696, 39.797593 ], [ 32.938891, 39.797696 ], [ 32.938891, 39.799652 ], [ 32.939293, 39.801093 ], [ 32.936612, 39.802431 ], [ 32.937149, 39.803975 ], [ 32.935406, 39.806446 ], [ 32.936478, 39.80696 ], [ 32.937953, 39.810048 ], [ 32.9342, 39.811695 ], [ 32.93487, 39.814989 ], [ 32.925084, 39.817872 ], [ 32.923878, 39.817975 ], [ 32.923208, 39.818489 ], [ 32.923208, 39.819313 ], [ 32.923208, 39.81993 ], [ 32.920661, 39.82168 ], [ 32.919856, 39.82343 ], [ 32.920661, 39.824974 ], [ 32.920527, 39.826415 ], [ 32.919722, 39.829195 ], [ 32.917443, 39.829607 ], [ 32.917041, 39.831048 ], [ 32.917175, 39.831768 ], [ 32.913606, 39.836458 ], [ 32.907268, 39.83829 ], [ 32.900325, 39.838587 ], [ 32.895876, 39.83846 ], [ 32.891757, 39.838197 ], [ 32.889108, 39.839497 ], [ 32.884936, 39.838005 ], [ 32.879808, 39.843525 ], [ 32.878133, 39.844658 ], [ 32.877949, 39.844606 ], [ 32.876859, 39.843294 ], [ 32.873687, 39.838347 ], [ 32.872569, 39.835911 ], [ 32.870981, 39.833904 ], [ 32.869762, 39.83302 ], [ 32.868262, 39.832187 ], [ 32.866476, 39.831574 ], [ 32.864721, 39.83128 ], [ 32.863477, 39.830888 ], [ 32.862012, 39.830268 ], [ 32.859146, 39.829328 ], [ 32.856223, 39.827417 ], [ 32.853831, 39.826833 ], [ 32.85256, 39.826566 ], [ 32.852806, 39.826327 ], [ 32.855255, 39.824108 ], [ 32.855732, 39.823478 ], [ 32.856293, 39.82282 ], [ 32.856963, 39.822145 ], [ 32.857763, 39.821503 ], [ 32.858677, 39.820882 ], [ 32.859582, 39.820205 ], [ 32.861375, 39.82188 ], [ 32.864524, 39.820338 ], [ 32.865476, 39.819613 ], [ 32.869871, 39.815814 ], [ 32.869835, 39.815652 ], [ 32.872949, 39.812847 ], [ 32.879506, 39.809126 ], [ 32.884579, 39.810001 ], [ 32.888251, 39.805656 ], [ 32.893895, 39.801639 ], [ 32.896854, 39.801968 ], [ 32.90447, 39.797735 ], [ 32.903345, 39.796538 ], [ 32.905462, 39.793822 ], [ 32.912651, 39.792524 ], [ 32.916032, 39.793178 ], [ 32.919418, 39.789485 ], [ 32.923082, 39.789487 ], [ 32.924913, 39.790358 ], [ 32.928014, 39.789599 ], [ 32.932725, 39.793373 ], [ 32.9342, 39.793064 ], [ 32.934334, 39.793682 ], [ 32.937819, 39.794711 ], [ 32.939428, 39.796461 ], [ 32.940768, 39.796873 ] ] ] } },
{ "type": "Feature", "properties": { "ID": 14094.0, "NAME": "Aşağı İmrahor", "POPULATION": 136.0 }, "geometry": { "type": "Polygon", "coordinates": [ [ [ 32.895264, 39.89941 ], [ 32.895159, 39.899225 ], [ 32.895121, 39.899086 ], [ 32.895077, 39.898965 ], [ 32.895047, 39.89889 ], [ 32.895047, 39.898791 ], [ 32.895047, 39.898693 ], [ 32.895013, 39.898522 ], [ 32.895029, 39.898406 ], [ 32.895059, 39.898279 ], [ 32.895082, 39.898146 ], [ 32.895052, 39.898065 ], [ 32.894939, 39.898018 ], [ 32.894819, 39.89796 ], [ 32.894782, 39.897816 ], [ 32.894752, 39.8977 ], [ 32.894722, 39.897555 ], [ 32.894745, 39.897405 ], [ 32.894752, 39.897312 ], [ 32.894737, 39.89722 ], [ 32.894591, 39.897118 ], [ 32.894606, 39.896881 ], [ 32.894599, 39.896707 ], [ 32.894629, 39.896557 ], [ 32.8946, 39.896418 ], [ 32.89454, 39.896297 ], [ 32.894517, 39.896181 ], [ 32.894487, 39.896077 ], [ 32.89451, 39.896007 ], [ 32.894533, 39.895886 ], [ 32.89439, 39.895637 ], [ 32.894308, 39.895405 ], [ 32.894323, 39.895301 ], [ 32.894256, 39.894936 ], [ 32.894212, 39.894693 ], [ 32.894231, 39.894551 ], [ 32.894603, 39.894947 ], [ 32.894871, 39.895153 ], [ 32.895094, 39.895306 ], [ 32.895432, 39.895488 ], [ 32.895694, 39.895553 ], [ 32.896275, 39.895651 ], [ 32.896831, 39.895667 ], [ 32.897221, 39.895623 ], [ 32.897495, 39.895603 ], [ 32.897732, 39.895618 ], [ 32.898019, 39.895653 ], [ 32.898185, 39.895658 ], [ 32.898405, 39.895617 ], [ 32.899031, 39.895558 ], [ 32.901, 39.895143 ], [ 32.901031, 39.895218 ], [ 32.901079, 39.89532 ], [ 32.901085, 39.895336 ], [ 32.901098, 39.895348 ], [ 32.901168, 39.89543 ], [ 32.901216, 39.895493 ], [ 32.901235, 39.895521 ], [ 32.901242, 39.895528 ], [ 32.901325, 39.895602 ], [ 32.901693, 39.895822 ], [ 32.902043, 39.89608 ], [ 32.902087, 39.896111 ], [ 32.902158, 39.896165 ], [ 32.902177, 39.896179 ], [ 32.902424, 39.896353 ], [ 32.90277, 39.89659 ], [ 32.903212, 39.89692 ], [ 32.903242, 39.89699 ], [ 32.903252, 39.897017 ], [ 32.903265, 39.897042 ], [ 32.903267, 39.897077 ], [ 32.903272, 39.897146 ], [ 32.903272, 39.897297 ], [ 32.903255, 39.897437 ], [ 32.903254, 39.897446 ], [ 32.903253, 39.89745 ], [ 32.9032, 39.89749 ], [ 32.903187, 39.897514 ], [ 32.903165, 39.897582 ], [ 32.903156, 39.897615 ], [ 32.903155, 39.897618 ], [ 32.903153, 39.897622 ], [ 32.90315, 39.897634 ], [ 32.903118, 39.897718 ], [ 32.903108, 39.897774 ], [ 32.903108, 39.897792 ], [ 32.90311, 39.897809 ], [ 32.903108, 39.897824 ], [ 32.903108, 39.897846 ], [ 32.9031, 39.89788 ], [ 32.903095, 39.897924 ], [ 32.903084, 39.897977 ], [ 32.903076, 39.898059 ], [ 32.903076, 39.898149 ], [ 32.903079, 39.898231 ], [ 32.903056, 39.898434 ], [ 32.903043, 39.898499 ], [ 32.903026, 39.898578 ], [ 32.903022, 39.898616 ], [ 32.903013, 39.898659 ], [ 32.903013, 39.898688 ], [ 32.903011, 39.898705 ], [ 32.903011, 39.89881 ], [ 32.903037, 39.898923 ], [ 32.903067, 39.899027 ], [ 32.903021, 39.899567 ], [ 32.902839, 39.900048 ], [ 32.903502, 39.900459 ], [ 32.903208, 39.900705 ], [ 32.902877, 39.901096 ], [ 32.902643, 39.901223 ], [ 32.902234, 39.901419 ], [ 32.902001, 39.901494 ], [ 32.901731, 39.901529 ], [ 32.901498, 39.901543 ], [ 32.900865, 39.901493 ], [ 32.900037, 39.901449 ], [ 32.899567, 39.901538 ], [ 32.899275, 39.901555 ], [ 32.899092, 39.901526 ], [ 32.89894, 39.901472 ], [ 32.898831, 39.90145 ], [ 32.898713, 39.901458 ], [ 32.898298, 39.901523 ], [ 32.897944, 39.90161 ], [ 32.897782, 39.901741 ], [ 32.89771, 39.901822 ], [ 32.897466, 39.902056 ], [ 32.897313, 39.902132 ], [ 32.897046, 39.90224 ], [ 32.896751, 39.902379 ], [ 32.89658, 39.902474 ], [ 32.896462, 39.902584 ], [ 32.896128, 39.902424 ], [ 32.895759, 39.902379 ], [ 32.895508, 39.902214 ], [ 32.895276, 39.902044 ], [ 32.895149, 39.901979 ], [ 32.894698, 39.901624 ], [ 32.894442, 39.90136 ], [ 32.89442, 39.901082 ], [ 32.894394, 39.900906 ], [ 32.894499, 39.900721 ], [ 32.894567, 39.900541 ], [ 32.894642, 39.900373 ], [ 32.894815, 39.900287 ], [ 32.894973, 39.900194 ], [ 32.895048, 39.900079 ], [ 32.89509, 39.899908 ], [ 32.895135, 39.899787 ], [ 32.895121, 39.899624 ], [ 32.895196, 39.899532 ], [ 32.895264, 39.89941 ] ] ] } },
{ "type": "Feature", "properties": { "ID": 14177.0, "NAME": "Orta İmrahor", "POPULATION": 258.0 }, "geometry": { "type": "Polygon", "coordinates": [ [ [ 32.894058, 39.892042 ], [ 32.900667, 39.888134 ], [ 32.900989, 39.887897 ], [ 32.905265, 39.887025 ], [ 32.905496, 39.88771 ], [ 32.9055, 39.887954 ], [ 32.905159, 39.889709 ], [ 32.905161, 39.889773 ], [ 32.905162, 39.889828 ], [ 32.905129, 39.890459 ], [ 32.904954, 39.8908 ], [ 32.904857, 39.890904 ], [ 32.904414, 39.891327 ], [ 32.906696, 39.892453 ], [ 32.906396, 39.892862 ], [ 32.905837, 39.89347 ], [ 32.905544, 39.893598 ], [ 32.905351, 39.893675 ], [ 32.905039, 39.89374 ], [ 32.904578, 39.893822 ], [ 32.904499, 39.893821 ], [ 32.904301, 39.893893 ], [ 32.904096, 39.894001 ], [ 32.903894, 39.894064 ], [ 32.903613, 39.894131 ], [ 32.903196, 39.894243 ], [ 32.902929, 39.894297 ], [ 32.902674, 39.894346 ], [ 32.902507, 39.8944 ], [ 32.902331, 39.894499 ], [ 32.902242, 39.894558 ], [ 32.902055, 39.894575 ], [ 32.90164, 39.894606 ], [ 32.901462, 39.894629 ], [ 32.901157, 39.894696 ], [ 32.900996, 39.894746 ], [ 32.900908, 39.8948 ], [ 32.900849, 39.894881 ], [ 32.900845, 39.894971 ], [ 32.901, 39.895143 ], [ 32.899031, 39.895558 ], [ 32.898405, 39.895617 ], [ 32.898185, 39.895658 ], [ 32.898019, 39.895653 ], [ 32.897732, 39.895618 ], [ 32.897495, 39.895603 ], [ 32.897221, 39.895623 ], [ 32.896831, 39.895667 ], [ 32.896275, 39.895651 ], [ 32.895694, 39.895553 ], [ 32.895432, 39.895488 ], [ 32.895094, 39.895306 ], [ 32.894871, 39.895153 ], [ 32.894603, 39.894947 ], [ 32.894231, 39.894551 ], [ 32.894346, 39.894468 ], [ 32.894506, 39.894382 ], [ 32.894562, 39.894339 ], [ 32.894593, 39.894278 ], [ 32.894634, 39.893878 ], [ 32.894618, 39.8937 ], [ 32.894594, 39.893632 ], [ 32.894523, 39.893491 ], [ 32.894499, 39.893331 ], [ 32.894515, 39.89322 ], [ 32.894488, 39.893106 ], [ 32.894336, 39.892805 ], [ 32.894233, 39.89262 ], [ 32.894217, 39.892503 ], [ 32.894161, 39.892362 ], [ 32.894138, 39.892282 ], [ 32.894114, 39.892122 ], [ 32.894058, 39.892042 ] ] ] } },
{ "type": "Feature", "properties": { "ID": 14193.0, "NAME": "Yakupabdal", "POPULATION": 3718.0 }, "geometry": { "type": "Polygon", "coordinates": [ [ [ 32.995156, 39.806902 ], [ 32.993672, 39.810035 ], [ 32.988517, 39.810396 ], [ 32.986416, 39.815533 ], [ 32.987028, 39.818366 ], [ 32.985344, 39.81813 ], [ 32.984424, 39.823324 ], [ 32.980596, 39.826866 ], [ 32.978605, 39.826511 ], [ 32.978911, 39.827928 ], [ 32.980442, 39.829109 ], [ 32.979216, 39.830171 ], [ 32.97236, 39.833444 ], [ 32.970187, 39.835864 ], [ 32.966656, 39.837843 ], [ 32.959952, 39.840673 ], [ 32.957464, 39.842326 ], [ 32.956085, 39.844214 ], [ 32.951796, 39.844921 ], [ 32.946578, 39.857434 ], [ 32.945809, 39.861683 ], [ 32.94305, 39.863925 ], [ 32.941844, 39.870582 ], [ 32.941722, 39.870935 ], [ 32.941392, 39.871473 ], [ 32.941405, 39.871351 ], [ 32.941381, 39.871178 ], [ 32.941323, 39.870949 ], [ 32.94126, 39.870983 ], [ 32.941216, 39.871012 ], [ 32.941185, 39.871065 ], [ 32.941172, 39.871133 ], [ 32.941147, 39.871264 ], [ 32.941115, 39.871366 ], [ 32.941079, 39.871418 ], [ 32.94103, 39.87147 ], [ 32.940958, 39.871504 ], [ 32.940891, 39.871511 ], [ 32.940783, 39.871508 ], [ 32.940666, 39.871483 ], [ 32.940523, 39.871462 ], [ 32.940392, 39.871449 ], [ 32.940298, 39.871449 ], [ 32.940195, 39.871455 ], [ 32.940078, 39.871473 ], [ 32.939876, 39.871531 ], [ 32.939696, 39.8716 ], [ 32.939624, 39.871618 ], [ 32.939557, 39.871632 ], [ 32.939503, 39.871632 ], [ 32.939377, 39.871621 ], [ 32.93926, 39.871604 ], [ 32.939139, 39.871583 ], [ 32.938524, 39.871371 ], [ 32.938443, 39.871337 ], [ 32.938403, 39.87133 ], [ 32.93834, 39.87133 ], [ 32.938263, 39.871347 ], [ 32.938183, 39.871378 ], [ 32.937868, 39.871527 ], [ 32.937634, 39.871613 ], [ 32.937531, 39.871634 ], [ 32.937365, 39.871655 ], [ 32.937199, 39.871658 ], [ 32.937082, 39.871665 ], [ 32.936925, 39.871668 ], [ 32.936705, 39.871699 ], [ 32.936529, 39.87173 ], [ 32.936368, 39.871754 ], [ 32.936202, 39.871768 ], [ 32.936085, 39.871768 ], [ 32.935847, 39.871768 ], [ 32.935725, 39.871768 ], [ 32.935532, 39.871737 ], [ 32.935397, 39.871723 ], [ 32.934863, 39.871657 ], [ 32.934347, 39.871608 ], [ 32.933947, 39.871545 ], [ 32.933695, 39.871518 ], [ 32.933435, 39.87151 ], [ 32.933179, 39.871545 ], [ 32.93282, 39.8716 ], [ 32.932622, 39.871621 ], [ 32.932478, 39.871628 ], [ 32.932249, 39.871631 ], [ 32.932061, 39.87162 ], [ 32.931885, 39.871606 ], [ 32.931679, 39.871596 ], [ 32.931517, 39.871589 ], [ 32.931279, 39.87161 ], [ 32.931122, 39.87163 ], [ 32.930991, 39.871668 ], [ 32.930789, 39.871751 ], [ 32.930628, 39.871848 ], [ 32.930416, 39.871962 ], [ 32.930237, 39.872052 ], [ 32.930043, 39.872135 ], [ 32.929891, 39.87219 ], [ 32.929778, 39.872221 ], [ 32.929733, 39.872228 ], [ 32.929482, 39.872225 ], [ 32.929244, 39.872217 ], [ 32.929118, 39.872228 ], [ 32.928929, 39.872266 ], [ 32.928601, 39.872369 ], [ 32.928237, 39.872501 ], [ 32.92795, 39.87266 ], [ 32.92777, 39.872743 ], [ 32.927599, 39.872767 ], [ 32.927191, 39.872805 ], [ 32.926728, 39.872804 ], [ 32.926189, 39.872814 ], [ 32.925955, 39.872811 ], [ 32.907426, 39.875459 ], [ 32.899562, 39.872247 ], [ 32.898421, 39.870492 ], [ 32.898052, 39.869131 ], [ 32.898019, 39.868924 ], [ 32.897922, 39.866392 ], [ 32.898025, 39.864668 ], [ 32.898009, 39.860676 ], [ 32.897987, 39.860391 ], [ 32.897787, 39.859341 ], [ 32.897686, 39.858987 ], [ 32.896949, 39.857262 ], [ 32.896768, 39.856987 ], [ 32.894712, 39.853959 ], [ 32.893761, 39.852261 ], [ 32.893494, 39.851236 ], [ 32.893316, 39.850009 ], [ 32.893285, 39.848571 ], [ 32.893353, 39.847871 ], [ 32.893547, 39.845789 ], [ 32.894089, 39.843395 ], [ 32.894905, 39.840949 ], [ 32.895876, 39.83846 ], [ 32.900325, 39.838587 ], [ 32.907268, 39.83829 ], [ 32.913606, 39.836458 ], [ 32.917175, 39.831768 ], [ 32.917041, 39.831048 ], [ 32.917443, 39.829607 ], [ 32.919722, 39.829195 ], [ 32.920527, 39.826415 ], [ 32.920661, 39.824974 ], [ 32.919856, 39.82343 ], [ 32.920661, 39.82168 ], [ 32.923208, 39.81993 ], [ 32.923208, 39.819313 ], [ 32.923208, 39.818489 ], [ 32.923878, 39.817975 ], [ 32.925084, 39.817872 ], [ 32.93487, 39.814989 ], [ 32.9342, 39.811695 ], [ 32.937953, 39.810048 ], [ 32.936478, 39.80696 ], [ 32.935406, 39.806446 ], [ 32.937149, 39.803975 ], [ 32.936612, 39.802431 ], [ 32.939293, 39.801093 ], [ 32.938891, 39.799652 ], [ 32.938891, 39.797696 ], [ 32.939696, 39.797593 ], [ 32.940768, 39.796873 ], [ 32.939428, 39.796461 ], [ 32.937819, 39.794711 ], [ 32.934334, 39.793682 ], [ 32.9342, 39.793064 ], [ 32.932725, 39.793373 ], [ 32.928014, 39.789599 ], [ 32.928298, 39.786773 ], [ 32.925764, 39.785249 ], [ 32.925626, 39.782423 ], [ 32.925494, 39.779766 ], [ 32.924959, 39.778311 ], [ 32.934132, 39.775118 ], [ 32.93765, 39.771052 ], [ 32.94756, 39.770683 ], [ 32.955125, 39.777309 ], [ 32.957418, 39.782329 ], [ 32.962008, 39.785431 ], [ 32.961433, 39.787349 ], [ 32.968318, 39.79488 ], [ 32.970422, 39.798276 ], [ 32.97444, 39.800048 ], [ 32.976354, 39.798868 ], [ 32.980373, 39.800197 ], [ 32.980946, 39.801674 ], [ 32.984965, 39.803446 ], [ 32.986879, 39.80256 ], [ 32.988219, 39.803298 ], [ 32.988985, 39.80256 ], [ 32.99211, 39.806179 ], [ 32.995156, 39.806902 ] ] ] } },
{ "type": "Feature", "properties": { "ID": 14189.0, "NAME": "Tohumlar", "POPULATION": 304.0 }, "geometry": { "type": "Polygon", "coordinates": [ [ [ 32.902292, 39.738076 ], [ 32.905086, 39.735897 ], [ 32.904009, 39.734277 ], [ 32.903457, 39.733597 ], [ 32.904024, 39.732812 ], [ 32.905729, 39.731051 ], [ 32.909354, 39.730116 ], [ 32.911167, 39.730141 ], [ 32.914918, 39.729657 ], [ 32.919127, 39.73034 ], [ 32.919405, 39.730559 ], [ 32.919924, 39.730478 ], [ 32.920071, 39.731542 ], [ 32.920874, 39.730261 ], [ 32.922152, 39.729519 ], [ 32.922423, 39.7291 ], [ 32.923561, 39.728781 ], [ 32.923669, 39.729161 ], [ 32.924249, 39.728981 ], [ 32.926281, 39.728058 ], [ 32.927228, 39.727514 ], [ 32.930713, 39.727752 ], [ 32.931543, 39.728039 ], [ 32.933855, 39.727503 ], [ 32.934008, 39.728502 ], [ 32.934775, 39.728633 ], [ 32.934963, 39.728405 ], [ 32.93516, 39.728026 ], [ 32.93541, 39.727201 ], [ 32.935305, 39.727163 ], [ 32.936259, 39.725568 ], [ 32.937046, 39.723873 ], [ 32.937587, 39.723137 ], [ 32.938328, 39.722752 ], [ 32.938123, 39.722214 ], [ 32.938612, 39.721888 ], [ 32.938241, 39.721781 ], [ 32.938855, 39.721239 ], [ 32.939318, 39.720835 ], [ 32.939007, 39.719797 ], [ 32.939247, 39.719727 ], [ 32.939581, 39.719876 ], [ 32.940606, 39.7197 ], [ 32.939553, 39.719329 ], [ 32.940304, 39.71889 ], [ 32.939002, 39.718357 ], [ 32.939684, 39.718359 ], [ 32.939425, 39.717552 ], [ 32.942194, 39.716116 ], [ 32.945514, 39.715023 ], [ 32.946391, 39.714996 ], [ 32.948533, 39.71409 ], [ 32.94871, 39.7123 ], [ 32.948072, 39.711485 ], [ 32.949149, 39.711112 ], [ 32.950499, 39.709626 ], [ 32.953674, 39.708202 ], [ 32.954535, 39.707976 ], [ 32.954679, 39.707969 ], [ 32.955509, 39.707244 ], [ 32.956554, 39.706668 ], [ 32.959757, 39.704593 ], [ 32.962944, 39.703092 ], [ 32.964987, 39.702149 ], [ 32.964726, 39.701851 ], [ 32.964835, 39.701714 ], [ 32.967401, 39.699719 ], [ 32.967175, 39.701186 ], [ 32.96756, 39.701391 ], [ 32.967873, 39.701281 ], [ 32.967674, 39.701852 ], [ 32.967683, 39.703102 ], [ 32.967158, 39.7042 ], [ 32.968531, 39.705873 ], [ 32.96879, 39.706584 ], [ 32.96962, 39.706552 ], [ 32.970536, 39.706213 ], [ 32.971122, 39.705614 ], [ 32.971875, 39.70611 ], [ 32.972653, 39.705594 ], [ 32.97304, 39.705205 ], [ 32.973444, 39.70504 ], [ 32.974143, 39.705123 ], [ 32.974586, 39.705313 ], [ 32.975335, 39.705175 ], [ 32.976405, 39.705171 ], [ 32.977469, 39.705291 ], [ 32.977983, 39.705059 ], [ 32.97885, 39.704906 ], [ 32.979622, 39.70537 ], [ 32.980171, 39.705516 ], [ 32.981886, 39.705812 ], [ 32.984068, 39.706363 ], [ 32.985053, 39.70688 ], [ 32.985733, 39.707558 ], [ 32.98503, 39.707955 ], [ 32.983341, 39.70887 ], [ 32.982943, 39.709268 ], [ 32.981949, 39.709584 ], [ 32.981846, 39.709741 ], [ 32.98191, 39.709852 ], [ 32.982555, 39.710499 ], [ 32.98254, 39.710864 ], [ 32.982611, 39.710997 ], [ 32.982657, 39.711923 ], [ 32.98206, 39.712795 ], [ 32.985159, 39.714447 ], [ 32.985933, 39.715476 ], [ 32.987483, 39.717284 ], [ 32.984245, 39.719683 ], [ 32.984356, 39.721906 ], [ 32.982872, 39.724273 ], [ 32.980722, 39.726048 ], [ 32.979657, 39.727324 ], [ 32.980393, 39.729009 ], [ 32.983122, 39.730126 ], [ 32.982589, 39.730704 ], [ 32.982233, 39.730939 ], [ 32.98191, 39.731139 ], [ 32.981473, 39.731243 ], [ 32.981084, 39.731408 ], [ 32.98057, 39.731802 ], [ 32.980187, 39.732096 ], [ 32.979703, 39.732495 ], [ 32.978796, 39.732753 ], [ 32.978209, 39.733006 ], [ 32.977307, 39.734165 ], [ 32.973533, 39.733607 ], [ 32.973279, 39.733654 ], [ 32.972943, 39.734448 ], [ 32.972761, 39.735411 ], [ 32.97281, 39.736256 ], [ 32.973182, 39.73728 ], [ 32.972744, 39.737276 ], [ 32.971174, 39.737725 ], [ 32.970702, 39.737859 ], [ 32.969295, 39.739512 ], [ 32.969873, 39.741586 ], [ 32.970585, 39.743484 ], [ 32.970902, 39.744821 ], [ 32.970269, 39.745643 ], [ 32.969593, 39.745634 ], [ 32.968477, 39.745644 ], [ 32.96723, 39.745591 ], [ 32.967152, 39.745974 ], [ 32.966999, 39.746142 ], [ 32.966438, 39.74631 ], [ 32.964428, 39.746881 ], [ 32.964191, 39.746817 ], [ 32.964234, 39.747501 ], [ 32.963282, 39.749077 ], [ 32.962707, 39.749687 ], [ 32.962639, 39.749944 ], [ 32.962682, 39.750181 ], [ 32.962888, 39.750457 ], [ 32.963232, 39.750754 ], [ 32.963928, 39.750892 ], [ 32.964629, 39.751191 ], [ 32.964121, 39.751512 ], [ 32.963518, 39.752112 ], [ 32.963321, 39.75211 ], [ 32.963185, 39.752079 ], [ 32.962896, 39.752271 ], [ 32.962985, 39.752497 ], [ 32.962148, 39.752791 ], [ 32.961847, 39.752796 ], [ 32.961419, 39.752888 ], [ 32.961204, 39.753054 ], [ 32.961323, 39.753159 ], [ 32.960646, 39.753472 ], [ 32.960409, 39.753477 ], [ 32.959843, 39.753579 ], [ 32.959533, 39.753638 ], [ 32.95944, 39.753857 ], [ 32.959249, 39.754056 ], [ 32.959225, 39.754153 ], [ 32.958584, 39.754488 ], [ 32.95728, 39.75477 ], [ 32.957335, 39.755076 ], [ 32.956753, 39.755326 ], [ 32.954755, 39.756174 ], [ 32.953858, 39.756996 ], [ 32.953806, 39.759004 ], [ 32.95368, 39.761377 ], [ 32.953213, 39.762822 ], [ 32.952097, 39.763206 ], [ 32.95179, 39.763666 ], [ 32.951261, 39.763695 ], [ 32.951024, 39.763426 ], [ 32.950496, 39.763788 ], [ 32.950303, 39.764003 ], [ 32.950232, 39.764142 ], [ 32.949599, 39.764433 ], [ 32.949541, 39.764627 ], [ 32.94908, 39.764589 ], [ 32.949325, 39.764888 ], [ 32.948432, 39.766241 ], [ 32.947719, 39.766781 ], [ 32.948081, 39.766935 ], [ 32.947793, 39.7672 ], [ 32.947837, 39.767847 ], [ 32.947611, 39.768406 ], [ 32.947536, 39.768995 ], [ 32.94756, 39.770683 ], [ 32.93765, 39.771052 ], [ 32.93036, 39.764583 ], [ 32.929822, 39.761871 ], [ 32.922527, 39.761033 ], [ 32.920643, 39.75394 ], [ 32.91741, 39.746639 ], [ 32.910929, 39.744131 ], [ 32.906343, 39.738914 ], [ 32.902292, 39.738076 ] ] ] } },
{ "type": "Feature", "properties": { "ID": 14155.0, "NAME": "Kömürcü", "POPULATION": 116.0 }, "geometry": { "type": "Polygon", "coordinates": [ [ [ 33.019821, 39.766551 ], [ 33.019718, 39.766547 ], [ 33.019424, 39.766766 ], [ 33.019282, 39.766698 ], [ 33.018886, 39.766917 ], [ 33.018636, 39.767133 ], [ 33.018377, 39.767624 ], [ 33.018009, 39.767628 ], [ 33.017309, 39.767484 ], [ 33.016869, 39.767488 ], [ 33.01705, 39.767726 ], [ 33.016624, 39.767817 ], [ 33.015635, 39.767696 ], [ 33.015332, 39.768455 ], [ 33.0159, 39.768599 ], [ 33.016242, 39.76875 ], [ 33.016247, 39.768863 ], [ 33.016076, 39.769082 ], [ 33.016012, 39.769502 ], [ 33.015861, 39.769457 ], [ 33.015577, 39.769623 ], [ 33.01544, 39.769925 ], [ 33.015244, 39.770186 ], [ 33.015361, 39.770261 ], [ 33.014872, 39.770794 ], [ 33.014554, 39.770273 ], [ 33.014343, 39.770292 ], [ 33.014172, 39.770379 ], [ 33.013119, 39.770466 ], [ 33.013046, 39.77059 ], [ 33.012879, 39.770639 ], [ 33.012522, 39.770473 ], [ 33.012101, 39.770394 ], [ 33.01189, 39.770337 ], [ 33.011479, 39.770156 ], [ 33.011425, 39.770364 ], [ 33.011381, 39.771361 ], [ 33.011396, 39.771607 ], [ 33.011239, 39.772117 ], [ 33.011097, 39.772381 ], [ 33.010309, 39.772446 ], [ 33.01028, 39.772514 ], [ 33.010348, 39.772691 ], [ 33.010309, 39.772797 ], [ 33.010344, 39.772959 ], [ 33.010187, 39.773655 ], [ 33.010177, 39.773813 ], [ 33.009884, 39.774403 ], [ 33.009839, 39.774512 ], [ 33.009673, 39.774769 ], [ 33.009502, 39.774996 ], [ 33.009286, 39.775068 ], [ 33.009193, 39.775185 ], [ 33.009022, 39.775702 ], [ 33.009065, 39.776016 ], [ 33.009305, 39.776076 ], [ 33.009044, 39.776511 ], [ 33.009001, 39.77674 ], [ 33.009107, 39.776974 ], [ 33.009128, 39.777409 ], [ 33.009155, 39.777716 ], [ 33.009017, 39.778424 ], [ 33.009037, 39.778791 ], [ 33.009211, 39.778961 ], [ 33.009428, 39.778871 ], [ 33.009406, 39.779146 ], [ 33.009766, 39.779785 ], [ 33.009411, 39.779942 ], [ 33.00971, 39.780595 ], [ 33.009298, 39.780732 ], [ 33.009168, 39.780993 ], [ 33.008895, 39.781291 ], [ 33.009793, 39.782087 ], [ 33.009606, 39.782241 ], [ 33.008526, 39.782754 ], [ 33.008431, 39.783199 ], [ 33.008513, 39.783406 ], [ 33.00834, 39.78355 ], [ 33.008127, 39.78421 ], [ 33.007533, 39.784963 ], [ 33.007086, 39.78511 ], [ 33.007021, 39.78522 ], [ 33.006479, 39.785458 ], [ 33.00614, 39.785465 ], [ 33.005425, 39.785702 ], [ 33.004704, 39.785194 ], [ 33.004683, 39.78501 ], [ 33.004735, 39.784889 ], [ 33.004822, 39.784822 ], [ 33.004422, 39.784665 ], [ 33.003772, 39.784849 ], [ 33.00342, 39.784913 ], [ 33.002934, 39.784919 ], [ 33.002626, 39.785083 ], [ 33.002045, 39.784986 ], [ 33.001585, 39.785063 ], [ 33.001958, 39.785398 ], [ 33.001607, 39.785474 ], [ 33.002148, 39.78571 ], [ 33.002918, 39.786122 ], [ 33.003041, 39.786356 ], [ 33.002687, 39.78653 ], [ 33.002396, 39.786529 ], [ 33.001794, 39.786605 ], [ 33.001354, 39.786499 ], [ 33.001165, 39.786513 ], [ 33.000549, 39.787236 ], [ 33.000461, 39.787338 ], [ 33.000411, 39.787624 ], [ 32.999939, 39.787682 ], [ 32.999549, 39.787648 ], [ 32.999417, 39.787735 ], [ 32.998757, 39.787614 ], [ 32.997965, 39.787532 ], [ 32.997588, 39.787474 ], [ 32.997311, 39.787541 ], [ 32.997035, 39.787721 ], [ 32.996695, 39.787973 ], [ 32.995087, 39.788449 ], [ 32.993129, 39.789448 ], [ 32.992938, 39.791003 ], [ 32.991263, 39.791079 ], [ 32.984661, 39.79351 ], [ 32.986139, 39.79693 ], [ 32.988503, 39.799819 ], [ 32.990587, 39.802241 ], [ 32.990103, 39.802799 ], [ 32.988985, 39.80256 ], [ 32.988219, 39.803298 ], [ 32.986879, 39.80256 ], [ 32.984965, 39.803446 ], [ 32.980946, 39.801674 ], [ 32.980373, 39.800197 ], [ 32.976354, 39.798868 ], [ 32.97444, 39.800048 ], [ 32.970422, 39.798276 ], [ 32.968318, 39.79488 ], [ 32.961433, 39.787349 ], [ 32.962008, 39.785431 ], [ 32.957418, 39.782329 ], [ 32.955125, 39.777309 ], [ 32.94756, 39.770683 ], [ 32.947536, 39.768995 ], [ 32.947611, 39.768406 ], [ 32.947837, 39.767847 ], [ 32.947793, 39.7672 ], [ 32.948081, 39.766935 ], [ 32.947719, 39.766781 ], [ 32.948432, 39.766241 ], [ 32.949325, 39.764888 ], [ 32.94908, 39.764589 ], [ 32.949541, 39.764627 ], [ 32.949599, 39.764433 ], [ 32.950232, 39.764142 ], [ 32.950303, 39.764003 ], [ 32.950496, 39.763788 ], [ 32.951024, 39.763426 ], [ 32.951261, 39.763695 ], [ 32.95179, 39.763666 ], [ 32.952097, 39.763206 ], [ 32.953213, 39.762822 ], [ 32.95368, 39.761377 ], [ 32.953806, 39.759004 ], [ 32.953858, 39.756996 ], [ 32.954755, 39.756174 ], [ 32.956753, 39.755326 ], [ 32.957335, 39.755076 ], [ 32.95728, 39.75477 ], [ 32.958584, 39.754488 ], [ 32.959225, 39.754153 ], [ 32.959249, 39.754056 ], [ 32.95944, 39.753857 ], [ 32.959533, 39.753638 ], [ 32.959843, 39.753579 ], [ 32.960409, 39.753477 ], [ 32.960646, 39.753472 ], [ 32.961323, 39.753159 ], [ 32.961204, 39.753054 ], [ 32.961419, 39.752888 ], [ 32.961847, 39.752796 ], [ 32.962148, 39.752791 ], [ 32.962985, 39.752497 ], [ 32.962896, 39.752271 ], [ 32.963185, 39.752079 ], [ 32.963321, 39.75211 ], [ 32.963518, 39.752112 ], [ 32.964121, 39.751512 ], [ 32.964629, 39.751191 ], [ 32.963928, 39.750892 ], [ 32.963232, 39.750754 ], [ 32.962888, 39.750457 ], [ 32.962682, 39.750181 ], [ 32.962639, 39.749944 ], [ 32.962707, 39.749687 ], [ 32.963282, 39.749077 ], [ 32.964234, 39.747501 ], [ 32.964191, 39.746817 ], [ 32.964428, 39.746881 ], [ 32.966438, 39.74631 ], [ 32.966999, 39.746142 ], [ 32.967152, 39.745974 ], [ 32.96723, 39.745591 ], [ 32.968477, 39.745644 ], [ 32.969593, 39.745634 ], [ 32.970269, 39.745643 ], [ 32.970277, 39.745897 ], [ 32.971529, 39.748388 ], [ 32.972762, 39.748882 ], [ 32.973623, 39.749844 ], [ 32.979173, 39.751146 ], [ 32.980151, 39.751355 ], [ 32.981338, 39.752075 ], [ 32.982406, 39.752704 ], [ 32.982632, 39.754663 ], [ 32.983818, 39.756591 ], [ 32.984314, 39.756373 ], [ 32.985154, 39.754641 ], [ 32.985886, 39.754683 ], [ 32.98904, 39.755802 ], [ 32.989534, 39.755696 ], [ 32.990498, 39.756564 ], [ 32.99045, 39.756817 ], [ 32.990641, 39.757212 ], [ 32.990861, 39.757405 ], [ 32.991908, 39.757887 ], [ 32.992117, 39.758066 ], [ 32.992283, 39.757952 ], [ 32.992843, 39.758811 ], [ 32.993069, 39.758824 ], [ 32.99292, 39.757993 ], [ 32.993021, 39.757786 ], [ 32.993129, 39.756767 ], [ 32.993462, 39.756702 ], [ 32.993521, 39.755402 ], [ 32.99607, 39.754841 ], [ 32.997117, 39.754649 ], [ 32.997546, 39.754423 ], [ 32.997964, 39.75431 ], [ 32.998919, 39.754301 ], [ 32.999401, 39.754603 ], [ 33.000546, 39.755252 ], [ 33.000644, 39.755474 ], [ 33.001387, 39.755541 ], [ 33.001507, 39.755654 ], [ 33.001794, 39.756094 ], [ 33.002272, 39.755935 ], [ 33.003064, 39.755516 ], [ 33.003064, 39.75526 ], [ 33.003823, 39.755172 ], [ 33.00391, 39.75526 ], [ 33.00397, 39.754703 ], [ 33.004371, 39.754553 ], [ 33.004545, 39.753824 ], [ 33.00391, 39.753397 ], [ 33.004382, 39.753229 ], [ 33.005619, 39.753338 ], [ 33.006835, 39.753404 ], [ 33.00803, 39.753447 ], [ 33.008349, 39.754047 ], [ 33.008406, 39.75479 ], [ 33.010023, 39.754815 ], [ 33.010576, 39.754845 ], [ 33.011344, 39.75508 ], [ 33.011857, 39.75555 ], [ 33.011897, 39.756063 ], [ 33.011913, 39.756159 ], [ 33.011056, 39.756505 ], [ 33.010228, 39.756625 ], [ 33.00956, 39.75659 ], [ 33.00938, 39.756813 ], [ 33.00962, 39.756848 ], [ 33.009629, 39.756979 ], [ 33.009051, 39.757102 ], [ 33.008827, 39.757283 ], [ 33.008398, 39.757398 ], [ 33.007779, 39.757749 ], [ 33.00749, 39.758091 ], [ 33.009046, 39.758926 ], [ 33.009006, 39.759003 ], [ 33.009246, 39.759096 ], [ 33.0095, 39.759342 ], [ 33.009874, 39.759446 ], [ 33.009864, 39.759769 ], [ 33.009615, 39.759939 ], [ 33.00972, 39.760135 ], [ 33.010413, 39.760331 ], [ 33.01141, 39.760343 ], [ 33.012134, 39.760339 ], [ 33.012986, 39.760385 ], [ 33.01353, 39.760396 ], [ 33.013859, 39.760439 ], [ 33.014413, 39.760527 ], [ 33.015195, 39.760611 ], [ 33.018532, 39.760808 ], [ 33.018923, 39.761696 ], [ 33.018958, 39.762028 ], [ 33.018977, 39.762523 ], [ 33.019271, 39.763479 ], [ 33.019673, 39.763857 ], [ 33.019619, 39.764163 ], [ 33.019683, 39.764824 ], [ 33.019781, 39.765274 ], [ 33.019786, 39.765421 ], [ 33.019688, 39.765795 ], [ 33.019821, 39.766551 ] ] ] } },
{ "type": "Feature", "properties": { "ID": 14145.0, "NAME": "Karahasanlı", "POPULATION": 277.0 }, "geometry": { "type": "Polygon", "coordinates": [ [ [ 33.063205, 39.713565 ], [ 33.062928, 39.714073 ], [ 33.062183, 39.715101 ], [ 33.05961, 39.718863 ], [ 33.058881, 39.721119 ], [ 33.057221, 39.722975 ], [ 33.055145, 39.723091 ], [ 33.054047, 39.724061 ], [ 33.053181, 39.72411 ], [ 33.053067, 39.724156 ], [ 33.052907, 39.724716 ], [ 33.05232, 39.726452 ], [ 33.051381, 39.727265 ], [ 33.051081, 39.729116 ], [ 33.050699, 39.729315 ], [ 33.050202, 39.729459 ], [ 33.049545, 39.729576 ], [ 33.049217, 39.730084 ], [ 33.050424, 39.733254 ], [ 33.050909, 39.734801 ], [ 33.050158, 39.736534 ], [ 33.049699, 39.738248 ], [ 33.049635, 39.739967 ], [ 33.047135, 39.739653 ], [ 33.046589, 39.739746 ], [ 33.045703, 39.741413 ], [ 33.044263, 39.741033 ], [ 33.040987, 39.739885 ], [ 33.038048, 39.740259 ], [ 33.035653, 39.742597 ], [ 33.034608, 39.745171 ], [ 33.03171, 39.747868 ], [ 33.028327, 39.74927 ], [ 33.025802, 39.75026 ], [ 33.024145, 39.753063 ], [ 33.023793, 39.755663 ], [ 33.023286, 39.756277 ], [ 33.023101, 39.756504 ], [ 33.023001, 39.757244 ], [ 33.022792, 39.757763 ], [ 33.020627, 39.759907 ], [ 33.019081, 39.761495 ], [ 33.018923, 39.761696 ], [ 33.018532, 39.760808 ], [ 33.015195, 39.760611 ], [ 33.014413, 39.760527 ], [ 33.013859, 39.760439 ], [ 33.01353, 39.760396 ], [ 33.012986, 39.760385 ], [ 33.012134, 39.760339 ], [ 33.01141, 39.760343 ], [ 33.010413, 39.760331 ], [ 33.00972, 39.760135 ], [ 33.009615, 39.759939 ], [ 33.009864, 39.759769 ], [ 33.009874, 39.759446 ], [ 33.0095, 39.759342 ], [ 33.009246, 39.759096 ], [ 33.009006, 39.759003 ], [ 33.009046, 39.758926 ], [ 33.00749, 39.758091 ], [ 33.007779, 39.757749 ], [ 33.008398, 39.757398 ], [ 33.008827, 39.757283 ], [ 33.009051, 39.757102 ], [ 33.009629, 39.756979 ], [ 33.00962, 39.756848 ], [ 33.00938, 39.756813 ], [ 33.00956, 39.75659 ], [ 33.010228, 39.756625 ], [ 33.011056, 39.756505 ], [ 33.011913, 39.756159 ], [ 33.011897, 39.756063 ], [ 33.011857, 39.75555 ], [ 33.011344, 39.75508 ], [ 33.010576, 39.754845 ], [ 33.010023, 39.754815 ], [ 33.008406, 39.75479 ], [ 33.008349, 39.754047 ], [ 33.00803, 39.753447 ], [ 33.006835, 39.753404 ], [ 33.005619, 39.753338 ], [ 33.004382, 39.753229 ], [ 33.00391, 39.753397 ], [ 33.004545, 39.753824 ], [ 33.004371, 39.754553 ], [ 33.00397, 39.754703 ], [ 33.00391, 39.75526 ], [ 33.003823, 39.755172 ], [ 33.003064, 39.75526 ], [ 33.003064, 39.755516 ], [ 33.002272, 39.755935 ], [ 33.001794, 39.756094 ], [ 33.001507, 39.755654 ], [ 33.001387, 39.755541 ], [ 33.000644, 39.755474 ], [ 33.000546, 39.755252 ], [ 32.999401, 39.754603 ], [ 32.998919, 39.754301 ], [ 32.997964, 39.75431 ], [ 32.997546, 39.754423 ], [ 32.997117, 39.754649 ], [ 32.99607, 39.754841 ], [ 32.993521, 39.755402 ], [ 32.993462, 39.756702 ], [ 32.993129, 39.756767 ], [ 32.993021, 39.757786 ], [ 32.99292, 39.757993 ], [ 32.993069, 39.758824 ], [ 32.992843, 39.758811 ], [ 32.992283, 39.757952 ], [ 32.992117, 39.758066 ], [ 32.991908, 39.757887 ], [ 32.990861, 39.757405 ], [ 32.990641, 39.757212 ], [ 32.99045, 39.756817 ], [ 32.990498, 39.756564 ], [ 32.989534, 39.755696 ], [ 32.98904, 39.755802 ], [ 32.985886, 39.754683 ], [ 32.985154, 39.754641 ], [ 32.984314, 39.756373 ], [ 32.983818, 39.756591 ], [ 32.982632, 39.754663 ], [ 32.982406, 39.752704 ], [ 32.981338, 39.752075 ], [ 32.980151, 39.751355 ], [ 32.979173, 39.751146 ], [ 32.973623, 39.749844 ], [ 32.972762, 39.748882 ], [ 32.971529, 39.748388 ], [ 32.970277, 39.745897 ], [ 32.970269, 39.745643 ], [ 32.970902, 39.744821 ], [ 32.970585, 39.743484 ], [ 32.969873, 39.741586 ], [ 32.969295, 39.739512 ], [ 32.970702, 39.737859 ], [ 32.971174, 39.737725 ], [ 32.972744, 39.737276 ], [ 32.973182, 39.73728 ], [ 32.97281, 39.736256 ], [ 32.972761, 39.735411 ], [ 32.972943, 39.734448 ], [ 32.973279, 39.733654 ], [ 32.973533, 39.733607 ], [ 32.977307, 39.734165 ], [ 32.978209, 39.733006 ], [ 32.978796, 39.732753 ], [ 32.979703, 39.732495 ], [ 32.980187, 39.732096 ], [ 32.98057, 39.731802 ], [ 32.981084, 39.731408 ], [ 32.981473, 39.731243 ], [ 32.98191, 39.731139 ], [ 32.982233, 39.730939 ], [ 32.982589, 39.730704 ], [ 32.983122, 39.730126 ], [ 32.980393, 39.729009 ], [ 32.979657, 39.727324 ], [ 32.980722, 39.726048 ], [ 32.982872, 39.724273 ], [ 32.984356, 39.721906 ], [ 32.984245, 39.719683 ], [ 32.987483, 39.717284 ], [ 32.985933, 39.715476 ], [ 32.985159, 39.714447 ], [ 32.98206, 39.712795 ], [ 32.982657, 39.711923 ], [ 32.982611, 39.710997 ], [ 32.98254, 39.710864 ], [ 32.982555, 39.710499 ], [ 32.98191, 39.709852 ], [ 32.981846, 39.709741 ], [ 32.981949, 39.709584 ], [ 32.982943, 39.709268 ], [ 32.983341, 39.70887 ], [ 32.98503, 39.707955 ], [ 32.985733, 39.707558 ], [ 32.985053, 39.70688 ], [ 32.984068, 39.706363 ], [ 32.981886, 39.705812 ], [ 32.980171, 39.705516 ], [ 32.979622, 39.70537 ], [ 32.97885, 39.704906 ], [ 32.977983, 39.705059 ], [ 32.977469, 39.705291 ], [ 32.976405, 39.705171 ], [ 32.975335, 39.705175 ], [ 32.974586, 39.705313 ], [ 32.974143, 39.705123 ], [ 32.973444, 39.70504 ], [ 32.97304, 39.705205 ], [ 32.972653, 39.705594 ], [ 32.971875, 39.70611 ], [ 32.971122, 39.705614 ], [ 32.970536, 39.706213 ], [ 32.96962, 39.706552 ], [ 32.96879, 39.706584 ], [ 32.968531, 39.705873 ], [ 32.967158, 39.7042 ], [ 32.967683, 39.703102 ], [ 32.967674, 39.701852 ], [ 32.967873, 39.701281 ], [ 32.96756, 39.701391 ], [ 32.967175, 39.701186 ], [ 32.967401, 39.699719 ], [ 32.968404, 39.69781 ], [ 32.969869, 39.696352 ], [ 32.971683, 39.69404 ], [ 32.972166, 39.693424 ], [ 32.974807, 39.692654 ], [ 32.977894, 39.691421 ], [ 32.978367, 39.69267 ], [ 32.978756, 39.693318 ], [ 32.979557, 39.694074 ], [ 32.98017, 39.6952 ], [ 32.982887, 39.695998 ], [ 32.984813, 39.696636 ], [ 32.986429, 39.697645 ], [ 32.988621, 39.698855 ], [ 32.989711, 39.700066 ], [ 32.991863, 39.70138 ], [ 32.992953, 39.702304 ], [ 32.993963, 39.703536 ], [ 32.994787, 39.704583 ], [ 32.995956, 39.705425 ], [ 32.997659, 39.705787 ], [ 32.998577, 39.705787 ], [ 32.999494, 39.706114 ], [ 33.000659, 39.706659 ], [ 33.004999, 39.707953 ], [ 33.006438, 39.708711 ], [ 33.007772, 39.70873 ], [ 33.01002, 39.709836 ], [ 33.012331, 39.710142 ], [ 33.01409, 39.711986 ], [ 33.016186, 39.712549 ], [ 33.017712, 39.712622 ], [ 33.019483, 39.713568 ], [ 33.020484, 39.713343 ], [ 33.021606, 39.713291 ], [ 33.022135, 39.713963 ], [ 33.023326, 39.714542 ], [ 33.025643, 39.715285 ], [ 33.027234, 39.715625 ], [ 33.033984, 39.716618 ], [ 33.034965, 39.716667 ], [ 33.037013, 39.715534 ], [ 33.039788, 39.713277 ], [ 33.040921, 39.712693 ], [ 33.044171, 39.71205 ], [ 33.046099, 39.712078 ], [ 33.046537, 39.712036 ], [ 33.048941, 39.710595 ], [ 33.049307, 39.710651 ], [ 33.050045, 39.71115 ], [ 33.050809, 39.711462 ], [ 33.052982, 39.711585 ], [ 33.055516, 39.711702 ], [ 33.056995, 39.711805 ], [ 33.057837, 39.712297 ], [ 33.063205, 39.713565 ] ] ] } },
{ "type": "Feature", "properties": { "ID": 14128.0, "NAME": "Evciler", "POPULATION": 144.0 }, "geometry": { "type": "Polygon", "coordinates": [ [ [ 33.000549, 39.787236 ], [ 33.001165, 39.786513 ], [ 33.001354, 39.786499 ], [ 33.001794, 39.786605 ], [ 33.002396, 39.786529 ], [ 33.002687, 39.78653 ], [ 33.003041, 39.786356 ], [ 33.002918, 39.786122 ], [ 33.002148, 39.78571 ], [ 33.001607, 39.785474 ], [ 33.001958, 39.785398 ], [ 33.001585, 39.785063 ], [ 33.002045, 39.784986 ], [ 33.002626, 39.785083 ], [ 33.002934, 39.784919 ], [ 33.00342, 39.784913 ], [ 33.003772, 39.784849 ], [ 33.004422, 39.784665 ], [ 33.004822, 39.784822 ], [ 33.004735, 39.784889 ], [ 33.004683, 39.78501 ], [ 33.004704, 39.785194 ], [ 33.005425, 39.785702 ], [ 33.00614, 39.785465 ], [ 33.006479, 39.785458 ], [ 33.007021, 39.78522 ], [ 33.007086, 39.78511 ], [ 33.007533, 39.784963 ], [ 33.008127, 39.78421 ], [ 33.00834, 39.78355 ], [ 33.008513, 39.783406 ], [ 33.008431, 39.783199 ], [ 33.008526, 39.782754 ], [ 33.009606, 39.782241 ], [ 33.009793, 39.782087 ], [ 33.008895, 39.781291 ], [ 33.009168, 39.780993 ], [ 33.009298, 39.780732 ], [ 33.00971, 39.780595 ], [ 33.009411, 39.779942 ], [ 33.009766, 39.779785 ], [ 33.009406, 39.779146 ], [ 33.009428, 39.778871 ], [ 33.009211, 39.778961 ], [ 33.009037, 39.778791 ], [ 33.009017, 39.778424 ], [ 33.009155, 39.777716 ], [ 33.009128, 39.777409 ], [ 33.009107, 39.776974 ], [ 33.009001, 39.77674 ], [ 33.009044, 39.776511 ], [ 33.009305, 39.776076 ], [ 33.009065, 39.776016 ], [ 33.009022, 39.775702 ], [ 33.009193, 39.775185 ], [ 33.009286, 39.775068 ], [ 33.009502, 39.774996 ], [ 33.009673, 39.774769 ], [ 33.009839, 39.774512 ], [ 33.009884, 39.774403 ], [ 33.010177, 39.773813 ], [ 33.010187, 39.773655 ], [ 33.010344, 39.772959 ], [ 33.010309, 39.772797 ], [ 33.010348, 39.772691 ], [ 33.01028, 39.772514 ], [ 33.010309, 39.772446 ], [ 33.011097, 39.772381 ], [ 33.011239, 39.772117 ], [ 33.011396, 39.771607 ], [ 33.011381, 39.771361 ], [ 33.011425, 39.770364 ], [ 33.011479, 39.770156 ], [ 33.01189, 39.770337 ], [ 33.012101, 39.770394 ], [ 33.012522, 39.770473 ], [ 33.012879, 39.770639 ], [ 33.013046, 39.77059 ], [ 33.013119, 39.770466 ], [ 33.014172, 39.770379 ], [ 33.014343, 39.770292 ], [ 33.014554, 39.770273 ], [ 33.014872, 39.770794 ], [ 33.015361, 39.770261 ], [ 33.015244, 39.770186 ], [ 33.01544, 39.769925 ], [ 33.015577, 39.769623 ], [ 33.015861, 39.769457 ], [ 33.016012, 39.769502 ], [ 33.016076, 39.769082 ], [ 33.016247, 39.768863 ], [ 33.016242, 39.76875 ], [ 33.0159, 39.768599 ], [ 33.015332, 39.768455 ], [ 33.015635, 39.767696 ], [ 33.016624, 39.767817 ], [ 33.01705, 39.767726 ], [ 33.016869, 39.767488 ], [ 33.017309, 39.767484 ], [ 33.018009, 39.767628 ], [ 33.018377, 39.767624 ], [ 33.018636, 39.767133 ], [ 33.018886, 39.766917 ], [ 33.019282, 39.766698 ], [ 33.019424, 39.766766 ], [ 33.019718, 39.766547 ], [ 33.019821, 39.766551 ], [ 33.019688, 39.765795 ], [ 33.019786, 39.765421 ], [ 33.019781, 39.765274 ], [ 33.019683, 39.764824 ], [ 33.019619, 39.764163 ], [ 33.019673, 39.763857 ], [ 33.019271, 39.763479 ], [ 33.018977, 39.762523 ], [ 33.018958, 39.762028 ], [ 33.018923, 39.761696 ], [ 33.019081, 39.761495 ], [ 33.020627, 39.759907 ], [ 33.022792, 39.757763 ], [ 33.023001, 39.757244 ], [ 33.023101, 39.756504 ], [ 33.023286, 39.756277 ], [ 33.023793, 39.755663 ], [ 33.024145, 39.753063 ], [ 33.025802, 39.75026 ], [ 33.028327, 39.74927 ], [ 33.03171, 39.747868 ], [ 33.034608, 39.745171 ], [ 33.035653, 39.742597 ], [ 33.038048, 39.740259 ], [ 33.040987, 39.739885 ], [ 33.044263, 39.741033 ], [ 33.045703, 39.741413 ], [ 33.046589, 39.739746 ], [ 33.047135, 39.739653 ], [ 33.049635, 39.739967 ], [ 33.051679, 39.740116 ], [ 33.052123, 39.74023 ], [ 33.055076, 39.741123 ], [ 33.057213, 39.743055 ], [ 33.058481, 39.745368 ], [ 33.058873, 39.747369 ], [ 33.05994, 39.749013 ], [ 33.06097, 39.750547 ], [ 33.060358, 39.754408 ], [ 33.060476, 39.754722 ], [ 33.061593, 39.755548 ], [ 33.064157, 39.755691 ], [ 33.065087, 39.755793 ], [ 33.066375, 39.756722 ], [ 33.067993, 39.757563 ], [ 33.069178, 39.75764 ], [ 33.071202, 39.75776 ], [ 33.072401, 39.757556 ], [ 33.077943, 39.761002 ], [ 33.078313, 39.761015 ], [ 33.080154, 39.76081 ], [ 33.080017, 39.76195 ], [ 33.081133, 39.764038 ], [ 33.081794, 39.764727 ], [ 33.083643, 39.7651 ], [ 33.084162, 39.765747 ], [ 33.084556, 39.766479 ], [ 33.088624, 39.769061 ], [ 33.091176, 39.772279 ], [ 33.091775, 39.775032 ], [ 33.083452, 39.778939 ], [ 33.081971, 39.783989 ], [ 33.08168, 39.789726 ], [ 33.080793, 39.794317 ], [ 33.079457, 39.793736 ], [ 33.067103, 39.788359 ], [ 33.060559, 39.788133 ], [ 33.056694, 39.791577 ], [ 33.051042, 39.79135 ], [ 33.048366, 39.792499 ], [ 33.042121, 39.795714 ], [ 33.039145, 39.794109 ], [ 33.032601, 39.795488 ], [ 33.028139, 39.797784 ], [ 33.026204, 39.797344 ], [ 33.020411, 39.795454 ], [ 33.013509, 39.79326 ], [ 33.009065, 39.790638 ], [ 33.007082, 39.789724 ], [ 33.00494, 39.788504 ], [ 33.000549, 39.787236 ] ] ] } },
{ "type": "Feature", "properties": { "ID": 14113.0, "NAME": "Çavuşlu", "POPULATION": 313.0 }, "geometry": { "type": "Polygon", "coordinates": [ [ [ 33.070665, 39.705484 ], [ 33.064348, 39.710074 ], [ 33.057837, 39.712297 ], [ 33.056995, 39.711805 ], [ 33.055516, 39.711702 ], [ 33.052982, 39.711585 ], [ 33.050809, 39.711462 ], [ 33.050045, 39.71115 ], [ 33.049307, 39.710651 ], [ 33.048941, 39.710595 ], [ 33.046537, 39.712036 ], [ 33.046099, 39.712078 ], [ 33.044171, 39.71205 ], [ 33.040921, 39.712693 ], [ 33.039788, 39.713277 ], [ 33.037013, 39.715534 ], [ 33.034965, 39.716667 ], [ 33.033984, 39.716618 ], [ 33.027234, 39.715625 ], [ 33.025643, 39.715285 ], [ 33.023326, 39.714542 ], [ 33.022135, 39.713963 ], [ 33.021606, 39.713291 ], [ 33.020484, 39.713343 ], [ 33.019483, 39.713568 ], [ 33.017712, 39.712622 ], [ 33.016186, 39.712549 ], [ 33.01409, 39.711986 ], [ 33.012331, 39.710142 ], [ 33.01002, 39.709836 ], [ 33.007772, 39.70873 ], [ 33.006438, 39.708711 ], [ 33.004999, 39.707953 ], [ 33.000659, 39.706659 ], [ 32.999494, 39.706114 ], [ 32.998577, 39.705787 ], [ 32.997659, 39.705787 ], [ 32.995956, 39.705425 ], [ 32.994787, 39.704583 ], [ 32.993963, 39.703536 ], [ 32.992953, 39.702304 ], [ 32.991863, 39.70138 ], [ 32.989711, 39.700066 ], [ 32.988621, 39.698855 ], [ 32.986429, 39.697645 ], [ 32.984813, 39.696636 ], [ 32.982887, 39.695998 ], [ 32.98017, 39.6952 ], [ 32.979557, 39.694074 ], [ 32.978756, 39.693318 ], [ 32.978367, 39.69267 ], [ 32.977894, 39.691421 ], [ 32.979704, 39.690952 ], [ 32.98094, 39.690098 ], [ 32.982724, 39.688283 ], [ 32.985894, 39.687232 ], [ 32.988337, 39.686277 ], [ 32.990134, 39.68516 ], [ 32.992187, 39.683403 ], [ 32.993421, 39.682635 ], [ 32.994475, 39.681969 ], [ 32.994496, 39.681979 ], [ 32.99501, 39.681806 ], [ 32.995515, 39.681709 ], [ 32.996621, 39.681571 ], [ 32.997033, 39.681481 ], [ 32.997422, 39.681382 ], [ 32.999399, 39.680639 ], [ 33.000619, 39.680175 ], [ 33.002164, 39.679571 ], [ 33.002575, 39.679409 ], [ 33.002324, 39.677914 ], [ 33.002476, 39.677465 ], [ 33.003116, 39.676616 ], [ 33.002978, 39.675987 ], [ 33.003254, 39.675627 ], [ 33.003858, 39.675144 ], [ 33.004832, 39.674335 ], [ 33.005399, 39.673992 ], [ 33.005319, 39.673829 ], [ 33.005647, 39.673503 ], [ 33.005894, 39.67343 ], [ 33.00627, 39.673065 ], [ 33.006759, 39.673008 ], [ 33.007298, 39.672245 ], [ 33.009888, 39.671819 ], [ 33.010952, 39.671473 ], [ 33.011501, 39.671021 ], [ 33.01171, 39.670974 ], [ 33.012283, 39.67114 ], [ 33.013165, 39.671298 ], [ 33.013497, 39.670902 ], [ 33.013909, 39.670882 ], [ 33.014668, 39.671196 ], [ 33.015, 39.670324 ], [ 33.015229, 39.669843 ], [ 33.016013, 39.668617 ], [ 33.016562, 39.668152 ], [ 33.017162, 39.667875 ], [ 33.017688, 39.667605 ], [ 33.017728, 39.667456 ], [ 33.016869, 39.66716 ], [ 33.019238, 39.665393 ], [ 33.02004, 39.665927 ], [ 33.020886, 39.665399 ], [ 33.021647, 39.664989 ], [ 33.021978, 39.664843 ], [ 33.023912, 39.6623 ], [ 33.027931, 39.658157 ], [ 33.030994, 39.660967 ], [ 33.033865, 39.659635 ], [ 33.03543, 39.661585 ], [ 33.035973, 39.662741 ], [ 33.04076, 39.66629 ], [ 33.041144, 39.667918 ], [ 33.049382, 39.675165 ], [ 33.057232, 39.675605 ], [ 33.059151, 39.680042 ], [ 33.05877, 39.68241 ], [ 33.059536, 39.683297 ], [ 33.055328, 39.689365 ], [ 33.05667, 39.690253 ], [ 33.056096, 39.691141 ], [ 33.057054, 39.69188 ], [ 33.055907, 39.693952 ], [ 33.061655, 39.6975 ], [ 33.062039, 39.698535 ], [ 33.070471, 39.703265 ], [ 33.070665, 39.705484 ] ] ] } },
{ "type": "Feature", "properties": { "ID": 14194.0, "NAME": "Yayla", "POPULATION": 208.0 }, "geometry": { "type": "Polygon", "coordinates": [ [ [ 33.049635, 39.739967 ], [ 33.049699, 39.738248 ], [ 33.050158, 39.736534 ], [ 33.050909, 39.734801 ], [ 33.050424, 39.733254 ], [ 33.049217, 39.730084 ], [ 33.049545, 39.729576 ], [ 33.050202, 39.729459 ], [ 33.050699, 39.729315 ], [ 33.051081, 39.729116 ], [ 33.051381, 39.727265 ], [ 33.05232, 39.726452 ], [ 33.052907, 39.724716 ], [ 33.053067, 39.724156 ], [ 33.053181, 39.72411 ], [ 33.054047, 39.724061 ], [ 33.055145, 39.723091 ], [ 33.057221, 39.722975 ], [ 33.058881, 39.721119 ], [ 33.05961, 39.718863 ], [ 33.062183, 39.715101 ], [ 33.062928, 39.714073 ], [ 33.063205, 39.713565 ], [ 33.063969, 39.713626 ], [ 33.06972, 39.717765 ], [ 33.075624, 39.720543 ], [ 33.088233, 39.722398 ], [ 33.096283, 39.72467 ], [ 33.104868, 39.725491 ], [ 33.103752, 39.730099 ], [ 33.101498, 39.732514 ], [ 33.097856, 39.73493 ], [ 33.092998, 39.738017 ], [ 33.086926, 39.741641 ], [ 33.082326, 39.743857 ], [ 33.076338, 39.746073 ], [ 33.073822, 39.74775 ], [ 33.074084, 39.749828 ], [ 33.072401, 39.757556 ], [ 33.071202, 39.75776 ], [ 33.069178, 39.75764 ], [ 33.067993, 39.757563 ], [ 33.066375, 39.756722 ], [ 33.065087, 39.755793 ], [ 33.064157, 39.755691 ], [ 33.061593, 39.755548 ], [ 33.060476, 39.754722 ], [ 33.060358, 39.754408 ], [ 33.06097, 39.750547 ], [ 33.05994, 39.749013 ], [ 33.058873, 39.747369 ], [ 33.058481, 39.745368 ], [ 33.057213, 39.743055 ], [ 33.055076, 39.741123 ], [ 33.052123, 39.74023 ], [ 33.051679, 39.740116 ], [ 33.049635, 39.739967 ] ] ] } },
{ "type": "Feature", "properties": { "ID": 14089.0, "NAME": "Akarlar", "POPULATION": 92.0 }, "geometry": { "type": "Polygon", "coordinates": [ [ [ 33.072401, 39.757556 ], [ 33.074084, 39.749828 ], [ 33.073822, 39.74775 ], [ 33.076338, 39.746073 ], [ 33.082326, 39.743857 ], [ 33.086926, 39.741641 ], [ 33.092998, 39.738017 ], [ 33.097856, 39.73493 ], [ 33.101498, 39.732514 ], [ 33.103752, 39.730099 ], [ 33.104868, 39.725491 ], [ 33.10912, 39.724215 ], [ 33.110656, 39.723059 ], [ 33.114292, 39.723378 ], [ 33.114299, 39.727279 ], [ 33.112226, 39.731871 ], [ 33.114609, 39.735081 ], [ 33.115508, 39.739441 ], [ 33.120567, 39.742648 ], [ 33.124728, 39.742874 ], [ 33.132459, 39.743783 ], [ 33.138119, 39.749514 ], [ 33.139675, 39.749812 ], [ 33.137662, 39.754438 ], [ 33.13542, 39.755123 ], [ 33.136891, 39.757833 ], [ 33.128036, 39.763065 ], [ 33.10246, 39.760795 ], [ 33.091176, 39.772279 ], [ 33.088624, 39.769061 ], [ 33.084556, 39.766479 ], [ 33.084162, 39.765747 ], [ 33.083643, 39.7651 ], [ 33.081794, 39.764727 ], [ 33.081133, 39.764038 ], [ 33.080017, 39.76195 ], [ 33.080154, 39.76081 ], [ 33.078313, 39.761015 ], [ 33.077943, 39.761002 ], [ 33.072401, 39.757556 ] ] ] } },
{ "type": "Feature", "properties": { "ID": 15173.0, "NAME": "Alacaatlı", "POPULATION": 46632.0 }, "geometry": { "type": "Polygon", "coordinates": [ [ [ 32.714488, 39.8292 ], [ 32.714435, 39.829403 ], [ 32.714325, 39.829488 ], [ 32.713802, 39.829782 ], [ 32.712655, 39.8306 ], [ 32.711715, 39.831278 ], [ 32.711126, 39.831724 ], [ 32.710892, 39.831733 ], [ 32.71007, 39.832476 ], [ 32.702871, 39.83899 ], [ 32.697098, 39.841865 ], [ 32.694284, 39.844842 ], [ 32.69225, 39.848081 ], [ 32.693152, 39.852737 ], [ 32.694633, 39.854622 ], [ 32.696085, 39.853556 ], [ 32.699109, 39.856812 ], [ 32.699561, 39.857484 ], [ 32.699613, 39.857698 ], [ 32.699544, 39.857881 ], [ 32.700056, 39.858132 ], [ 32.700619, 39.858236 ], [ 32.701138, 39.858283 ], [ 32.702332, 39.858533 ], [ 32.700418, 39.864217 ], [ 32.698088, 39.864328 ], [ 32.697217, 39.86425 ], [ 32.695962, 39.86412 ], [ 32.693858, 39.863929 ], [ 32.690509, 39.863895 ], [ 32.688902, 39.863955 ], [ 32.688157, 39.864141 ], [ 32.687606, 39.864403 ], [ 32.686893, 39.864767 ], [ 32.686552, 39.865082 ], [ 32.686304, 39.865501 ], [ 32.686002, 39.866446 ], [ 32.685888, 39.86733 ], [ 32.685548, 39.867641 ], [ 32.685395, 39.867225 ], [ 32.684926, 39.866515 ], [ 32.683627, 39.864896 ], [ 32.68295, 39.863937 ], [ 32.682595, 39.863291 ], [ 32.682196, 39.862416 ], [ 32.681898, 39.86191 ], [ 32.681575, 39.861604 ], [ 32.680397, 39.86104 ], [ 32.679675, 39.860697 ], [ 32.679235, 39.8604 ], [ 32.678263, 39.86052 ], [ 32.678805, 39.861993 ], [ 32.679028, 39.862626 ], [ 32.67913, 39.862843 ], [ 32.67928, 39.864321 ], [ 32.677927, 39.864372 ], [ 32.67727, 39.864549 ], [ 32.677066, 39.864616 ], [ 32.676553, 39.864809 ], [ 32.675946, 39.865039 ], [ 32.675306, 39.865217 ], [ 32.674724, 39.865439 ], [ 32.674301, 39.865508 ], [ 32.674291, 39.865573 ], [ 32.674228, 39.866306 ], [ 32.673376, 39.866249 ], [ 32.67301, 39.866288 ], [ 32.672451, 39.86647 ], [ 32.672118, 39.866579 ], [ 32.672152, 39.865008 ], [ 32.672169, 39.864843 ], [ 32.668435, 39.864496 ], [ 32.666531, 39.864012 ], [ 32.665661, 39.863795 ], [ 32.664564, 39.863573 ], [ 32.663955, 39.863147 ], [ 32.662559, 39.862414 ], [ 32.660192, 39.861149 ], [ 32.659434, 39.860669 ], [ 32.657369, 39.86044 ], [ 32.657398, 39.860291 ], [ 32.657516, 39.858459 ], [ 32.657506, 39.858399 ], [ 32.655475, 39.858455 ], [ 32.655323, 39.858455 ], [ 32.653546, 39.858477 ], [ 32.653364, 39.858477 ], [ 32.653117, 39.858482 ], [ 32.65273, 39.858484 ], [ 32.652263, 39.858513 ], [ 32.65193, 39.856822 ], [ 32.651878, 39.856183 ], [ 32.651809, 39.855237 ], [ 32.65015, 39.855241 ], [ 32.649131, 39.855281 ], [ 32.648287, 39.855291 ], [ 32.647867, 39.855217 ], [ 32.64731, 39.854967 ], [ 32.646384, 39.854555 ], [ 32.646301, 39.854502 ], [ 32.646743, 39.854049 ], [ 32.64627, 39.853715 ], [ 32.645737, 39.853363 ], [ 32.644993, 39.852918 ], [ 32.644726, 39.852792 ], [ 32.644181, 39.852548 ], [ 32.643143, 39.853521 ], [ 32.641507, 39.852742 ], [ 32.641377, 39.853841 ], [ 32.639863, 39.853198 ], [ 32.63867, 39.853216 ], [ 32.637049, 39.853179 ], [ 32.636857, 39.855244 ], [ 32.636742, 39.857375 ], [ 32.63571, 39.857159 ], [ 32.635711, 39.857157 ], [ 32.634387, 39.856883 ], [ 32.63264, 39.856502 ], [ 32.63217, 39.8564 ], [ 32.631504, 39.856217 ], [ 32.630783, 39.855879 ], [ 32.62894, 39.854301 ], [ 32.626539, 39.852291 ], [ 32.627295, 39.850874 ], [ 32.6281, 39.849851 ], [ 32.628498, 39.849385 ], [ 32.628942, 39.848991 ], [ 32.629666, 39.848358 ], [ 32.630461, 39.847756 ], [ 32.631966, 39.846811 ], [ 32.633415, 39.846145 ], [ 32.635978, 39.844906 ], [ 32.638276, 39.843759 ], [ 32.638997, 39.843333 ], [ 32.639235, 39.843134 ], [ 32.639261, 39.843141 ], [ 32.639881, 39.842719 ], [ 32.640072, 39.842553 ], [ 32.640939, 39.84199 ], [ 32.64195, 39.841086 ], [ 32.642281, 39.840731 ], [ 32.642581, 39.840344 ], [ 32.642804, 39.840162 ], [ 32.643934, 39.840997 ], [ 32.644303, 39.842049 ], [ 32.644494, 39.842896 ], [ 32.643819, 39.843456 ], [ 32.644962, 39.844234 ], [ 32.645288, 39.844365 ], [ 32.645444, 39.844181 ], [ 32.647428, 39.844375 ], [ 32.64784, 39.844411 ], [ 32.649144, 39.844414 ], [ 32.649075, 39.843573 ], [ 32.649914, 39.843463 ], [ 32.650023, 39.843277 ], [ 32.650107, 39.842268 ], [ 32.650127, 39.842259 ], [ 32.650436, 39.842243 ], [ 32.651018, 39.842265 ], [ 32.651214, 39.842277 ], [ 32.651976, 39.84229 ], [ 32.652751, 39.842325 ], [ 32.655055, 39.842368 ], [ 32.657298, 39.842547 ], [ 32.658573, 39.842778 ], [ 32.658646, 39.842507 ], [ 32.658594, 39.842321 ], [ 32.658309, 39.841862 ], [ 32.658352, 39.841703 ], [ 32.658223, 39.841556 ], [ 32.657878, 39.841277 ], [ 32.657524, 39.840918 ], [ 32.65749, 39.840791 ], [ 32.65755, 39.840612 ], [ 32.657541, 39.840512 ], [ 32.657878, 39.8402 ], [ 32.658275, 39.83994 ], [ 32.658761, 39.839673 ], [ 32.659491, 39.839621 ], [ 32.65994, 39.839781 ], [ 32.660932, 39.838903 ], [ 32.661397, 39.838917 ], [ 32.662148, 39.838469 ], [ 32.662813, 39.838088 ], [ 32.663127, 39.837882 ], [ 32.663453, 39.837683 ], [ 32.664288, 39.837313 ], [ 32.66843, 39.835281 ], [ 32.670687, 39.833395 ], [ 32.671733, 39.830185 ], [ 32.671676, 39.826079 ], [ 32.669829, 39.822198 ], [ 32.666507, 39.821977 ], [ 32.665965, 39.82126 ], [ 32.667333, 39.818472 ], [ 32.66908, 39.820345 ], [ 32.67087, 39.819887 ], [ 32.673601, 39.821935 ], [ 32.676794, 39.822059 ], [ 32.676312, 39.819722 ], [ 32.675429, 39.817621 ], [ 32.676646, 39.815327 ], [ 32.678841, 39.815119 ], [ 32.678796, 39.817662 ], [ 32.682752, 39.823653 ], [ 32.685001, 39.823767 ], [ 32.690181, 39.823384 ], [ 32.69328, 39.827313 ], [ 32.69423, 39.826757 ], [ 32.694482, 39.826657 ], [ 32.69562, 39.826103 ], [ 32.698143, 39.824952 ], [ 32.698433, 39.824764 ], [ 32.699068, 39.824404 ], [ 32.701904, 39.823189 ], [ 32.702917, 39.822889 ], [ 32.704516, 39.822645 ], [ 32.706372, 39.822681 ], [ 32.707442, 39.822854 ], [ 32.709677, 39.823817 ], [ 32.70907, 39.824512 ], [ 32.711469, 39.824849 ], [ 32.712737, 39.82553 ], [ 32.713936, 39.825694 ], [ 32.714179, 39.826451 ], [ 32.714344, 39.827291 ], [ 32.714488, 39.8292 ] ] ] } },
{ "type": "Feature", "properties": { "ID": 15231.0, "NAME": "Yaşamkent", "POPULATION": 22677.0 }, "geometry": { "type": "Polygon", "coordinates": [ [ [ 32.67414, 39.869573 ], [ 32.673007, 39.87016 ], [ 32.673071, 39.870249 ], [ 32.671111, 39.87232 ], [ 32.670982, 39.8724 ], [ 32.668984, 39.87399 ], [ 32.668494, 39.873729 ], [ 32.667954, 39.873546 ], [ 32.667537, 39.8735 ], [ 32.66738, 39.873475 ], [ 32.665632, 39.873114 ], [ 32.665205, 39.873115 ], [ 32.663749, 39.873136 ], [ 32.663415, 39.87317 ], [ 32.662614, 39.873281 ], [ 32.661462, 39.873359 ], [ 32.660956, 39.873379 ], [ 32.6583, 39.87336 ], [ 32.657028, 39.87335 ], [ 32.655682, 39.873417 ], [ 32.655398, 39.873445 ], [ 32.65514, 39.873459 ], [ 32.65502, 39.873695 ], [ 32.65429, 39.873909 ], [ 32.65404, 39.873936 ], [ 32.65363, 39.873927 ], [ 32.652938, 39.873903 ], [ 32.651958, 39.873458 ], [ 32.651148, 39.873052 ], [ 32.650682, 39.872818 ], [ 32.649128, 39.872001 ], [ 32.64786, 39.871567 ], [ 32.647529, 39.871449 ], [ 32.645571, 39.872341 ], [ 32.639566, 39.868147 ], [ 32.637757, 39.866899 ], [ 32.636391, 39.86607 ], [ 32.637463, 39.865331 ], [ 32.638497, 39.864752 ], [ 32.637694, 39.863773 ], [ 32.636696, 39.862467 ], [ 32.636378, 39.861599 ], [ 32.636361, 39.860267 ], [ 32.636261, 39.860278 ], [ 32.635517, 39.86031 ], [ 32.635364, 39.859479 ], [ 32.635426, 39.85878 ], [ 32.635499, 39.857841 ], [ 32.635415, 39.857782 ], [ 32.634236, 39.857378 ], [ 32.634356, 39.856931 ], [ 32.634387, 39.856883 ], [ 32.635711, 39.857157 ], [ 32.63571, 39.857159 ], [ 32.636742, 39.857375 ], [ 32.636857, 39.855244 ], [ 32.637049, 39.853179 ], [ 32.63867, 39.853216 ], [ 32.639863, 39.853198 ], [ 32.641377, 39.853841 ], [ 32.641507, 39.852742 ], [ 32.643143, 39.853521 ], [ 32.644181, 39.852548 ], [ 32.644726, 39.852792 ], [ 32.644993, 39.852918 ], [ 32.645737, 39.853363 ], [ 32.64627, 39.853715 ], [ 32.646743, 39.854049 ], [ 32.646301, 39.854502 ], [ 32.646384, 39.854555 ], [ 32.64731, 39.854967 ], [ 32.647867, 39.855217 ], [ 32.648287, 39.855291 ], [ 32.649131, 39.855281 ], [ 32.65015, 39.855241 ], [ 32.651809, 39.855237 ], [ 32.651878, 39.856183 ], [ 32.65193, 39.856822 ], [ 32.652263, 39.858513 ], [ 32.65273, 39.858484 ], [ 32.653117, 39.858482 ], [ 32.653364, 39.858477 ], [ 32.653546, 39.858477 ], [ 32.655323, 39.858455 ], [ 32.655475, 39.858455 ], [ 32.657506, 39.858399 ], [ 32.657516, 39.858459 ], [ 32.657398, 39.860291 ], [ 32.657369, 39.86044 ], [ 32.659434, 39.860669 ], [ 32.660192, 39.861149 ], [ 32.662559, 39.862414 ], [ 32.663955, 39.863147 ], [ 32.664564, 39.863573 ], [ 32.665661, 39.863795 ], [ 32.666531, 39.864012 ], [ 32.668435, 39.864496 ], [ 32.672169, 39.864843 ], [ 32.672152, 39.865008 ], [ 32.672118, 39.866579 ], [ 32.672568, 39.867051 ], [ 32.67414, 39.869573 ] ] ] } },
{ "type": "Feature", "properties": { "ID": 15212.0, "NAME": "Konutkent", "POPULATION": 9487.0 }, "geometry": { "type": "Polygon", "coordinates": [ [ [ 32.677231, 39.87856 ], [ 32.676903, 39.878851 ], [ 32.6756, 39.880489 ], [ 32.675293, 39.880673 ], [ 32.671496, 39.881901 ], [ 32.668576, 39.882858 ], [ 32.668407, 39.882981 ], [ 32.66835, 39.88309 ], [ 32.66827, 39.883258 ], [ 32.668098, 39.883804 ], [ 32.667914, 39.884338 ], [ 32.667767, 39.884526 ], [ 32.667168, 39.884974 ], [ 32.665576, 39.886234 ], [ 32.662564, 39.884149 ], [ 32.660051, 39.882397 ], [ 32.657797, 39.880844 ], [ 32.655082, 39.878948 ], [ 32.650479, 39.87575 ], [ 32.64856, 39.874416 ], [ 32.647065, 39.873378 ], [ 32.645571, 39.872341 ], [ 32.647529, 39.871449 ], [ 32.64786, 39.871567 ], [ 32.649128, 39.872001 ], [ 32.650682, 39.872818 ], [ 32.651148, 39.873052 ], [ 32.651958, 39.873458 ], [ 32.652938, 39.873903 ], [ 32.65363, 39.873927 ], [ 32.65404, 39.873936 ], [ 32.65429, 39.873909 ], [ 32.65502, 39.873695 ], [ 32.65514, 39.873459 ], [ 32.655398, 39.873445 ], [ 32.655682, 39.873417 ], [ 32.657028, 39.87335 ], [ 32.6583, 39.87336 ], [ 32.660956, 39.873379 ], [ 32.661462, 39.873359 ], [ 32.662614, 39.873281 ], [ 32.663415, 39.87317 ], [ 32.663749, 39.873136 ], [ 32.665205, 39.873115 ], [ 32.665632, 39.873114 ], [ 32.66738, 39.873475 ], [ 32.667537, 39.8735 ], [ 32.667954, 39.873546 ], [ 32.668494, 39.873729 ], [ 32.668984, 39.87399 ], [ 32.670554, 39.874954 ], [ 32.671958, 39.875785 ], [ 32.672269, 39.875969 ], [ 32.672478, 39.876223 ], [ 32.674103, 39.877099 ], [ 32.675253, 39.877634 ], [ 32.676995, 39.878444 ], [ 32.677231, 39.87856 ] ] ] } },
{ "type": "Feature", "properties": { "ID": 15191.0, "NAME": "Dodurga", "POPULATION": 13355.0 }, "geometry": { "type": "Polygon", "coordinates": [ [ [ 32.643819, 39.843456 ], [ 32.644494, 39.842896 ], [ 32.644303, 39.842049 ], [ 32.643934, 39.840997 ], [ 32.642804, 39.840162 ], [ 32.643488, 39.839364 ], [ 32.644952, 39.836839 ], [ 32.646164, 39.822395 ], [ 32.645213, 39.813961 ], [ 32.644143, 39.807176 ], [ 32.644618, 39.803784 ], [ 32.64652, 39.800942 ], [ 32.650443, 39.798191 ], [ 32.660905, 39.791038 ], [ 32.663639, 39.786269 ], [ 32.664251, 39.78457 ], [ 32.664573, 39.785269 ], [ 32.665585, 39.788686 ], [ 32.66577, 39.789246 ], [ 32.665931, 39.789771 ], [ 32.666117, 39.790187 ], [ 32.667673, 39.792811 ], [ 32.669393, 39.795599 ], [ 32.670276, 39.797173 ], [ 32.66875, 39.797909 ], [ 32.669215, 39.798669 ], [ 32.671668, 39.799905 ], [ 32.671479, 39.800284 ], [ 32.671757, 39.800989 ], [ 32.672456, 39.801678 ], [ 32.67304, 39.802041 ], [ 32.671743, 39.803862 ], [ 32.672934, 39.80457 ], [ 32.674245, 39.804754 ], [ 32.67433, 39.806579 ], [ 32.676426, 39.809386 ], [ 32.678426, 39.812373 ], [ 32.67884, 39.814199 ], [ 32.678841, 39.815119 ], [ 32.676646, 39.815327 ], [ 32.675429, 39.817621 ], [ 32.676312, 39.819722 ], [ 32.676794, 39.822059 ], [ 32.673601, 39.821935 ], [ 32.67087, 39.819887 ], [ 32.66908, 39.820345 ], [ 32.667333, 39.818472 ], [ 32.665965, 39.82126 ], [ 32.666507, 39.821977 ], [ 32.669829, 39.822198 ], [ 32.671676, 39.826079 ], [ 32.671733, 39.830185 ], [ 32.670687, 39.833395 ], [ 32.66843, 39.835281 ], [ 32.664288, 39.837313 ], [ 32.663453, 39.837683 ], [ 32.663127, 39.837882 ], [ 32.662813, 39.838088 ], [ 32.662148, 39.838469 ], [ 32.661397, 39.838917 ], [ 32.660932, 39.838903 ], [ 32.65994, 39.839781 ], [ 32.659491, 39.839621 ], [ 32.658761, 39.839673 ], [ 32.658275, 39.83994 ], [ 32.657878, 39.8402 ], [ 32.657541, 39.840512 ], [ 32.65755, 39.840612 ], [ 32.65749, 39.840791 ], [ 32.657524, 39.840918 ], [ 32.657878, 39.841277 ], [ 32.658223, 39.841556 ], [ 32.658352, 39.841703 ], [ 32.658309, 39.841862 ], [ 32.658594, 39.842321 ], [ 32.658646, 39.842507 ], [ 32.658573, 39.842778 ], [ 32.657298, 39.842547 ], [ 32.655055, 39.842368 ], [ 32.652751, 39.842325 ], [ 32.651976, 39.84229 ], [ 32.651214, 39.842277 ], [ 32.651018, 39.842265 ], [ 32.650436, 39.842243 ], [ 32.650127, 39.842259 ], [ 32.650107, 39.842268 ], [ 32.650023, 39.843277 ], [ 32.649914, 39.843463 ], [ 32.649075, 39.843573 ], [ 32.649144, 39.844414 ], [ 32.64784, 39.844411 ], [ 32.647428, 39.844375 ], [ 32.645444, 39.844181 ], [ 32.645288, 39.844365 ], [ 32.644962, 39.844234 ], [ 32.643819, 39.843456 ] ] ] } },
{ "type": "Feature", "properties": { "ID": 15221.0, "NAME": "Prof. Dr. Ahmet Taner Kışlalı", "POPULATION": 18751.0 }, "geometry": { "type": "Polygon", "coordinates": [ [ [ 32.703645, 39.869363 ], [ 32.703613, 39.869822 ], [ 32.703467, 39.870057 ], [ 32.702919, 39.87064 ], [ 32.702863, 39.870777 ], [ 32.702868, 39.871102 ], [ 32.702892, 39.87116 ], [ 32.703027, 39.871403 ], [ 32.702556, 39.871764 ], [ 32.701471, 39.872901 ], [ 32.699657, 39.874817 ], [ 32.69771, 39.873856 ], [ 32.696323, 39.873463 ], [ 32.695915, 39.873375 ], [ 32.695225, 39.873341 ], [ 32.693208, 39.87363 ], [ 32.691133, 39.873919 ], [ 32.690264, 39.874066 ], [ 32.689732, 39.874017 ], [ 32.689756, 39.874097 ], [ 32.689847, 39.874479 ], [ 32.689517, 39.874552 ], [ 32.689509, 39.874594 ], [ 32.68987, 39.875579 ], [ 32.690017, 39.875802 ], [ 32.690082, 39.876175 ], [ 32.690111, 39.876364 ], [ 32.690216, 39.876833 ], [ 32.690327, 39.877319 ], [ 32.690363, 39.877447 ], [ 32.690409, 39.877717 ], [ 32.691377, 39.878105 ], [ 32.691355, 39.878137 ], [ 32.691358, 39.878138 ], [ 32.69116, 39.878421 ], [ 32.690837, 39.87889 ], [ 32.691448, 39.879102 ], [ 32.692201, 39.879495 ], [ 32.692493, 39.879779 ], [ 32.692856, 39.88074 ], [ 32.692997, 39.881197 ], [ 32.692952, 39.8814 ], [ 32.692852, 39.881494 ], [ 32.692726, 39.881545 ], [ 32.692376, 39.881536 ], [ 32.692024, 39.881514 ], [ 32.691902, 39.881513 ], [ 32.691333, 39.881495 ], [ 32.69112, 39.8819 ], [ 32.691049, 39.881979 ], [ 32.690936, 39.882043 ], [ 32.689958, 39.882202 ], [ 32.690243, 39.883549 ], [ 32.689961, 39.884004 ], [ 32.688884, 39.883543 ], [ 32.684348, 39.881608 ], [ 32.677231, 39.87856 ], [ 32.676995, 39.878444 ], [ 32.675253, 39.877634 ], [ 32.674103, 39.877099 ], [ 32.672478, 39.876223 ], [ 32.672269, 39.875969 ], [ 32.671958, 39.875785 ], [ 32.670554, 39.874954 ], [ 32.668984, 39.87399 ], [ 32.670982, 39.8724 ], [ 32.671111, 39.87232 ], [ 32.673071, 39.870249 ], [ 32.673007, 39.87016 ], [ 32.67414, 39.869573 ], [ 32.672568, 39.867051 ], [ 32.672118, 39.866579 ], [ 32.672451, 39.86647 ], [ 32.67301, 39.866288 ], [ 32.673376, 39.866249 ], [ 32.674228, 39.866306 ], [ 32.674291, 39.865573 ], [ 32.674301, 39.865508 ], [ 32.674724, 39.865439 ], [ 32.675306, 39.865217 ], [ 32.675946, 39.865039 ], [ 32.676553, 39.864809 ], [ 32.677066, 39.864616 ], [ 32.67727, 39.864549 ], [ 32.677927, 39.864372 ], [ 32.67928, 39.864321 ], [ 32.67913, 39.862843 ], [ 32.679028, 39.862626 ], [ 32.678805, 39.861993 ], [ 32.678263, 39.86052 ], [ 32.679235, 39.8604 ], [ 32.679675, 39.860697 ], [ 32.680397, 39.86104 ], [ 32.681575, 39.861604 ], [ 32.681898, 39.86191 ], [ 32.682196, 39.862416 ], [ 32.682595, 39.863291 ], [ 32.68295, 39.863937 ], [ 32.683627, 39.864896 ], [ 32.684926, 39.866515 ], [ 32.685395, 39.867225 ], [ 32.685548, 39.867641 ], [ 32.685888, 39.86733 ], [ 32.686002, 39.866446 ], [ 32.686304, 39.865501 ], [ 32.686552, 39.865082 ], [ 32.686893, 39.864767 ], [ 32.687606, 39.864403 ], [ 32.688157, 39.864141 ], [ 32.688902, 39.863955 ], [ 32.690509, 39.863895 ], [ 32.693858, 39.863929 ], [ 32.695962, 39.86412 ], [ 32.697217, 39.86425 ], [ 32.698088, 39.864328 ], [ 32.700418, 39.864217 ], [ 32.699952, 39.865333 ], [ 32.700059, 39.86538 ], [ 32.700153, 39.865409 ], [ 32.700581, 39.865598 ], [ 32.7012, 39.865871 ], [ 32.70165, 39.866097 ], [ 32.701789, 39.866152 ], [ 32.701882, 39.866177 ], [ 32.702208, 39.866179 ], [ 32.703559, 39.866497 ], [ 32.703228, 39.867078 ], [ 32.702978, 39.867304 ], [ 32.70277, 39.867652 ], [ 32.702718, 39.867801 ], [ 32.702764, 39.867863 ], [ 32.702914, 39.868093 ], [ 32.703133, 39.868307 ], [ 32.703284, 39.868599 ], [ 32.703401, 39.869079 ], [ 32.703645, 39.869363 ] ] ] } },
{ "type": "Feature", "properties": { "ID": 15186.0, "NAME": "Çayyolu", "POPULATION": 6925.0 }, "geometry": { "type": "Polygon", "coordinates": [ [ [ 32.698557, 39.888586 ], [ 32.698012, 39.888878 ], [ 32.697758, 39.889248 ], [ 32.697414, 39.890021 ], [ 32.697215, 39.890177 ], [ 32.697066, 39.890351 ], [ 32.6967, 39.8907 ], [ 32.696131, 39.891211 ], [ 32.695036, 39.891114 ], [ 32.690659, 39.893608 ], [ 32.68999, 39.893607 ], [ 32.689824, 39.893409 ], [ 32.689813, 39.88952 ], [ 32.689629, 39.889401 ], [ 32.689408, 39.889254 ], [ 32.689276, 39.889145 ], [ 32.689637, 39.888879 ], [ 32.690003, 39.888602 ], [ 32.690688, 39.887923 ], [ 32.690011, 39.887526 ], [ 32.689814, 39.8869 ], [ 32.69042, 39.885744 ], [ 32.690809, 39.885612 ], [ 32.692723, 39.885215 ], [ 32.692787, 39.885132 ], [ 32.689961, 39.884004 ], [ 32.690243, 39.883549 ], [ 32.689958, 39.882202 ], [ 32.690936, 39.882043 ], [ 32.691049, 39.881979 ], [ 32.69112, 39.8819 ], [ 32.691333, 39.881495 ], [ 32.691902, 39.881513 ], [ 32.692024, 39.881514 ], [ 32.692376, 39.881536 ], [ 32.692726, 39.881545 ], [ 32.692852, 39.881494 ], [ 32.692952, 39.8814 ], [ 32.692997, 39.881197 ], [ 32.692856, 39.88074 ], [ 32.692493, 39.879779 ], [ 32.692201, 39.879495 ], [ 32.691448, 39.879102 ], [ 32.690837, 39.87889 ], [ 32.69116, 39.878421 ], [ 32.691358, 39.878138 ], [ 32.691355, 39.878137 ], [ 32.691377, 39.878105 ], [ 32.690409, 39.877717 ], [ 32.690363, 39.877447 ], [ 32.690327, 39.877319 ], [ 32.690216, 39.876833 ], [ 32.690111, 39.876364 ], [ 32.690082, 39.876175 ], [ 32.690017, 39.875802 ], [ 32.68987, 39.875579 ], [ 32.689509, 39.874594 ], [ 32.689517, 39.874552 ], [ 32.689847, 39.874479 ], [ 32.689756, 39.874097 ], [ 32.689732, 39.874017 ], [ 32.690264, 39.874066 ], [ 32.691133, 39.873919 ], [ 32.693208, 39.87363 ], [ 32.695225, 39.873341 ], [ 32.695915, 39.873375 ], [ 32.696323, 39.873463 ], [ 32.69771, 39.873856 ], [ 32.699657, 39.874817 ], [ 32.700168, 39.875035 ], [ 32.700622, 39.875197 ], [ 32.701663, 39.875501 ], [ 32.703808, 39.875913 ], [ 32.704619, 39.876099 ], [ 32.705142, 39.8763 ], [ 32.707658, 39.877745 ], [ 32.710143, 39.879917 ], [ 32.711273, 39.880999 ], [ 32.70986, 39.882339 ], [ 32.709555, 39.882771 ], [ 32.7094, 39.88311 ], [ 32.709276, 39.883166 ], [ 32.709375, 39.883231 ], [ 32.709449, 39.88328 ], [ 32.709762, 39.88335 ], [ 32.709766, 39.883506 ], [ 32.709803, 39.883671 ], [ 32.709946, 39.884083 ], [ 32.710133, 39.884766 ], [ 32.710129, 39.884875 ], [ 32.710087, 39.884976 ], [ 32.709963, 39.88514 ], [ 32.709813, 39.885339 ], [ 32.70957, 39.885651 ], [ 32.709117, 39.886337 ], [ 32.709613, 39.88654 ], [ 32.710663, 39.886902 ], [ 32.710461, 39.887353 ], [ 32.71023, 39.887278 ], [ 32.70997, 39.88725 ], [ 32.709554, 39.887282 ], [ 32.709214, 39.887381 ], [ 32.708842, 39.887495 ], [ 32.708545, 39.887578 ], [ 32.708276, 39.887605 ], [ 32.708128, 39.88762 ], [ 32.707488, 39.887375 ], [ 32.707204, 39.886698 ], [ 32.707077, 39.88654 ], [ 32.706727, 39.886574 ], [ 32.706438, 39.885765 ], [ 32.706449, 39.885636 ], [ 32.706163, 39.885668 ], [ 32.706105, 39.885621 ], [ 32.70603, 39.885577 ], [ 32.705978, 39.885563 ], [ 32.70594, 39.88559 ], [ 32.705921, 39.885622 ], [ 32.705796, 39.885696 ], [ 32.705368, 39.885733 ], [ 32.705263, 39.885741 ], [ 32.705183, 39.885741 ], [ 32.705135, 39.885729 ], [ 32.703642, 39.886565 ], [ 32.701209, 39.887675 ], [ 32.701096, 39.887835 ], [ 32.700272, 39.888366 ], [ 32.700137, 39.88814 ], [ 32.699675, 39.887618 ], [ 32.699295, 39.887532 ], [ 32.69901, 39.887602 ], [ 32.698837, 39.88784 ], [ 32.698858, 39.887992 ], [ 32.699049, 39.88824 ], [ 32.69891, 39.888381 ], [ 32.698827, 39.888535 ], [ 32.698557, 39.888586 ] ] ] } },
{ "type": "Feature", "properties": { "ID": 14170.0, "NAME": "Mutlukent", "POPULATION": 20458.0 }, "geometry": { "type": "Polygon", "coordinates": [ [ [ 32.732207, 39.905714 ], [ 32.732039, 39.905939 ], [ 32.731914, 39.906176 ], [ 32.731872, 39.906311 ], [ 32.731838, 39.906491 ], [ 32.711186, 39.905686 ], [ 32.711178, 39.905307 ], [ 32.711019, 39.904882 ], [ 32.710516, 39.904298 ], [ 32.710185, 39.903944 ], [ 32.708924, 39.902549 ], [ 32.707668, 39.901129 ], [ 32.706773, 39.899908 ], [ 32.706093, 39.899033 ], [ 32.704275, 39.896405 ], [ 32.703255, 39.894796 ], [ 32.702968, 39.894245 ], [ 32.702624, 39.893455 ], [ 32.70203, 39.892048 ], [ 32.701929, 39.89172 ], [ 32.70182, 39.891199 ], [ 32.701745, 39.890698 ], [ 32.701653, 39.889965 ], [ 32.701503, 39.888512 ], [ 32.701334, 39.88813 ], [ 32.701096, 39.887835 ], [ 32.701209, 39.887675 ], [ 32.703642, 39.886565 ], [ 32.705135, 39.885729 ], [ 32.705183, 39.885741 ], [ 32.705263, 39.885741 ], [ 32.705368, 39.885733 ], [ 32.705796, 39.885696 ], [ 32.705921, 39.885622 ], [ 32.70594, 39.88559 ], [ 32.705978, 39.885563 ], [ 32.70603, 39.885577 ], [ 32.706105, 39.885621 ], [ 32.706163, 39.885668 ], [ 32.706449, 39.885636 ], [ 32.706438, 39.885765 ], [ 32.706727, 39.886574 ], [ 32.707077, 39.88654 ], [ 32.707204, 39.886698 ], [ 32.707488, 39.887375 ], [ 32.708128, 39.88762 ], [ 32.708276, 39.887605 ], [ 32.708545, 39.887578 ], [ 32.708842, 39.887495 ], [ 32.709214, 39.887381 ], [ 32.709554, 39.887282 ], [ 32.70997, 39.88725 ], [ 32.71023, 39.887278 ], [ 32.710461, 39.887353 ], [ 32.710663, 39.886902 ], [ 32.709613, 39.88654 ], [ 32.709117, 39.886337 ], [ 32.70957, 39.885651 ], [ 32.709813, 39.885339 ], [ 32.709963, 39.88514 ], [ 32.710087, 39.884976 ], [ 32.710129, 39.884875 ], [ 32.710133, 39.884766 ], [ 32.709946, 39.884083 ], [ 32.709803, 39.883671 ], [ 32.709766, 39.883506 ], [ 32.709762, 39.88335 ], [ 32.709449, 39.88328 ], [ 32.709375, 39.883231 ], [ 32.709276, 39.883166 ], [ 32.7094, 39.88311 ], [ 32.709555, 39.882771 ], [ 32.70986, 39.882339 ], [ 32.711273, 39.880999 ], [ 32.710143, 39.879917 ], [ 32.707658, 39.877745 ], [ 32.705142, 39.8763 ], [ 32.704619, 39.876099 ], [ 32.703808, 39.875913 ], [ 32.701663, 39.875501 ], [ 32.700622, 39.875197 ], [ 32.700168, 39.875035 ], [ 32.699657, 39.874817 ], [ 32.701471, 39.872901 ], [ 32.702556, 39.871764 ], [ 32.703027, 39.871403 ], [ 32.705868, 39.871972 ], [ 32.707836, 39.871219 ], [ 32.709492, 39.869626 ], [ 32.710663, 39.868396 ], [ 32.713589, 39.866351 ], [ 32.717244, 39.866918 ], [ 32.717252, 39.866865 ], [ 32.717405, 39.866903 ], [ 32.71801, 39.867055 ], [ 32.718961, 39.867329 ], [ 32.720022, 39.867582 ], [ 32.721021, 39.867879 ], [ 32.721723, 39.868085 ], [ 32.722446, 39.868363 ], [ 32.722001, 39.869258 ], [ 32.721907, 39.869457 ], [ 32.721836, 39.869564 ], [ 32.722225, 39.869736 ], [ 32.722393, 39.869907 ], [ 32.722597, 39.870455 ], [ 32.723669, 39.871942 ], [ 32.721321, 39.872343 ], [ 32.720263, 39.872965 ], [ 32.721673, 39.874134 ], [ 32.721316, 39.875441 ], [ 32.720634, 39.875799 ], [ 32.721342, 39.876525 ], [ 32.721739, 39.877366 ], [ 32.720852, 39.877942 ], [ 32.721754, 39.879103 ], [ 32.724549, 39.877844 ], [ 32.72452, 39.877993 ], [ 32.72439, 39.878664 ], [ 32.725106, 39.879987 ], [ 32.725124, 39.880437 ], [ 32.724731, 39.881111 ], [ 32.724292, 39.881277 ], [ 32.724084, 39.881416 ], [ 32.724039, 39.881438 ], [ 32.723939, 39.881396 ], [ 32.723884, 39.881478 ], [ 32.723884, 39.881496 ], [ 32.720595, 39.882512 ], [ 32.719016, 39.882794 ], [ 32.719071, 39.883559 ], [ 32.721319, 39.886462 ], [ 32.720886, 39.887541 ], [ 32.719288, 39.887896 ], [ 32.719656, 39.888278 ], [ 32.72065, 39.889464 ], [ 32.721602, 39.89041 ], [ 32.722696, 39.891223 ], [ 32.723151, 39.891476 ], [ 32.724562, 39.892251 ], [ 32.725335, 39.892538 ], [ 32.72719, 39.893227 ], [ 32.727849, 39.89353 ], [ 32.728747, 39.893998 ], [ 32.730147, 39.894824 ], [ 32.733492, 39.896817 ], [ 32.733677, 39.896927 ], [ 32.732726, 39.905122 ], [ 32.73228, 39.905558 ], [ 32.732207, 39.905714 ] ] ] } }
]
}
