{
"type": "FeatureCollection",
"name": "ARAC_SARJ",
"crs": { "type": "name", "properties": { "name": "urn:ogc:def:crs:OGC:1.3:CRS84" } },
"features": [
{ "type": "Feature", "properties": { "ID": 23729.0, "SIRA_NO": 244.0, "ISTASYON_NO": "ŞRJ/3587", "ISTASYON_ADI": "SİNPAŞ MARİNA", "HIZMET_SEKLI": "OZEL", "MARKA": "ESTASYON", "MARKAADI": "Estasyon", "SARJ_AGI_ISLETMECISI": "İSTASYON ŞARJ HİZMETLERİ ANONİM ŞİRKETİ", "YESIL_SARJ_ISTASYONU_MU": "", "ADRES": "İlkbahar Mahallesi Galip Erdem Sokağı  No:72 ( Ada: - , Pafta: - , Parsel: - )", "SOKET_NO": "SKT/7193", "SOKET_TIPI": "AC", "SOKET_TURU": "AC_TYPE2", "SOKET_GUCU_KW": "22" }, "geometry": { "type": "Point", "coordinates": [ 32.856344, 39.848029 ] } },
{ "type": "Feature", "properties": { "ID": 14949.0, "SIRA_NO": 45.0, "ISTASYON_NO": "ŞRJ/5894", "ISTASYON_ADI": "TOBB İkizkule", "HIZMET_SEKLI": "HALKA_ACIK", "MARKA": "Trugo", "MARKAADI": "Trugo", "SARJ_AGI_ISLETMECISI": "TRUGO AKILLI ŞARJ ÇÖZÜMLERİ SANAYİ VE TİCARET ANONİM ŞİRKETİ", "YESIL_SARJ_ISTASYONU_MU": "Evet", "ADRES": "Mustafa Kemal Mahallesi  No:252 Çankaya / ANKARA", "SOKET_NO": "SKT/12836", "SOKET_TIPI": "DC", "SOKET_TURU": "DC_CCS", "SOKET_GUCU_KW": "180" }, "geometry": { "type": "Point", "coordinates": [ 32.76123, 39.908239 ] } },
{ "type": "Feature", "properties": { "ID": 14641.0, "SIRA_NO": 409.0, "ISTASYON_NO": "ŞRJ/8350", "ISTASYON_ADI": "Shell Alacaatlı", "HIZMET_SEKLI": "HALKA_ACIK", "MARKA": "Trugo", "MARKAADI": "Trugo", "SARJ_AGI_ISLETMECISI": "TRUGO AKILLI ŞARJ ÇÖZÜMLERİ SANAYİ VE TİCARET ANONİM ŞİRKETİ", "YESIL_SARJ_ISTASYONU_MU": "Evet", "ADRES": "Alacaatlı Mahallesi Çankaya / ANKARA", "SOKET_NO": "SKT/19171", "SOKET_TIPI": "DC", "SOKET_TURU": "DC_CCS", "SOKET_GUCU_KW": "180" }, "geometry": { "type": "Point", "coordinates": [ 32.67509, 39.842132 ] } },
{ "type": "Feature", "properties": { "ID": 12648.0, "SIRA_NO": 485.0, "ISTASYON_NO": "ŞRJ/3163", "ISTASYON_ADI": "ASTORŞARJ CAPO ELEKTRİKLİ ARAÇ ŞARJ İSTASYONU", "HIZMET_SEKLI": "HALKA_ACIK", "MARKA": "ASTOR", "MARKAADI": "Astor", "SARJ_AGI_ISLETMECISI": "ASTOR ENERJİ ANONİM ŞİRKETİ", "YESIL_SARJ_ISTASYONU_MU": "", "ADRES": "Ahmet Taner Kışlalı Mahallesi Alacaatlı Sokağı  No:9 /1K Çankaya / ANKARA", "SOKET_NO": "SKT/6125", "SOKET_TIPI": "AC", "SOKET_TURU": "AC_TYPE2", "SOKET_GUCU_KW": "22" }, "geometry": { "type": "Point", "coordinates": [ 32.688819, 39.871737 ] } },
{ "type": "Feature", "properties": { "ID": 12652.0, "SIRA_NO": 488.0, "ISTASYON_NO": "ŞRJ/3498", "ISTASYON_ADI": "ASTORŞARJ GORDİON KONUTLARI ANKARA ELEKTRİKLİ ARAÇ ŞARJ İSTASYONU", "HIZMET_SEKLI": "OZEL", "MARKA": "ASTOR", "MARKAADI": "Astor", "SARJ_AGI_ISLETMECISI": "ASTOR ENERJİ ANONİM ŞİRKETİ", "YESIL_SARJ_ISTASYONU_MU": "", "ADRES": "Koru Mahallesi Ankaralılar Sokağı  No:18 Çankaya / ANKARA", "SOKET_NO": "SKT/6977", "SOKET_TIPI": "AC", "SOKET_TURU": "AC_TYPE2", "SOKET_GUCU_KW": "22" }, "geometry": { "type": "Point", "coordinates": [ 32.688571, 39.887724 ] } },
{ "type": "Feature", "properties": { "ID": 12785.0, "SIRA_NO": 39.0, "ISTASYON_NO": "ŞRJ/7209", "ISTASYON_ADI": "ASTORŞARJ ELYA CENTER ELEKTRİKLİ ARAÇ ŞARJ İSTASYONU", "HIZMET_SEKLI": "HALKA_ACIK", "MARKA": "ASTOR", "MARKAADI": "Astor", "SARJ_AGI_ISLETMECISI": "ASTOR ENERJİ ANONİM ŞİRKETİ", "YESIL_SARJ_ISTASYONU_MU": "", "ADRES": "Konutkent Mahallesi Dumlupınar Sokağı  No:399 /182 Çankaya / ANKARA", "SOKET_NO": "SKT/16152", "SOKET_TIPI": "DC", "SOKET_TURU": "DC_CCS", "SOKET_GUCU_KW": "300" }, "geometry": { "type": "Point", "coordinates": [ 32.651416, 39.875975 ] } },
{ "type": "Feature", "properties": { "ID": 30013.0, "SIRA_NO": 111.0, "ISTASYON_NO": "ŞRJ/15707", "ISTASYON_ADI": "Villa Can", "HIZMET_SEKLI": "OZEL", "MARKA": "Sky World Solar Enerji", "MARKAADI": "Sky World Solar Enerji", "SARJ_AGI_ISLETMECISI": "SKY WORLD SOLAR ENERJİ ANONIM ŞİRKETİ", "YESIL_SARJ_ISTASYONU_MU": "", "ADRES": "Beytepe Mahallesi 1799 Sokağı  No:46 Çankaya / ANKARA", "SOKET_NO": "SKT/42088", "SOKET_TIPI": "AC", "SOKET_TURU": "AC_TYPE2", "SOKET_GUCU_KW": "11" }, "geometry": { "type": "Point", "coordinates": [ 32.753806, 39.852447 ] } },
{ "type": "Feature", "properties": { "ID": 12814.0, "SIRA_NO": 51.0, "ISTASYON_NO": "ŞRJ/7771", "ISTASYON_ADI": "ASTORŞARJ VIA GREEN ELEKTRİKLİ ARAÇ ŞARJ İSTASYONU", "HIZMET_SEKLI": "HALKA_ACIK", "MARKA": "ASTOR", "MARKAADI": "Astor", "SARJ_AGI_ISLETMECISI": "ASTOR ENERJİ ANONİM ŞİRKETİ", "YESIL_SARJ_ISTASYONU_MU": "", "ADRES": "Mustafa Kemal Mahallesi 2079 Sokağı Çankaya / ANKARA", "SOKET_NO": "SKT/17701", "SOKET_TIPI": "DC", "SOKET_TURU": "DC_CCS", "SOKET_GUCU_KW": "300" }, "geometry": { "type": "Point", "coordinates": [ 32.743714, 39.908032 ] } },
{ "type": "Feature", "properties": { "ID": 12823.0, "SIRA_NO": 54.0, "ISTASYON_NO": "ŞRJ/7864", "ISTASYON_ADI": "ASTORŞARJ VIA TWINS ELEKTRİKLİ ARAÇ ŞARJ İSTASYONU", "HIZMET_SEKLI": "HALKA_ACIK", "MARKA": "ASTOR", "MARKAADI": "Astor", "SARJ_AGI_ISLETMECISI": "ASTOR ENERJİ ANONİM ŞİRKETİ", "YESIL_SARJ_ISTASYONU_MU": "", "ADRES": "Söğütözü Mahallesi 2177 Sokağı Çankaya / ANKARA", "SOKET_NO": "SKT/17927", "SOKET_TIPI": "DC", "SOKET_TURU": "DC_CCS", "SOKET_GUCU_KW": "300" }, "geometry": { "type": "Point", "coordinates": [ 32.795539, 39.912265 ] } },
{ "type": "Feature", "properties": { "ID": 14952.0, "SIRA_NO": 46.0, "ISTASYON_NO": "ŞRJ/13445", "ISTASYON_ADI": "Tobb İkiz Kule Kapalı Otopark", "HIZMET_SEKLI": "HALKA_ACIK", "MARKA": "Trugo", "MARKAADI": "Trugo", "SARJ_AGI_ISLETMECISI": "TRUGO AKILLI ŞARJ ÇÖZÜMLERİ SANAYİ VE TİCARET ANONİM ŞİRKETİ", "YESIL_SARJ_ISTASYONU_MU": "Evet", "ADRES": "Mustafa Kemal Mahallesi Dumlupınar Sokağı Çankaya / ANKARA", "SOKET_NO": "SKT/34935", "SOKET_TIPI": "AC", "SOKET_TURU": "AC_TYPE2", "SOKET_GUCU_KW": "22" }, "geometry": { "type": "Point", "coordinates": [ 32.76001, 39.909928 ] } },
{ "type": "Feature", "properties": { "ID": 14956.0, "SIRA_NO": 47.0, "ISTASYON_NO": "ŞRJ/7954", "ISTASYON_ADI": "Bilkent Center", "HIZMET_SEKLI": "HALKA_ACIK", "MARKA": "Trugo", "MARKAADI": "Trugo", "SARJ_AGI_ISLETMECISI": "TRUGO AKILLI ŞARJ ÇÖZÜMLERİ SANAYİ VE TİCARET ANONİM ŞİRKETİ", "YESIL_SARJ_ISTASYONU_MU": "Evet", "ADRES": "Üniversiteler Mahallesi 1597 Caddesi  No:2 Çankaya / ANKARA", "SOKET_NO": "SKT/18141", "SOKET_TIPI": "DC", "SOKET_TURU": "DC_CCS", "SOKET_GUCU_KW": "180" }, "geometry": { "type": "Point", "coordinates": [ 32.759075, 39.883229 ] } },
{ "type": "Feature", "properties": { "ID": 12851.0, "SIRA_NO": 62.0, "ISTASYON_NO": "ŞRJ/8936", "ISTASYON_ADI": "ASTORŞARJ ARCADIUM AVM ELEKTRİKLİ ARAÇ ŞARJ İSTASYONU", "HIZMET_SEKLI": "HALKA_ACIK", "MARKA": "ASTOR", "MARKAADI": "Astor", "SARJ_AGI_ISLETMECISI": "ASTOR ENERJİ ANONİM ŞİRKETİ", "YESIL_SARJ_ISTASYONU_MU": "", "ADRES": "Çayyolu Mahallesi Çayyolu Sokağı  No:8 /192 Çankaya / ANKARA", "SOKET_NO": "SKT/20738", "SOKET_TIPI": "DC", "SOKET_TURU": "DC_CCS", "SOKET_GUCU_KW": "180" }, "geometry": { "type": "Point", "coordinates": [ 32.68602, 39.882543 ] } },
{ "type": "Feature", "properties": { "ID": 12872.0, "SIRA_NO": 69.0, "ISTASYON_NO": "ŞRJ/9215", "ISTASYON_ADI": "ASTORŞARJ YARGITAY DC ELEKTRİKLİ ARAÇ ŞARJ İSTASYONU", "HIZMET_SEKLI": "OZEL", "MARKA": "ASTOR", "MARKAADI": "Astor", "SARJ_AGI_ISLETMECISI": "ASTOR ENERJİ ANONİM ŞİRKETİ", "YESIL_SARJ_ISTASYONU_MU": "", "ADRES": "Ahlatlıbel Mahallesi İncek Şehit Savcı Mehmet Selim Kiraz Sokağı  No:4 Çankaya / ANKARA", "SOKET_NO": "SKT/21580", "SOKET_TIPI": "DC", "SOKET_TURU": "DC_CCS", "SOKET_GUCU_KW": "60" }, "geometry": { "type": "Point", "coordinates": [ 32.790731, 39.844951 ] } },
{ "type": "Feature", "properties": { "ID": 13050.0, "SIRA_NO": 129.0, "ISTASYON_NO": "ŞRJ/13997", "ISTASYON_ADI": "ASTORŞARJ ÇUKURAMBAR 1071 USTA", "HIZMET_SEKLI": "HALKA_ACIK", "MARKA": "ASTOR", "MARKAADI": "Astor", "SARJ_AGI_ISLETMECISI": "ASTOR ENERJİ ANONİM ŞİRKETİ", "YESIL_SARJ_ISTASYONU_MU": "", "ADRES": "Kızılırmak Mahallesi 1443 Caddesi  No:25/E Çankaya / ANKARA", "SOKET_NO": "SKT/36759", "SOKET_TIPI": "DC", "SOKET_TURU": "DC_CCS", "SOKET_GUCU_KW": "300" }, "geometry": { "type": "Point", "coordinates": [ 32.811949, 39.907187 ] } },
{ "type": "Feature", "properties": { "ID": 12947.0, "SIRA_NO": 96.0, "ISTASYON_NO": "ŞRJ/11430", "ISTASYON_ADI": "ASTORŞARJ ÇANKAYA KARBEYAZ AKARYAKIT", "HIZMET_SEKLI": "HALKA_ACIK", "MARKA": "ASTOR", "MARKAADI": "Astor", "SARJ_AGI_ISLETMECISI": "ASTOR ENERJİ ANONİM ŞİRKETİ", "YESIL_SARJ_ISTASYONU_MU": "", "ADRES": "Kızılırmak Mahallesi  No:132 Çankaya / ANKARA", "SOKET_NO": "SKT/28324", "SOKET_TIPI": "DC", "SOKET_TURU": "DC_CCS", "SOKET_GUCU_KW": "300" }, "geometry": { "type": "Point", "coordinates": [ 32.813389, 39.903066 ] } },
{ "type": "Feature", "properties": { "ID": 12949.0, "SIRA_NO": 97.0, "ISTASYON_NO": "ŞRJ/11463", "ISTASYON_ADI": "ASTORŞARJ BALGAT YELKEN PLAZA", "HIZMET_SEKLI": "HALKA_ACIK", "MARKA": "ASTOR", "MARKAADI": "Astor", "SARJ_AGI_ISLETMECISI": "ASTOR ENERJİ ANONİM ŞİRKETİ", "YESIL_SARJ_ISTASYONU_MU": "", "ADRES": "Balgat Mahallesi Mevlana Sokağı  No:139 Çankaya / ANKARA", "SOKET_NO": "SKT/28417", "SOKET_TIPI": "DC", "SOKET_TURU": "DC_CCS", "SOKET_GUCU_KW": "180" }, "geometry": { "type": "Point", "coordinates": [ 32.814857, 39.904742 ] } },
{ "type": "Feature", "properties": { "ID": 13104.0, "SIRA_NO": 141.0, "ISTASYON_NO": "ŞRJ/14388", "ISTASYON_ADI": "ASTORŞARJ SÜLEYMAN BÖLÜNMEZ EĞİTİM VAKFI CAMİİ", "HIZMET_SEKLI": "HALKA_ACIK", "MARKA": "ASTOR", "MARKAADI": "Astor", "SARJ_AGI_ISLETMECISI": "ASTOR ENERJİ ANONİM ŞİRKETİ", "YESIL_SARJ_ISTASYONU_MU": "", "ADRES": "Alacaatlı Mahallesi 3343 Sokağı  No:41 Çankaya / ANKARA", "SOKET_NO": "SKT/37886", "SOKET_TIPI": "DC", "SOKET_TURU": "DC_CCS", "SOKET_GUCU_KW": "160" }, "geometry": { "type": "Point", "coordinates": [ 32.686991, 39.863843 ] } },
{ "type": "Feature", "properties": { "ID": 34541.0, "SIRA_NO": 267.0, "ISTASYON_NO": "ŞRJ/18070", "ISTASYON_ADI": "Gordion AVM", "HIZMET_SEKLI": "HALKA_ACIK", "MARKA": "Trugo", "MARKAADI": "Trugo", "SARJ_AGI_ISLETMECISI": "TRUGO AKILLI ŞARJ ÇÖZÜMLERİ SANAYİ VE TİCARET ANONİM ŞİRKETİ", "YESIL_SARJ_ISTASYONU_MU": "Evet", "ADRES": "Koru Mahallesi Ankaralılar Sokağı  No:204/1 Çankaya / ANKARA", "SOKET_NO": "SKT/49790", "SOKET_TIPI": "DC", "SOKET_TURU": "DC_CCS", "SOKET_GUCU_KW": "60" }, "geometry": { "type": "Point", "coordinates": [ 32.691282, 39.899398 ] } },
{ "type": "Feature", "properties": { "ID": 34773.0, "SIRA_NO": 375.0, "ISTASYON_NO": "ŞRJ/18152", "ISTASYON_ADI": "Panora AVM", "HIZMET_SEKLI": "HALKA_ACIK", "MARKA": "NEVA ŞARJ", "MARKAADI": "Neva Şarj", "SARJ_AGI_ISLETMECISI": "NEVA İÇ VE DIŞ TİCARET ANONİM ŞİRKETİ", "YESIL_SARJ_ISTASYONU_MU": "", "ADRES": "Oran Mahallesi Kudüs Caddesi  No:3 Çankaya / ANKARA", "SOKET_NO": "SKT/50026", "SOKET_TIPI": "DC", "SOKET_TURU": "DC_CCS", "SOKET_GUCU_KW": "120" }, "geometry": { "type": "Point", "coordinates": [ 32.833929, 39.848042 ] } },
{ "type": "Feature", "properties": { "ID": 34774.0, "SIRA_NO": 375.0, "ISTASYON_NO": "ŞRJ/18152", "ISTASYON_ADI": "Panora AVM", "HIZMET_SEKLI": "HALKA_ACIK", "MARKA": "NEVA ŞARJ", "MARKAADI": "Neva Şarj", "SARJ_AGI_ISLETMECISI": "NEVA İÇ VE DIŞ TİCARET ANONİM ŞİRKETİ", "YESIL_SARJ_ISTASYONU_MU": "", "ADRES": "Oran Mahallesi Kudüs Caddesi  No:3 Çankaya / ANKARA", "SOKET_NO": "SKT/50027", "SOKET_TIPI": "DC", "SOKET_TURU": "DC_CCS", "SOKET_GUCU_KW": "120" }, "geometry": { "type": "Point", "coordinates": [ 32.833929, 39.848042 ] } },
{ "type": "Feature", "properties": { "ID": 34775.0, "SIRA_NO": 375.0, "ISTASYON_NO": "ŞRJ/18152", "ISTASYON_ADI": "Panora AVM", "HIZMET_SEKLI": "HALKA_ACIK", "MARKA": "NEVA ŞARJ", "MARKAADI": "Neva Şarj", "SARJ_AGI_ISLETMECISI": "NEVA İÇ VE DIŞ TİCARET ANONİM ŞİRKETİ", "YESIL_SARJ_ISTASYONU_MU": "", "ADRES": "Oran Mahallesi Kudüs Caddesi  No:3 Çankaya / ANKARA", "SOKET_NO": "SKT/50028", "SOKET_TIPI": "DC", "SOKET_TURU": "DC_CCS", "SOKET_GUCU_KW": "120" }, "geometry": { "type": "Point", "coordinates": [ 32.833929, 39.848042 ] } },
{ "type": "Feature", "properties": { "ID": 34776.0, "SIRA_NO": 375.0, "ISTASYON_NO": "ŞRJ/18152", "ISTASYON_ADI": "Panora AVM", "HIZMET_SEKLI": "HALKA_ACIK", "MARKA": "NEVA ŞARJ", "MARKAADI": "Neva Şarj", "SARJ_AGI_ISLETMECISI": "NEVA İÇ VE DIŞ TİCARET ANONİM ŞİRKETİ", "YESIL_SARJ_ISTASYONU_MU": "", "ADRES": "Oran Mahallesi Kudüs Caddesi  No:3 Çankaya / ANKARA", "SOKET_NO": "SKT/50029", "SOKET_TIPI": "DC", "SOKET_TURU": "DC_CCS", "SOKET_GUCU_KW": "120" }, "geometry": { "type": "Point", "coordinates": [ 32.833929, 39.848042 ] } },
{ "type": "Feature", "properties": { "ID": 34777.0, "SIRA_NO": 375.0, "ISTASYON_NO": "ŞRJ/18152", "ISTASYON_ADI": "Panora AVM", "HIZMET_SEKLI": "HALKA_ACIK", "MARKA": "NEVA ŞARJ", "MARKAADI": "Neva Şarj", "SARJ_AGI_ISLETMECISI": "NEVA İÇ VE DIŞ TİCARET ANONİM ŞİRKETİ", "YESIL_SARJ_ISTASYONU_MU": "", "ADRES": "Oran Mahallesi Kudüs Caddesi  No:3 Çankaya / ANKARA", "SOKET_NO": "SKT/50030", "SOKET_TIPI": "DC", "SOKET_TURU": "DC_CCS", "SOKET_GUCU_KW": "120" }, "geometry": { "type": "Point", "coordinates": [ 32.833929, 39.848042 ] } },
{ "type": "Feature", "properties": { "ID": 34781.0, "SIRA_NO": 378.0, "ISTASYON_NO": "ŞRJ/18153", "ISTASYON_ADI": "ODTÜ A2 Otopark", "HIZMET_SEKLI": "OZEL", "MARKA": "wat mobilite", "MARKAADI": "WAT Mobilite", "SARJ_AGI_ISLETMECISI": "WAT MOBİLİTE ÇÖZÜMLERİ TEKNOLOJİ VE TİCARET ANONİM ŞİRKETİ", "YESIL_SARJ_ISTASYONU_MU": "", "ADRES": "Üniversiteler Mahallesi Odtu A2 Otoparkı Sokağı Çankaya / ANKARA", "SOKET_NO": "SKT/50032", "SOKET_TIPI": "AC", "SOKET_TURU": "AC_TYPE2", "SOKET_GUCU_KW": "22" }, "geometry": { "type": "Point", "coordinates": [ 32.766548, 39.906605 ] } },
{ "type": "Feature", "properties": { "ID": 34782.0, "SIRA_NO": 378.0, "ISTASYON_NO": "ŞRJ/18153", "ISTASYON_ADI": "ODTÜ A2 Otopark", "HIZMET_SEKLI": "OZEL", "MARKA": "wat mobilite", "MARKAADI": "WAT Mobilite", "SARJ_AGI_ISLETMECISI": "WAT MOBİLİTE ÇÖZÜMLERİ TEKNOLOJİ VE TİCARET ANONİM ŞİRKETİ", "YESIL_SARJ_ISTASYONU_MU": "", "ADRES": "Üniversiteler Mahallesi Odtu A2 Otoparkı Sokağı Çankaya / ANKARA", "SOKET_NO": "SKT/50033", "SOKET_TIPI": "AC", "SOKET_TURU": "AC_TYPE2", "SOKET_GUCU_KW": "22" }, "geometry": { "type": "Point", "coordinates": [ 32.766548, 39.906605 ] } },
{ "type": "Feature", "properties": { "ID": 34542.0, "SIRA_NO": 267.0, "ISTASYON_NO": "ŞRJ/18070", "ISTASYON_ADI": "Gordion AVM", "HIZMET_SEKLI": "HALKA_ACIK", "MARKA": "Trugo", "MARKAADI": "Trugo", "SARJ_AGI_ISLETMECISI": "TRUGO AKILLI ŞARJ ÇÖZÜMLERİ SANAYİ VE TİCARET ANONİM ŞİRKETİ", "YESIL_SARJ_ISTASYONU_MU": "Evet", "ADRES": "Koru Mahallesi Ankaralılar Sokağı  No:204/1 Çankaya / ANKARA", "SOKET_NO": "SKT/49791", "SOKET_TIPI": "DC", "SOKET_TURU": "DC_CCS", "SOKET_GUCU_KW": "60" }, "geometry": { "type": "Point", "coordinates": [ 32.691282, 39.899398 ] } },
{ "type": "Feature", "properties": { "ID": 34543.0, "SIRA_NO": 267.0, "ISTASYON_NO": "ŞRJ/18070", "ISTASYON_ADI": "Gordion AVM", "HIZMET_SEKLI": "HALKA_ACIK", "MARKA": "Trugo", "MARKAADI": "Trugo", "SARJ_AGI_ISLETMECISI": "TRUGO AKILLI ŞARJ ÇÖZÜMLERİ SANAYİ VE TİCARET ANONİM ŞİRKETİ", "YESIL_SARJ_ISTASYONU_MU": "Evet", "ADRES": "Koru Mahallesi Ankaralılar Sokağı  No:204/1 Çankaya / ANKARA", "SOKET_NO": "SKT/49792", "SOKET_TIPI": "DC", "SOKET_TURU": "DC_CCS", "SOKET_GUCU_KW": "60" }, "geometry": { "type": "Point", "coordinates": [ 32.691282, 39.899398 ] } },
{ "type": "Feature", "properties": { "ID": 13142.0, "SIRA_NO": 156.0, "ISTASYON_NO": "ŞRJ/15956", "ISTASYON_ADI": "ASTORŞARJ BEYTEPE GÜLPARK", "HIZMET_SEKLI": "HALKA_ACIK", "MARKA": "ASTOR", "MARKAADI": "Astor", "SARJ_AGI_ISLETMECISI": "ASTOR ENERJİ ANONİM ŞİRKETİ", "YESIL_SARJ_ISTASYONU_MU": "", "ADRES": "Beytepe Mahallesi 5387 Caddesi  No:13 Çankaya / ANKARA", "SOKET_NO": "SKT/42826", "SOKET_TIPI": "DC", "SOKET_TURU": "DC_CCS", "SOKET_GUCU_KW": "180" }, "geometry": { "type": "Point", "coordinates": [ 32.71111, 39.863086 ] } },
{ "type": "Feature", "properties": { "ID": 35512.0, "SIRA_NO": 330.0, "ISTASYON_NO": "ŞRJ/15576", "ISTASYON_ADI": "ODTÜ Teknokent Bilim Açık Otopark", "HIZMET_SEKLI": "HALKA_ACIK", "MARKA": "Trugo", "MARKAADI": "Trugo", "SARJ_AGI_ISLETMECISI": "TRUGO AKILLI ŞARJ ÇÖZÜMLERİ SANAYİ VE TİCARET ANONİM ŞİRKETİ", "YESIL_SARJ_ISTASYONU_MU": "Evet", "ADRES": "Mustafa Kemal Mahallesi Dumlupınar Sokağı  No:280/2 Çankaya / ANKARA", "SOKET_NO": "SKT/41609", "SOKET_TIPI": "AC", "SOKET_TURU": "AC_TYPE2", "SOKET_GUCU_KW": "22" }, "geometry": { "type": "Point", "coordinates": [ 32.750617, 39.907796 ] } },
{ "type": "Feature", "properties": { "ID": 32673.0, "SIRA_NO": 281.0, "ISTASYON_NO": "ŞRJ/7789", "ISTASYON_ADI": "Parktepe Evleri", "HIZMET_SEKLI": "OZEL", "MARKA": "FORTIS ENERJİ", "MARKAADI": "Fortis Enerji", "SARJ_AGI_ISLETMECISI": "FORTİS ENERJİ ELEKTRİK ÜRETİM ANONİM ŞİRKETİ", "YESIL_SARJ_ISTASYONU_MU": "", "ADRES": "Beytepe Mahallesi Yunus Emre Caddesi Çankaya / ANKARA", "SOKET_NO": "SKT/17744", "SOKET_TIPI": "AC", "SOKET_TURU": "AC_TYPE2", "SOKET_GUCU_KW": "22" }, "geometry": { "type": "Point", "coordinates": [ 32.710131, 39.847692 ] } },
{ "type": "Feature", "properties": { "ID": 13682.0, "SIRA_NO": 12.0, "ISTASYON_NO": "ŞRJ/16992", "ISTASYON_ADI": "DAYI'NIN YERİ", "HIZMET_SEKLI": "HALKA_ACIK", "MARKA": "ŞARJON", "MARKAADI": "Şarjon", "SARJ_AGI_ISLETMECISI": "ŞARJON YENİLENEBİLİR ENERJİ VE ELEKTRİKLİ ARAÇ ŞARJ SİSTEMLERİ TİCARET ANONİM ŞİRKETİ", "YESIL_SARJ_ISTASYONU_MU": "", "ADRES": "Alacaatlı Mahallesi 4750 Sokağı  No:29 Çankaya / ANKARA", "SOKET_NO": "SKT/46224", "SOKET_TIPI": "AC", "SOKET_TURU": "AC_TYPE2", "SOKET_GUCU_KW": "22" }, "geometry": { "type": "Point", "coordinates": [ 32.683309, 39.863561 ] } },
{ "type": "Feature", "properties": { "ID": 35151.0, "SIRA_NO": 161.0, "ISTASYON_NO": "ŞRJ/18279", "ISTASYON_ADI": "2. ETAP 9. BODRUM 6 AC", "HIZMET_SEKLI": "OZEL", "MARKA": "MYCHARGE", "MARKAADI": "Mycharge", "SARJ_AGI_ISLETMECISI": "MANAS İPLİK SANAYİ VE TİCARET ANONİM ŞİRKETİ", "YESIL_SARJ_ISTASYONU_MU": "", "ADRES": "İlkbahar Mahallesi Doğukent Caddesi  No:733/1 Çankaya / ANKARA", "SOKET_NO": "SKT/50434", "SOKET_TIPI": "AC", "SOKET_TURU": "AC_TYPE2", "SOKET_GUCU_KW": "22" }, "geometry": { "type": "Point", "coordinates": [ 32.853958, 39.85874 ] } },
{ "type": "Feature", "properties": { "ID": 35150.0, "SIRA_NO": 160.0, "ISTASYON_NO": "ŞRJ/18278", "ISTASYON_ADI": "1. ETAP 7. BODRUM 9 AC", "HIZMET_SEKLI": "OZEL", "MARKA": "MYCHARGE", "MARKAADI": "Mycharge", "SARJ_AGI_ISLETMECISI": "MANAS İPLİK SANAYİ VE TİCARET ANONİM ŞİRKETİ", "YESIL_SARJ_ISTASYONU_MU": "", "ADRES": "İlkbahar Mahallesi Doğukent Caddesi Çankaya / ANKARA", "SOKET_NO": "SKT/50433", "SOKET_TIPI": "AC", "SOKET_TURU": "AC_TYPE2", "SOKET_GUCU_KW": "22" }, "geometry": { "type": "Point", "coordinates": [ 32.857334, 39.860605 ] } },
{ "type": "Feature", "properties": { "ID": 35157.0, "SIRA_NO": 162.0, "ISTASYON_NO": "ŞRJ/18283", "ISTASYON_ADI": "1. ETAP 7. BODRUM 8 AC", "HIZMET_SEKLI": "OZEL", "MARKA": "MYCHARGE", "MARKAADI": "Mycharge", "SARJ_AGI_ISLETMECISI": "MANAS İPLİK SANAYİ VE TİCARET ANONİM ŞİRKETİ", "YESIL_SARJ_ISTASYONU_MU": "", "ADRES": "İlkbahar Mahallesi Doğukent Caddesi Çankaya / ANKARA", "SOKET_NO": "SKT/50450", "SOKET_TIPI": "AC", "SOKET_TURU": "AC_TYPE2", "SOKET_GUCU_KW": "22" }, "geometry": { "type": "Point", "coordinates": [ 32.857425, 39.860648 ] } },
{ "type": "Feature", "properties": { "ID": 35548.0, "SIRA_NO": 339.0, "ISTASYON_NO": "ŞRJ/18396", "ISTASYON_ADI": "Arma Kule", "HIZMET_SEKLI": "HALKA_ACIK", "MARKA": "wat mobilite", "MARKAADI": "WAT Mobilite", "SARJ_AGI_ISLETMECISI": "WAT MOBİLİTE ÇÖZÜMLERİ TEKNOLOJİ VE TİCARET ANONİM ŞİRKETİ", "YESIL_SARJ_ISTASYONU_MU": "Evet", "ADRES": "Kızılırmak Mahallesi 1441 Sokağı  No:2 / B OTOMAT Çankaya / ANKARA", "SOKET_NO": "SKT/50871", "SOKET_TIPI": "DC", "SOKET_TURU": "DC_CCS", "SOKET_GUCU_KW": "120" }, "geometry": { "type": "Point", "coordinates": [ 32.80995, 39.908503 ] } },
{ "type": "Feature", "properties": { "ID": 35418.0, "SIRA_NO": 275.0, "ISTASYON_NO": "ŞRJ/18365", "ISTASYON_ADI": "Zambak Sitesi", "HIZMET_SEKLI": "OZEL", "MARKA": "wat mobilite", "MARKAADI": "WAT Mobilite", "SARJ_AGI_ISLETMECISI": "WAT MOBİLİTE ÇÖZÜMLERİ TEKNOLOJİ VE TİCARET ANONİM ŞİRKETİ", "YESIL_SARJ_ISTASYONU_MU": "Evet", "ADRES": "Birlik Mahallesi 435. Cadde Caddesi  No:No:72/Araç şarj-1 Çankaya / ANKARA", "SOKET_NO": "SKT/50737", "SOKET_TIPI": "AC", "SOKET_TURU": "AC_TYPE2", "SOKET_GUCU_KW": "11" }, "geometry": { "type": "Point", "coordinates": [ 32.87324, 39.872081 ] } },
{ "type": "Feature", "properties": { "ID": 35419.0, "SIRA_NO": 275.0, "ISTASYON_NO": "ŞRJ/18365", "ISTASYON_ADI": "Zambak Sitesi", "HIZMET_SEKLI": "OZEL", "MARKA": "wat mobilite", "MARKAADI": "WAT Mobilite", "SARJ_AGI_ISLETMECISI": "WAT MOBİLİTE ÇÖZÜMLERİ TEKNOLOJİ VE TİCARET ANONİM ŞİRKETİ", "YESIL_SARJ_ISTASYONU_MU": "Evet", "ADRES": "Birlik Mahallesi 435. Cadde Caddesi  No:No:72/Araç şarj-1 Çankaya / ANKARA", "SOKET_NO": "SKT/50738", "SOKET_TIPI": "AC", "SOKET_TURU": "AC_TYPE2", "SOKET_GUCU_KW": "11" }, "geometry": { "type": "Point", "coordinates": [ 32.87324, 39.872081 ] } },
{ "type": "Feature", "properties": { "ID": 32674.0, "SIRA_NO": 281.0, "ISTASYON_NO": "ŞRJ/7789", "ISTASYON_ADI": "Parktepe Evleri", "HIZMET_SEKLI": "OZEL", "MARKA": "FORTIS ENERJİ", "MARKAADI": "Fortis Enerji", "SARJ_AGI_ISLETMECISI": "FORTİS ENERJİ ELEKTRİK ÜRETİM ANONİM ŞİRKETİ", "YESIL_SARJ_ISTASYONU_MU": "", "ADRES": "Beytepe Mahallesi Yunus Emre Caddesi Çankaya / ANKARA", "SOKET_NO": "SKT/17745", "SOKET_TIPI": "AC", "SOKET_TURU": "AC_TYPE2", "SOKET_GUCU_KW": "22" }, "geometry": { "type": "Point", "coordinates": [ 32.710131, 39.847692 ] } },
{ "type": "Feature", "properties": { "ID": 35142.0, "SIRA_NO": 160.0, "ISTASYON_NO": "ŞRJ/18278", "ISTASYON_ADI": "1. ETAP 7. BODRUM 9 AC", "HIZMET_SEKLI": "OZEL", "MARKA": "MYCHARGE", "MARKAADI": "Mycharge", "SARJ_AGI_ISLETMECISI": "MANAS İPLİK SANAYİ VE TİCARET ANONİM ŞİRKETİ", "YESIL_SARJ_ISTASYONU_MU": "", "ADRES": "İlkbahar Mahallesi Doğukent Caddesi Çankaya / ANKARA", "SOKET_NO": "SKT/50425", "SOKET_TIPI": "AC", "SOKET_TURU": "AC_TYPE2", "SOKET_GUCU_KW": "22" }, "geometry": { "type": "Point", "coordinates": [ 32.857334, 39.860605 ] } },
{ "type": "Feature", "properties": { "ID": 35199.0, "SIRA_NO": 186.0, "ISTASYON_NO": "ŞRJ/3172", "ISTASYON_ADI": "HİTİT PARK KONUTLARI", "HIZMET_SEKLI": "OZEL", "MARKA": "EPSIS", "MARKAADI": "Epsis", "SARJ_AGI_ISLETMECISI": "FORM ELEKTRİK İNŞAAT MÜHENDİSLİK ANONİM ŞİRKETİ", "YESIL_SARJ_ISTASYONU_MU": "", "ADRES": "Dodurga Mahallesi 5175 Caddesi Çankaya / ANKARA", "SOKET_NO": "SKT/50491", "SOKET_TIPI": "AC", "SOKET_TURU": "AC_TYPE2", "SOKET_GUCU_KW": "22" }, "geometry": { "type": "Point", "coordinates": [ 32.653165, 39.834301 ] } },
{ "type": "Feature", "properties": { "ID": 34455.0, "SIRA_NO": 212.0, "ISTASYON_NO": "ŞRJ/18048", "ISTASYON_ADI": "ODTÜ Araştırma Otoparkı", "HIZMET_SEKLI": "OZEL", "MARKA": "wat mobilite", "MARKAADI": "WAT Mobilite", "SARJ_AGI_ISLETMECISI": "WAT MOBİLİTE ÇÖZÜMLERİ TEKNOLOJİ VE TİCARET ANONİM ŞİRKETİ", "YESIL_SARJ_ISTASYONU_MU": "Evet", "ADRES": "Üniversiteler Mahallesi Odtü Araştırma Otopark Sokak - Sokağı Çankaya / ANKARA", "SOKET_NO": "SKT/49707", "SOKET_TIPI": "DC", "SOKET_TURU": "DC_CCS", "SOKET_GUCU_KW": "120" }, "geometry": { "type": "Point", "coordinates": [ 32.77162, 39.890749 ] } },
{ "type": "Feature", "properties": { "ID": 34456.0, "SIRA_NO": 212.0, "ISTASYON_NO": "ŞRJ/18048", "ISTASYON_ADI": "ODTÜ Araştırma Otoparkı", "HIZMET_SEKLI": "OZEL", "MARKA": "wat mobilite", "MARKAADI": "WAT Mobilite", "SARJ_AGI_ISLETMECISI": "WAT MOBİLİTE ÇÖZÜMLERİ TEKNOLOJİ VE TİCARET ANONİM ŞİRKETİ", "YESIL_SARJ_ISTASYONU_MU": "Evet", "ADRES": "Üniversiteler Mahallesi Odtü Araştırma Otopark Sokak - Sokağı Çankaya / ANKARA", "SOKET_NO": "SKT/49708", "SOKET_TIPI": "AC", "SOKET_TURU": "AC_TYPE2", "SOKET_GUCU_KW": "22" }, "geometry": { "type": "Point", "coordinates": [ 32.77162, 39.890749 ] } },
{ "type": "Feature", "properties": { "ID": 34457.0, "SIRA_NO": 212.0, "ISTASYON_NO": "ŞRJ/18048", "ISTASYON_ADI": "ODTÜ Araştırma Otoparkı", "HIZMET_SEKLI": "OZEL", "MARKA": "wat mobilite", "MARKAADI": "WAT Mobilite", "SARJ_AGI_ISLETMECISI": "WAT MOBİLİTE ÇÖZÜMLERİ TEKNOLOJİ VE TİCARET ANONİM ŞİRKETİ", "YESIL_SARJ_ISTASYONU_MU": "Evet", "ADRES": "Üniversiteler Mahallesi Odtü Araştırma Otopark Sokak - Sokağı Çankaya / ANKARA", "SOKET_NO": "SKT/49709", "SOKET_TIPI": "AC", "SOKET_TURU": "AC_TYPE2", "SOKET_GUCU_KW": "22" }, "geometry": { "type": "Point", "coordinates": [ 32.77162, 39.890749 ] } },
{ "type": "Feature", "properties": { "ID": 23644.0, "SIRA_NO": 218.0, "ISTASYON_NO": "ŞRJ/12938", "ISTASYON_ADI": "DURU BEYTEPE A6/BLOK", "HIZMET_SEKLI": "OZEL", "MARKA": "EPSIS", "MARKAADI": "Epsis", "SARJ_AGI_ISLETMECISI": "FORM ELEKTRİK İNŞAAT MÜHENDİSLİK ANONİM ŞİRKETİ", "YESIL_SARJ_ISTASYONU_MU": "", "ADRES": "Ahlatlıbel Mahallesi Saltuk Buğra Sokağı  No:2/F Çankaya / ANKARA", "SOKET_NO": "SKT/47104", "SOKET_TIPI": "AC", "SOKET_TURU": "AC_TYPE2", "SOKET_GUCU_KW": "17" }, "geometry": { "type": "Point", "coordinates": [ 32.7305, 39.8374 ] } },
{ "type": "Feature", "properties": { "ID": 1717.0, "SIRA_NO": 256.0, "ISTASYON_NO": "ŞRJ/15899", "ISTASYON_ADI": "PARK SAFİR SİTESİ YÖNETİMİ", "HIZMET_SEKLI": "HALKA_ACIK", "MARKA": "VOLTRUN", "MARKAADI": "Voltrun", "SARJ_AGI_ISLETMECISI": "VOLTRUN ENERJİ ANONİM ŞİRKETİ", "YESIL_SARJ_ISTASYONU_MU": "Evet", "ADRES": "Alacaatlı Mahallesi 5024 Sokağı  No:10 Çankaya / ANKARA", "SOKET_NO": "SKT/42664", "SOKET_TIPI": "AC", "SOKET_TURU": "AC_TYPE2", "SOKET_GUCU_KW": "10" }, "geometry": { "type": "Point", "coordinates": [ 32.6715, 39.854789 ] } },
{ "type": "Feature", "properties": { "ID": 1737.0, "SIRA_NO": 267.0, "ISTASYON_NO": "ŞRJ/8101", "ISTASYON_ADI": "SU KENT BEYTEPE", "HIZMET_SEKLI": "OZEL", "MARKA": "VOLTRUN", "MARKAADI": "Voltrun", "SARJ_AGI_ISLETMECISI": "VOLTRUN ENERJİ ANONİM ŞİRKETİ", "YESIL_SARJ_ISTASYONU_MU": "Evet", "ADRES": "Beytepe Mahallesi 5442 Sokağı  No:2A/1 Çankaya / ANKARA", "SOKET_NO": "SKT/18539", "SOKET_TIPI": "AC", "SOKET_TURU": "AC_TYPE2", "SOKET_GUCU_KW": "21" }, "geometry": { "type": "Point", "coordinates": [ 32.704672, 39.851427 ] } },
{ "type": "Feature", "properties": { "ID": 23622.0, "SIRA_NO": 212.0, "ISTASYON_NO": "ŞRJ/10132", "ISTASYON_ADI": "ATABİLGE AKA KONUTLARI A2/BLOK", "HIZMET_SEKLI": "OZEL", "MARKA": "EPSIS", "MARKAADI": "Epsis", "SARJ_AGI_ISLETMECISI": "FORM ELEKTRİK İNŞAAT MÜHENDİSLİK ANONİM ŞİRKETİ", "YESIL_SARJ_ISTASYONU_MU": "", "ADRES": "Alacaatlı Mahallesi 4841 Sokağı  No:3/B Çankaya / ANKARA", "SOKET_NO": "SKT/24421", "SOKET_TIPI": "AC", "SOKET_TURU": "AC_TYPE2", "SOKET_GUCU_KW": "18" }, "geometry": { "type": "Point", "coordinates": [ 32.692629, 39.83136 ] } },
{ "type": "Feature", "properties": { "ID": 2195.0, "SIRA_NO": 441.0, "ISTASYON_NO": "ŞRJ/13669", "ISTASYON_ADI": "BAŞKENT VADİ KONAKLARI", "HIZMET_SEKLI": "OZEL", "MARKA": "VOLTRUN", "MARKAADI": "Voltrun", "SARJ_AGI_ISLETMECISI": "VOLTRUN ENERJİ ANONİM ŞİRKETİ", "YESIL_SARJ_ISTASYONU_MU": "Evet", "ADRES": "İlkbahar Mahallesi 604 Sokağı  No:735/A Çankaya / ANKARA", "SOKET_NO": "SKT/35629", "SOKET_TIPI": "AC", "SOKET_TURU": "AC_TYPE2", "SOKET_GUCU_KW": "7,4" }, "geometry": { "type": "Point", "coordinates": [ 32.862514, 39.863349 ] } },
{ "type": "Feature", "properties": { "ID": 11791.0, "SIRA_NO": 157.0, "ISTASYON_NO": "ŞRJ/3332", "ISTASYON_ADI": "Otojet - Cihan Oto", "HIZMET_SEKLI": "HALKA_ACIK", "MARKA": "Otojet", "MARKAADI": "Otojet", "SARJ_AGI_ISLETMECISI": "OTOJET ENERJİ SANAYİ VE TİCARET ANONİM ŞİRKETİ", "YESIL_SARJ_ISTASYONU_MU": "", "ADRES": "Konya Yolu Mahallesi Fen Lisesi Kavşağı Caddesi  No:208 Çankaya / ANKARA", "SOKET_NO": "SKT/6523", "SOKET_TIPI": "AC", "SOKET_TURU": "AC_TYPE2", "SOKET_GUCU_KW": "22" }, "geometry": { "type": "Point", "coordinates": [ 32.811595, 39.884048 ] } },
{ "type": "Feature", "properties": { "ID": 35190.0, "SIRA_NO": 181.0, "ISTASYON_NO": "ŞRJ/9238", "ISTASYON_ADI": "KENTPARK", "HIZMET_SEKLI": "HALKA_ACIK", "MARKA": "NEVA ŞARJ", "MARKAADI": "Neva Şarj", "SARJ_AGI_ISLETMECISI": "NEVA İÇ VE DIŞ TİCARET ANONİM ŞİRKETİ", "YESIL_SARJ_ISTASYONU_MU": "", "ADRES": "Mustafa Kemal Mahallesi  Kentpark Avm Önü Çankaya / ANKARA", "SOKET_NO": "SKT/50486", "SOKET_TIPI": "DC", "SOKET_TURU": "DC_CCS", "SOKET_GUCU_KW": "120" }, "geometry": { "type": "Point", "coordinates": [ 32.777966, 39.909202 ] } },
{ "type": "Feature", "properties": { "ID": 35192.0, "SIRA_NO": 182.0, "ISTASYON_NO": "ŞRJ/12633", "ISTASYON_ADI": "Neva Şarj Konya Yolu", "HIZMET_SEKLI": "HALKA_ACIK", "MARKA": "NEVA ŞARJ", "MARKAADI": "Neva Şarj", "SARJ_AGI_ISLETMECISI": "NEVA İÇ VE DIŞ TİCARET ANONİM ŞİRKETİ", "YESIL_SARJ_ISTASYONU_MU": "", "ADRES": "Cevizlidere Mahallesi Çankaya / ANKARA", "SOKET_NO": "SKT/50489", "SOKET_TIPI": "DC", "SOKET_TURU": "DC_CCS", "SOKET_GUCU_KW": "120" }, "geometry": { "type": "Point", "coordinates": [ 32.812568, 39.882621 ] } },
{ "type": "Feature", "properties": { "ID": 439.0, "SIRA_NO": 161.0, "ISTASYON_NO": "ŞRJ/6366", "ISTASYON_ADI": "PYLON RESIDENCE APARTMAN YÖNETİMİ", "HIZMET_SEKLI": "OZEL", "MARKA": "VOLTRUN", "MARKAADI": "Voltrun", "SARJ_AGI_ISLETMECISI": "VOLTRUN ENERJİ ANONİM ŞİRKETİ", "YESIL_SARJ_ISTASYONU_MU": "Evet", "ADRES": "Bağcılar Mahallesi 271 Sokağı Çankaya / ANKARA", "SOKET_NO": "SKT/13878", "SOKET_TIPI": "AC", "SOKET_TURU": "AC_TYPE2", "SOKET_GUCU_KW": "22" }, "geometry": { "type": "Point", "coordinates": [ 32.881673, 39.897469 ] } },
{ "type": "Feature", "properties": { "ID": 32585.0, "SIRA_NO": 240.0, "ISTASYON_NO": "ŞRJ/9655", "ISTASYON_ADI": "Aloha Evleri", "HIZMET_SEKLI": "OZEL", "MARKA": "FORTIS ENERJİ", "MARKAADI": "Fortis Enerji", "SARJ_AGI_ISLETMECISI": "FORTİS ENERJİ ELEKTRİK ÜRETİM ANONİM ŞİRKETİ", "YESIL_SARJ_ISTASYONU_MU": "", "ADRES": "Kırkkonaklar Mahallesi 298 Caddesi Çankaya / ANKARA", "SOKET_NO": "SKT/23046", "SOKET_TIPI": "AC", "SOKET_TURU": "AC_TYPE2", "SOKET_GUCU_KW": "22" }, "geometry": { "type": "Point", "coordinates": [ 32.881896, 39.891104 ] } },
{ "type": "Feature", "properties": { "ID": 613.0, "SIRA_NO": 276.0, "ISTASYON_NO": "ŞRJ/11029", "ISTASYON_ADI": "KILAVUZ PARK MODEL SİTESİ", "HIZMET_SEKLI": "OZEL", "MARKA": "VOLTRUN", "MARKAADI": "Voltrun", "SARJ_AGI_ISLETMECISI": "VOLTRUN ENERJİ ANONİM ŞİRKETİ", "YESIL_SARJ_ISTASYONU_MU": "Evet", "ADRES": "Alacaatlı Mahallesi 5053 Sokağı  No:8/1 Çankaya / ANKARA", "SOKET_NO": "SKT/27099", "SOKET_TIPI": "AC", "SOKET_TURU": "AC_TYPE2", "SOKET_GUCU_KW": "21" }, "geometry": { "type": "Point", "coordinates": [ 32.657758, 39.849993 ] } },
{ "type": "Feature", "properties": { "ID": 626.0, "SIRA_NO": 283.0, "ISTASYON_NO": "ŞRJ/11361", "ISTASYON_ADI": "CEPA AVM OFİS KULE", "HIZMET_SEKLI": "HALKA_ACIK", "MARKA": "VOLTRUN", "MARKAADI": "Voltrun", "SARJ_AGI_ISLETMECISI": "VOLTRUN ENERJİ ANONİM ŞİRKETİ", "YESIL_SARJ_ISTASYONU_MU": "Evet", "ADRES": "Mustafa Kemal Mahallesi 2123 Sokağı  No:2 Çankaya / ANKARA", "SOKET_NO": "SKT/28133", "SOKET_TIPI": "DC", "SOKET_TURU": "DC_CCS", "SOKET_GUCU_KW": "120" }, "geometry": { "type": "Point", "coordinates": [ 32.778954, 39.911878 ] } },
{ "type": "Feature", "properties": { "ID": 628.0, "SIRA_NO": 284.0, "ISTASYON_NO": "ŞRJ/11362", "ISTASYON_ADI": "CEPA ALIŞVERİŞ MERKEZİ", "HIZMET_SEKLI": "HALKA_ACIK", "MARKA": "VOLTRUN", "MARKAADI": "Voltrun", "SARJ_AGI_ISLETMECISI": "VOLTRUN ENERJİ ANONİM ŞİRKETİ", "YESIL_SARJ_ISTASYONU_MU": "Evet", "ADRES": "Mustafa Kemal Mahallesi Cepa Alışveriş Merkezi Sokağı  No:2 Çankaya / ANKARA", "SOKET_NO": "SKT/28135", "SOKET_TIPI": "DC", "SOKET_TURU": "DC_CCS", "SOKET_GUCU_KW": "120" }, "geometry": { "type": "Point", "coordinates": [ 32.77908, 39.911817 ] } },
{ "type": "Feature", "properties": { "ID": 631.0, "SIRA_NO": 286.0, "ISTASYON_NO": "ŞRJ/11462", "ISTASYON_ADI": "MAHALL ANKARA KONUTLARI", "HIZMET_SEKLI": "OZEL", "MARKA": "VOLTRUN", "MARKAADI": "Voltrun", "SARJ_AGI_ISLETMECISI": "VOLTRUN ENERJİ ANONİM ŞİRKETİ", "YESIL_SARJ_ISTASYONU_MU": "Evet", "ADRES": "Mustafa Kemal Mahallesi Anadolu Caddesi  No:274/3 Çankaya / ANKARA", "SOKET_NO": "SKT/28422", "SOKET_TIPI": "AC", "SOKET_TURU": "AC_TYPE2", "SOKET_GUCU_KW": "21" }, "geometry": { "type": "Point", "coordinates": [ 32.754124, 39.90801 ] } },
{ "type": "Feature", "properties": { "ID": 32584.0, "SIRA_NO": 240.0, "ISTASYON_NO": "ŞRJ/9655", "ISTASYON_ADI": "Aloha Evleri", "HIZMET_SEKLI": "OZEL", "MARKA": "FORTIS ENERJİ", "MARKAADI": "Fortis Enerji", "SARJ_AGI_ISLETMECISI": "FORTİS ENERJİ ELEKTRİK ÜRETİM ANONİM ŞİRKETİ", "YESIL_SARJ_ISTASYONU_MU": "", "ADRES": "Kırkkonaklar Mahallesi 298 Caddesi Çankaya / ANKARA", "SOKET_NO": "SKT/23045", "SOKET_TIPI": "AC", "SOKET_TURU": "AC_TYPE2", "SOKET_GUCU_KW": "22" }, "geometry": { "type": "Point", "coordinates": [ 32.881896, 39.891104 ] } },
{ "type": "Feature", "properties": { "ID": 508.0, "SIRA_NO": 210.0, "ISTASYON_NO": "ŞRJ/9409", "ISTASYON_ADI": "VİTRİN BEYTEPE İŞ MERKEZİ", "HIZMET_SEKLI": "HALKA_ACIK", "MARKA": "VOLTRUN", "MARKAADI": "Voltrun", "SARJ_AGI_ISLETMECISI": "VOLTRUN ENERJİ ANONİM ŞİRKETİ", "YESIL_SARJ_ISTASYONU_MU": "Evet", "ADRES": "Beytepe Mahallesi Kanuni Sultan  Süleyman Sokağı  No:1/17 Çankaya / ANKARA", "SOKET_NO": "SKT/22148", "SOKET_TIPI": "AC", "SOKET_TURU": "AC_TYPE2", "SOKET_GUCU_KW": "22" }, "geometry": { "type": "Point", "coordinates": [ 32.701202, 39.873876 ] } },
{ "type": "Feature", "properties": { "ID": 543.0, "SIRA_NO": 232.0, "ISTASYON_NO": "ŞRJ/9969", "ISTASYON_ADI": "ANKARA LOFTS", "HIZMET_SEKLI": "OZEL", "MARKA": "VOLTRUN", "MARKAADI": "Voltrun", "SARJ_AGI_ISLETMECISI": "VOLTRUN ENERJİ ANONİM ŞİRKETİ", "YESIL_SARJ_ISTASYONU_MU": "Evet", "ADRES": "Ümit Mahallesi Meksika Sokağı  No:56 Çankaya / ANKARA", "SOKET_NO": "SKT/23964", "SOKET_TIPI": "AC", "SOKET_TURU": "AC_TYPE2", "SOKET_GUCU_KW": "11" }, "geometry": { "type": "Point", "coordinates": [ 32.695468, 39.902276 ] } },
{ "type": "Feature", "properties": { "ID": 839.0, "SIRA_NO": 402.0, "ISTASYON_NO": "ŞRJ/13753", "ISTASYON_ADI": "RELAX PLUS SİTESİ", "HIZMET_SEKLI": "OZEL", "MARKA": "VOLTRUN", "MARKAADI": "Voltrun", "SARJ_AGI_ISLETMECISI": "VOLTRUN ENERJİ ANONİM ŞİRKETİ", "YESIL_SARJ_ISTASYONU_MU": "Evet", "ADRES": "Alacaatlı Mahallesi 5088 Sokağı  No:67/F Çankaya / ANKARA", "SOKET_NO": "SKT/36012", "SOKET_TIPI": "AC", "SOKET_TURU": "AC_TYPE2", "SOKET_GUCU_KW": "21" }, "geometry": { "type": "Point", "coordinates": [ 32.638529, 39.847725 ] } },
{ "type": "Feature", "properties": { "ID": 35414.0, "SIRA_NO": 275.0, "ISTASYON_NO": "ŞRJ/18365", "ISTASYON_ADI": "Zambak Sitesi", "HIZMET_SEKLI": "OZEL", "MARKA": "wat mobilite", "MARKAADI": "WAT Mobilite", "SARJ_AGI_ISLETMECISI": "WAT MOBİLİTE ÇÖZÜMLERİ TEKNOLOJİ VE TİCARET ANONİM ŞİRKETİ", "YESIL_SARJ_ISTASYONU_MU": "Evet", "ADRES": "Birlik Mahallesi 435. Cadde Caddesi  No:No:72/Araç şarj-1 Çankaya / ANKARA", "SOKET_NO": "SKT/50733", "SOKET_TIPI": "AC", "SOKET_TURU": "AC_TYPE2", "SOKET_GUCU_KW": "22" }, "geometry": { "type": "Point", "coordinates": [ 32.87324, 39.872081 ] } },
{ "type": "Feature", "properties": { "ID": 35415.0, "SIRA_NO": 275.0, "ISTASYON_NO": "ŞRJ/18365", "ISTASYON_ADI": "Zambak Sitesi", "HIZMET_SEKLI": "OZEL", "MARKA": "wat mobilite", "MARKAADI": "WAT Mobilite", "SARJ_AGI_ISLETMECISI": "WAT MOBİLİTE ÇÖZÜMLERİ TEKNOLOJİ VE TİCARET ANONİM ŞİRKETİ", "YESIL_SARJ_ISTASYONU_MU": "Evet", "ADRES": "Birlik Mahallesi 435. Cadde Caddesi  No:No:72/Araç şarj-1 Çankaya / ANKARA", "SOKET_NO": "SKT/50734", "SOKET_TIPI": "AC", "SOKET_TURU": "AC_TYPE2", "SOKET_GUCU_KW": "22" }, "geometry": { "type": "Point", "coordinates": [ 32.87324, 39.872081 ] } },
{ "type": "Feature", "properties": { "ID": 35416.0, "SIRA_NO": 275.0, "ISTASYON_NO": "ŞRJ/18365", "ISTASYON_ADI": "Zambak Sitesi", "HIZMET_SEKLI": "OZEL", "MARKA": "wat mobilite", "MARKAADI": "WAT Mobilite", "SARJ_AGI_ISLETMECISI": "WAT MOBİLİTE ÇÖZÜMLERİ TEKNOLOJİ VE TİCARET ANONİM ŞİRKETİ", "YESIL_SARJ_ISTASYONU_MU": "Evet", "ADRES": "Birlik Mahallesi 435. Cadde Caddesi  No:No:72/Araç şarj-1 Çankaya / ANKARA", "SOKET_NO": "SKT/50735", "SOKET_TIPI": "AC", "SOKET_TURU": "AC_TYPE2", "SOKET_GUCU_KW": "11" }, "geometry": { "type": "Point", "coordinates": [ 32.87324, 39.872081 ] } },
{ "type": "Feature", "properties": { "ID": 35417.0, "SIRA_NO": 275.0, "ISTASYON_NO": "ŞRJ/18365", "ISTASYON_ADI": "Zambak Sitesi", "HIZMET_SEKLI": "OZEL", "MARKA": "wat mobilite", "MARKAADI": "WAT Mobilite", "SARJ_AGI_ISLETMECISI": "WAT MOBİLİTE ÇÖZÜMLERİ TEKNOLOJİ VE TİCARET ANONİM ŞİRKETİ", "YESIL_SARJ_ISTASYONU_MU": "Evet", "ADRES": "Birlik Mahallesi 435. Cadde Caddesi  No:No:72/Araç şarj-1 Çankaya / ANKARA", "SOKET_NO": "SKT/50736", "SOKET_TIPI": "AC", "SOKET_TURU": "AC_TYPE2", "SOKET_GUCU_KW": "11" }, "geometry": { "type": "Point", "coordinates": [ 32.87324, 39.872081 ] } },
{ "type": "Feature", "properties": { "ID": 741.0, "SIRA_NO": 353.0, "ISTASYON_NO": "ŞRJ/13090", "ISTASYON_ADI": "SU KENT BEYTEPE SİTESİ SOSYAL TESİSLERİ", "HIZMET_SEKLI": "HALKA_ACIK", "MARKA": "VOLTRUN", "MARKAADI": "Voltrun", "SARJ_AGI_ISLETMECISI": "VOLTRUN ENERJİ ANONİM ŞİRKETİ", "YESIL_SARJ_ISTASYONU_MU": "Evet", "ADRES": "Beytepe Mahallesi Hafsa Sultan Sokağı  No:24 Çankaya / ANKARA", "SOKET_NO": "SKT/33765", "SOKET_TIPI": "AC", "SOKET_TURU": "AC_TYPE2", "SOKET_GUCU_KW": "22" }, "geometry": { "type": "Point", "coordinates": [ 32.706861, 39.85207 ] } },
{ "type": "Feature", "properties": { "ID": 768.0, "SIRA_NO": 368.0, "ISTASYON_NO": "ŞRJ/13468", "ISTASYON_ADI": "HOTEL HOUSTON", "HIZMET_SEKLI": "HALKA_ACIK", "MARKA": "VOLTRUN", "MARKAADI": "Voltrun", "SARJ_AGI_ISLETMECISI": "VOLTRUN ENERJİ ANONİM ŞİRKETİ", "YESIL_SARJ_ISTASYONU_MU": "Evet", "ADRES": "Barbaros Mahallesi Güniz Sokağı  No:26 Çankaya / ANKARA", "SOKET_NO": "SKT/34965", "SOKET_TIPI": "AC", "SOKET_TURU": "AC_TYPE2", "SOKET_GUCU_KW": "22" }, "geometry": { "type": "Point", "coordinates": [ 32.861291, 39.904328 ] } },
{ "type": "Feature", "properties": { "ID": 788.0, "SIRA_NO": 374.0, "ISTASYON_NO": "ŞRJ/13553", "ISTASYON_ADI": "BEYKENT-BEYTEPE SİTESİ", "HIZMET_SEKLI": "OZEL", "MARKA": "VOLTRUN", "MARKAADI": "Voltrun", "SARJ_AGI_ISLETMECISI": "VOLTRUN ENERJİ ANONİM ŞİRKETİ", "YESIL_SARJ_ISTASYONU_MU": "Evet", "ADRES": "Beytepe Mahallesi 5502 Sokağı  No:2/B Çankaya / ANKARA", "SOKET_NO": "SKT/35236", "SOKET_TIPI": "AC", "SOKET_TURU": "AC_TYPE2", "SOKET_GUCU_KW": "22" }, "geometry": { "type": "Point", "coordinates": [ 32.709861, 39.849216 ] } },
{ "type": "Feature", "properties": { "ID": 829.0, "SIRA_NO": 396.0, "ISTASYON_NO": "ŞRJ/11030", "ISTASYON_ADI": "SER KULE RESİDENCE", "HIZMET_SEKLI": "OZEL", "MARKA": "VOLTRUN", "MARKAADI": "Voltrun", "SARJ_AGI_ISLETMECISI": "VOLTRUN ENERJİ ANONİM ŞİRKETİ", "YESIL_SARJ_ISTASYONU_MU": "Evet", "ADRES": "Çayyolu Mahallesi 2661/1 Sokağı  No:3/A Çankaya / ANKARA", "SOKET_NO": "SKT/27100", "SOKET_TIPI": "AC", "SOKET_TURU": "AC_TYPE2", "SOKET_GUCU_KW": "10" }, "geometry": { "type": "Point", "coordinates": [ 32.694718, 39.887593 ] } },
{ "type": "Feature", "properties": { "ID": 957.0, "SIRA_NO": 442.0, "ISTASYON_NO": "ŞRJ/1726", "ISTASYON_ADI": "PARK ALYANS SİTE YÖNETİMİ", "HIZMET_SEKLI": "OZEL", "MARKA": "VOLTRUN", "MARKAADI": "Voltrun", "SARJ_AGI_ISLETMECISI": "VOLTRUN ENERJİ ANONİM ŞİRKETİ", "YESIL_SARJ_ISTASYONU_MU": "Evet", "ADRES": "Alacaatlı Mahallesi 5030 Caddesi  No:2 Çankaya / ANKARA", "SOKET_NO": "SKT/3019", "SOKET_TIPI": "AC", "SOKET_TURU": "AC_TYPE2", "SOKET_GUCU_KW": "21" }, "geometry": { "type": "Point", "coordinates": [ 32.663016, 39.85423 ] } },
{ "type": "Feature", "properties": { "ID": 35413.0, "SIRA_NO": 275.0, "ISTASYON_NO": "ŞRJ/18365", "ISTASYON_ADI": "Zambak Sitesi", "HIZMET_SEKLI": "OZEL", "MARKA": "wat mobilite", "MARKAADI": "WAT Mobilite", "SARJ_AGI_ISLETMECISI": "WAT MOBİLİTE ÇÖZÜMLERİ TEKNOLOJİ VE TİCARET ANONİM ŞİRKETİ", "YESIL_SARJ_ISTASYONU_MU": "Evet", "ADRES": "Birlik Mahallesi 435. Cadde Caddesi  No:No:72/Araç şarj-1 Çankaya / ANKARA", "SOKET_NO": "SKT/50732", "SOKET_TIPI": "AC", "SOKET_TURU": "AC_TYPE2", "SOKET_GUCU_KW": "22" }, "geometry": { "type": "Point", "coordinates": [ 32.87324, 39.872081 ] } },
{ "type": "Feature", "properties": { "ID": 933.0, "SIRA_NO": 432.0, "ISTASYON_NO": "ŞRJ/13959", "ISTASYON_ADI": "MAHATMA GHANDI", "HIZMET_SEKLI": "OZEL", "MARKA": "VOLTRUN", "MARKAADI": "Voltrun", "SARJ_AGI_ISLETMECISI": "VOLTRUN ENERJİ ANONİM ŞİRKETİ", "YESIL_SARJ_ISTASYONU_MU": "Evet", "ADRES": "Büyükesat Mahallesi Mahatma Handi Sokağı  No:79 Çankaya / ANKARA", "SOKET_NO": "SKT/36628", "SOKET_TIPI": "AC", "SOKET_TURU": "AC_TYPE2", "SOKET_GUCU_KW": "3" }, "geometry": { "type": "Point", "coordinates": [ 32.877864, 39.893521 ] } },
{ "type": "Feature", "properties": { "ID": 35549.0, "SIRA_NO": 339.0, "ISTASYON_NO": "ŞRJ/18396", "ISTASYON_ADI": "Arma Kule", "HIZMET_SEKLI": "HALKA_ACIK", "MARKA": "wat mobilite", "MARKAADI": "WAT Mobilite", "SARJ_AGI_ISLETMECISI": "WAT MOBİLİTE ÇÖZÜMLERİ TEKNOLOJİ VE TİCARET ANONİM ŞİRKETİ", "YESIL_SARJ_ISTASYONU_MU": "Evet", "ADRES": "Kızılırmak Mahallesi 1441 Sokağı  No:2 / B OTOMAT Çankaya / ANKARA", "SOKET_NO": "SKT/50872", "SOKET_TIPI": "DC", "SOKET_TURU": "DC_CCS", "SOKET_GUCU_KW": "120" }, "geometry": { "type": "Point", "coordinates": [ 32.80995, 39.908503 ] } },
{ "type": "Feature", "properties": { "ID": 35550.0, "SIRA_NO": 339.0, "ISTASYON_NO": "ŞRJ/18396", "ISTASYON_ADI": "Arma Kule", "HIZMET_SEKLI": "HALKA_ACIK", "MARKA": "wat mobilite", "MARKAADI": "WAT Mobilite", "SARJ_AGI_ISLETMECISI": "WAT MOBİLİTE ÇÖZÜMLERİ TEKNOLOJİ VE TİCARET ANONİM ŞİRKETİ", "YESIL_SARJ_ISTASYONU_MU": "Evet", "ADRES": "Kızılırmak Mahallesi 1441 Sokağı  No:2 / B OTOMAT Çankaya / ANKARA", "SOKET_NO": "SKT/50873", "SOKET_TIPI": "DC", "SOKET_TURU": "DC_CCS", "SOKET_GUCU_KW": "120" }, "geometry": { "type": "Point", "coordinates": [ 32.80995, 39.908503 ] } },
{ "type": "Feature", "properties": { "ID": 34765.0, "SIRA_NO": 372.0, "ISTASYON_NO": "ŞRJ/18150", "ISTASYON_ADI": "ODTÜ Jeoloji Otoparkı", "HIZMET_SEKLI": "OZEL", "MARKA": "wat mobilite", "MARKAADI": "WAT Mobilite", "SARJ_AGI_ISLETMECISI": "WAT MOBİLİTE ÇÖZÜMLERİ TEKNOLOJİ VE TİCARET ANONİM ŞİRKETİ", "YESIL_SARJ_ISTASYONU_MU": "Evet", "ADRES": "Üniversiteler Mahallesi Odtü Jeoloji Otopark Sokak Sokağı Çankaya / ANKARA", "SOKET_NO": "SKT/50020", "SOKET_TIPI": "DC", "SOKET_TURU": "DC_CCS", "SOKET_GUCU_KW": "180" }, "geometry": { "type": "Point", "coordinates": [ 32.781439, 39.886682 ] } },
{ "type": "Feature", "properties": { "ID": 34766.0, "SIRA_NO": 372.0, "ISTASYON_NO": "ŞRJ/18150", "ISTASYON_ADI": "ODTÜ Jeoloji Otoparkı", "HIZMET_SEKLI": "OZEL", "MARKA": "wat mobilite", "MARKAADI": "WAT Mobilite", "SARJ_AGI_ISLETMECISI": "WAT MOBİLİTE ÇÖZÜMLERİ TEKNOLOJİ VE TİCARET ANONİM ŞİRKETİ", "YESIL_SARJ_ISTASYONU_MU": "Evet", "ADRES": "Üniversiteler Mahallesi Odtü Jeoloji Otopark Sokak Sokağı Çankaya / ANKARA", "SOKET_NO": "SKT/50021", "SOKET_TIPI": "AC", "SOKET_TURU": "AC_TYPE2", "SOKET_GUCU_KW": "22" }, "geometry": { "type": "Point", "coordinates": [ 32.781439, 39.886682 ] } },
{ "type": "Feature", "properties": { "ID": 34767.0, "SIRA_NO": 372.0, "ISTASYON_NO": "ŞRJ/18150", "ISTASYON_ADI": "ODTÜ Jeoloji Otoparkı", "HIZMET_SEKLI": "OZEL", "MARKA": "wat mobilite", "MARKAADI": "WAT Mobilite", "SARJ_AGI_ISLETMECISI": "WAT MOBİLİTE ÇÖZÜMLERİ TEKNOLOJİ VE TİCARET ANONİM ŞİRKETİ", "YESIL_SARJ_ISTASYONU_MU": "Evet", "ADRES": "Üniversiteler Mahallesi Odtü Jeoloji Otopark Sokak Sokağı Çankaya / ANKARA", "SOKET_NO": "SKT/50022", "SOKET_TIPI": "AC", "SOKET_TURU": "AC_TYPE2", "SOKET_GUCU_KW": "22" }, "geometry": { "type": "Point", "coordinates": [ 32.781439, 39.886682 ] } },
{ "type": "Feature", "properties": { "ID": 1484.0, "SIRA_NO": 159.0, "ISTASYON_NO": "ŞRJ/8501", "ISTASYON_ADI": "RÜYAKENT SİTESİ", "HIZMET_SEKLI": "OZEL", "MARKA": "VOLTRUN", "MARKAADI": "Voltrun", "SARJ_AGI_ISLETMECISI": "VOLTRUN ENERJİ ANONİM ŞİRKETİ", "YESIL_SARJ_ISTASYONU_MU": "Evet", "ADRES": "Çayyolu Alacaatlı Mahallesi 3346/2 Sokağı  No:8 Çankaya / ANKARA", "SOKET_NO": "SKT/19516", "SOKET_TIPI": "AC", "SOKET_TURU": "AC_TYPE2", "SOKET_GUCU_KW": "11" }, "geometry": { "type": "Point", "coordinates": [ 32.689052, 39.848627 ] } },
{ "type": "Feature", "properties": { "ID": 1827.0, "SIRA_NO": 297.0, "ISTASYON_NO": "ŞRJ/13554", "ISTASYON_ADI": "AVEND BEYTEPE 1", "HIZMET_SEKLI": "OZEL", "MARKA": "VOLTRUN", "MARKAADI": "Voltrun", "SARJ_AGI_ISLETMECISI": "VOLTRUN ENERJİ ANONİM ŞİRKETİ", "YESIL_SARJ_ISTASYONU_MU": "Evet", "ADRES": "Beytepe Mahallesi Hafsa Sultan Sokağı  No:10/A Çankaya / ANKARA", "SOKET_NO": "SKT/35238", "SOKET_TIPI": "AC", "SOKET_TURU": "AC_TYPE2", "SOKET_GUCU_KW": "11" }, "geometry": { "type": "Point", "coordinates": [ 32.71038, 39.856386 ] } },
{ "type": "Feature", "properties": { "ID": 1832.0, "SIRA_NO": 298.0, "ISTASYON_NO": "ŞRJ/13595", "ISTASYON_ADI": "AVEND BEYTEPE 2", "HIZMET_SEKLI": "OZEL", "MARKA": "VOLTRUN", "MARKAADI": "Voltrun", "SARJ_AGI_ISLETMECISI": "VOLTRUN ENERJİ ANONİM ŞİRKETİ", "YESIL_SARJ_ISTASYONU_MU": "Evet", "ADRES": "Beytepe Mahallesi Hafsa Sultan Sokağı  No:12/B Çankaya / ANKARA", "SOKET_NO": "SKT/35359", "SOKET_TIPI": "AC", "SOKET_TURU": "AC_TYPE2", "SOKET_GUCU_KW": "11" }, "geometry": { "type": "Point", "coordinates": [ 32.707864, 39.855609 ] } },
{ "type": "Feature", "properties": { "ID": 2196.0, "SIRA_NO": 441.0, "ISTASYON_NO": "ŞRJ/13669", "ISTASYON_ADI": "BAŞKENT VADİ KONAKLARI", "HIZMET_SEKLI": "OZEL", "MARKA": "VOLTRUN", "MARKAADI": "Voltrun", "SARJ_AGI_ISLETMECISI": "VOLTRUN ENERJİ ANONİM ŞİRKETİ", "YESIL_SARJ_ISTASYONU_MU": "Evet", "ADRES": "İlkbahar Mahallesi 604 Sokağı  No:735/A Çankaya / ANKARA", "SOKET_NO": "SKT/35630", "SOKET_TIPI": "AC", "SOKET_TURU": "AC_TYPE2", "SOKET_GUCU_KW": "7,4" }, "geometry": { "type": "Point", "coordinates": [ 32.862514, 39.863349 ] } },
{ "type": "Feature", "properties": { "ID": 2211.0, "SIRA_NO": 447.0, "ISTASYON_NO": "ŞRJ/12089", "ISTASYON_ADI": "ARTE 168 SİTESİ", "HIZMET_SEKLI": "OZEL", "MARKA": "VOLTRUN", "MARKAADI": "Voltrun", "SARJ_AGI_ISLETMECISI": "VOLTRUN ENERJİ ANONİM ŞİRKETİ", "YESIL_SARJ_ISTASYONU_MU": "Evet", "ADRES": "Alacaatlı Mahallesi 4847 Sokağı  No:1/A Çankaya / ANKARA", "SOKET_NO": "SKT/30698", "SOKET_TIPI": "AC", "SOKET_TURU": "AC_TYPE2", "SOKET_GUCU_KW": "21" }, "geometry": { "type": "Point", "coordinates": [ 32.690369, 39.830705 ] } },
{ "type": "Feature", "properties": { "ID": 35478.0, "SIRA_NO": 307.0, "ISTASYON_NO": "ŞRJ/17670", "ISTASYON_ADI": "ÖNİZŞARJ BESA NOVA PLAZA", "HIZMET_SEKLI": "HALKA_ACIK", "MARKA": "önizşarj", "MARKAADI": "ASM Group", "SARJ_AGI_ISLETMECISI": "ASM DEKORASYON MOBİLYA  GRANİT MERMER İNŞAAT SANAYİ TİCARET LİMİTED ŞİRKETİ", "YESIL_SARJ_ISTASYONU_MU": "", "ADRES": "Yaşamkent Mahallesi Mehmet Rifat Börekçi Sokağı  No:16 Çankaya / ANKARA", "SOKET_NO": "SKT/50824", "SOKET_TIPI": "DC", "SOKET_TURU": "DC_CCS", "SOKET_GUCU_KW": "120" }, "geometry": { "type": "Point", "coordinates": [ 32.642606, 39.861551 ] } },
{ "type": "Feature", "properties": { "ID": 35479.0, "SIRA_NO": 307.0, "ISTASYON_NO": "ŞRJ/17670", "ISTASYON_ADI": "ÖNİZŞARJ BESA NOVA PLAZA", "HIZMET_SEKLI": "HALKA_ACIK", "MARKA": "önizşarj", "MARKAADI": "ASM Group", "SARJ_AGI_ISLETMECISI": "ASM DEKORASYON MOBİLYA  GRANİT MERMER İNŞAAT SANAYİ TİCARET LİMİTED ŞİRKETİ", "YESIL_SARJ_ISTASYONU_MU": "", "ADRES": "Yaşamkent Mahallesi Mehmet Rifat Börekçi Sokağı  No:16 Çankaya / ANKARA", "SOKET_NO": "SKT/50825", "SOKET_TIPI": "DC", "SOKET_TURU": "DC_CCS", "SOKET_GUCU_KW": "120" }, "geometry": { "type": "Point", "coordinates": [ 32.642606, 39.861551 ] } },
{ "type": "Feature", "properties": { "ID": 1456.0, "SIRA_NO": 142.0, "ISTASYON_NO": "ŞRJ/13020", "ISTASYON_ADI": "NUROL RESIDENCE", "HIZMET_SEKLI": "OZEL", "MARKA": "VOLTRUN", "MARKAADI": "Voltrun", "SARJ_AGI_ISLETMECISI": "VOLTRUN ENERJİ ANONİM ŞİRKETİ", "YESIL_SARJ_ISTASYONU_MU": "Evet", "ADRES": "Bağcılar Mahallesi Vedat Dalokay Sokağı  No:111/1 Çankaya / ANKARA", "SOKET_NO": "SKT/33571", "SOKET_TIPI": "AC", "SOKET_TURU": "AC_TYPE2", "SOKET_GUCU_KW": "21" }, "geometry": { "type": "Point", "coordinates": [ 32.8796, 39.8983 ] } },
{ "type": "Feature", "properties": { "ID": 36276.0, "SIRA_NO": 6.0, "ISTASYON_NO": "ŞRJ/18681", "ISTASYON_ADI": "LOTUS BEYTEPE İKİLİ STYLE", "HIZMET_SEKLI": "OZEL", "MARKA": "EPSIS", "MARKAADI": "Epsis", "SARJ_AGI_ISLETMECISI": "FORM ELEKTRİK İNŞAAT MÜHENDİSLİK ANONİM ŞİRKETİ", "YESIL_SARJ_ISTASYONU_MU": "", "ADRES": "Beytepe Mahallesi 5387 Sokağı  No:6 Çankaya / ANKARA", "SOKET_NO": "SKT/51746", "SOKET_TIPI": "AC", "SOKET_TURU": "AC_TYPE2", "SOKET_GUCU_KW": "22" }, "geometry": { "type": "Point", "coordinates": [ 32.711688, 39.857377 ] } },
{ "type": "Feature", "properties": { "ID": 36277.0, "SIRA_NO": 6.0, "ISTASYON_NO": "ŞRJ/18681", "ISTASYON_ADI": "LOTUS BEYTEPE İKİLİ STYLE", "HIZMET_SEKLI": "OZEL", "MARKA": "EPSIS", "MARKAADI": "Epsis", "SARJ_AGI_ISLETMECISI": "FORM ELEKTRİK İNŞAAT MÜHENDİSLİK ANONİM ŞİRKETİ", "YESIL_SARJ_ISTASYONU_MU": "", "ADRES": "Beytepe Mahallesi 5387 Sokağı  No:6 Çankaya / ANKARA", "SOKET_NO": "SKT/51747", "SOKET_TIPI": "AC", "SOKET_TURU": "AC_TYPE2", "SOKET_GUCU_KW": "22" }, "geometry": { "type": "Point", "coordinates": [ 32.711688, 39.857377 ] } },
{ "type": "Feature", "properties": { "ID": 36282.0, "SIRA_NO": 9.0, "ISTASYON_NO": "ŞRJ/18683", "ISTASYON_ADI": "SİSA KULE", "HIZMET_SEKLI": "HALKA_ACIK", "MARKA": "EVC CHARGE", "MARKAADI": "Evcil Mühendislik", "SARJ_AGI_ISLETMECISI": "EVCİL YATIRIM MÜHENDİSLİK MİMARLIK LİMİTED ŞİRKETİ", "YESIL_SARJ_ISTASYONU_MU": "", "ADRES": "Konutkent Mahallesi  No:381 Çankaya / ANKARA", "SOKET_NO": "SKT/51753", "SOKET_TIPI": "DC", "SOKET_TURU": "DC_CCS", "SOKET_GUCU_KW": "120" }, "geometry": { "type": "Point", "coordinates": [ 32.664399, 39.884582 ] } },
{ "type": "Feature", "properties": { "ID": 3750.0, "SIRA_NO": 55.0, "ISTASYON_NO": "ŞRJ/17131", "ISTASYON_ADI": "1. ETAP 11. BODRUM 14 AC", "HIZMET_SEKLI": "HALKA_ACIK", "MARKA": "MYCHARGE", "MARKAADI": "Mycharge", "SARJ_AGI_ISLETMECISI": "MANAS İPLİK SANAYİ VE TİCARET ANONİM ŞİRKETİ", "YESIL_SARJ_ISTASYONU_MU": "", "ADRES": "İlkbahar Mahallesi Doğukent Caddesi  No:733/E Çankaya / ANKARA", "SOKET_NO": "SKT/46705", "SOKET_TIPI": "AC", "SOKET_TURU": "AC_TYPE2", "SOKET_GUCU_KW": "22" }, "geometry": { "type": "Point", "coordinates": [ 32.85678, 39.860071 ] } },
{ "type": "Feature", "properties": { "ID": 3327.0, "SIRA_NO": 362.0, "ISTASYON_NO": "ŞRJ/9592", "ISTASYON_ADI": "İNCEK ATASAYAN B BLOK", "HIZMET_SEKLI": "OZEL", "MARKA": "ECOBOX", "MARKAADI": "Ecobox", "SARJ_AGI_ISLETMECISI": "ATAY GÜÇ VE ENERJİ SİSTEMLERİ İMALAT SANAYİ TİCARET LİMİTED ŞİRKETİ", "YESIL_SARJ_ISTASYONU_MU": "", "ADRES": "Alacaatlı Mahallesi 4860 Sokağı  No:2/B /ARAÇŞARJ Çankaya / ANKARA", "SOKET_NO": "SKT/22843", "SOKET_TIPI": "AC", "SOKET_TURU": "AC_TYPE2", "SOKET_GUCU_KW": "20" }, "geometry": { "type": "Point", "coordinates": [ 32.687768, 39.838897 ] } },
{ "type": "Feature", "properties": { "ID": 3328.0, "SIRA_NO": 363.0, "ISTASYON_NO": "ŞRJ/9593", "ISTASYON_ADI": "İNCEK ATASAYAN C BLOK", "HIZMET_SEKLI": "OZEL", "MARKA": "ECOBOX", "MARKAADI": "Ecobox", "SARJ_AGI_ISLETMECISI": "ATAY GÜÇ VE ENERJİ SİSTEMLERİ İMALAT SANAYİ TİCARET LİMİTED ŞİRKETİ", "YESIL_SARJ_ISTASYONU_MU": "", "ADRES": "Alacaatlı Mahallesi 4860 Sokağı  No:2/C /ARAÇŞARJ Çankaya / ANKARA", "SOKET_NO": "SKT/22844", "SOKET_TIPI": "AC", "SOKET_TURU": "AC_TYPE2", "SOKET_GUCU_KW": "20" }, "geometry": { "type": "Point", "coordinates": [ 32.689682, 39.838169 ] } },
{ "type": "Feature", "properties": { "ID": 3329.0, "SIRA_NO": 364.0, "ISTASYON_NO": "ŞRJ/9594", "ISTASYON_ADI": "İNCEK ATASAYAN D BLOK", "HIZMET_SEKLI": "OZEL", "MARKA": "ECOBOX", "MARKAADI": "Ecobox", "SARJ_AGI_ISLETMECISI": "ATAY GÜÇ VE ENERJİ SİSTEMLERİ İMALAT SANAYİ TİCARET LİMİTED ŞİRKETİ", "YESIL_SARJ_ISTASYONU_MU": "", "ADRES": "Alacaatlı Mahallesi 4860 Sokağı  No:2/D /ARAÇŞARJ Çankaya / ANKARA", "SOKET_NO": "SKT/22845", "SOKET_TIPI": "AC", "SOKET_TURU": "AC_TYPE2", "SOKET_GUCU_KW": "20" }, "geometry": { "type": "Point", "coordinates": [ 32.687331, 39.839503 ] } },
{ "type": "Feature", "properties": { "ID": 3330.0, "SIRA_NO": 365.0, "ISTASYON_NO": "ŞRJ/9595", "ISTASYON_ADI": "İNCEK ATASAYAN E BLOK", "HIZMET_SEKLI": "OZEL", "MARKA": "ECOBOX", "MARKAADI": "Ecobox", "SARJ_AGI_ISLETMECISI": "ATAY GÜÇ VE ENERJİ SİSTEMLERİ İMALAT SANAYİ TİCARET LİMİTED ŞİRKETİ", "YESIL_SARJ_ISTASYONU_MU": "", "ADRES": "Alacaatlı Mahallesi 4860 Sokağı  No:2/E /ARAÇŞARJ Çankaya / ANKARA", "SOKET_NO": "SKT/22846", "SOKET_TIPI": "AC", "SOKET_TURU": "AC_TYPE2", "SOKET_GUCU_KW": "20" }, "geometry": { "type": "Point", "coordinates": [ 32.686698, 39.839853 ] } },
{ "type": "Feature", "properties": { "ID": 3331.0, "SIRA_NO": 366.0, "ISTASYON_NO": "ŞRJ/9596", "ISTASYON_ADI": "İNCEK ATASAYAN F BLOK", "HIZMET_SEKLI": "OZEL", "MARKA": "ECOBOX", "MARKAADI": "Ecobox", "SARJ_AGI_ISLETMECISI": "ATAY GÜÇ VE ENERJİ SİSTEMLERİ İMALAT SANAYİ TİCARET LİMİTED ŞİRKETİ", "YESIL_SARJ_ISTASYONU_MU": "", "ADRES": "Alacaatlı Mahallesi 4860 Sokağı  No:2/F /ARAÇŞARJ Çankaya / ANKARA", "SOKET_NO": "SKT/22847", "SOKET_TIPI": "AC", "SOKET_TURU": "AC_TYPE2", "SOKET_GUCU_KW": "20" }, "geometry": { "type": "Point", "coordinates": [ 32.687017, 39.83907 ] } },
{ "type": "Feature", "properties": { "ID": 3332.0, "SIRA_NO": 367.0, "ISTASYON_NO": "ŞRJ/9597", "ISTASYON_ADI": "İNCEK ATASAYAN G BLOK", "HIZMET_SEKLI": "OZEL", "MARKA": "ECOBOX", "MARKAADI": "Ecobox", "SARJ_AGI_ISLETMECISI": "ATAY GÜÇ VE ENERJİ SİSTEMLERİ İMALAT SANAYİ TİCARET LİMİTED ŞİRKETİ", "YESIL_SARJ_ISTASYONU_MU": "", "ADRES": "Alacaatlı Mahallesi 4860 Sokağı  No:2/G /ARAÇŞARJ Çankaya / ANKARA", "SOKET_NO": "SKT/22848", "SOKET_TIPI": "AC", "SOKET_TURU": "AC_TYPE2", "SOKET_GUCU_KW": "20" }, "geometry": { "type": "Point", "coordinates": [ 32.689095, 39.837581 ] } },
{ "type": "Feature", "properties": { "ID": 3333.0, "SIRA_NO": 368.0, "ISTASYON_NO": "ŞRJ/13480", "ISTASYON_ADI": "KOORDİNAT ÇAYYOLU ÜST ETAP", "HIZMET_SEKLI": "OZEL", "MARKA": "ECOBOX", "MARKAADI": "Ecobox", "SARJ_AGI_ISLETMECISI": "ATAY GÜÇ VE ENERJİ SİSTEMLERİ İMALAT SANAYİ TİCARET LİMİTED ŞİRKETİ", "YESIL_SARJ_ISTASYONU_MU": "", "ADRES": "Mutlukent Mahallesi 3450 Sokağı  No:1 /1 Çankaya / ANKARA", "SOKET_NO": "SKT/35000", "SOKET_TIPI": "AC", "SOKET_TURU": "AC_TYPE2", "SOKET_GUCU_KW": "20" }, "geometry": { "type": "Point", "coordinates": [ 32.712702, 39.892652 ] } },
{ "type": "Feature", "properties": { "ID": 31416.0, "SIRA_NO": 493.0, "ISTASYON_NO": "ŞRJ/16795", "ISTASYON_ADI": "ŞARJTAK - OKSİJEN ORAN SİTESİ", "HIZMET_SEKLI": "OZEL", "MARKA": "ŞARJTAK", "MARKAADI": "ŞarjTak", "SARJ_AGI_ISLETMECISI": "TAYRAN GRUP İNŞAAT ANONİM ŞİRKETİ", "YESIL_SARJ_ISTASYONU_MU": "", "ADRES": "İlkbahar Mahallesi  No:77/1  Güneypark Küme Evleri Çankaya / ANKARA", "SOKET_NO": "SKT/45691", "SOKET_TIPI": "AC", "SOKET_TURU": "AC_TYPE2", "SOKET_GUCU_KW": "22" }, "geometry": { "type": "Point", "coordinates": [ 32.850524, 39.841399 ] } },
{ "type": "Feature", "properties": { "ID": 31396.0, "SIRA_NO": 478.0, "ISTASYON_NO": "ŞRJ/16200", "ISTASYON_ADI": "VADİ KAPI KONUTLARI / ŞARJTAK", "HIZMET_SEKLI": "OZEL", "MARKA": "ŞARJTAK", "MARKAADI": "ŞarjTak", "SARJ_AGI_ISLETMECISI": "TAYRAN GRUP İNŞAAT ANONİM ŞİRKETİ", "YESIL_SARJ_ISTASYONU_MU": "", "ADRES": "Ayrancı Mahallesi Reşat Nuri Sokağı  No:102 Çankaya / ANKARA", "SOKET_NO": "SKT/43845", "SOKET_TIPI": "AC", "SOKET_TURU": "AC_TYPE2", "SOKET_GUCU_KW": "22" }, "geometry": { "type": "Point", "coordinates": [ 32.8458, 39.890199 ] } },
{ "type": "Feature", "properties": { "ID": 2804.0, "SIRA_NO": 166.0, "ISTASYON_NO": "ŞRJ/10267", "ISTASYON_ADI": "Doğuş Oto Ankara - Audi", "HIZMET_SEKLI": "HALKA_ACIK", "MARKA": "D-Charge", "MARKAADI": "D - Charge", "SARJ_AGI_ISLETMECISI": "DOĞUŞ ŞARJ SİSTEMLERİ PAZARLAMA VE TİCARET ANONİM ŞİRKETİ", "YESIL_SARJ_ISTASYONU_MU": "", "ADRES": "İşçi Blokları Mahallesi  No:182a Çankaya / ANKARA", "SOKET_NO": "SKT/24893", "SOKET_TIPI": "DC", "SOKET_TURU": "DC_CCS", "SOKET_GUCU_KW": "120" }, "geometry": { "type": "Point", "coordinates": [ 32.812432, 39.891671 ] } },
{ "type": "Feature", "properties": { "ID": 21084.0, "SIRA_NO": 250.0, "ISTASYON_NO": "ŞRJ/16811", "ISTASYON_ADI": "PARK JOVEN KONUTLARI", "HIZMET_SEKLI": "OZEL", "MARKA": "EVC CHARGE", "MARKAADI": "Evcil Mühendislik", "SARJ_AGI_ISLETMECISI": "EVCİL YATIRIM MÜHENDİSLİK MİMARLIK LİMİTED ŞİRKETİ", "YESIL_SARJ_ISTASYONU_MU": "", "ADRES": "Üniversiteler Mahallesi 1634 Caddesi  No:11 Çankaya / ANKARA", "SOKET_NO": "SKT/45739", "SOKET_TIPI": "AC", "SOKET_TURU": "AC_TYPE2", "SOKET_GUCU_KW": "22" }, "geometry": { "type": "Point", "coordinates": [ 32.765474, 39.857125 ] } },
{ "type": "Feature", "properties": { "ID": 21085.0, "SIRA_NO": 250.0, "ISTASYON_NO": "ŞRJ/16811", "ISTASYON_ADI": "PARK JOVEN KONUTLARI", "HIZMET_SEKLI": "OZEL", "MARKA": "EVC CHARGE", "MARKAADI": "Evcil Mühendislik", "SARJ_AGI_ISLETMECISI": "EVCİL YATIRIM MÜHENDİSLİK MİMARLIK LİMİTED ŞİRKETİ", "YESIL_SARJ_ISTASYONU_MU": "", "ADRES": "Üniversiteler Mahallesi 1634 Caddesi  No:11 Çankaya / ANKARA", "SOKET_NO": "SKT/45740", "SOKET_TIPI": "AC", "SOKET_TURU": "AC_TYPE2", "SOKET_GUCU_KW": "22" }, "geometry": { "type": "Point", "coordinates": [ 32.765474, 39.857125 ] } },
{ "type": "Feature", "properties": { "ID": 21086.0, "SIRA_NO": 250.0, "ISTASYON_NO": "ŞRJ/16811", "ISTASYON_ADI": "PARK JOVEN KONUTLARI", "HIZMET_SEKLI": "OZEL", "MARKA": "EVC CHARGE", "MARKAADI": "Evcil Mühendislik", "SARJ_AGI_ISLETMECISI": "EVCİL YATIRIM MÜHENDİSLİK MİMARLIK LİMİTED ŞİRKETİ", "YESIL_SARJ_ISTASYONU_MU": "", "ADRES": "Üniversiteler Mahallesi 1634 Caddesi  No:11 Çankaya / ANKARA", "SOKET_NO": "SKT/45741", "SOKET_TIPI": "AC", "SOKET_TURU": "AC_TYPE2", "SOKET_GUCU_KW": "22" }, "geometry": { "type": "Point", "coordinates": [ 32.765474, 39.857125 ] } },
{ "type": "Feature", "properties": { "ID": 21087.0, "SIRA_NO": 250.0, "ISTASYON_NO": "ŞRJ/16811", "ISTASYON_ADI": "PARK JOVEN KONUTLARI", "HIZMET_SEKLI": "OZEL", "MARKA": "EVC CHARGE", "MARKAADI": "Evcil Mühendislik", "SARJ_AGI_ISLETMECISI": "EVCİL YATIRIM MÜHENDİSLİK MİMARLIK LİMİTED ŞİRKETİ", "YESIL_SARJ_ISTASYONU_MU": "", "ADRES": "Üniversiteler Mahallesi 1634 Caddesi  No:11 Çankaya / ANKARA", "SOKET_NO": "SKT/45742", "SOKET_TIPI": "AC", "SOKET_TURU": "AC_TYPE2", "SOKET_GUCU_KW": "22" }, "geometry": { "type": "Point", "coordinates": [ 32.765474, 39.857125 ] } },
{ "type": "Feature", "properties": { "ID": 21088.0, "SIRA_NO": 250.0, "ISTASYON_NO": "ŞRJ/16811", "ISTASYON_ADI": "PARK JOVEN KONUTLARI", "HIZMET_SEKLI": "OZEL", "MARKA": "EVC CHARGE", "MARKAADI": "Evcil Mühendislik", "SARJ_AGI_ISLETMECISI": "EVCİL YATIRIM MÜHENDİSLİK MİMARLIK LİMİTED ŞİRKETİ", "YESIL_SARJ_ISTASYONU_MU": "", "ADRES": "Üniversiteler Mahallesi 1634 Caddesi  No:11 Çankaya / ANKARA", "SOKET_NO": "SKT/45743", "SOKET_TIPI": "AC", "SOKET_TURU": "AC_TYPE2", "SOKET_GUCU_KW": "22" }, "geometry": { "type": "Point", "coordinates": [ 32.765474, 39.857125 ] } },
{ "type": "Feature", "properties": { "ID": 845.0, "SIRA_NO": 402.0, "ISTASYON_NO": "ŞRJ/13753", "ISTASYON_ADI": "RELAX PLUS SİTESİ", "HIZMET_SEKLI": "OZEL", "MARKA": "VOLTRUN", "MARKAADI": "Voltrun", "SARJ_AGI_ISLETMECISI": "VOLTRUN ENERJİ ANONİM ŞİRKETİ", "YESIL_SARJ_ISTASYONU_MU": "Evet", "ADRES": "Alacaatlı Mahallesi 5088 Sokağı  No:67/F Çankaya / ANKARA", "SOKET_NO": "SKT/36018", "SOKET_TIPI": "AC", "SOKET_TURU": "AC_TYPE2", "SOKET_GUCU_KW": "21" }, "geometry": { "type": "Point", "coordinates": [ 32.638529, 39.847725 ] } },
{ "type": "Feature", "properties": { "ID": 21089.0, "SIRA_NO": 250.0, "ISTASYON_NO": "ŞRJ/16811", "ISTASYON_ADI": "PARK JOVEN KONUTLARI", "HIZMET_SEKLI": "OZEL", "MARKA": "EVC CHARGE", "MARKAADI": "Evcil Mühendislik", "SARJ_AGI_ISLETMECISI": "EVCİL YATIRIM MÜHENDİSLİK MİMARLIK LİMİTED ŞİRKETİ", "YESIL_SARJ_ISTASYONU_MU": "", "ADRES": "Üniversiteler Mahallesi 1634 Caddesi  No:11 Çankaya / ANKARA", "SOKET_NO": "SKT/45744", "SOKET_TIPI": "AC", "SOKET_TURU": "AC_TYPE2", "SOKET_GUCU_KW": "22" }, "geometry": { "type": "Point", "coordinates": [ 32.765474, 39.857125 ] } },
{ "type": "Feature", "properties": { "ID": 21090.0, "SIRA_NO": 250.0, "ISTASYON_NO": "ŞRJ/16811", "ISTASYON_ADI": "PARK JOVEN KONUTLARI", "HIZMET_SEKLI": "OZEL", "MARKA": "EVC CHARGE", "MARKAADI": "Evcil Mühendislik", "SARJ_AGI_ISLETMECISI": "EVCİL YATIRIM MÜHENDİSLİK MİMARLIK LİMİTED ŞİRKETİ", "YESIL_SARJ_ISTASYONU_MU": "", "ADRES": "Üniversiteler Mahallesi 1634 Caddesi  No:11 Çankaya / ANKARA", "SOKET_NO": "SKT/45745", "SOKET_TIPI": "AC", "SOKET_TURU": "AC_TYPE2", "SOKET_GUCU_KW": "22" }, "geometry": { "type": "Point", "coordinates": [ 32.765474, 39.857125 ] } },
{ "type": "Feature", "properties": { "ID": 3337.0, "SIRA_NO": 369.0, "ISTASYON_NO": "ŞRJ/13482", "ISTASYON_ADI": "KOORDİNAT ÇAYYOLU ALT ETAP", "HIZMET_SEKLI": "OZEL", "MARKA": "ECOBOX", "MARKAADI": "Ecobox", "SARJ_AGI_ISLETMECISI": "ATAY GÜÇ VE ENERJİ SİSTEMLERİ İMALAT SANAYİ TİCARET LİMİTED ŞİRKETİ", "YESIL_SARJ_ISTASYONU_MU": "", "ADRES": "Mutlukent Mahallesi 3450 Sokağı  No:1 /1 Çankaya / ANKARA", "SOKET_NO": "SKT/35004", "SOKET_TIPI": "AC", "SOKET_TURU": "AC_TYPE2", "SOKET_GUCU_KW": "20" }, "geometry": { "type": "Point", "coordinates": [ 32.712656, 39.892669 ] } },
{ "type": "Feature", "properties": { "ID": 3343.0, "SIRA_NO": 370.0, "ISTASYON_NO": "ŞRJ/14709", "ISTASYON_ADI": "Sinpaş İncek 64.Blok", "HIZMET_SEKLI": "OZEL", "MARKA": "ECOBOX", "MARKAADI": "Ecobox", "SARJ_AGI_ISLETMECISI": "ATAY GÜÇ VE ENERJİ SİSTEMLERİ İMALAT SANAYİ TİCARET LİMİTED ŞİRKETİ", "YESIL_SARJ_ISTASYONU_MU": "", "ADRES": "Alacaatlı Mahallesi 3602 Caddesi 64 Sokağı  No:8-A /2 Çankaya / ANKARA", "SOKET_NO": "SKT/38919", "SOKET_TIPI": "AC", "SOKET_TURU": "AC_TYPE2", "SOKET_GUCU_KW": "20" }, "geometry": { "type": "Point", "coordinates": [ 32.709635, 39.825682 ] } },
{ "type": "Feature", "properties": { "ID": 3346.0, "SIRA_NO": 372.0, "ISTASYON_NO": "ŞRJ/8067", "ISTASYON_ADI": "FOCUS", "HIZMET_SEKLI": "OZEL", "MARKA": "ECOBOX", "MARKAADI": "Ecobox", "SARJ_AGI_ISLETMECISI": "ATAY GÜÇ VE ENERJİ SİSTEMLERİ İMALAT SANAYİ TİCARET LİMİTED ŞİRKETİ", "YESIL_SARJ_ISTASYONU_MU": "", "ADRES": "Beytepe Mahallesi  No:15 /ARAÇŞARJ Çankaya / ANKARA", "SOKET_NO": "SKT/18395", "SOKET_TIPI": "AC", "SOKET_TURU": "AC_TYPE2", "SOKET_GUCU_KW": "20" }, "geometry": { "type": "Point", "coordinates": [ 32.70965, 39.854221 ] } },
{ "type": "Feature", "properties": { "ID": 3348.0, "SIRA_NO": 373.0, "ISTASYON_NO": "ŞRJ/16284", "ISTASYON_ADI": "Farilya Cadde", "HIZMET_SEKLI": "HALKA_ACIK", "MARKA": "ECOBOX", "MARKAADI": "Ecobox", "SARJ_AGI_ISLETMECISI": "ATAY GÜÇ VE ENERJİ SİSTEMLERİ İMALAT SANAYİ TİCARET LİMİTED ŞİRKETİ", "YESIL_SARJ_ISTASYONU_MU": "", "ADRES": "Çukurambar Mahallesi 1459 Cad Caddesi  No:2 Çankaya / ANKARA", "SOKET_NO": "SKT/44117", "SOKET_TIPI": "AC", "SOKET_TURU": "AC_TYPE2", "SOKET_GUCU_KW": "22" }, "geometry": { "type": "Point", "coordinates": [ 32.80476, 39.894555 ] } },
{ "type": "Feature", "properties": { "ID": 3350.0, "SIRA_NO": 374.0, "ISTASYON_NO": "ŞRJ/16424", "ISTASYON_ADI": "TÜRKKONUT", "HIZMET_SEKLI": "HALKA_ACIK", "MARKA": "ECOBOX", "MARKAADI": "Ecobox", "SARJ_AGI_ISLETMECISI": "ATAY GÜÇ VE ENERJİ SİSTEMLERİ İMALAT SANAYİ TİCARET LİMİTED ŞİRKETİ", "YESIL_SARJ_ISTASYONU_MU": "", "ADRES": "Dodurga Mahallesi Odabaşı Caddesi Kümeevler Sokağı Çankaya / ANKARA", "SOKET_NO": "SKT/44565", "SOKET_TIPI": "AC", "SOKET_TURU": "AC_TYPE2", "SOKET_GUCU_KW": "22" }, "geometry": { "type": "Point", "coordinates": [ 32.660937, 39.83152 ] } },
{ "type": "Feature", "properties": { "ID": 3352.0, "SIRA_NO": 375.0, "ISTASYON_NO": "ŞRJ/16425", "ISTASYON_ADI": "İNCEK 2.ETAP TOPLU KONUTLARI", "HIZMET_SEKLI": "OZEL", "MARKA": "ECOBOX", "MARKAADI": "Ecobox", "SARJ_AGI_ISLETMECISI": "ATAY GÜÇ VE ENERJİ SİSTEMLERİ İMALAT SANAYİ TİCARET LİMİTED ŞİRKETİ", "YESIL_SARJ_ISTASYONU_MU": "", "ADRES": "Alacaatlı Mahallesi 4834. Caddesi  No:10 Çankaya / ANKARA", "SOKET_NO": "SKT/44567", "SOKET_TIPI": "AC", "SOKET_TURU": "AC_TYPE2", "SOKET_GUCU_KW": "20" }, "geometry": { "type": "Point", "coordinates": [ 32.703866, 39.83486 ] } },
{ "type": "Feature", "properties": { "ID": 15595.0, "SIRA_NO": 204.0, "ISTASYON_NO": "ŞRJ/16393", "ISTASYON_ADI": "ODTÜ Teknokent Satgeb", "HIZMET_SEKLI": "HALKA_ACIK", "MARKA": "Trugo", "MARKAADI": "Trugo", "SARJ_AGI_ISLETMECISI": "TRUGO AKILLI ŞARJ ÇÖZÜMLERİ SANAYİ VE TİCARET ANONİM ŞİRKETİ", "YESIL_SARJ_ISTASYONU_MU": "Evet", "ADRES": "Üniversiteler Mahallesi İhsan Doğramacı Sokağı Çankaya / ANKARA", "SOKET_NO": "SKT/44484", "SOKET_TIPI": "AC", "SOKET_TURU": "AC_TYPE2", "SOKET_GUCU_KW": "22" }, "geometry": { "type": "Point", "coordinates": [ 32.774481, 39.897614 ] } },
{ "type": "Feature", "properties": { "ID": 15596.0, "SIRA_NO": 204.0, "ISTASYON_NO": "ŞRJ/16393", "ISTASYON_ADI": "ODTÜ Teknokent Satgeb", "HIZMET_SEKLI": "HALKA_ACIK", "MARKA": "Trugo", "MARKAADI": "Trugo", "SARJ_AGI_ISLETMECISI": "TRUGO AKILLI ŞARJ ÇÖZÜMLERİ SANAYİ VE TİCARET ANONİM ŞİRKETİ", "YESIL_SARJ_ISTASYONU_MU": "Evet", "ADRES": "Üniversiteler Mahallesi İhsan Doğramacı Sokağı Çankaya / ANKARA", "SOKET_NO": "SKT/44485", "SOKET_TIPI": "AC", "SOKET_TURU": "AC_TYPE2", "SOKET_GUCU_KW": "22" }, "geometry": { "type": "Point", "coordinates": [ 32.774481, 39.897614 ] } },
{ "type": "Feature", "properties": { "ID": 15597.0, "SIRA_NO": 204.0, "ISTASYON_NO": "ŞRJ/16393", "ISTASYON_ADI": "ODTÜ Teknokent Satgeb", "HIZMET_SEKLI": "HALKA_ACIK", "MARKA": "Trugo", "MARKAADI": "Trugo", "SARJ_AGI_ISLETMECISI": "TRUGO AKILLI ŞARJ ÇÖZÜMLERİ SANAYİ VE TİCARET ANONİM ŞİRKETİ", "YESIL_SARJ_ISTASYONU_MU": "Evet", "ADRES": "Üniversiteler Mahallesi İhsan Doğramacı Sokağı Çankaya / ANKARA", "SOKET_NO": "SKT/44486", "SOKET_TIPI": "AC", "SOKET_TURU": "AC_TYPE2", "SOKET_GUCU_KW": "22" }, "geometry": { "type": "Point", "coordinates": [ 32.774481, 39.897614 ] } },
{ "type": "Feature", "properties": { "ID": 2808.0, "SIRA_NO": 167.0, "ISTASYON_NO": "ŞRJ/10268", "ISTASYON_ADI": "Doğuş Oto Ankara - Cupra", "HIZMET_SEKLI": "HALKA_ACIK", "MARKA": "D-Charge", "MARKAADI": "D - Charge", "SARJ_AGI_ISLETMECISI": "DOĞUŞ ŞARJ SİSTEMLERİ PAZARLAMA VE TİCARET ANONİM ŞİRKETİ", "YESIL_SARJ_ISTASYONU_MU": "", "ADRES": "İşçi Blokları Mahallesi  No:182a Çankaya / ANKARA", "SOKET_NO": "SKT/24899", "SOKET_TIPI": "DC", "SOKET_TURU": "DC_CCS", "SOKET_GUCU_KW": "180" }, "geometry": { "type": "Point", "coordinates": [ 32.812447, 39.891804 ] } },
{ "type": "Feature", "properties": { "ID": 2811.0, "SIRA_NO": 168.0, "ISTASYON_NO": "ŞRJ/10270", "ISTASYON_ADI": "Doğuş Oto Ankara - Porsche", "HIZMET_SEKLI": "HALKA_ACIK", "MARKA": "D-Charge", "MARKAADI": "D - Charge", "SARJ_AGI_ISLETMECISI": "DOĞUŞ ŞARJ SİSTEMLERİ PAZARLAMA VE TİCARET ANONİM ŞİRKETİ", "YESIL_SARJ_ISTASYONU_MU": "", "ADRES": "İşçi Blokları Mahallesi  No:182a Çankaya / ANKARA", "SOKET_NO": "SKT/24902", "SOKET_TIPI": "DC", "SOKET_TURU": "DC_CCS", "SOKET_GUCU_KW": "350" }, "geometry": { "type": "Point", "coordinates": [ 32.812167, 39.89185 ] } },
{ "type": "Feature", "properties": { "ID": 2813.0, "SIRA_NO": 169.0, "ISTASYON_NO": "ŞRJ/14534", "ISTASYON_ADI": "Doğuş Oto Ankara - Volkswagen", "HIZMET_SEKLI": "HALKA_ACIK", "MARKA": "D-Charge", "MARKAADI": "D - Charge", "SARJ_AGI_ISLETMECISI": "DOĞUŞ ŞARJ SİSTEMLERİ PAZARLAMA VE TİCARET ANONİM ŞİRKETİ", "YESIL_SARJ_ISTASYONU_MU": "", "ADRES": "İşçi Blokları Mahallesi Mevlana Sokağı  No:182/A Çankaya / ANKARA", "SOKET_NO": "SKT/38270", "SOKET_TIPI": "AC", "SOKET_TURU": "AC_TYPE2", "SOKET_GUCU_KW": "22" }, "geometry": { "type": "Point", "coordinates": [ 32.812363, 39.891412 ] } },
{ "type": "Feature", "properties": { "ID": 27288.0, "SIRA_NO": 228.0, "ISTASYON_NO": "ŞRJ/17092", "ISTASYON_ADI": "REV Holding", "HIZMET_SEKLI": "OZEL", "MARKA": "RÖNESANS CHARGER", "MARKAADI": "Rönesans", "SARJ_AGI_ISLETMECISI": "RÖNESANS ŞARJ İSTASYON ENERJİ YATIRIMLARI ANONİM ŞİRKETİ", "YESIL_SARJ_ISTASYONU_MU": "", "ADRES": "Hilal Mahallesi Sukarno Sokağı  No:3 /1 Çankaya / ANKARA", "SOKET_NO": "SKT/46549", "SOKET_TIPI": "DC", "SOKET_TURU": "DC_CCS", "SOKET_GUCU_KW": "60" }, "geometry": { "type": "Point", "coordinates": [ 32.858146, 39.867291 ] } },
{ "type": "Feature", "properties": { "ID": 27289.0, "SIRA_NO": 228.0, "ISTASYON_NO": "ŞRJ/17092", "ISTASYON_ADI": "REV Holding", "HIZMET_SEKLI": "OZEL", "MARKA": "RÖNESANS CHARGER", "MARKAADI": "Rönesans", "SARJ_AGI_ISLETMECISI": "RÖNESANS ŞARJ İSTASYON ENERJİ YATIRIMLARI ANONİM ŞİRKETİ", "YESIL_SARJ_ISTASYONU_MU": "", "ADRES": "Hilal Mahallesi Sukarno Sokağı  No:3 /1 Çankaya / ANKARA", "SOKET_NO": "SKT/46550", "SOKET_TIPI": "DC", "SOKET_TURU": "DC_CCS", "SOKET_GUCU_KW": "60" }, "geometry": { "type": "Point", "coordinates": [ 32.858146, 39.867291 ] } },
{ "type": "Feature", "properties": { "ID": 3590.0, "SIRA_NO": 490.0, "ISTASYON_NO": "ŞRJ/9740", "ISTASYON_ADI": "SARA TAYMUR", "HIZMET_SEKLI": "OZEL", "MARKA": "Rst ChargePoint", "MARKAADI": "Rst ChargePoint", "SARJ_AGI_ISLETMECISI": "RST TEKNOLOJİ HİZMETLERİ VE ENERJİ SANAYİ TİCARET ANONİM ŞİRKETİ", "YESIL_SARJ_ISTASYONU_MU": "", "ADRES": "Alaçatlı Mahallesi 4846 Sokağı Çankaya / ANKARA", "SOKET_NO": "SKT/23259", "SOKET_TIPI": "AC", "SOKET_TURU": "AC_TYPE2", "SOKET_GUCU_KW": "22" }, "geometry": { "type": "Point", "coordinates": [ 32.692584, 39.836653 ] } },
{ "type": "Feature", "properties": { "ID": 3591.0, "SIRA_NO": 491.0, "ISTASYON_NO": "ŞRJ/9741", "ISTASYON_ADI": "BİNBAY YAPI", "HIZMET_SEKLI": "OZEL", "MARKA": "Rst ChargePoint", "MARKAADI": "Rst ChargePoint", "SARJ_AGI_ISLETMECISI": "RST TEKNOLOJİ HİZMETLERİ VE ENERJİ SANAYİ TİCARET ANONİM ŞİRKETİ", "YESIL_SARJ_ISTASYONU_MU": "", "ADRES": "İlkbahar Mahallesi 614 Sokağı Çankaya / ANKARA", "SOKET_NO": "SKT/23260", "SOKET_TIPI": "AC", "SOKET_TURU": "AC_TYPE2", "SOKET_GUCU_KW": "22" }, "geometry": { "type": "Point", "coordinates": [ 32.854558, 39.853857 ] } },
{ "type": "Feature", "properties": { "ID": 3592.0, "SIRA_NO": 492.0, "ISTASYON_NO": "ŞRJ/9742", "ISTASYON_ADI": "ECOS İNŞAAT", "HIZMET_SEKLI": "OZEL", "MARKA": "Rst ChargePoint", "MARKAADI": "Rst ChargePoint", "SARJ_AGI_ISLETMECISI": "RST TEKNOLOJİ HİZMETLERİ VE ENERJİ SANAYİ TİCARET ANONİM ŞİRKETİ", "YESIL_SARJ_ISTASYONU_MU": "", "ADRES": "İlkbahar Mahallesi 616 Sokağı Çankaya / ANKARA", "SOKET_NO": "SKT/23261", "SOKET_TIPI": "AC", "SOKET_TURU": "AC_TYPE2", "SOKET_GUCU_KW": "9,6" }, "geometry": { "type": "Point", "coordinates": [ 32.854844, 39.852442 ] } },
{ "type": "Feature", "properties": { "ID": 21047.0, "SIRA_NO": 239.0, "ISTASYON_NO": "ŞRJ/17163", "ISTASYON_ADI": "POİNT ÇAYYOLU", "HIZMET_SEKLI": "HALKA_ACIK", "MARKA": "EVC CHARGE", "MARKAADI": "Evcil Mühendislik", "SARJ_AGI_ISLETMECISI": "EVCİL YATIRIM MÜHENDİSLİK MİMARLIK LİMİTED ŞİRKETİ", "YESIL_SARJ_ISTASYONU_MU": "", "ADRES": "Çayyolu Mahallesi  No:22 Çankaya / ANKARA", "SOKET_NO": "SKT/46808", "SOKET_TIPI": "AC", "SOKET_TURU": "AC_TYPE2", "SOKET_GUCU_KW": "22" }, "geometry": { "type": "Point", "coordinates": [ 32.699762, 39.876033 ] } },
{ "type": "Feature", "properties": { "ID": 21048.0, "SIRA_NO": 239.0, "ISTASYON_NO": "ŞRJ/17163", "ISTASYON_ADI": "POİNT ÇAYYOLU", "HIZMET_SEKLI": "HALKA_ACIK", "MARKA": "EVC CHARGE", "MARKAADI": "Evcil Mühendislik", "SARJ_AGI_ISLETMECISI": "EVCİL YATIRIM MÜHENDİSLİK MİMARLIK LİMİTED ŞİRKETİ", "YESIL_SARJ_ISTASYONU_MU": "", "ADRES": "Çayyolu Mahallesi  No:22 Çankaya / ANKARA", "SOKET_NO": "SKT/46809", "SOKET_TIPI": "DC", "SOKET_TURU": "DC_CCS", "SOKET_GUCU_KW": "200" }, "geometry": { "type": "Point", "coordinates": [ 32.699762, 39.876033 ] } },
{ "type": "Feature", "properties": { "ID": 20941.0, "SIRA_NO": 204.0, "ISTASYON_NO": "ŞRJ/3762", "ISTASYON_ADI": "Ankara Santra", "HIZMET_SEKLI": "HALKA_ACIK", "MARKA": "PLECO advertise.charge.", "MARKAADI": "Pleco", "SARJ_AGI_ISLETMECISI": "ÖZKA ENERJİ YATIRIMLARI ANONİM ŞİRKETİ", "YESIL_SARJ_ISTASYONU_MU": "", "ADRES": "Çayyolu Mahallesi 2675 Sokağı  No:2a/mt Çankaya / ANKARA", "SOKET_NO": "SKT/7846", "SOKET_TIPI": "AC", "SOKET_TURU": "AC_TYPE2", "SOKET_GUCU_KW": "22" }, "geometry": { "type": "Point", "coordinates": [ 32.697622, 39.883234 ] } },
{ "type": "Feature", "properties": { "ID": 21069.0, "SIRA_NO": 248.0, "ISTASYON_NO": "ŞRJ/16242", "ISTASYON_ADI": "BULVAR BEYTEPE 1.ETAP", "HIZMET_SEKLI": "OZEL", "MARKA": "EVC CHARGE", "MARKAADI": "Evcil Mühendislik", "SARJ_AGI_ISLETMECISI": "EVCİL YATIRIM MÜHENDİSLİK MİMARLIK LİMİTED ŞİRKETİ", "YESIL_SARJ_ISTASYONU_MU": "", "ADRES": "Beytepe Mahallesi 5492 Caddesi  No:1 Çankaya / ANKARA", "SOKET_NO": "SKT/43984", "SOKET_TIPI": "AC", "SOKET_TURU": "AC_TYPE2", "SOKET_GUCU_KW": "11" }, "geometry": { "type": "Point", "coordinates": [ 32.709485, 39.851551 ] } },
{ "type": "Feature", "properties": { "ID": 3356.0, "SIRA_NO": 376.0, "ISTASYON_NO": "ŞRJ/16426", "ISTASYON_ADI": "İNCEK 2.ETAP TOPLU KONUTLARI 2", "HIZMET_SEKLI": "OZEL", "MARKA": "ECOBOX", "MARKAADI": "Ecobox", "SARJ_AGI_ISLETMECISI": "ATAY GÜÇ VE ENERJİ SİSTEMLERİ İMALAT SANAYİ TİCARET LİMİTED ŞİRKETİ", "YESIL_SARJ_ISTASYONU_MU": "", "ADRES": "Alacaatlı Mahallesi 4834. Caddesi  No:10 Çankaya / ANKARA", "SOKET_NO": "SKT/44571", "SOKET_TIPI": "AC", "SOKET_TURU": "AC_TYPE2", "SOKET_GUCU_KW": "20" }, "geometry": { "type": "Point", "coordinates": [ 32.7039, 39.834842 ] } },
{ "type": "Feature", "properties": { "ID": 3358.0, "SIRA_NO": 377.0, "ISTASYON_NO": "ŞRJ/16427", "ISTASYON_ADI": "İNCEK 2.ETAP TOPLU KONUTLARI 3", "HIZMET_SEKLI": "OZEL", "MARKA": "ECOBOX", "MARKAADI": "Ecobox", "SARJ_AGI_ISLETMECISI": "ATAY GÜÇ VE ENERJİ SİSTEMLERİ İMALAT SANAYİ TİCARET LİMİTED ŞİRKETİ", "YESIL_SARJ_ISTASYONU_MU": "", "ADRES": "Alacaatlı Mahallesi 4834. Caddesi  No:10 Çankaya / ANKARA", "SOKET_NO": "SKT/44573", "SOKET_TIPI": "AC", "SOKET_TURU": "AC_TYPE2", "SOKET_GUCU_KW": "20" }, "geometry": { "type": "Point", "coordinates": [ 32.703931, 39.834826 ] } },
{ "type": "Feature", "properties": { "ID": 3360.0, "SIRA_NO": 378.0, "ISTASYON_NO": "ŞRJ/16441", "ISTASYON_ADI": "LİMA TWİNS", "HIZMET_SEKLI": "OZEL", "MARKA": "ECOBOX", "MARKAADI": "Ecobox", "SARJ_AGI_ISLETMECISI": "ATAY GÜÇ VE ENERJİ SİSTEMLERİ İMALAT SANAYİ TİCARET LİMİTED ŞİRKETİ", "YESIL_SARJ_ISTASYONU_MU": "", "ADRES": "Yaşamkent Mahallesi 3145 Sokağı  No:18/B/1 Çankaya / ANKARA", "SOKET_NO": "SKT/44616", "SOKET_TIPI": "AC", "SOKET_TURU": "AC_TYPE2", "SOKET_GUCU_KW": "11" }, "geometry": { "type": "Point", "coordinates": [ 32.656761, 39.859963 ] } },
{ "type": "Feature", "properties": { "ID": 3361.0, "SIRA_NO": 379.0, "ISTASYON_NO": "ŞRJ/16570", "ISTASYON_ADI": "Hacettepe Teknokent- F blok", "HIZMET_SEKLI": "HALKA_ACIK", "MARKA": "ECOBOX", "MARKAADI": "Ecobox", "SARJ_AGI_ISLETMECISI": "ATAY GÜÇ VE ENERJİ SİSTEMLERİ İMALAT SANAYİ TİCARET LİMİTED ŞİRKETİ", "YESIL_SARJ_ISTASYONU_MU": "", "ADRES": "Üniversiteler Mahallesi Mahallesi 1596 Sokak Sokağı  No:6/C Çankaya / ANKARA", "SOKET_NO": "SKT/45053", "SOKET_TIPI": "AC", "SOKET_TURU": "AC_TYPE2", "SOKET_GUCU_KW": "22" }, "geometry": { "type": "Point", "coordinates": [ 32.736579, 39.862403 ] } },
{ "type": "Feature", "properties": { "ID": 3364.0, "SIRA_NO": 380.0, "ISTASYON_NO": "ŞRJ/17183", "ISTASYON_ADI": "İNCEK BELLAPAİS", "HIZMET_SEKLI": "OZEL", "MARKA": "ECOBOX", "MARKAADI": "Ecobox", "SARJ_AGI_ISLETMECISI": "ATAY GÜÇ VE ENERJİ SİSTEMLERİ İMALAT SANAYİ TİCARET LİMİTED ŞİRKETİ", "YESIL_SARJ_ISTASYONU_MU": "", "ADRES": "Alacaatlı Mahallesi İncek Caddesi 4751 Sokağı  No:6A/2 Çankaya / ANKARA", "SOKET_NO": "SKT/46860", "SOKET_TIPI": "AC", "SOKET_TURU": "AC_TYPE2", "SOKET_GUCU_KW": "20" }, "geometry": { "type": "Point", "coordinates": [ 32.707349, 39.829392 ] } },
{ "type": "Feature", "properties": { "ID": 3367.0, "SIRA_NO": 381.0, "ISTASYON_NO": "ŞRJ/17212", "ISTASYON_ADI": "FOCUS BEYTEPE-B", "HIZMET_SEKLI": "OZEL", "MARKA": "ECOBOX", "MARKAADI": "Ecobox", "SARJ_AGI_ISLETMECISI": "ATAY GÜÇ VE ENERJİ SİSTEMLERİ İMALAT SANAYİ TİCARET LİMİTED ŞİRKETİ", "YESIL_SARJ_ISTASYONU_MU": "", "ADRES": "Beytepe Mahallesi Hafsa Sultan Caddesi  No:B /15 Çankaya / ANKARA", "SOKET_NO": "SKT/46972", "SOKET_TIPI": "AC", "SOKET_TURU": "AC_TYPE2", "SOKET_GUCU_KW": "20" }, "geometry": { "type": "Point", "coordinates": [ 32.710194, 39.854976 ] } },
{ "type": "Feature", "properties": { "ID": 3369.0, "SIRA_NO": 382.0, "ISTASYON_NO": "ŞRJ/17282", "ISTASYON_ADI": "SİNPAŞ İNCEK GREEN", "HIZMET_SEKLI": "HALKA_ACIK", "MARKA": "ECOBOX", "MARKAADI": "Ecobox", "SARJ_AGI_ISLETMECISI": "ATAY GÜÇ VE ENERJİ SİSTEMLERİ İMALAT SANAYİ TİCARET LİMİTED ŞİRKETİ", "YESIL_SARJ_ISTASYONU_MU": "", "ADRES": "Alacaatlı Mahallesi Alacaatlı Caddesi  No:68 Çankaya / ANKARA", "SOKET_NO": "SKT/47221", "SOKET_TIPI": "AC", "SOKET_TURU": "AC_TYPE2", "SOKET_GUCU_KW": "22" }, "geometry": { "type": "Point", "coordinates": [ 32.712293, 39.830076 ] } },
{ "type": "Feature", "properties": { "ID": 3727.0, "SIRA_NO": 52.0, "ISTASYON_NO": "ŞRJ/16573", "ISTASYON_ADI": "DC BAŞKENT EMLAK KONUTLARI", "HIZMET_SEKLI": "HALKA_ACIK", "MARKA": "MYCHARGE", "MARKAADI": "Mycharge", "SARJ_AGI_ISLETMECISI": "MANAS İPLİK SANAYİ VE TİCARET ANONİM ŞİRKETİ", "YESIL_SARJ_ISTASYONU_MU": "", "ADRES": "İlkbahar Mahallesi Doğukent Caddesi Çankaya / ANKARA", "SOKET_NO": "SKT/45060", "SOKET_TIPI": "DC", "SOKET_TURU": "DC_CCS", "SOKET_GUCU_KW": "180" }, "geometry": { "type": "Point", "coordinates": [ 32.8541, 39.858928 ] } },
{ "type": "Feature", "properties": { "ID": 3731.0, "SIRA_NO": 53.0, "ISTASYON_NO": "ŞRJ/17129", "ISTASYON_ADI": "2. ETAP -9. KAT 7 AC İSTASYON", "HIZMET_SEKLI": "HALKA_ACIK", "MARKA": "MYCHARGE", "MARKAADI": "Mycharge", "SARJ_AGI_ISLETMECISI": "MANAS İPLİK SANAYİ VE TİCARET ANONİM ŞİRKETİ", "YESIL_SARJ_ISTASYONU_MU": "", "ADRES": "İlkbahar Mahallesi Doğukent Caddesi  No:733/1 Çankaya / ANKARA", "SOKET_NO": "SKT/46686", "SOKET_TIPI": "AC", "SOKET_TURU": "AC_TYPE2", "SOKET_GUCU_KW": "22" }, "geometry": { "type": "Point", "coordinates": [ 32.853905, 39.858791 ] } },
{ "type": "Feature", "properties": { "ID": 32274.0, "SIRA_NO": 340.0, "ISTASYON_NO": "ŞRJ/16758", "ISTASYON_ADI": "BAŞKENT DOĞALGAZ", "HIZMET_SEKLI": "HALKA_ACIK", "MARKA": "Sepaş Akıllı Çözümler Anonim Şirketi", "MARKAADI": "Sepaş Charge", "SARJ_AGI_ISLETMECISI": "SEPAŞ AKILLI ÇÖZÜMLER ANONİM ŞİRKETİ", "YESIL_SARJ_ISTASYONU_MU": "", "ADRES": "Kızılırmak Mahallesi Ufuk Üniversitesi Sokağı  No:13/A-B Çankaya / ANKARA", "SOKET_NO": "SKT/45592", "SOKET_TIPI": "AC", "SOKET_TURU": "AC_TYPE2", "SOKET_GUCU_KW": "22" }, "geometry": { "type": "Point", "coordinates": [ 32.808738, 39.907517 ] } },
{ "type": "Feature", "properties": { "ID": 32275.0, "SIRA_NO": 340.0, "ISTASYON_NO": "ŞRJ/16758", "ISTASYON_ADI": "BAŞKENT DOĞALGAZ", "HIZMET_SEKLI": "HALKA_ACIK", "MARKA": "Sepaş Akıllı Çözümler Anonim Şirketi", "MARKAADI": "Sepaş Charge", "SARJ_AGI_ISLETMECISI": "SEPAŞ AKILLI ÇÖZÜMLER ANONİM ŞİRKETİ", "YESIL_SARJ_ISTASYONU_MU": "", "ADRES": "Kızılırmak Mahallesi Ufuk Üniversitesi Sokağı  No:13/A-B Çankaya / ANKARA", "SOKET_NO": "SKT/45593", "SOKET_TIPI": "AC", "SOKET_TURU": "AC_TYPE2", "SOKET_GUCU_KW": "22" }, "geometry": { "type": "Point", "coordinates": [ 32.808738, 39.907517 ] } },
{ "type": "Feature", "properties": { "ID": 31041.0, "SIRA_NO": 392.0, "ISTASYON_NO": "ŞRJ/17035", "ISTASYON_ADI": "Aden Premium", "HIZMET_SEKLI": "OZEL", "MARKA": "B-FORCE", "MARKAADI": "B - Force", "SARJ_AGI_ISLETMECISI": "BAŞER OTOMOTİV PETROL İNŞAAT KİRALAMA ANONİM ŞİRKETİ", "YESIL_SARJ_ISTASYONU_MU": "", "ADRES": "Alacaatlı Mahallesi 3354 Caddesi  No:4 Çankaya / ANKARA", "SOKET_NO": "SKT/46367", "SOKET_TIPI": "AC", "SOKET_TURU": "AC_TYPE2", "SOKET_GUCU_KW": "22" }, "geometry": { "type": "Point", "coordinates": [ 32.681277, 39.863107 ] } },
{ "type": "Feature", "properties": { "ID": 31042.0, "SIRA_NO": 392.0, "ISTASYON_NO": "ŞRJ/17035", "ISTASYON_ADI": "Aden Premium", "HIZMET_SEKLI": "OZEL", "MARKA": "B-FORCE", "MARKAADI": "B - Force", "SARJ_AGI_ISLETMECISI": "BAŞER OTOMOTİV PETROL İNŞAAT KİRALAMA ANONİM ŞİRKETİ", "YESIL_SARJ_ISTASYONU_MU": "", "ADRES": "Alacaatlı Mahallesi 3354 Caddesi  No:4 Çankaya / ANKARA", "SOKET_NO": "SKT/46368", "SOKET_TIPI": "DC", "SOKET_TURU": "DC_CCS", "SOKET_GUCU_KW": "30" }, "geometry": { "type": "Point", "coordinates": [ 32.681277, 39.863107 ] } },
{ "type": "Feature", "properties": { "ID": 20036.0, "SIRA_NO": 271.0, "ISTASYON_NO": "ŞRJ/17590", "ISTASYON_ADI": "Besa Kule İş Merkezi, Ankara (Özel)", "HIZMET_SEKLI": "OZEL", "MARKA": "eşarj", "MARKAADI": "Eşarj", "SARJ_AGI_ISLETMECISI": "EŞARJ ELEKTRİKLİ ARAÇLAR ŞARJ SİSTEMLERİ ANONİM ŞİRKETİ", "YESIL_SARJ_ISTASYONU_MU": "Evet", "ADRES": "Çukurambar Mahallesi 1480. Sokağı  No:2/B Çankaya / ANKARA", "SOKET_NO": "SKT/48075", "SOKET_TIPI": "AC", "SOKET_TURU": "AC_TYPE2", "SOKET_GUCU_KW": "22" }, "geometry": { "type": "Point", "coordinates": [ 32.804516, 39.909268 ] } },
{ "type": "Feature", "properties": { "ID": 25400.0, "SIRA_NO": 380.0, "ISTASYON_NO": "ŞRJ/17596", "ISTASYON_ADI": "Zeplin Vadi Vista", "HIZMET_SEKLI": "OZEL", "MARKA": "ZEPLİN CAR rental", "MARKAADI": "Zeplin", "SARJ_AGI_ISLETMECISI": "ZEPLİN TURİZM ARAÇ KİRALAMA MOBİLİTE VE ENERJİ YATIRIMLARI ANONİM ŞİRKETİ", "YESIL_SARJ_ISTASYONU_MU": "", "ADRES": "Birlik Mahallesi 450 Sokağı  No:57 Çankaya / ANKARA", "SOKET_NO": "SKT/48091", "SOKET_TIPI": "AC", "SOKET_TURU": "AC_TYPE2", "SOKET_GUCU_KW": "10" }, "geometry": { "type": "Point", "coordinates": [ 32.884709, 39.879643 ] } },
{ "type": "Feature", "properties": { "ID": 25401.0, "SIRA_NO": 380.0, "ISTASYON_NO": "ŞRJ/17596", "ISTASYON_ADI": "Zeplin Vadi Vista", "HIZMET_SEKLI": "OZEL", "MARKA": "ZEPLİN CAR rental", "MARKAADI": "Zeplin", "SARJ_AGI_ISLETMECISI": "ZEPLİN TURİZM ARAÇ KİRALAMA MOBİLİTE VE ENERJİ YATIRIMLARI ANONİM ŞİRKETİ", "YESIL_SARJ_ISTASYONU_MU": "", "ADRES": "Birlik Mahallesi 450 Sokağı  No:57 Çankaya / ANKARA", "SOKET_NO": "SKT/48092", "SOKET_TIPI": "AC", "SOKET_TURU": "AC_TYPE2", "SOKET_GUCU_KW": "10" }, "geometry": { "type": "Point", "coordinates": [ 32.884709, 39.879643 ] } },
{ "type": "Feature", "properties": { "ID": 21070.0, "SIRA_NO": 248.0, "ISTASYON_NO": "ŞRJ/16242", "ISTASYON_ADI": "BULVAR BEYTEPE 1.ETAP", "HIZMET_SEKLI": "OZEL", "MARKA": "EVC CHARGE", "MARKAADI": "Evcil Mühendislik", "SARJ_AGI_ISLETMECISI": "EVCİL YATIRIM MÜHENDİSLİK MİMARLIK LİMİTED ŞİRKETİ", "YESIL_SARJ_ISTASYONU_MU": "", "ADRES": "Beytepe Mahallesi 5492 Caddesi  No:1 Çankaya / ANKARA", "SOKET_NO": "SKT/43985", "SOKET_TIPI": "AC", "SOKET_TURU": "AC_TYPE2", "SOKET_GUCU_KW": "11" }, "geometry": { "type": "Point", "coordinates": [ 32.709485, 39.851551 ] } },
{ "type": "Feature", "properties": { "ID": 21072.0, "SIRA_NO": 249.0, "ISTASYON_NO": "ŞRJ/16271", "ISTASYON_ADI": "BULVAR BEYTEPE 2.ETAP", "HIZMET_SEKLI": "OZEL", "MARKA": "EVC CHARGE", "MARKAADI": "Evcil Mühendislik", "SARJ_AGI_ISLETMECISI": "EVCİL YATIRIM MÜHENDİSLİK MİMARLIK LİMİTED ŞİRKETİ", "YESIL_SARJ_ISTASYONU_MU": "", "ADRES": "Beytepe Mahallesi 5387 Caddesi  No:35 Çankaya / ANKARA", "SOKET_NO": "SKT/44087", "SOKET_TIPI": "AC", "SOKET_TURU": "AC_TYPE2", "SOKET_GUCU_KW": "11" }, "geometry": { "type": "Point", "coordinates": [ 32.71, 39.852441 ] } },
{ "type": "Feature", "properties": { "ID": 21074.0, "SIRA_NO": 250.0, "ISTASYON_NO": "ŞRJ/16811", "ISTASYON_ADI": "PARK JOVEN KONUTLARI", "HIZMET_SEKLI": "OZEL", "MARKA": "EVC CHARGE", "MARKAADI": "Evcil Mühendislik", "SARJ_AGI_ISLETMECISI": "EVCİL YATIRIM MÜHENDİSLİK MİMARLIK LİMİTED ŞİRKETİ", "YESIL_SARJ_ISTASYONU_MU": "", "ADRES": "Üniversiteler Mahallesi 1634 Caddesi  No:11 Çankaya / ANKARA", "SOKET_NO": "SKT/45729", "SOKET_TIPI": "AC", "SOKET_TURU": "AC_TYPE2", "SOKET_GUCU_KW": "22" }, "geometry": { "type": "Point", "coordinates": [ 32.765474, 39.857125 ] } },
{ "type": "Feature", "properties": { "ID": 17611.0, "SIRA_NO": 371.0, "ISTASYON_NO": "ŞRJ/16117", "ISTASYON_ADI": "BULVAR BEYTEPE", "HIZMET_SEKLI": "HALKA_ACIK", "MARKA": "NEVA ŞARJ", "MARKAADI": "Neva Şarj", "SARJ_AGI_ISLETMECISI": "NEVA İÇ VE DIŞ TİCARET ANONİM ŞİRKETİ", "YESIL_SARJ_ISTASYONU_MU": "", "ADRES": "Mutlukent Mahallesi Pınar Caddesi  No:14 Çankaya / ANKARA", "SOKET_NO": "SKT/43554", "SOKET_TIPI": "DC", "SOKET_TURU": "DC_CCS", "SOKET_GUCU_KW": "120" }, "geometry": { "type": "Point", "coordinates": [ 32.710917, 39.887138 ] } },
{ "type": "Feature", "properties": { "ID": 4949.0, "SIRA_NO": 442.0, "ISTASYON_NO": "ŞRJ/14412", "ISTASYON_ADI": "Borusan Next Balgat", "HIZMET_SEKLI": "HALKA_ACIK", "MARKA": "5 şarj", "MARKAADI": "5 Şarj", "SARJ_AGI_ISLETMECISI": "BORENCO ŞARJ TEKNOLOJİ YATIRIMLARI TİCARET ANONİM ŞİRKETİ", "YESIL_SARJ_ISTASYONU_MU": "Evet", "ADRES": "Ehlibeyt Mahallesi  No:181A Çankaya / ANKARA", "SOKET_NO": "SKT/37940", "SOKET_TIPI": "DC", "SOKET_TURU": "DC_CCS", "SOKET_GUCU_KW": "180" }, "geometry": { "type": "Point", "coordinates": [ 32.813795, 39.895253 ] } },
{ "type": "Feature", "properties": { "ID": 29273.0, "SIRA_NO": 369.0, "ISTASYON_NO": "ŞRJ/16819", "ISTASYON_ADI": "EKA-TOKİ BAŞKANLIĞI", "HIZMET_SEKLI": "HALKA_ACIK", "MARKA": "EKA -EMLAK KONUT ASANSÖR SİSTEMLERİ SAN. VE TİC. A.Ş.- EMLAK KONUT GYO A.Ş. KURULUŞUDUR", "MARKAADI": "Eka Enerji", "SARJ_AGI_ISLETMECISI": "EMLAK KONUT ASANSÖR SİSTEMLERİ SANAYİ VE TİCARET ANONİM ŞİRKETİ", "YESIL_SARJ_ISTASYONU_MU": "", "ADRES": "Üniversiteler Mahallesi 1597 Caddesi  No:1 /11 Çankaya / ANKARA", "SOKET_NO": "SKT/45767", "SOKET_TIPI": "DC", "SOKET_TURU": "DC_CCS", "SOKET_GUCU_KW": "120" }, "geometry": { "type": "Point", "coordinates": [ 32.753902, 39.884543 ] } },
{ "type": "Feature", "properties": { "ID": 32276.0, "SIRA_NO": 340.0, "ISTASYON_NO": "ŞRJ/16758", "ISTASYON_ADI": "BAŞKENT DOĞALGAZ", "HIZMET_SEKLI": "HALKA_ACIK", "MARKA": "Sepaş Akıllı Çözümler Anonim Şirketi", "MARKAADI": "Sepaş Charge", "SARJ_AGI_ISLETMECISI": "SEPAŞ AKILLI ÇÖZÜMLER ANONİM ŞİRKETİ", "YESIL_SARJ_ISTASYONU_MU": "", "ADRES": "Kızılırmak Mahallesi Ufuk Üniversitesi Sokağı  No:13/A-B Çankaya / ANKARA", "SOKET_NO": "SKT/45594", "SOKET_TIPI": "AC", "SOKET_TURU": "AC_TYPE2", "SOKET_GUCU_KW": "22" }, "geometry": { "type": "Point", "coordinates": [ 32.808738, 39.907517 ] } },
{ "type": "Feature", "properties": { "ID": 3743.0, "SIRA_NO": 55.0, "ISTASYON_NO": "ŞRJ/17131", "ISTASYON_ADI": "1. ETAP 11. BODRUM 14 AC", "HIZMET_SEKLI": "HALKA_ACIK", "MARKA": "MYCHARGE", "MARKAADI": "Mycharge", "SARJ_AGI_ISLETMECISI": "MANAS İPLİK SANAYİ VE TİCARET ANONİM ŞİRKETİ", "YESIL_SARJ_ISTASYONU_MU": "", "ADRES": "İlkbahar Mahallesi Doğukent Caddesi  No:733/E Çankaya / ANKARA", "SOKET_NO": "SKT/46698", "SOKET_TIPI": "AC", "SOKET_TURU": "AC_TYPE2", "SOKET_GUCU_KW": "22" }, "geometry": { "type": "Point", "coordinates": [ 32.85678, 39.860071 ] } },
{ "type": "Feature", "properties": { "ID": 21075.0, "SIRA_NO": 250.0, "ISTASYON_NO": "ŞRJ/16811", "ISTASYON_ADI": "PARK JOVEN KONUTLARI", "HIZMET_SEKLI": "OZEL", "MARKA": "EVC CHARGE", "MARKAADI": "Evcil Mühendislik", "SARJ_AGI_ISLETMECISI": "EVCİL YATIRIM MÜHENDİSLİK MİMARLIK LİMİTED ŞİRKETİ", "YESIL_SARJ_ISTASYONU_MU": "", "ADRES": "Üniversiteler Mahallesi 1634 Caddesi  No:11 Çankaya / ANKARA", "SOKET_NO": "SKT/45730", "SOKET_TIPI": "AC", "SOKET_TURU": "AC_TYPE2", "SOKET_GUCU_KW": "22" }, "geometry": { "type": "Point", "coordinates": [ 32.765474, 39.857125 ] } },
{ "type": "Feature", "properties": { "ID": 21076.0, "SIRA_NO": 250.0, "ISTASYON_NO": "ŞRJ/16811", "ISTASYON_ADI": "PARK JOVEN KONUTLARI", "HIZMET_SEKLI": "OZEL", "MARKA": "EVC CHARGE", "MARKAADI": "Evcil Mühendislik", "SARJ_AGI_ISLETMECISI": "EVCİL YATIRIM MÜHENDİSLİK MİMARLIK LİMİTED ŞİRKETİ", "YESIL_SARJ_ISTASYONU_MU": "", "ADRES": "Üniversiteler Mahallesi 1634 Caddesi  No:11 Çankaya / ANKARA", "SOKET_NO": "SKT/45731", "SOKET_TIPI": "AC", "SOKET_TURU": "AC_TYPE2", "SOKET_GUCU_KW": "22" }, "geometry": { "type": "Point", "coordinates": [ 32.765474, 39.857125 ] } },
{ "type": "Feature", "properties": { "ID": 21077.0, "SIRA_NO": 250.0, "ISTASYON_NO": "ŞRJ/16811", "ISTASYON_ADI": "PARK JOVEN KONUTLARI", "HIZMET_SEKLI": "OZEL", "MARKA": "EVC CHARGE", "MARKAADI": "Evcil Mühendislik", "SARJ_AGI_ISLETMECISI": "EVCİL YATIRIM MÜHENDİSLİK MİMARLIK LİMİTED ŞİRKETİ", "YESIL_SARJ_ISTASYONU_MU": "", "ADRES": "Üniversiteler Mahallesi 1634 Caddesi  No:11 Çankaya / ANKARA", "SOKET_NO": "SKT/45732", "SOKET_TIPI": "AC", "SOKET_TURU": "AC_TYPE2", "SOKET_GUCU_KW": "22" }, "geometry": { "type": "Point", "coordinates": [ 32.765474, 39.857125 ] } },
{ "type": "Feature", "properties": { "ID": 21078.0, "SIRA_NO": 250.0, "ISTASYON_NO": "ŞRJ/16811", "ISTASYON_ADI": "PARK JOVEN KONUTLARI", "HIZMET_SEKLI": "OZEL", "MARKA": "EVC CHARGE", "MARKAADI": "Evcil Mühendislik", "SARJ_AGI_ISLETMECISI": "EVCİL YATIRIM MÜHENDİSLİK MİMARLIK LİMİTED ŞİRKETİ", "YESIL_SARJ_ISTASYONU_MU": "", "ADRES": "Üniversiteler Mahallesi 1634 Caddesi  No:11 Çankaya / ANKARA", "SOKET_NO": "SKT/45733", "SOKET_TIPI": "AC", "SOKET_TURU": "AC_TYPE2", "SOKET_GUCU_KW": "22" }, "geometry": { "type": "Point", "coordinates": [ 32.765474, 39.857125 ] } },
{ "type": "Feature", "properties": { "ID": 21079.0, "SIRA_NO": 250.0, "ISTASYON_NO": "ŞRJ/16811", "ISTASYON_ADI": "PARK JOVEN KONUTLARI", "HIZMET_SEKLI": "OZEL", "MARKA": "EVC CHARGE", "MARKAADI": "Evcil Mühendislik", "SARJ_AGI_ISLETMECISI": "EVCİL YATIRIM MÜHENDİSLİK MİMARLIK LİMİTED ŞİRKETİ", "YESIL_SARJ_ISTASYONU_MU": "", "ADRES": "Üniversiteler Mahallesi 1634 Caddesi  No:11 Çankaya / ANKARA", "SOKET_NO": "SKT/45734", "SOKET_TIPI": "AC", "SOKET_TURU": "AC_TYPE2", "SOKET_GUCU_KW": "22" }, "geometry": { "type": "Point", "coordinates": [ 32.765474, 39.857125 ] } },
{ "type": "Feature", "properties": { "ID": 35318.0, "SIRA_NO": 242.0, "ISTASYON_NO": "ŞRJ/3343", "ISTASYON_ADI": "MİGROS ÇAYYOLU ANKARA MMM", "HIZMET_SEKLI": "HALKA_ACIK", "MARKA": "MİGGO", "MARKAADI": "Miggo", "SARJ_AGI_ISLETMECISI": "MİGEN ENERJİ VE ELEKTRİKLİ ARAÇ ŞARJ HİZMETLERİ ANONİM ŞİRKETİ", "YESIL_SARJ_ISTASYONU_MU": "", "ADRES": "Prof. Dr. Ahmet Taner Kışlalı Mahallesi Doğan Taşdelen Sokağı  No:179 Çankaya / ANKARA", "SOKET_NO": "SKT/50629", "SOKET_TIPI": "DC", "SOKET_TURU": "DC_CCS", "SOKET_GUCU_KW": "60" }, "geometry": { "type": "Point", "coordinates": [ 32.685954, 39.882083 ] } },
{ "type": "Feature", "properties": { "ID": 35795.0, "SIRA_NO": 239.0, "ISTASYON_NO": "ŞRJ/18488", "ISTASYON_ADI": "Başkent Üniversitesi Hastanesi Bahçelievler 1", "HIZMET_SEKLI": "HALKA_ACIK", "MARKA": "otoWATT", "MARKAADI": "Otowatt", "SARJ_AGI_ISLETMECISI": "AYDEM PLUS ENERJİ ÇÖZÜMLERİ TİCARET ANONİM ŞİRKETİ", "YESIL_SARJ_ISTASYONU_MU": "Evet", "ADRES": "Yukarı Bahçelievler Mahallesi Mareşal Fevzi Çakmak Caddesi Çankaya / ANKARA", "SOKET_NO": "SKT/51158", "SOKET_TIPI": "AC", "SOKET_TURU": "AC_TYPE2", "SOKET_GUCU_KW": "22" }, "geometry": { "type": "Point", "coordinates": [ 32.831986, 39.92557 ] } },
{ "type": "Feature", "properties": { "ID": 21805.0, "SIRA_NO": 39.0, "ISTASYON_NO": "ŞRJ/17689", "ISTASYON_ADI": "EVRENSEL YAŞAM AC-1, AC-2, AC-3, AC-4", "HIZMET_SEKLI": "OZEL", "MARKA": "beefull", "MARKAADI": "Beefull", "SARJ_AGI_ISLETMECISI": "BEEFULL ENERJİ TEKNOLOJİLERİ ANONİM ŞİRKETİ", "YESIL_SARJ_ISTASYONU_MU": "Evet", "ADRES": "Doğurga Mahallesi 5136 Caddesi  No:7 /A/B BLOK Çankaya / ANKARA", "SOKET_NO": "SKT/48401", "SOKET_TIPI": "AC", "SOKET_TURU": "AC_TYPE2", "SOKET_GUCU_KW": "22" }, "geometry": { "type": "Point", "coordinates": [ 32.652227, 39.838848 ] } },
{ "type": "Feature", "properties": { "ID": 21806.0, "SIRA_NO": 39.0, "ISTASYON_NO": "ŞRJ/17689", "ISTASYON_ADI": "EVRENSEL YAŞAM AC-1, AC-2, AC-3, AC-4", "HIZMET_SEKLI": "OZEL", "MARKA": "beefull", "MARKAADI": "Beefull", "SARJ_AGI_ISLETMECISI": "BEEFULL ENERJİ TEKNOLOJİLERİ ANONİM ŞİRKETİ", "YESIL_SARJ_ISTASYONU_MU": "Evet", "ADRES": "Doğurga Mahallesi 5136 Caddesi  No:7 /A/B BLOK Çankaya / ANKARA", "SOKET_NO": "SKT/48402", "SOKET_TIPI": "AC", "SOKET_TURU": "AC_TYPE2", "SOKET_GUCU_KW": "22" }, "geometry": { "type": "Point", "coordinates": [ 32.652227, 39.838848 ] } },
{ "type": "Feature", "properties": { "ID": 21080.0, "SIRA_NO": 250.0, "ISTASYON_NO": "ŞRJ/16811", "ISTASYON_ADI": "PARK JOVEN KONUTLARI", "HIZMET_SEKLI": "OZEL", "MARKA": "EVC CHARGE", "MARKAADI": "Evcil Mühendislik", "SARJ_AGI_ISLETMECISI": "EVCİL YATIRIM MÜHENDİSLİK MİMARLIK LİMİTED ŞİRKETİ", "YESIL_SARJ_ISTASYONU_MU": "", "ADRES": "Üniversiteler Mahallesi 1634 Caddesi  No:11 Çankaya / ANKARA", "SOKET_NO": "SKT/45735", "SOKET_TIPI": "AC", "SOKET_TURU": "AC_TYPE2", "SOKET_GUCU_KW": "22" }, "geometry": { "type": "Point", "coordinates": [ 32.765474, 39.857125 ] } },
{ "type": "Feature", "properties": { "ID": 21081.0, "SIRA_NO": 250.0, "ISTASYON_NO": "ŞRJ/16811", "ISTASYON_ADI": "PARK JOVEN KONUTLARI", "HIZMET_SEKLI": "OZEL", "MARKA": "EVC CHARGE", "MARKAADI": "Evcil Mühendislik", "SARJ_AGI_ISLETMECISI": "EVCİL YATIRIM MÜHENDİSLİK MİMARLIK LİMİTED ŞİRKETİ", "YESIL_SARJ_ISTASYONU_MU": "", "ADRES": "Üniversiteler Mahallesi 1634 Caddesi  No:11 Çankaya / ANKARA", "SOKET_NO": "SKT/45736", "SOKET_TIPI": "AC", "SOKET_TURU": "AC_TYPE2", "SOKET_GUCU_KW": "22" }, "geometry": { "type": "Point", "coordinates": [ 32.765474, 39.857125 ] } },
{ "type": "Feature", "properties": { "ID": 21082.0, "SIRA_NO": 250.0, "ISTASYON_NO": "ŞRJ/16811", "ISTASYON_ADI": "PARK JOVEN KONUTLARI", "HIZMET_SEKLI": "OZEL", "MARKA": "EVC CHARGE", "MARKAADI": "Evcil Mühendislik", "SARJ_AGI_ISLETMECISI": "EVCİL YATIRIM MÜHENDİSLİK MİMARLIK LİMİTED ŞİRKETİ", "YESIL_SARJ_ISTASYONU_MU": "", "ADRES": "Üniversiteler Mahallesi 1634 Caddesi  No:11 Çankaya / ANKARA", "SOKET_NO": "SKT/45737", "SOKET_TIPI": "AC", "SOKET_TURU": "AC_TYPE2", "SOKET_GUCU_KW": "22" }, "geometry": { "type": "Point", "coordinates": [ 32.765474, 39.857125 ] } },
{ "type": "Feature", "properties": { "ID": 21083.0, "SIRA_NO": 250.0, "ISTASYON_NO": "ŞRJ/16811", "ISTASYON_ADI": "PARK JOVEN KONUTLARI", "HIZMET_SEKLI": "OZEL", "MARKA": "EVC CHARGE", "MARKAADI": "Evcil Mühendislik", "SARJ_AGI_ISLETMECISI": "EVCİL YATIRIM MÜHENDİSLİK MİMARLIK LİMİTED ŞİRKETİ", "YESIL_SARJ_ISTASYONU_MU": "", "ADRES": "Üniversiteler Mahallesi 1634 Caddesi  No:11 Çankaya / ANKARA", "SOKET_NO": "SKT/45738", "SOKET_TIPI": "AC", "SOKET_TURU": "AC_TYPE2", "SOKET_GUCU_KW": "22" }, "geometry": { "type": "Point", "coordinates": [ 32.765474, 39.857125 ] } },
{ "type": "Feature", "properties": { "ID": 3313.0, "SIRA_NO": 350.0, "ISTASYON_NO": "ŞRJ/13446", "ISTASYON_ADI": "CAN ATABİLGE A-1", "HIZMET_SEKLI": "OZEL", "MARKA": "ECOBOX", "MARKAADI": "Ecobox", "SARJ_AGI_ISLETMECISI": "ATAY GÜÇ VE ENERJİ SİSTEMLERİ İMALAT SANAYİ TİCARET LİMİTED ŞİRKETİ", "YESIL_SARJ_ISTASYONU_MU": "", "ADRES": "Alacaatlı Mahallesi 3346 Caddesi  No:1 /60A Çankaya / ANKARA", "SOKET_NO": "SKT/34938", "SOKET_TIPI": "AC", "SOKET_TURU": "AC_TYPE2", "SOKET_GUCU_KW": "20" }, "geometry": { "type": "Point", "coordinates": [ 32.69831, 39.831642 ] } },
{ "type": "Feature", "properties": { "ID": 3315.0, "SIRA_NO": 352.0, "ISTASYON_NO": "ŞRJ/10744", "ISTASYON_ADI": "MUTLU ÇAYYOLU-B", "HIZMET_SEKLI": "OZEL", "MARKA": "ECOBOX", "MARKAADI": "Ecobox", "SARJ_AGI_ISLETMECISI": "ATAY GÜÇ VE ENERJİ SİSTEMLERİ İMALAT SANAYİ TİCARET LİMİTED ŞİRKETİ", "YESIL_SARJ_ISTASYONU_MU": "", "ADRES": "Prof. Dr. Ahmet Taner Kışlalı Mahallesi 2886 Sokağı  No:7 /B BLOK Çankaya / ANKARA", "SOKET_NO": "SKT/26228", "SOKET_TIPI": "AC", "SOKET_TURU": "AC_TYPE2", "SOKET_GUCU_KW": "20" }, "geometry": { "type": "Point", "coordinates": [ 32.6832, 39.867106 ] } },
{ "type": "Feature", "properties": { "ID": 3316.0, "SIRA_NO": 353.0, "ISTASYON_NO": "ŞRJ/10743", "ISTASYON_ADI": "MUTLU ÇAYYOLU-A", "HIZMET_SEKLI": "OZEL", "MARKA": "ECOBOX", "MARKAADI": "Ecobox", "SARJ_AGI_ISLETMECISI": "ATAY GÜÇ VE ENERJİ SİSTEMLERİ İMALAT SANAYİ TİCARET LİMİTED ŞİRKETİ", "YESIL_SARJ_ISTASYONU_MU": "", "ADRES": "Prof. Dr. Ahmet Taner Kışlalı Mahallesi 2886 Sokağı  No:7 /A BLOK Çankaya / ANKARA", "SOKET_NO": "SKT/26227", "SOKET_TIPI": "AC", "SOKET_TURU": "AC_TYPE2", "SOKET_GUCU_KW": "20" }, "geometry": { "type": "Point", "coordinates": [ 32.6832, 39.867134 ] } },
{ "type": "Feature", "properties": { "ID": 3062.0, "SIRA_NO": 230.0, "ISTASYON_NO": "ŞRJ/14482", "ISTASYON_ADI": "ANKARA NEXT LEVEL AVM", "HIZMET_SEKLI": "HALKA_ACIK", "MARKA": "KES", "MARKAADI": "KES", "SARJ_AGI_ISLETMECISI": "KLR ENERJİ SİSTEMLERİ SANAYİ VE TİCARET ANONİM ŞİRKETİ", "YESIL_SARJ_ISTASYONU_MU": "", "ADRES": "Kızılırmak Mahallesi Dumlupınar Sokağı  No:3  Bucak Merkez Çankaya / ANKARA", "SOKET_NO": "SKT/38147", "SOKET_TIPI": "DC", "SOKET_TURU": "DC_CCS", "SOKET_GUCU_KW": "180" }, "geometry": { "type": "Point", "coordinates": [ 32.811995, 39.911611 ] } },
{ "type": "Feature", "properties": { "ID": 36237.0, "SIRA_NO": 471.0, "ISTASYON_NO": "ŞRJ/18662", "ISTASYON_ADI": "BESA NOVA ÖNÜ", "HIZMET_SEKLI": "HALKA_ACIK", "MARKA": "NEVA ŞARJ", "MARKAADI": "Neva Şarj", "SARJ_AGI_ISLETMECISI": "NEVA İÇ VE DIŞ TİCARET ANONİM ŞİRKETİ", "YESIL_SARJ_ISTASYONU_MU": "", "ADRES": "Alacaatlı Mahallesi Mehmet Rıfat Börekçi Caddesi  Besa Nova Plaza Önü Çankaya / ANKARA", "SOKET_NO": "SKT/51695", "SOKET_TIPI": "DC", "SOKET_TURU": "DC_CCS", "SOKET_GUCU_KW": "240" }, "geometry": { "type": "Point", "coordinates": [ 32.64514, 39.856675 ] } },
{ "type": "Feature", "properties": { "ID": 36013.0, "SIRA_NO": 332.0, "ISTASYON_NO": "ŞRJ/18564", "ISTASYON_ADI": "Tübitak - Bilgem İltaren Yerleşkesi", "HIZMET_SEKLI": "HALKA_ACIK", "MARKA": "oncharge", "MARKAADI": "Oncharge", "SARJ_AGI_ISLETMECISI": "KALYON ELECTRICAL VEHICLE ENERJİ YATIRIM ANONİM ŞİRKETİ", "YESIL_SARJ_ISTASYONU_MU": "", "ADRES": "Ümit Mahallesi Doğan Taşdelen Sokağı  No:40 Çankaya / ANKARA", "SOKET_NO": "SKT/51408", "SOKET_TIPI": "AC", "SOKET_TURU": "AC_TYPE2", "SOKET_GUCU_KW": "22" }, "geometry": { "type": "Point", "coordinates": [ 32.705207, 39.89852 ] } },
{ "type": "Feature", "properties": { "ID": 36014.0, "SIRA_NO": 332.0, "ISTASYON_NO": "ŞRJ/18564", "ISTASYON_ADI": "Tübitak - Bilgem İltaren Yerleşkesi", "HIZMET_SEKLI": "HALKA_ACIK", "MARKA": "oncharge", "MARKAADI": "Oncharge", "SARJ_AGI_ISLETMECISI": "KALYON ELECTRICAL VEHICLE ENERJİ YATIRIM ANONİM ŞİRKETİ", "YESIL_SARJ_ISTASYONU_MU": "", "ADRES": "Ümit Mahallesi Doğan Taşdelen Sokağı  No:40 Çankaya / ANKARA", "SOKET_NO": "SKT/51409", "SOKET_TIPI": "AC", "SOKET_TURU": "AC_TYPE2", "SOKET_GUCU_KW": "22" }, "geometry": { "type": "Point", "coordinates": [ 32.705207, 39.89852 ] } },
{ "type": "Feature", "properties": { "ID": 36015.0, "SIRA_NO": 332.0, "ISTASYON_NO": "ŞRJ/18564", "ISTASYON_ADI": "Tübitak - Bilgem İltaren Yerleşkesi", "HIZMET_SEKLI": "HALKA_ACIK", "MARKA": "oncharge", "MARKAADI": "Oncharge", "SARJ_AGI_ISLETMECISI": "KALYON ELECTRICAL VEHICLE ENERJİ YATIRIM ANONİM ŞİRKETİ", "YESIL_SARJ_ISTASYONU_MU": "", "ADRES": "Ümit Mahallesi Doğan Taşdelen Sokağı  No:40 Çankaya / ANKARA", "SOKET_NO": "SKT/51410", "SOKET_TIPI": "AC", "SOKET_TURU": "AC_TYPE2", "SOKET_GUCU_KW": "22" }, "geometry": { "type": "Point", "coordinates": [ 32.705207, 39.89852 ] } },
{ "type": "Feature", "properties": { "ID": 1088.0, "SIRA_NO": 483.0, "ISTASYON_NO": "ŞRJ/12133", "ISTASYON_ADI": "4 MEVSİM ÇAYYOLU SİTESİ", "HIZMET_SEKLI": "OZEL", "MARKA": "VOLTRUN", "MARKAADI": "Voltrun", "SARJ_AGI_ISLETMECISI": "VOLTRUN ENERJİ ANONİM ŞİRKETİ", "YESIL_SARJ_ISTASYONU_MU": "Evet", "ADRES": "Alacaatlı Mahallesi 3381/1 Sokağı  No:22/A Çankaya / ANKARA", "SOKET_NO": "SKT/30789", "SOKET_TIPI": "AC", "SOKET_TURU": "AC_TYPE2", "SOKET_GUCU_KW": "10" }, "geometry": { "type": "Point", "coordinates": [ 32.669527, 39.8568 ] } },
{ "type": "Feature", "properties": { "ID": 36283.0, "SIRA_NO": 9.0, "ISTASYON_NO": "ŞRJ/18683", "ISTASYON_ADI": "SİSA KULE", "HIZMET_SEKLI": "HALKA_ACIK", "MARKA": "EVC CHARGE", "MARKAADI": "Evcil Mühendislik", "SARJ_AGI_ISLETMECISI": "EVCİL YATIRIM MÜHENDİSLİK MİMARLIK LİMİTED ŞİRKETİ", "YESIL_SARJ_ISTASYONU_MU": "", "ADRES": "Konutkent Mahallesi  No:381 Çankaya / ANKARA", "SOKET_NO": "SKT/51754", "SOKET_TIPI": "AC", "SOKET_TURU": "AC_TYPE2", "SOKET_GUCU_KW": "22" }, "geometry": { "type": "Point", "coordinates": [ 32.664399, 39.884582 ] } },
{ "type": "Feature", "properties": { "ID": 36284.0, "SIRA_NO": 9.0, "ISTASYON_NO": "ŞRJ/18683", "ISTASYON_ADI": "SİSA KULE", "HIZMET_SEKLI": "HALKA_ACIK", "MARKA": "EVC CHARGE", "MARKAADI": "Evcil Mühendislik", "SARJ_AGI_ISLETMECISI": "EVCİL YATIRIM MÜHENDİSLİK MİMARLIK LİMİTED ŞİRKETİ", "YESIL_SARJ_ISTASYONU_MU": "", "ADRES": "Konutkent Mahallesi  No:381 Çankaya / ANKARA", "SOKET_NO": "SKT/51755", "SOKET_TIPI": "AC", "SOKET_TURU": "AC_TYPE2", "SOKET_GUCU_KW": "22" }, "geometry": { "type": "Point", "coordinates": [ 32.664399, 39.884582 ] } },
{ "type": "Feature", "properties": { "ID": 1996.0, "SIRA_NO": 359.0, "ISTASYON_NO": "ŞRJ/16785", "ISTASYON_ADI": "KARUM AVM", "HIZMET_SEKLI": "HALKA_ACIK", "MARKA": "VOLTRUN", "MARKAADI": "Voltrun", "SARJ_AGI_ISLETMECISI": "VOLTRUN ENERJİ ANONİM ŞİRKETİ", "YESIL_SARJ_ISTASYONU_MU": "Evet", "ADRES": "Gaziosmanpaşa Mahallesi İran Sokağı  No:21 Çankaya / ANKARA", "SOKET_NO": "SKT/45666", "SOKET_TIPI": "AC", "SOKET_TURU": "AC_TYPE2", "SOKET_GUCU_KW": "22" }, "geometry": { "type": "Point", "coordinates": [ 32.86349, 39.900769 ] } },
{ "type": "Feature", "properties": { "ID": 3249.0, "SIRA_NO": 305.0, "ISTASYON_NO": "ŞRJ/4053", "ISTASYON_ADI": "VAMOS", "HIZMET_SEKLI": "HALKA_ACIK", "MARKA": "ECOBOX", "MARKAADI": "Ecobox", "SARJ_AGI_ISLETMECISI": "ATAY GÜÇ VE ENERJİ SİSTEMLERİ İMALAT SANAYİ TİCARET LİMİTED ŞİRKETİ", "YESIL_SARJ_ISTASYONU_MU": "", "ADRES": "İşçi Blokları Mahallesi Muhsin Yazıcıoğlu Sokağı  No:49 /1 Çankaya / ANKARA", "SOKET_NO": "SKT/8310", "SOKET_TIPI": "AC", "SOKET_TURU": "AC_TYPE2", "SOKET_GUCU_KW": "22" }, "geometry": { "type": "Point", "coordinates": [ 32.812376, 39.891078 ] } },
{ "type": "Feature", "properties": { "ID": 3250.0, "SIRA_NO": 306.0, "ISTASYON_NO": "ŞRJ/4378", "ISTASYON_ADI": "Hacettepe Tek.A blok", "HIZMET_SEKLI": "HALKA_ACIK", "MARKA": "ECOBOX", "MARKAADI": "Ecobox", "SARJ_AGI_ISLETMECISI": "ATAY GÜÇ VE ENERJİ SİSTEMLERİ İMALAT SANAYİ TİCARET LİMİTED ŞİRKETİ", "YESIL_SARJ_ISTASYONU_MU": "", "ADRES": "Üniversiteler Mahallesi 1596. Sokağı Çankaya / ANKARA", "SOKET_NO": "SKT/11494", "SOKET_TIPI": "DC", "SOKET_TURU": "DC_CCS", "SOKET_GUCU_KW": "120" }, "geometry": { "type": "Point", "coordinates": [ 32.732959, 39.894729 ] } },
{ "type": "Feature", "properties": { "ID": 3252.0, "SIRA_NO": 307.0, "ISTASYON_NO": "ŞRJ/4379", "ISTASYON_ADI": "Hacettepe Tek.Arge-1", "HIZMET_SEKLI": "HALKA_ACIK", "MARKA": "ECOBOX", "MARKAADI": "Ecobox", "SARJ_AGI_ISLETMECISI": "ATAY GÜÇ VE ENERJİ SİSTEMLERİ İMALAT SANAYİ TİCARET LİMİTED ŞİRKETİ", "YESIL_SARJ_ISTASYONU_MU": "", "ADRES": "Üniversiteler Mahallesi 1596. Sokağı Çankaya / ANKARA", "SOKET_NO": "SKT/9127", "SOKET_TIPI": "AC", "SOKET_TURU": "AC_TYPE2", "SOKET_GUCU_KW": "22" }, "geometry": { "type": "Point", "coordinates": [ 32.733279, 39.894407 ] } },
{ "type": "Feature", "properties": { "ID": 3253.0, "SIRA_NO": 308.0, "ISTASYON_NO": "ŞRJ/4380", "ISTASYON_ADI": "Hacettepe Tek.F blok", "HIZMET_SEKLI": "HALKA_ACIK", "MARKA": "ECOBOX", "MARKAADI": "Ecobox", "SARJ_AGI_ISLETMECISI": "ATAY GÜÇ VE ENERJİ SİSTEMLERİ İMALAT SANAYİ TİCARET LİMİTED ŞİRKETİ", "YESIL_SARJ_ISTASYONU_MU": "", "ADRES": "Üniversiteler Mahallesi 1596. Sokağı Çankaya / ANKARA", "SOKET_NO": "SKT/9128", "SOKET_TIPI": "AC", "SOKET_TURU": "AC_TYPE2", "SOKET_GUCU_KW": "22" }, "geometry": { "type": "Point", "coordinates": [ 32.736579, 39.862403 ] } },
{ "type": "Feature", "properties": { "ID": 3255.0, "SIRA_NO": 310.0, "ISTASYON_NO": "ŞRJ/5141", "ISTASYON_ADI": "DELİBAŞLAR", "HIZMET_SEKLI": "HALKA_ACIK", "MARKA": "ECOBOX", "MARKAADI": "Ecobox", "SARJ_AGI_ISLETMECISI": "ATAY GÜÇ VE ENERJİ SİSTEMLERİ İMALAT SANAYİ TİCARET LİMİTED ŞİRKETİ", "YESIL_SARJ_ISTASYONU_MU": "", "ADRES": "Prof. Dr. Ahmet Taner Kışlalı Mahallesi Alacaatlı Sokağı  No:14 /19 Çankaya / ANKARA", "SOKET_NO": "SKT/10977", "SOKET_TIPI": "AC", "SOKET_TURU": "AC_TYPE2", "SOKET_GUCU_KW": "22" }, "geometry": { "type": "Point", "coordinates": [ 32.686017, 39.869499 ] } },
{ "type": "Feature", "properties": { "ID": 3258.0, "SIRA_NO": 312.0, "ISTASYON_NO": "ŞRJ/5355", "ISTASYON_ADI": "FARİLYA", "HIZMET_SEKLI": "HALKA_ACIK", "MARKA": "ECOBOX", "MARKAADI": "Ecobox", "SARJ_AGI_ISLETMECISI": "ATAY GÜÇ VE ENERJİ SİSTEMLERİ İMALAT SANAYİ TİCARET LİMİTED ŞİRKETİ", "YESIL_SARJ_ISTASYONU_MU": "", "ADRES": "Kızılırmak Mahallesi Ufuk Üniversitesi Sokağı  No:8 /1 Çankaya / ANKARA", "SOKET_NO": "SKT/11624", "SOKET_TIPI": "AC", "SOKET_TURU": "AC_TYPE2", "SOKET_GUCU_KW": "22" }, "geometry": { "type": "Point", "coordinates": [ 32.810404, 39.9092 ] } },
{ "type": "Feature", "properties": { "ID": 3261.0, "SIRA_NO": 314.0, "ISTASYON_NO": "ŞRJ/7923", "ISTASYON_ADI": "Platin Beytepe 2ECZ", "HIZMET_SEKLI": "HALKA_ACIK", "MARKA": "ECOBOX", "MARKAADI": "Ecobox", "SARJ_AGI_ISLETMECISI": "ATAY GÜÇ VE ENERJİ SİSTEMLERİ İMALAT SANAYİ TİCARET LİMİTED ŞİRKETİ", "YESIL_SARJ_ISTASYONU_MU": "", "ADRES": "Beytepe Mahallesi Kanuni Sultan Süleyman Sokağı  No:65 /B Çankaya / ANKARA", "SOKET_NO": "SKT/18039", "SOKET_TIPI": "AC", "SOKET_TURU": "AC_TYPE2", "SOKET_GUCU_KW": "22" }, "geometry": { "type": "Point", "coordinates": [ 32.713737, 39.863185 ] } },
{ "type": "Feature", "properties": { "ID": 3266.0, "SIRA_NO": 318.0, "ISTASYON_NO": "ŞRJ/9447", "ISTASYON_ADI": "So Çayyolu 2", "HIZMET_SEKLI": "HALKA_ACIK", "MARKA": "ECOBOX", "MARKAADI": "Ecobox", "SARJ_AGI_ISLETMECISI": "ATAY GÜÇ VE ENERJİ SİSTEMLERİ İMALAT SANAYİ TİCARET LİMİTED ŞİRKETİ", "YESIL_SARJ_ISTASYONU_MU": "", "ADRES": "Çayyolu Mahallesi 2683 Sokağı  No:3 /1 Çankaya / ANKARA", "SOKET_NO": "SKT/22290", "SOKET_TIPI": "AC", "SOKET_TURU": "AC_TYPE2", "SOKET_GUCU_KW": "22" }, "geometry": { "type": "Point", "coordinates": [ 32.700105, 39.879526 ] } },
{ "type": "Feature", "properties": { "ID": 36070.0, "SIRA_NO": 381.0, "ISTASYON_NO": "ŞRJ/18586", "ISTASYON_ADI": "KULE EVO 2", "HIZMET_SEKLI": "HALKA_ACIK", "MARKA": "NEVA ŞARJ", "MARKAADI": "Neva Şarj", "SARJ_AGI_ISLETMECISI": "NEVA İÇ VE DIŞ TİCARET ANONİM ŞİRKETİ", "YESIL_SARJ_ISTASYONU_MU": "", "ADRES": "Çayyolu-1 Mahallesi Çankaya / ANKARA", "SOKET_NO": "SKT/51477", "SOKET_TIPI": "DC", "SOKET_TURU": "DC_CCS", "SOKET_GUCU_KW": "120" }, "geometry": { "type": "Point", "coordinates": [ 32.649207, 39.874266 ] } },
{ "type": "Feature", "properties": { "ID": 36072.0, "SIRA_NO": 382.0, "ISTASYON_NO": "ŞRJ/18587", "ISTASYON_ADI": "KULE EVO ÖNÜ", "HIZMET_SEKLI": "HALKA_ACIK", "MARKA": "NEVA ŞARJ", "MARKAADI": "Neva Şarj", "SARJ_AGI_ISLETMECISI": "NEVA İÇ VE DIŞ TİCARET ANONİM ŞİRKETİ", "YESIL_SARJ_ISTASYONU_MU": "", "ADRES": "Çayyolu-1 Mahallesi Çankaya / ANKARA", "SOKET_NO": "SKT/51479", "SOKET_TIPI": "DC", "SOKET_TURU": "DC_CCS", "SOKET_GUCU_KW": "240" }, "geometry": { "type": "Point", "coordinates": [ 32.64929, 39.874331 ] } },
{ "type": "Feature", "properties": { "ID": 2370.0, "SIRA_NO": 500.0, "ISTASYON_NO": "ŞRJ/12415", "ISTASYON_ADI": "KGM Genel Müdürlük", "HIZMET_SEKLI": "HALKA_ACIK", "MARKA": "U-ŞARJ", "MARKAADI": "U - Şarj", "SARJ_AGI_ISLETMECISI": "TCDD TEKNİK MÜHENDİSLİK VE MÜŞAVİRLİK ANONİM ŞİRKETİ", "YESIL_SARJ_ISTASYONU_MU": "", "ADRES": "Devlet Mahallesi Mahallesi İnönü Caddesi Sokağı  No:14 Çankaya / ANKARA", "SOKET_NO": "SKT/31802", "SOKET_TIPI": "DC", "SOKET_TURU": "DC_CCS", "SOKET_GUCU_KW": "200" }, "geometry": { "type": "Point", "coordinates": [ 32.842001, 39.915728 ] } },
{ "type": "Feature", "properties": { "ID": 35456.0, "SIRA_NO": 290.0, "ISTASYON_NO": "ŞRJ/8114", "ISTASYON_ADI": "ÖNİZŞARJ ANKARA GÜRKENT OTEL", "HIZMET_SEKLI": "HALKA_ACIK", "MARKA": "önizşarj", "MARKAADI": "ASM Group", "SARJ_AGI_ISLETMECISI": "ASM DEKORASYON MOBİLYA  GRANİT MERMER İNŞAAT SANAYİ TİCARET LİMİTED ŞİRKETİ", "YESIL_SARJ_ISTASYONU_MU": "", "ADRES": "Cumhuriyet Mahallesi Mithatpaşa Cad. Caddesi  No:No:4 Çankaya / ANKARA", "SOKET_NO": "SKT/50774", "SOKET_TIPI": "AC", "SOKET_TURU": "AC_TYPE2", "SOKET_GUCU_KW": "19" }, "geometry": { "type": "Point", "coordinates": [ 32.855767, 39.925904 ] } },
{ "type": "Feature", "properties": { "ID": 35693.0, "SIRA_NO": 174.0, "ISTASYON_NO": "ŞRJ/18435", "ISTASYON_ADI": "AYYAPI KONUM BEYTEPE", "HIZMET_SEKLI": "OZEL", "MARKA": "VOLTRUN", "MARKAADI": "Voltrun", "SARJ_AGI_ISLETMECISI": "VOLTRUN ENERJİ ANONİM ŞİRKETİ", "YESIL_SARJ_ISTASYONU_MU": "Evet", "ADRES": "Beytepe Mahallesi Hacı Bektaş Veli Caddesi  No:17/A Çankaya / ANKARA", "SOKET_NO": "SKT/51013", "SOKET_TIPI": "AC", "SOKET_TURU": "AC_TYPE2", "SOKET_GUCU_KW": "22" }, "geometry": { "type": "Point", "coordinates": [ 32.708936, 39.858741 ] } },
{ "type": "Feature", "properties": { "ID": 1738.0, "SIRA_NO": 267.0, "ISTASYON_NO": "ŞRJ/8101", "ISTASYON_ADI": "SU KENT BEYTEPE", "HIZMET_SEKLI": "OZEL", "MARKA": "VOLTRUN", "MARKAADI": "Voltrun", "SARJ_AGI_ISLETMECISI": "VOLTRUN ENERJİ ANONİM ŞİRKETİ", "YESIL_SARJ_ISTASYONU_MU": "Evet", "ADRES": "Beytepe Mahallesi 5442 Sokağı  No:2A/1 Çankaya / ANKARA", "SOKET_NO": "SKT/18540", "SOKET_TIPI": "AC", "SOKET_TURU": "AC_TYPE2", "SOKET_GUCU_KW": "21" }, "geometry": { "type": "Point", "coordinates": [ 32.704672, 39.851427 ] } },
{ "type": "Feature", "properties": { "ID": 3298.0, "SIRA_NO": 336.0, "ISTASYON_NO": "ŞRJ/5371", "ISTASYON_ADI": "ELİT MANZARA", "HIZMET_SEKLI": "OZEL", "MARKA": "ECOBOX", "MARKAADI": "Ecobox", "SARJ_AGI_ISLETMECISI": "ATAY GÜÇ VE ENERJİ SİSTEMLERİ İMALAT SANAYİ TİCARET LİMİTED ŞİRKETİ", "YESIL_SARJ_ISTASYONU_MU": "", "ADRES": "Beytepe Mahallesi 5534.sk Sokağı  No:1A /1 Çankaya / ANKARA", "SOKET_NO": "SKT/11669", "SOKET_TIPI": "AC", "SOKET_TURU": "AC_TYPE2", "SOKET_GUCU_KW": "20" }, "geometry": { "type": "Point", "coordinates": [ 32.712813, 39.847293 ] } },
{ "type": "Feature", "properties": { "ID": 3300.0, "SIRA_NO": 337.0, "ISTASYON_NO": "ŞRJ/4974", "ISTASYON_ADI": "LİMA TWİNS", "HIZMET_SEKLI": "OZEL", "MARKA": "ECOBOX", "MARKAADI": "Ecobox", "SARJ_AGI_ISLETMECISI": "ATAY GÜÇ VE ENERJİ SİSTEMLERİ İMALAT SANAYİ TİCARET LİMİTED ŞİRKETİ", "YESIL_SARJ_ISTASYONU_MU": "", "ADRES": "Yaşamkent Mahallesi 3145. Sokağı  No:18-B /1 Çankaya / ANKARA", "SOKET_NO": "SKT/10563", "SOKET_TIPI": "AC", "SOKET_TURU": "AC_TYPE2", "SOKET_GUCU_KW": "20" }, "geometry": { "type": "Point", "coordinates": [ 32.656761, 39.859934 ] } },
{ "type": "Feature", "properties": { "ID": 3305.0, "SIRA_NO": 342.0, "ISTASYON_NO": "ŞRJ/13454", "ISTASYON_ADI": "CAN ATABİLGE I-1", "HIZMET_SEKLI": "OZEL", "MARKA": "ECOBOX", "MARKAADI": "Ecobox", "SARJ_AGI_ISLETMECISI": "ATAY GÜÇ VE ENERJİ SİSTEMLERİ İMALAT SANAYİ TİCARET LİMİTED ŞİRKETİ", "YESIL_SARJ_ISTASYONU_MU": "", "ADRES": "Alacaatlı Mahallesi 3346 Sokağı  No:1 /60I  İncek Çankaya / ANKARA", "SOKET_NO": "SKT/34946", "SOKET_TIPI": "AC", "SOKET_TURU": "AC_TYPE2", "SOKET_GUCU_KW": "20" }, "geometry": { "type": "Point", "coordinates": [ 32.697425, 39.832869 ] } },
{ "type": "Feature", "properties": { "ID": 3306.0, "SIRA_NO": 343.0, "ISTASYON_NO": "ŞRJ/13453", "ISTASYON_ADI": "CAN ATABİLGE H-1", "HIZMET_SEKLI": "OZEL", "MARKA": "ECOBOX", "MARKAADI": "Ecobox", "SARJ_AGI_ISLETMECISI": "ATAY GÜÇ VE ENERJİ SİSTEMLERİ İMALAT SANAYİ TİCARET LİMİTED ŞİRKETİ", "YESIL_SARJ_ISTASYONU_MU": "", "ADRES": "Alacaatlı Mahallesi 4835 Sokağı  No:MT2 /1H  İncek Çankaya / ANKARA", "SOKET_NO": "SKT/34945", "SOKET_TIPI": "AC", "SOKET_TURU": "AC_TYPE2", "SOKET_GUCU_KW": "20" }, "geometry": { "type": "Point", "coordinates": [ 32.697927, 39.832475 ] } },
{ "type": "Feature", "properties": { "ID": 3307.0, "SIRA_NO": 344.0, "ISTASYON_NO": "ŞRJ/13450", "ISTASYON_ADI": "CAN ATABİLGE E-1", "HIZMET_SEKLI": "OZEL", "MARKA": "ECOBOX", "MARKAADI": "Ecobox", "SARJ_AGI_ISLETMECISI": "ATAY GÜÇ VE ENERJİ SİSTEMLERİ İMALAT SANAYİ TİCARET LİMİTED ŞİRKETİ", "YESIL_SARJ_ISTASYONU_MU": "", "ADRES": "Alacaatlı Mahallesi 3346 Sokağı  No:1 /60E  İncek Çankaya / ANKARA", "SOKET_NO": "SKT/34942", "SOKET_TIPI": "AC", "SOKET_TURU": "AC_TYPE2", "SOKET_GUCU_KW": "20" }, "geometry": { "type": "Point", "coordinates": [ 32.694801, 39.831011 ] } },
{ "type": "Feature", "properties": { "ID": 3308.0, "SIRA_NO": 345.0, "ISTASYON_NO": "ŞRJ/13449", "ISTASYON_ADI": "CAN ATABİLGE D-1", "HIZMET_SEKLI": "OZEL", "MARKA": "ECOBOX", "MARKAADI": "Ecobox", "SARJ_AGI_ISLETMECISI": "ATAY GÜÇ VE ENERJİ SİSTEMLERİ İMALAT SANAYİ TİCARET LİMİTED ŞİRKETİ", "YESIL_SARJ_ISTASYONU_MU": "", "ADRES": "Alacaatlı Mahallesi 4835 Sokağı  No:1 /1D  İncek Çankaya / ANKARA", "SOKET_NO": "SKT/34941", "SOKET_TIPI": "AC", "SOKET_TURU": "AC_TYPE2", "SOKET_GUCU_KW": "20" }, "geometry": { "type": "Point", "coordinates": [ 32.694585, 39.831777 ] } },
{ "type": "Feature", "properties": { "ID": 3309.0, "SIRA_NO": 346.0, "ISTASYON_NO": "ŞRJ/13452", "ISTASYON_ADI": "CAN ATABİLGE G-1", "HIZMET_SEKLI": "OZEL", "MARKA": "ECOBOX", "MARKAADI": "Ecobox", "SARJ_AGI_ISLETMECISI": "ATAY GÜÇ VE ENERJİ SİSTEMLERİ İMALAT SANAYİ TİCARET LİMİTED ŞİRKETİ", "YESIL_SARJ_ISTASYONU_MU": "", "ADRES": "Alacaatlı Mahallesi 3346 Sokağı  No:1 /60G  İncek Çankaya / ANKARA", "SOKET_NO": "SKT/34944", "SOKET_TIPI": "AC", "SOKET_TURU": "AC_TYPE2", "SOKET_GUCU_KW": "20" }, "geometry": { "type": "Point", "coordinates": [ 32.697374, 39.831898 ] } },
{ "type": "Feature", "properties": { "ID": 3310.0, "SIRA_NO": 347.0, "ISTASYON_NO": "ŞRJ/13451", "ISTASYON_ADI": "CAN ATABİLGE F-1", "HIZMET_SEKLI": "OZEL", "MARKA": "ECOBOX", "MARKAADI": "Ecobox", "SARJ_AGI_ISLETMECISI": "ATAY GÜÇ VE ENERJİ SİSTEMLERİ İMALAT SANAYİ TİCARET LİMİTED ŞİRKETİ", "YESIL_SARJ_ISTASYONU_MU": "", "ADRES": "Alacaatlı Mahallesi 3346 Sokağı  No:MT2 /60F  İncek Çankaya / ANKARA", "SOKET_NO": "SKT/34943", "SOKET_TIPI": "AC", "SOKET_TURU": "AC_TYPE2", "SOKET_GUCU_KW": "20" }, "geometry": { "type": "Point", "coordinates": [ 32.696743, 39.831301 ] } },
{ "type": "Feature", "properties": { "ID": 3311.0, "SIRA_NO": 348.0, "ISTASYON_NO": "ŞRJ/13448", "ISTASYON_ADI": "CAN ATABİLGE C-1", "HIZMET_SEKLI": "OZEL", "MARKA": "ECOBOX", "MARKAADI": "Ecobox", "SARJ_AGI_ISLETMECISI": "ATAY GÜÇ VE ENERJİ SİSTEMLERİ İMALAT SANAYİ TİCARET LİMİTED ŞİRKETİ", "YESIL_SARJ_ISTASYONU_MU": "", "ADRES": "Alacaatlı Mahallesi 3346 Sokağı  No:1 /60C  İncek Çankaya / ANKARA", "SOKET_NO": "SKT/34940", "SOKET_TIPI": "AC", "SOKET_TURU": "AC_TYPE2", "SOKET_GUCU_KW": "20" }, "geometry": { "type": "Point", "coordinates": [ 32.695109, 39.832334 ] } },
{ "type": "Feature", "properties": { "ID": 3312.0, "SIRA_NO": 349.0, "ISTASYON_NO": "ŞRJ/13447", "ISTASYON_ADI": "CAN ATABİLGE B-1", "HIZMET_SEKLI": "OZEL", "MARKA": "ECOBOX", "MARKAADI": "Ecobox", "SARJ_AGI_ISLETMECISI": "ATAY GÜÇ VE ENERJİ SİSTEMLERİ İMALAT SANAYİ TİCARET LİMİTED ŞİRKETİ", "YESIL_SARJ_ISTASYONU_MU": "", "ADRES": "Alacaatlı Mahallesi 3346 Sokağı  No:MT2 /60B  İncek Çankaya / ANKARA", "SOKET_NO": "SKT/34939", "SOKET_TIPI": "AC", "SOKET_TURU": "AC_TYPE2", "SOKET_GUCU_KW": "20" }, "geometry": { "type": "Point", "coordinates": [ 32.695754, 39.832801 ] } },
{ "type": "Feature", "properties": { "ID": 36286.0, "SIRA_NO": 10.0, "ISTASYON_NO": "ŞRJ/18684", "ISTASYON_ADI": "ALACAPARK KONUTLARI", "HIZMET_SEKLI": "OZEL", "MARKA": "EVC CHARGE", "MARKAADI": "Evcil Mühendislik", "SARJ_AGI_ISLETMECISI": "EVCİL YATIRIM MÜHENDİSLİK MİMARLIK LİMİTED ŞİRKETİ", "YESIL_SARJ_ISTASYONU_MU": "", "ADRES": "Alacaatlı Mahallesi 4981 Sokağı  No:7/A-B-C-D Çankaya / ANKARA", "SOKET_NO": "SKT/51757", "SOKET_TIPI": "AC", "SOKET_TURU": "AC_TYPE2", "SOKET_GUCU_KW": "22" }, "geometry": { "type": "Point", "coordinates": [ 32.665486, 39.849715 ] } },
{ "type": "Feature", "properties": { "ID": 36294.0, "SIRA_NO": 13.0, "ISTASYON_NO": "ŞRJ/18687", "ISTASYON_ADI": "CK Hotel, Çankaya DC, AC", "HIZMET_SEKLI": "HALKA_ACIK", "MARKA": "Otopriz", "MARKAADI": "Otopriz", "SARJ_AGI_ISLETMECISI": "DİCLE KÖK ENERJİ YATIRIM ANONİM ŞİRKETİ", "YESIL_SARJ_ISTASYONU_MU": "", "ADRES": "Güvenevler Mahallesi Farabi Sokağı  No:34/A Çankaya / ANKARA", "SOKET_NO": "SKT/51765", "SOKET_TIPI": "DC", "SOKET_TURU": "DC_CCS", "SOKET_GUCU_KW": "120" }, "geometry": { "type": "Point", "coordinates": [ 32.856823, 39.896687 ] } },
{ "type": "Feature", "properties": { "ID": 36295.0, "SIRA_NO": 13.0, "ISTASYON_NO": "ŞRJ/18687", "ISTASYON_ADI": "CK Hotel, Çankaya DC, AC", "HIZMET_SEKLI": "HALKA_ACIK", "MARKA": "Otopriz", "MARKAADI": "Otopriz", "SARJ_AGI_ISLETMECISI": "DİCLE KÖK ENERJİ YATIRIM ANONİM ŞİRKETİ", "YESIL_SARJ_ISTASYONU_MU": "", "ADRES": "Güvenevler Mahallesi Farabi Sokağı  No:34/A Çankaya / ANKARA", "SOKET_NO": "SKT/51766", "SOKET_TIPI": "AC", "SOKET_TURU": "AC_TYPE2", "SOKET_GUCU_KW": "22" }, "geometry": { "type": "Point", "coordinates": [ 32.856823, 39.896687 ] } },
{ "type": "Feature", "properties": { "ID": 1638.0, "SIRA_NO": 221.0, "ISTASYON_NO": "ŞRJ/6479", "ISTASYON_ADI": "BİLKENT CENTER AVM", "HIZMET_SEKLI": "HALKA_ACIK", "MARKA": "VOLTRUN", "MARKAADI": "Voltrun", "SARJ_AGI_ISLETMECISI": "VOLTRUN ENERJİ ANONİM ŞİRKETİ", "YESIL_SARJ_ISTASYONU_MU": "Evet", "ADRES": "Üniveristeler Mahallesi . Caddesi 1597 Sokağı  No:3 Çankaya / ANKARA", "SOKET_NO": "SKT/14177", "SOKET_TIPI": "DC", "SOKET_TURU": "DC_CCS", "SOKET_GUCU_KW": "180" }, "geometry": { "type": "Point", "coordinates": [ 32.758897, 39.883252 ] } },
{ "type": "Feature", "properties": { "ID": 11451.0, "SIRA_NO": 69.0, "ISTASYON_NO": "ŞRJ/17457", "ISTASYON_ADI": "Cepa AVM", "HIZMET_SEKLI": "HALKA_ACIK", "MARKA": "zes", "MARKAADI": "Zes", "SARJ_AGI_ISLETMECISI": "ZES DİJİTAL TİCARET ANONİM ŞİRKETİ", "YESIL_SARJ_ISTASYONU_MU": "Evet", "ADRES": "Mustafa Kemal Mahallesi Eskişehir Yolu 7. Km Caddesi  No:2 Çankaya / ANKARA", "SOKET_NO": "SKT/47693", "SOKET_TIPI": "DC", "SOKET_TURU": "DC_CCS", "SOKET_GUCU_KW": "400" }, "geometry": { "type": "Point", "coordinates": [ 32.777808, 39.911449 ] } },
{ "type": "Feature", "properties": { "ID": 35458.0, "SIRA_NO": 292.0, "ISTASYON_NO": "ŞRJ/6656", "ISTASYON_ADI": "ÖNİZŞARJ KOZ BEYTEPE A BLOK", "HIZMET_SEKLI": "HALKA_ACIK", "MARKA": "önizşarj", "MARKAADI": "ASM Group", "SARJ_AGI_ISLETMECISI": "ASM DEKORASYON MOBİLYA  GRANİT MERMER İNŞAAT SANAYİ TİCARET LİMİTED ŞİRKETİ", "YESIL_SARJ_ISTASYONU_MU": "", "ADRES": "Beytepe Mahallesi Kanuni Sultan Süleyman Caddesi Çankaya / ANKARA", "SOKET_NO": "SKT/50776", "SOKET_TIPI": "AC", "SOKET_TURU": "AC_TYPE2", "SOKET_GUCU_KW": "22" }, "geometry": { "type": "Point", "coordinates": [ 32.713588, 39.859388 ] } },
{ "type": "Feature", "properties": { "ID": 1748.0, "SIRA_NO": 268.0, "ISTASYON_NO": "ŞRJ/6155", "ISTASYON_ADI": "MESA KOZA66 SİTE YÖNETİMİ", "HIZMET_SEKLI": "OZEL", "MARKA": "VOLTRUN", "MARKAADI": "Voltrun", "SARJ_AGI_ISLETMECISI": "VOLTRUN ENERJİ ANONİM ŞİRKETİ", "YESIL_SARJ_ISTASYONU_MU": "Evet", "ADRES": "Büyükesat Mahallesi Koza Sokağı  No:66 Çankaya / ANKARA", "SOKET_NO": "SKT/13430", "SOKET_TIPI": "AC", "SOKET_TURU": "AC_TYPE2", "SOKET_GUCU_KW": "22" }, "geometry": { "type": "Point", "coordinates": [ 32.879325, 39.892901 ] } },
{ "type": "Feature", "properties": { "ID": 1749.0, "SIRA_NO": 269.0, "ISTASYON_NO": "ŞRJ/11475", "ISTASYON_ADI": "ESENPARK SİTESİ", "HIZMET_SEKLI": "OZEL", "MARKA": "VOLTRUN", "MARKAADI": "Voltrun", "SARJ_AGI_ISLETMECISI": "VOLTRUN ENERJİ ANONİM ŞİRKETİ", "YESIL_SARJ_ISTASYONU_MU": "Evet", "ADRES": "Beytepe Mahallesi 5540 Sokağı  No:4 Çankaya / ANKARA", "SOKET_NO": "SKT/28472", "SOKET_TIPI": "AC", "SOKET_TURU": "AC_TYPE2", "SOKET_GUCU_KW": "21" }, "geometry": { "type": "Point", "coordinates": [ 32.711727, 39.850349 ] } },
{ "type": "Feature", "properties": { "ID": 31254.0, "SIRA_NO": 431.0, "ISTASYON_NO": "ŞRJ/17284", "ISTASYON_ADI": "Entepe İş Merkezi", "HIZMET_SEKLI": "HALKA_ACIK", "MARKA": "evbee", "MARKAADI": "Evbee", "SARJ_AGI_ISLETMECISI": "EVBEE ELEKTRİKLİ ARAÇ VE ŞARJ SİSTEMLERİ ENERJİ MÜHENDİSLİK ARGE SANAYİ TİCARET ANONİM ŞİRKETİ", "YESIL_SARJ_ISTASYONU_MU": "", "ADRES": "Beytepe Mahallesi Tuğrul Bey Caddesi  No:2 Çankaya / ANKARA", "SOKET_NO": "SKT/47225", "SOKET_TIPI": "DC", "SOKET_TURU": "DC_CCS", "SOKET_GUCU_KW": "180" }, "geometry": { "type": "Point", "coordinates": [ 32.73415, 39.854728 ] } },
{ "type": "Feature", "properties": { "ID": 1207.0, "SIRA_NO": 28.0, "ISTASYON_NO": "ŞRJ/11025", "ISTASYON_ADI": "ANKA BEST RESİDENCE", "HIZMET_SEKLI": "OZEL", "MARKA": "VOLTRUN", "MARKAADI": "Voltrun", "SARJ_AGI_ISLETMECISI": "VOLTRUN ENERJİ ANONİM ŞİRKETİ", "YESIL_SARJ_ISTASYONU_MU": "Evet", "ADRES": "Çukurambar Mahallesi 1476 Sokağı  No:4 Çankaya / ANKARA", "SOKET_NO": "SKT/27087", "SOKET_TIPI": "AC", "SOKET_TURU": "AC_TYPE2", "SOKET_GUCU_KW": "10" }, "geometry": { "type": "Point", "coordinates": [ 32.803251, 39.90734 ] } },
{ "type": "Feature", "properties": { "ID": 15734.0, "SIRA_NO": 249.0, "ISTASYON_NO": "ŞRJ/16989", "ISTASYON_ADI": "Çankaya File", "HIZMET_SEKLI": "HALKA_ACIK", "MARKA": "Trugo", "MARKAADI": "Trugo", "SARJ_AGI_ISLETMECISI": "TRUGO AKILLI ŞARJ ÇÖZÜMLERİ SANAYİ VE TİCARET ANONİM ŞİRKETİ", "YESIL_SARJ_ISTASYONU_MU": "Evet", "ADRES": "Yıldızevler Mahallesi Simon Bolivar Sokağı  No:32/A Çankaya / ANKARA", "SOKET_NO": "SKT/46217", "SOKET_TIPI": "DC", "SOKET_TURU": "DC_CCS", "SOKET_GUCU_KW": "60" }, "geometry": { "type": "Point", "coordinates": [ 32.861556, 39.879094 ] } },
{ "type": "Feature", "properties": { "ID": 2490.0, "SIRA_NO": 51.0, "ISTASYON_NO": "ŞRJ/16171", "ISTASYON_ADI": "İncek Icon Sitesi A Blok", "HIZMET_SEKLI": "OZEL", "MARKA": "CheckPoint", "MARKAADI": "CheckPoint", "SARJ_AGI_ISLETMECISI": "CHECKPOİNT ŞARJ İSTASYONLARI İŞLETMECİLİĞİ ANONİM ŞİRKETİ", "YESIL_SARJ_ISTASYONU_MU": "", "ADRES": "Alacaatlı Mahallesi 4835 Caddesi  No:8/A Çankaya / ANKARA", "SOKET_NO": "SKT/43730", "SOKET_TIPI": "AC", "SOKET_TURU": "AC_TYPE2", "SOKET_GUCU_KW": "22" }, "geometry": { "type": "Point", "coordinates": [ 32.692659, 39.831312 ] } },
{ "type": "Feature", "properties": { "ID": 2492.0, "SIRA_NO": 52.0, "ISTASYON_NO": "ŞRJ/16174", "ISTASYON_ADI": "İncek Icon Sitesi B Blok", "HIZMET_SEKLI": "OZEL", "MARKA": "CheckPoint", "MARKAADI": "CheckPoint", "SARJ_AGI_ISLETMECISI": "CHECKPOİNT ŞARJ İSTASYONLARI İŞLETMECİLİĞİ ANONİM ŞİRKETİ", "YESIL_SARJ_ISTASYONU_MU": "", "ADRES": "Alacaatlı Mahallesi 4835 Caddesi  No:8/B Çankaya / ANKARA", "SOKET_NO": "SKT/43739", "SOKET_TIPI": "AC", "SOKET_TURU": "AC_TYPE2", "SOKET_GUCU_KW": "22" }, "geometry": { "type": "Point", "coordinates": [ 32.691997, 39.832012 ] } },
{ "type": "Feature", "properties": { "ID": 35476.0, "SIRA_NO": 307.0, "ISTASYON_NO": "ŞRJ/17670", "ISTASYON_ADI": "ÖNİZŞARJ BESA NOVA PLAZA", "HIZMET_SEKLI": "HALKA_ACIK", "MARKA": "önizşarj", "MARKAADI": "ASM Group", "SARJ_AGI_ISLETMECISI": "ASM DEKORASYON MOBİLYA  GRANİT MERMER İNŞAAT SANAYİ TİCARET LİMİTED ŞİRKETİ", "YESIL_SARJ_ISTASYONU_MU": "", "ADRES": "Yaşamkent Mahallesi Mehmet Rifat Börekçi Sokağı  No:16 Çankaya / ANKARA", "SOKET_NO": "SKT/50822", "SOKET_TIPI": "DC", "SOKET_TURU": "DC_CCS", "SOKET_GUCU_KW": "120" }, "geometry": { "type": "Point", "coordinates": [ 32.642606, 39.861551 ] } },
{ "type": "Feature", "properties": { "ID": 3271.0, "SIRA_NO": 320.0, "ISTASYON_NO": "ŞRJ/14276", "ISTASYON_ADI": "MİRA BEYTEPE", "HIZMET_SEKLI": "HALKA_ACIK", "MARKA": "ECOBOX", "MARKAADI": "Ecobox", "SARJ_AGI_ISLETMECISI": "ATAY GÜÇ VE ENERJİ SİSTEMLERİ İMALAT SANAYİ TİCARET LİMİTED ŞİRKETİ", "YESIL_SARJ_ISTASYONU_MU": "", "ADRES": "Beytepe Mah Mahallesi 5387. Sokak Sokağı  No:15 /ARAÇŞARJ Çankaya / ANKARA", "SOKET_NO": "SKT/37507", "SOKET_TIPI": "DC", "SOKET_TURU": "DC_CCS", "SOKET_GUCU_KW": "60" }, "geometry": { "type": "Point", "coordinates": [ 32.711576, 39.861836 ] } },
{ "type": "Feature", "properties": { "ID": 3274.0, "SIRA_NO": 321.0, "ISTASYON_NO": "ŞRJ/9446", "ISTASYON_ADI": "So Çayyolu 1", "HIZMET_SEKLI": "OZEL", "MARKA": "ECOBOX", "MARKAADI": "Ecobox", "SARJ_AGI_ISLETMECISI": "ATAY GÜÇ VE ENERJİ SİSTEMLERİ İMALAT SANAYİ TİCARET LİMİTED ŞİRKETİ", "YESIL_SARJ_ISTASYONU_MU": "", "ADRES": "Çayyolu Mahallesi 2683 Sokağı  No:3 /1 Çankaya / ANKARA", "SOKET_NO": "SKT/22289", "SOKET_TIPI": "AC", "SOKET_TURU": "AC_TYPE2", "SOKET_GUCU_KW": "20" }, "geometry": { "type": "Point", "coordinates": [ 32.700037, 39.879612 ] } },
{ "type": "Feature", "properties": { "ID": 3276.0, "SIRA_NO": 323.0, "ISTASYON_NO": "ŞRJ/14775", "ISTASYON_ADI": "ASELSANNET 1", "HIZMET_SEKLI": "OZEL", "MARKA": "ECOBOX", "MARKAADI": "Ecobox", "SARJ_AGI_ISLETMECISI": "ATAY GÜÇ VE ENERJİ SİSTEMLERİ İMALAT SANAYİ TİCARET LİMİTED ŞİRKETİ", "YESIL_SARJ_ISTASYONU_MU": "", "ADRES": "Mustafa Kemal Mahallesi 2130 Sokağı  No:AB /2  Çankaya Çankaya / ANKARA", "SOKET_NO": "SKT/39231", "SOKET_TIPI": "AC", "SOKET_TURU": "AC_TYPE2", "SOKET_GUCU_KW": "22" }, "geometry": { "type": "Point", "coordinates": [ 32.76886, 39.913038 ] } },
{ "type": "Feature", "properties": { "ID": 3283.0, "SIRA_NO": 327.0, "ISTASYON_NO": "ŞRJ/6927", "ISTASYON_ADI": "Ege Plaza", "HIZMET_SEKLI": "OZEL", "MARKA": "ECOBOX", "MARKAADI": "Ecobox", "SARJ_AGI_ISLETMECISI": "ATAY GÜÇ VE ENERJİ SİSTEMLERİ İMALAT SANAYİ TİCARET LİMİTED ŞİRKETİ", "YESIL_SARJ_ISTASYONU_MU": "", "ADRES": "İşçi Bloklar Mahallesi Mevlana Sokağı  No:182 /B Çankaya / ANKARA", "SOKET_NO": "SKT/15451", "SOKET_TIPI": "AC", "SOKET_TURU": "AC_TYPE2", "SOKET_GUCU_KW": "22" }, "geometry": { "type": "Point", "coordinates": [ 32.812369, 39.891006 ] } },
{ "type": "Feature", "properties": { "ID": 3285.0, "SIRA_NO": 328.0, "ISTASYON_NO": "ŞRJ/11220", "ISTASYON_ADI": "REGNUM", "HIZMET_SEKLI": "HALKA_ACIK", "MARKA": "ECOBOX", "MARKAADI": "Ecobox", "SARJ_AGI_ISLETMECISI": "ATAY GÜÇ VE ENERJİ SİSTEMLERİ İMALAT SANAYİ TİCARET LİMİTED ŞİRKETİ", "YESIL_SARJ_ISTASYONU_MU": "", "ADRES": "İşçi Blokları Mahallesi Muhsin Yazıcıoğlu Caddesi  No:57 /ARAÇŞARJ Çankaya / ANKARA", "SOKET_NO": "SKT/27742", "SOKET_TIPI": "DC", "SOKET_TURU": "DC_CCS", "SOKET_GUCU_KW": "180" }, "geometry": { "type": "Point", "coordinates": [ 32.810927, 39.891934 ] } },
{ "type": "Feature", "properties": { "ID": 28956.0, "SIRA_NO": 262.0, "ISTASYON_NO": "ŞRJ/16328", "ISTASYON_ADI": "Gundogdu Lezzet Sarayi DC Istasyonu", "HIZMET_SEKLI": "HALKA_ACIK", "MARKA": "ACROPOL", "MARKAADI": "Acropol", "SARJ_AGI_ISLETMECISI": "GREENLEAF YENİLENEBİLİR ENERJİ SİSTEMLERİ SANAYİ VE TİCARET LİMİTED ŞİRKETİ", "YESIL_SARJ_ISTASYONU_MU": "", "ADRES": "Dodruga Mahallesi 5110. Sokağı  No:8/BA Çankaya / ANKARA", "SOKET_NO": "SKT/44250", "SOKET_TIPI": "DC", "SOKET_TURU": "DC_CCS", "SOKET_GUCU_KW": "80" }, "geometry": { "type": "Point", "coordinates": [ 32.647385, 39.836403 ] } },
{ "type": "Feature", "properties": { "ID": 2398.0, "SIRA_NO": 7.0, "ISTASYON_NO": "ŞRJ/11416", "ISTASYON_ADI": "TCDD TEKNİK GENEL MÜDÜRLÜK", "HIZMET_SEKLI": "OZEL", "MARKA": "U-ŞARJ", "MARKAADI": "U - Şarj", "SARJ_AGI_ISLETMECISI": "TCDD TEKNİK MÜHENDİSLİK VE MÜŞAVİRLİK ANONİM ŞİRKETİ", "YESIL_SARJ_ISTASYONU_MU": "", "ADRES": "Aziziye Mahallesi Hoşdere Caddesi  No:167 Çankaya / ANKARA", "SOKET_NO": "SKT/28296", "SOKET_TIPI": "AC", "SOKET_TURU": "AC_TYPE2", "SOKET_GUCU_KW": "22" }, "geometry": { "type": "Point", "coordinates": [ 32.84887, 39.886026 ] } },
{ "type": "Feature", "properties": { "ID": 2400.0, "SIRA_NO": 8.0, "ISTASYON_NO": "ŞRJ/11420", "ISTASYON_ADI": "ULAŞTIRMA BAKANLIĞI", "HIZMET_SEKLI": "OZEL", "MARKA": "U-ŞARJ", "MARKAADI": "U - Şarj", "SARJ_AGI_ISLETMECISI": "TCDD TEKNİK MÜHENDİSLİK VE MÜŞAVİRLİK ANONİM ŞİRKETİ", "YESIL_SARJ_ISTASYONU_MU": "", "ADRES": "Emek Mahallesi Hakkı Turayliç Sokağı  No:5 Çankaya / ANKARA", "SOKET_NO": "SKT/28306", "SOKET_TIPI": "DC", "SOKET_TURU": "DC_CCS", "SOKET_GUCU_KW": "200" }, "geometry": { "type": "Point", "coordinates": [ 32.822915, 39.9167 ] } },
{ "type": "Feature", "properties": { "ID": 2404.0, "SIRA_NO": 10.0, "ISTASYON_NO": "ŞRJ/11422", "ISTASYON_ADI": "TÜRKSAT ÖVEÇLER", "HIZMET_SEKLI": "HALKA_ACIK", "MARKA": "U-ŞARJ", "MARKAADI": "U - Şarj", "SARJ_AGI_ISLETMECISI": "TCDD TEKNİK MÜHENDİSLİK VE MÜŞAVİRLİK ANONİM ŞİRKETİ", "YESIL_SARJ_ISTASYONU_MU": "", "ADRES": "Cevizlidere Mahallesi Cevizlidere Sokağı Çankaya / ANKARA", "SOKET_NO": "SKT/28310", "SOKET_TIPI": "AC", "SOKET_TURU": "AC_TYPE2", "SOKET_GUCU_KW": "22" }, "geometry": { "type": "Point", "coordinates": [ 32.818475, 39.888121 ] } },
{ "type": "Feature", "properties": { "ID": 27077.0, "SIRA_NO": 142.0, "ISTASYON_NO": "ŞRJ/16189", "ISTASYON_ADI": "MİGROS ZİRVEKENT MMM", "HIZMET_SEKLI": "HALKA_ACIK", "MARKA": "MİGGO", "MARKAADI": "Miggo", "SARJ_AGI_ISLETMECISI": "MİGEN ENERJİ VE ELEKTRİKLİ ARAÇ ŞARJ HİZMETLERİ ANONİM ŞİRKETİ", "YESIL_SARJ_ISTASYONU_MU": "", "ADRES": "365 Avm. Birlik Mahallesi 428 Caddesi  No:41 Çankaya / ANKARA", "SOKET_NO": "SKT/43804", "SOKET_TIPI": "DC", "SOKET_TURU": "DC_CCS", "SOKET_GUCU_KW": "60" }, "geometry": { "type": "Point", "coordinates": [ 32.869646, 39.875975 ] } },
{ "type": "Feature", "properties": { "ID": 1776.0, "SIRA_NO": 276.0, "ISTASYON_NO": "ŞRJ/7260", "ISTASYON_ADI": "LİBRA KULE", "HIZMET_SEKLI": "OZEL", "MARKA": "VOLTRUN", "MARKAADI": "Voltrun", "SARJ_AGI_ISLETMECISI": "VOLTRUN ENERJİ ANONİM ŞİRKETİ", "YESIL_SARJ_ISTASYONU_MU": "Evet", "ADRES": "Ehlibeyt Mahallesi Tekstilciler Caddesi  No:21 Çankaya / ANKARA", "SOKET_NO": "SKT/16292", "SOKET_TIPI": "AC", "SOKET_TURU": "AC_TYPE2", "SOKET_GUCU_KW": "22" }, "geometry": { "type": "Point", "coordinates": [ 32.815236, 39.892107 ] } },
{ "type": "Feature", "properties": { "ID": 31255.0, "SIRA_NO": 431.0, "ISTASYON_NO": "ŞRJ/17284", "ISTASYON_ADI": "Entepe İş Merkezi", "HIZMET_SEKLI": "HALKA_ACIK", "MARKA": "evbee", "MARKAADI": "Evbee", "SARJ_AGI_ISLETMECISI": "EVBEE ELEKTRİKLİ ARAÇ VE ŞARJ SİSTEMLERİ ENERJİ MÜHENDİSLİK ARGE SANAYİ TİCARET ANONİM ŞİRKETİ", "YESIL_SARJ_ISTASYONU_MU": "", "ADRES": "Beytepe Mahallesi Tuğrul Bey Caddesi  No:2 Çankaya / ANKARA", "SOKET_NO": "SKT/47226", "SOKET_TIPI": "AC", "SOKET_TURU": "AC_TYPE2", "SOKET_GUCU_KW": "22" }, "geometry": { "type": "Point", "coordinates": [ 32.73415, 39.854728 ] } },
{ "type": "Feature", "properties": { "ID": 31256.0, "SIRA_NO": 431.0, "ISTASYON_NO": "ŞRJ/17284", "ISTASYON_ADI": "Entepe İş Merkezi", "HIZMET_SEKLI": "HALKA_ACIK", "MARKA": "evbee", "MARKAADI": "Evbee", "SARJ_AGI_ISLETMECISI": "EVBEE ELEKTRİKLİ ARAÇ VE ŞARJ SİSTEMLERİ ENERJİ MÜHENDİSLİK ARGE SANAYİ TİCARET ANONİM ŞİRKETİ", "YESIL_SARJ_ISTASYONU_MU": "", "ADRES": "Beytepe Mahallesi Tuğrul Bey Caddesi  No:2 Çankaya / ANKARA", "SOKET_NO": "SKT/47227", "SOKET_TIPI": "AC", "SOKET_TURU": "AC_TYPE2", "SOKET_GUCU_KW": "22" }, "geometry": { "type": "Point", "coordinates": [ 32.73415, 39.854728 ] } },
{ "type": "Feature", "properties": { "ID": 2603.0, "SIRA_NO": 98.0, "ISTASYON_NO": "ŞRJ/15006", "ISTASYON_ADI": "Günaydın Çayyolu Kebap & Steakhouse", "HIZMET_SEKLI": "HALKA_ACIK", "MARKA": "D-Charge", "MARKAADI": "D - Charge", "SARJ_AGI_ISLETMECISI": "DOĞUŞ ŞARJ SİSTEMLERİ PAZARLAMA VE TİCARET ANONİM ŞİRKETİ", "YESIL_SARJ_ISTASYONU_MU": "", "ADRES": "Prof. Dr. Ahmet Taner Kışlalı Mahallesi Alacaatlı Sokağı  No:2846Sk-F1 / 2 Çankaya / ANKARA", "SOKET_NO": "SKT/39927", "SOKET_TIPI": "AC", "SOKET_TURU": "AC_TYPE2", "SOKET_GUCU_KW": "11" }, "geometry": { "type": "Point", "coordinates": [ 32.687175, 39.870167 ] } },
{ "type": "Feature", "properties": { "ID": 3292.0, "SIRA_NO": 331.0, "ISTASYON_NO": "ŞRJ/7922", "ISTASYON_ADI": "Platin Beytepe 1A - 3B", "HIZMET_SEKLI": "OZEL", "MARKA": "ECOBOX", "MARKAADI": "Ecobox", "SARJ_AGI_ISLETMECISI": "ATAY GÜÇ VE ENERJİ SİSTEMLERİ İMALAT SANAYİ TİCARET LİMİTED ŞİRKETİ", "YESIL_SARJ_ISTASYONU_MU": "", "ADRES": "Beytepe Mahallesi Kanuni Sultan Süleyman Sokağı  No:65 /A Çankaya / ANKARA", "SOKET_NO": "SKT/18037", "SOKET_TIPI": "AC", "SOKET_TURU": "AC_TYPE2", "SOKET_GUCU_KW": "20" }, "geometry": { "type": "Point", "coordinates": [ 32.713742, 39.863122 ] } },
{ "type": "Feature", "properties": { "ID": 1594.0, "SIRA_NO": 201.0, "ISTASYON_NO": "ŞRJ/11011", "ISTASYON_ADI": "YILDIZ ATASAYANLAR SİTESİ", "HIZMET_SEKLI": "OZEL", "MARKA": "VOLTRUN", "MARKAADI": "Voltrun", "SARJ_AGI_ISLETMECISI": "VOLTRUN ENERJİ ANONİM ŞİRKETİ", "YESIL_SARJ_ISTASYONU_MU": "Evet", "ADRES": "Alacaatlı Mahallesi 5143 Sokağı  No:3/B Çankaya / ANKARA", "SOKET_NO": "SKT/27058", "SOKET_TIPI": "AC", "SOKET_TURU": "AC_TYPE2", "SOKET_GUCU_KW": "10" }, "geometry": { "type": "Point", "coordinates": [ 32.659714, 39.840596 ] } },
{ "type": "Feature", "properties": { "ID": 1597.0, "SIRA_NO": 202.0, "ISTASYON_NO": "ŞRJ/3192", "ISTASYON_ADI": "YILDIZ KULE İŞ MERKEZİ", "HIZMET_SEKLI": "OZEL", "MARKA": "VOLTRUN", "MARKAADI": "Voltrun", "SARJ_AGI_ISLETMECISI": "VOLTRUN ENERJİ ANONİM ŞİRKETİ", "YESIL_SARJ_ISTASYONU_MU": "Evet", "ADRES": "Yukarı Dikmen Mahallesi 664 Sokağı  No:2 Çankaya / ANKARA", "SOKET_NO": "SKT/6178", "SOKET_TIPI": "AC", "SOKET_TURU": "AC_TYPE2", "SOKET_GUCU_KW": "22" }, "geometry": { "type": "Point", "coordinates": [ 32.855385, 39.858451 ] } },
{ "type": "Feature", "properties": { "ID": 36133.0, "SIRA_NO": 428.0, "ISTASYON_NO": "ŞRJ/18618", "ISTASYON_ADI": "Zirvekent Manolya Sitesi", "HIZMET_SEKLI": "OZEL", "MARKA": "wat mobilite", "MARKAADI": "WAT Mobilite", "SARJ_AGI_ISLETMECISI": "WAT MOBİLİTE ÇÖZÜMLERİ TEKNOLOJİ VE TİCARET ANONİM ŞİRKETİ", "YESIL_SARJ_ISTASYONU_MU": "Evet", "ADRES": "Birlik Mahallesi 429. Caddesi  No:1 Çankaya / ANKARA", "SOKET_NO": "SKT/51570", "SOKET_TIPI": "AC", "SOKET_TURU": "AC_TYPE2", "SOKET_GUCU_KW": "22" }, "geometry": { "type": "Point", "coordinates": [ 32.869664, 39.870983 ] } },
{ "type": "Feature", "properties": { "ID": 36134.0, "SIRA_NO": 428.0, "ISTASYON_NO": "ŞRJ/18618", "ISTASYON_ADI": "Zirvekent Manolya Sitesi", "HIZMET_SEKLI": "OZEL", "MARKA": "wat mobilite", "MARKAADI": "WAT Mobilite", "SARJ_AGI_ISLETMECISI": "WAT MOBİLİTE ÇÖZÜMLERİ TEKNOLOJİ VE TİCARET ANONİM ŞİRKETİ", "YESIL_SARJ_ISTASYONU_MU": "Evet", "ADRES": "Birlik Mahallesi 429. Caddesi  No:1 Çankaya / ANKARA", "SOKET_NO": "SKT/51571", "SOKET_TIPI": "AC", "SOKET_TURU": "AC_TYPE2", "SOKET_GUCU_KW": "22" }, "geometry": { "type": "Point", "coordinates": [ 32.869664, 39.870983 ] } },
{ "type": "Feature", "properties": { "ID": 36135.0, "SIRA_NO": 428.0, "ISTASYON_NO": "ŞRJ/18618", "ISTASYON_ADI": "Zirvekent Manolya Sitesi", "HIZMET_SEKLI": "OZEL", "MARKA": "wat mobilite", "MARKAADI": "WAT Mobilite", "SARJ_AGI_ISLETMECISI": "WAT MOBİLİTE ÇÖZÜMLERİ TEKNOLOJİ VE TİCARET ANONİM ŞİRKETİ", "YESIL_SARJ_ISTASYONU_MU": "Evet", "ADRES": "Birlik Mahallesi 429. Caddesi  No:1 Çankaya / ANKARA", "SOKET_NO": "SKT/51572", "SOKET_TIPI": "AC", "SOKET_TURU": "AC_TYPE2", "SOKET_GUCU_KW": "22" }, "geometry": { "type": "Point", "coordinates": [ 32.869664, 39.870983 ] } },
{ "type": "Feature", "properties": { "ID": 36136.0, "SIRA_NO": 428.0, "ISTASYON_NO": "ŞRJ/18618", "ISTASYON_ADI": "Zirvekent Manolya Sitesi", "HIZMET_SEKLI": "OZEL", "MARKA": "wat mobilite", "MARKAADI": "WAT Mobilite", "SARJ_AGI_ISLETMECISI": "WAT MOBİLİTE ÇÖZÜMLERİ TEKNOLOJİ VE TİCARET ANONİM ŞİRKETİ", "YESIL_SARJ_ISTASYONU_MU": "Evet", "ADRES": "Birlik Mahallesi 429. Caddesi  No:1 Çankaya / ANKARA", "SOKET_NO": "SKT/51573", "SOKET_TIPI": "AC", "SOKET_TURU": "AC_TYPE2", "SOKET_GUCU_KW": "22" }, "geometry": { "type": "Point", "coordinates": [ 32.869664, 39.870983 ] } },
{ "type": "Feature", "properties": { "ID": 36137.0, "SIRA_NO": 428.0, "ISTASYON_NO": "ŞRJ/18618", "ISTASYON_ADI": "Zirvekent Manolya Sitesi", "HIZMET_SEKLI": "OZEL", "MARKA": "wat mobilite", "MARKAADI": "WAT Mobilite", "SARJ_AGI_ISLETMECISI": "WAT MOBİLİTE ÇÖZÜMLERİ TEKNOLOJİ VE TİCARET ANONİM ŞİRKETİ", "YESIL_SARJ_ISTASYONU_MU": "Evet", "ADRES": "Birlik Mahallesi 429. Caddesi  No:1 Çankaya / ANKARA", "SOKET_NO": "SKT/51574", "SOKET_TIPI": "AC", "SOKET_TURU": "AC_TYPE2", "SOKET_GUCU_KW": "22" }, "geometry": { "type": "Point", "coordinates": [ 32.869664, 39.870983 ] } },
{ "type": "Feature", "properties": { "ID": 36138.0, "SIRA_NO": 428.0, "ISTASYON_NO": "ŞRJ/18618", "ISTASYON_ADI": "Zirvekent Manolya Sitesi", "HIZMET_SEKLI": "OZEL", "MARKA": "wat mobilite", "MARKAADI": "WAT Mobilite", "SARJ_AGI_ISLETMECISI": "WAT MOBİLİTE ÇÖZÜMLERİ TEKNOLOJİ VE TİCARET ANONİM ŞİRKETİ", "YESIL_SARJ_ISTASYONU_MU": "Evet", "ADRES": "Birlik Mahallesi 429. Caddesi  No:1 Çankaya / ANKARA", "SOKET_NO": "SKT/51575", "SOKET_TIPI": "AC", "SOKET_TURU": "AC_TYPE2", "SOKET_GUCU_KW": "22" }, "geometry": { "type": "Point", "coordinates": [ 32.869664, 39.870983 ] } },
{ "type": "Feature", "properties": { "ID": 36139.0, "SIRA_NO": 428.0, "ISTASYON_NO": "ŞRJ/18618", "ISTASYON_ADI": "Zirvekent Manolya Sitesi", "HIZMET_SEKLI": "OZEL", "MARKA": "wat mobilite", "MARKAADI": "WAT Mobilite", "SARJ_AGI_ISLETMECISI": "WAT MOBİLİTE ÇÖZÜMLERİ TEKNOLOJİ VE TİCARET ANONİM ŞİRKETİ", "YESIL_SARJ_ISTASYONU_MU": "Evet", "ADRES": "Birlik Mahallesi 429. Caddesi  No:1 Çankaya / ANKARA", "SOKET_NO": "SKT/51576", "SOKET_TIPI": "AC", "SOKET_TURU": "AC_TYPE2", "SOKET_GUCU_KW": "22" }, "geometry": { "type": "Point", "coordinates": [ 32.869664, 39.870983 ] } },
{ "type": "Feature", "properties": { "ID": 1433.0, "SIRA_NO": 130.0, "ISTASYON_NO": "ŞRJ/3284", "ISTASYON_ADI": "MESA PLAZA AVM", "HIZMET_SEKLI": "HALKA_ACIK", "MARKA": "VOLTRUN", "MARKAADI": "Voltrun", "SARJ_AGI_ISLETMECISI": "VOLTRUN ENERJİ ANONİM ŞİRKETİ", "YESIL_SARJ_ISTASYONU_MU": "Evet", "ADRES": "Koru Mahallesi Bangabandhu Sokağı  No:4 Çankaya / ANKARA", "SOKET_NO": "SKT/6387", "SOKET_TIPI": "AC", "SOKET_TURU": "AC_TYPE2", "SOKET_GUCU_KW": "22" }, "geometry": { "type": "Point", "coordinates": [ 32.67894, 39.894073 ] } },
{ "type": "Feature", "properties": { "ID": 2249.0, "SIRA_NO": 464.0, "ISTASYON_NO": "ŞRJ/17726", "ISTASYON_ADI": "FORTİS MERİDYEN APARTMANI", "HIZMET_SEKLI": "OZEL", "MARKA": "VOLTRUN", "MARKAADI": "Voltrun", "SARJ_AGI_ISLETMECISI": "VOLTRUN ENERJİ ANONİM ŞİRKETİ", "YESIL_SARJ_ISTASYONU_MU": "Evet", "ADRES": "Alacaatlı Mahallesi 3158 Sokağı  No:119/A Çankaya / ANKARA", "SOKET_NO": "SKT/48578", "SOKET_TIPI": "AC", "SOKET_TURU": "AC_TYPE2", "SOKET_GUCU_KW": "21" }, "geometry": { "type": "Point", "coordinates": [ 32.650484, 39.852215 ] } },
{ "type": "Feature", "properties": { "ID": 2330.0, "SIRA_NO": 485.0, "ISTASYON_NO": "ŞRJ/11403", "ISTASYON_ADI": "KARAYOLLARI GENEL MÜDÜRLÜĞÜ OTOPARK", "HIZMET_SEKLI": "OZEL", "MARKA": "U-ŞARJ", "MARKAADI": "U - Şarj", "SARJ_AGI_ISLETMECISI": "TCDD TEKNİK MÜHENDİSLİK VE MÜŞAVİRLİK ANONİM ŞİRKETİ", "YESIL_SARJ_ISTASYONU_MU": "", "ADRES": "Yücetepe Mahallesi Şehit Göksenin Aytural Şaylan Sokak 1 / - Sokağı  No:1 Çankaya / ANKARA", "SOKET_NO": "SKT/28256", "SOKET_TIPI": "AC", "SOKET_TURU": "AC_TYPE2", "SOKET_GUCU_KW": "22" }, "geometry": { "type": "Point", "coordinates": [ 32.843211, 39.921991 ] } },
{ "type": "Feature", "properties": { "ID": 2348.0, "SIRA_NO": 492.0, "ISTASYON_NO": "ŞRJ/11417", "ISTASYON_ADI": "TÜRASAŞ GENEL MÜDÜRLÜĞÜ", "HIZMET_SEKLI": "OZEL", "MARKA": "U-ŞARJ", "MARKAADI": "U - Şarj", "SARJ_AGI_ISLETMECISI": "TCDD TEKNİK MÜHENDİSLİK VE MÜŞAVİRLİK ANONİM ŞİRKETİ", "YESIL_SARJ_ISTASYONU_MU": "", "ADRES": "Oğuzlar Mahallesi Ceyhun Atuf Kansu Sokak 71 / Sokağı  No:71 Çankaya / ANKARA", "SOKET_NO": "SKT/28300", "SOKET_TIPI": "AC", "SOKET_TURU": "AC_TYPE2", "SOKET_GUCU_KW": "22" }, "geometry": { "type": "Point", "coordinates": [ 32.817915, 39.89891 ] } },
{ "type": "Feature", "properties": { "ID": 35194.0, "SIRA_NO": 183.0, "ISTASYON_NO": "ŞRJ/18300", "ISTASYON_ADI": "ÇAYYOLU ÇAĞDAŞ ÖNÜ", "HIZMET_SEKLI": "HALKA_ACIK", "MARKA": "NEVA ŞARJ", "MARKAADI": "Neva Şarj", "SARJ_AGI_ISLETMECISI": "NEVA İÇ VE DIŞ TİCARET ANONİM ŞİRKETİ", "YESIL_SARJ_ISTASYONU_MU": "", "ADRES": "Çayyolu-1 Mahallesi Alacaatlı Cad. İle 2859. Cad. Kesişimi Caddesi Çankaya / ANKARA", "SOKET_NO": "SKT/50495", "SOKET_TIPI": "DC", "SOKET_TURU": "DC_CCS", "SOKET_GUCU_KW": "240" }, "geometry": { "type": "Point", "coordinates": [ 32.686406, 39.870218 ] } },
{ "type": "Feature", "properties": { "ID": 35196.0, "SIRA_NO": 184.0, "ISTASYON_NO": "ŞRJ/18301", "ISTASYON_ADI": "ÇAYYOLU ÇAĞDAŞ 2", "HIZMET_SEKLI": "HALKA_ACIK", "MARKA": "NEVA ŞARJ", "MARKAADI": "Neva Şarj", "SARJ_AGI_ISLETMECISI": "NEVA İÇ VE DIŞ TİCARET ANONİM ŞİRKETİ", "YESIL_SARJ_ISTASYONU_MU": "", "ADRES": "Çayyolu-1 Mahallesi Alacaatlı Cad. İle 2859. Cad. Kesişimi Caddesi Çankaya / ANKARA", "SOKET_NO": "SKT/50497", "SOKET_TIPI": "DC", "SOKET_TURU": "DC_CCS", "SOKET_GUCU_KW": "120" }, "geometry": { "type": "Point", "coordinates": [ 32.686441, 39.870286 ] } },
{ "type": "Feature", "properties": { "ID": 36062.0, "SIRA_NO": 376.0, "ISTASYON_NO": "ŞRJ/18583", "ISTASYON_ADI": "Ege Flora", "HIZMET_SEKLI": "HALKA_ACIK", "MARKA": "solinved", "MARKAADI": "Solinved", "SARJ_AGI_ISLETMECISI": "ALKA SOLAR ENERJİ MÜHENDİSLİK SANAYİ VE TİCARET LİMİTED ŞİRKETİ", "YESIL_SARJ_ISTASYONU_MU": "", "ADRES": "Yıldızevler Mahallesi Şehit Mustafa Doğan Sokağı  No:29 Çankaya / ANKARA", "SOKET_NO": "SKT/51469", "SOKET_TIPI": "AC", "SOKET_TURU": "AC_TYPE2", "SOKET_GUCU_KW": "22" }, "geometry": { "type": "Point", "coordinates": [ 32.853343, 39.875616 ] } },
{ "type": "Feature", "properties": { "ID": 36270.0, "SIRA_NO": 4.0, "ISTASYON_NO": "ŞRJ/18679", "ISTASYON_ADI": "MELİTA SİTESİ", "HIZMET_SEKLI": "HALKA_ACIK", "MARKA": "EPSIS", "MARKAADI": "Epsis", "SARJ_AGI_ISLETMECISI": "FORM ELEKTRİK İNŞAAT MÜHENDİSLİK ANONİM ŞİRKETİ", "YESIL_SARJ_ISTASYONU_MU": "", "ADRES": "Mutlukent Mahallesi 2049 Sokağı  No:12 Çankaya / ANKARA", "SOKET_NO": "SKT/51740", "SOKET_TIPI": "DC", "SOKET_TURU": "DC_CCS", "SOKET_GUCU_KW": "80" }, "geometry": { "type": "Point", "coordinates": [ 32.723621, 39.892507 ] } },
{ "type": "Feature", "properties": { "ID": 1611.0, "SIRA_NO": 209.0, "ISTASYON_NO": "ŞRJ/3740", "ISTASYON_ADI": "KONUM BEYTEPE", "HIZMET_SEKLI": "OZEL", "MARKA": "VOLTRUN", "MARKAADI": "Voltrun", "SARJ_AGI_ISLETMECISI": "VOLTRUN ENERJİ ANONİM ŞİRKETİ", "YESIL_SARJ_ISTASYONU_MU": "Evet", "ADRES": "Beytepe Mahallesi 5504 Sokağı  No:4 Çankaya / ANKARA", "SOKET_NO": "SKT/29395", "SOKET_TIPI": "AC", "SOKET_TURU": "AC_TYPE2", "SOKET_GUCU_KW": "10" }, "geometry": { "type": "Point", "coordinates": [ 32.7079, 39.8485 ] } },
{ "type": "Feature", "properties": { "ID": 36303.0, "SIRA_NO": 19.0, "ISTASYON_NO": "ŞRJ/18693", "ISTASYON_ADI": "VİVA PARK SİTESİ", "HIZMET_SEKLI": "OZEL", "MARKA": "Wattarya", "MARKAADI": "Wattarya", "SARJ_AGI_ISLETMECISI": "WATTARYA ENERJİ SANAYİ VE TİCARET ANONİM ŞİRKETİ", "YESIL_SARJ_ISTASYONU_MU": "", "ADRES": "Alacaatlı Mahallesi 3354 Sokağı  No:16 Çankaya / ANKARA", "SOKET_NO": "SKT/51775", "SOKET_TIPI": "AC", "SOKET_TURU": "AC_TYPE2", "SOKET_GUCU_KW": "22" }, "geometry": { "type": "Point", "coordinates": [ 32.673479, 39.863494 ] } },
{ "type": "Feature", "properties": { "ID": 36304.0, "SIRA_NO": 19.0, "ISTASYON_NO": "ŞRJ/18693", "ISTASYON_ADI": "VİVA PARK SİTESİ", "HIZMET_SEKLI": "OZEL", "MARKA": "Wattarya", "MARKAADI": "Wattarya", "SARJ_AGI_ISLETMECISI": "WATTARYA ENERJİ SANAYİ VE TİCARET ANONİM ŞİRKETİ", "YESIL_SARJ_ISTASYONU_MU": "", "ADRES": "Alacaatlı Mahallesi 3354 Sokağı  No:16 Çankaya / ANKARA", "SOKET_NO": "SKT/51776", "SOKET_TIPI": "AC", "SOKET_TURU": "AC_TYPE2", "SOKET_GUCU_KW": "22" }, "geometry": { "type": "Point", "coordinates": [ 32.673479, 39.863494 ] } },
{ "type": "Feature", "properties": { "ID": 1716.0, "SIRA_NO": 256.0, "ISTASYON_NO": "ŞRJ/15899", "ISTASYON_ADI": "PARK SAFİR SİTESİ YÖNETİMİ", "HIZMET_SEKLI": "HALKA_ACIK", "MARKA": "VOLTRUN", "MARKAADI": "Voltrun", "SARJ_AGI_ISLETMECISI": "VOLTRUN ENERJİ ANONİM ŞİRKETİ", "YESIL_SARJ_ISTASYONU_MU": "Evet", "ADRES": "Alacaatlı Mahallesi 5024 Sokağı  No:10 Çankaya / ANKARA", "SOKET_NO": "SKT/42663", "SOKET_TIPI": "AC", "SOKET_TURU": "AC_TYPE2", "SOKET_GUCU_KW": "10" }, "geometry": { "type": "Point", "coordinates": [ 32.6715, 39.854789 ] } },
{ "type": "Feature", "properties": { "ID": 36140.0, "SIRA_NO": 428.0, "ISTASYON_NO": "ŞRJ/18618", "ISTASYON_ADI": "Zirvekent Manolya Sitesi", "HIZMET_SEKLI": "OZEL", "MARKA": "wat mobilite", "MARKAADI": "WAT Mobilite", "SARJ_AGI_ISLETMECISI": "WAT MOBİLİTE ÇÖZÜMLERİ TEKNOLOJİ VE TİCARET ANONİM ŞİRKETİ", "YESIL_SARJ_ISTASYONU_MU": "Evet", "ADRES": "Birlik Mahallesi 429. Caddesi  No:1 Çankaya / ANKARA", "SOKET_NO": "SKT/51577", "SOKET_TIPI": "AC", "SOKET_TURU": "AC_TYPE2", "SOKET_GUCU_KW": "22" }, "geometry": { "type": "Point", "coordinates": [ 32.869664, 39.870983 ] } },
{ "type": "Feature", "properties": { "ID": 36141.0, "SIRA_NO": 428.0, "ISTASYON_NO": "ŞRJ/18618", "ISTASYON_ADI": "Zirvekent Manolya Sitesi", "HIZMET_SEKLI": "OZEL", "MARKA": "wat mobilite", "MARKAADI": "WAT Mobilite", "SARJ_AGI_ISLETMECISI": "WAT MOBİLİTE ÇÖZÜMLERİ TEKNOLOJİ VE TİCARET ANONİM ŞİRKETİ", "YESIL_SARJ_ISTASYONU_MU": "Evet", "ADRES": "Birlik Mahallesi 429. Caddesi  No:1 Çankaya / ANKARA", "SOKET_NO": "SKT/51578", "SOKET_TIPI": "AC", "SOKET_TURU": "AC_TYPE2", "SOKET_GUCU_KW": "22" }, "geometry": { "type": "Point", "coordinates": [ 32.869664, 39.870983 ] } },
{ "type": "Feature", "properties": { "ID": 1744.0, "SIRA_NO": 267.0, "ISTASYON_NO": "ŞRJ/8101", "ISTASYON_ADI": "SU KENT BEYTEPE", "HIZMET_SEKLI": "OZEL", "MARKA": "VOLTRUN", "MARKAADI": "Voltrun", "SARJ_AGI_ISLETMECISI": "VOLTRUN ENERJİ ANONİM ŞİRKETİ", "YESIL_SARJ_ISTASYONU_MU": "Evet", "ADRES": "Beytepe Mahallesi 5442 Sokağı  No:2A/1 Çankaya / ANKARA", "SOKET_NO": "SKT/40843", "SOKET_TIPI": "AC", "SOKET_TURU": "AC_TYPE2", "SOKET_GUCU_KW": "21" }, "geometry": { "type": "Point", "coordinates": [ 32.704672, 39.851427 ] } },
{ "type": "Feature", "properties": { "ID": 1745.0, "SIRA_NO": 267.0, "ISTASYON_NO": "ŞRJ/8101", "ISTASYON_ADI": "SU KENT BEYTEPE", "HIZMET_SEKLI": "OZEL", "MARKA": "VOLTRUN", "MARKAADI": "Voltrun", "SARJ_AGI_ISLETMECISI": "VOLTRUN ENERJİ ANONİM ŞİRKETİ", "YESIL_SARJ_ISTASYONU_MU": "Evet", "ADRES": "Beytepe Mahallesi 5442 Sokağı  No:2A/1 Çankaya / ANKARA", "SOKET_NO": "SKT/40844", "SOKET_TIPI": "AC", "SOKET_TURU": "AC_TYPE2", "SOKET_GUCU_KW": "21" }, "geometry": { "type": "Point", "coordinates": [ 32.704672, 39.851427 ] } },
{ "type": "Feature", "properties": { "ID": 5666.0, "SIRA_NO": 231.0, "ISTASYON_NO": "ŞRJ/5871", "ISTASYON_ADI": "ANADOLU AJANSI - ANKARA", "HIZMET_SEKLI": "OZEL", "MARKA": "EN YAKIT", "MARKAADI": "En Yakıt", "SARJ_AGI_ISLETMECISI": "EN YAKIT ANONİM ŞİRKETİ", "YESIL_SARJ_ISTASYONU_MU": "", "ADRES": "Eti Mahallesi Gazi Mustafa Kemal Sokağı  No:132/1 Çankaya / ANKARA", "SOKET_NO": "SKT/12771", "SOKET_TIPI": "DC", "SOKET_TURU": "DC_CCS", "SOKET_GUCU_KW": "150" }, "geometry": { "type": "Point", "coordinates": [ 32.840867, 39.93354 ] } },
{ "type": "Feature", "properties": { "ID": 1718.0, "SIRA_NO": 256.0, "ISTASYON_NO": "ŞRJ/15899", "ISTASYON_ADI": "PARK SAFİR SİTESİ YÖNETİMİ", "HIZMET_SEKLI": "HALKA_ACIK", "MARKA": "VOLTRUN", "MARKAADI": "Voltrun", "SARJ_AGI_ISLETMECISI": "VOLTRUN ENERJİ ANONİM ŞİRKETİ", "YESIL_SARJ_ISTASYONU_MU": "Evet", "ADRES": "Alacaatlı Mahallesi 5024 Sokağı  No:10 Çankaya / ANKARA", "SOKET_NO": "SKT/42665", "SOKET_TIPI": "AC", "SOKET_TURU": "AC_TYPE2", "SOKET_GUCU_KW": "11" }, "geometry": { "type": "Point", "coordinates": [ 32.6715, 39.854789 ] } },
{ "type": "Feature", "properties": { "ID": 1612.0, "SIRA_NO": 209.0, "ISTASYON_NO": "ŞRJ/3740", "ISTASYON_ADI": "KONUM BEYTEPE", "HIZMET_SEKLI": "OZEL", "MARKA": "VOLTRUN", "MARKAADI": "Voltrun", "SARJ_AGI_ISLETMECISI": "VOLTRUN ENERJİ ANONİM ŞİRKETİ", "YESIL_SARJ_ISTASYONU_MU": "Evet", "ADRES": "Beytepe Mahallesi 5504 Sokağı  No:4 Çankaya / ANKARA", "SOKET_NO": "SKT/29396", "SOKET_TIPI": "AC", "SOKET_TURU": "AC_TYPE2", "SOKET_GUCU_KW": "10" }, "geometry": { "type": "Point", "coordinates": [ 32.7079, 39.8485 ] } },
{ "type": "Feature", "properties": { "ID": 1613.0, "SIRA_NO": 209.0, "ISTASYON_NO": "ŞRJ/3740", "ISTASYON_ADI": "KONUM BEYTEPE", "HIZMET_SEKLI": "OZEL", "MARKA": "VOLTRUN", "MARKAADI": "Voltrun", "SARJ_AGI_ISLETMECISI": "VOLTRUN ENERJİ ANONİM ŞİRKETİ", "YESIL_SARJ_ISTASYONU_MU": "Evet", "ADRES": "Beytepe Mahallesi 5504 Sokağı  No:4 Çankaya / ANKARA", "SOKET_NO": "SKT/29397", "SOKET_TIPI": "AC", "SOKET_TURU": "AC_TYPE2", "SOKET_GUCU_KW": "10" }, "geometry": { "type": "Point", "coordinates": [ 32.7079, 39.8485 ] } },
{ "type": "Feature", "properties": { "ID": 1614.0, "SIRA_NO": 209.0, "ISTASYON_NO": "ŞRJ/3740", "ISTASYON_ADI": "KONUM BEYTEPE", "HIZMET_SEKLI": "OZEL", "MARKA": "VOLTRUN", "MARKAADI": "Voltrun", "SARJ_AGI_ISLETMECISI": "VOLTRUN ENERJİ ANONİM ŞİRKETİ", "YESIL_SARJ_ISTASYONU_MU": "Evet", "ADRES": "Beytepe Mahallesi 5504 Sokağı  No:4 Çankaya / ANKARA", "SOKET_NO": "SKT/29398", "SOKET_TIPI": "AC", "SOKET_TURU": "AC_TYPE2", "SOKET_GUCU_KW": "10" }, "geometry": { "type": "Point", "coordinates": [ 32.7079, 39.8485 ] } },
{ "type": "Feature", "properties": { "ID": 1639.0, "SIRA_NO": 221.0, "ISTASYON_NO": "ŞRJ/6479", "ISTASYON_ADI": "BİLKENT CENTER AVM", "HIZMET_SEKLI": "HALKA_ACIK", "MARKA": "VOLTRUN", "MARKAADI": "Voltrun", "SARJ_AGI_ISLETMECISI": "VOLTRUN ENERJİ ANONİM ŞİRKETİ", "YESIL_SARJ_ISTASYONU_MU": "Evet", "ADRES": "Üniveristeler Mahallesi . Caddesi 1597 Sokağı  No:3 Çankaya / ANKARA", "SOKET_NO": "SKT/14178", "SOKET_TIPI": "DC", "SOKET_TURU": "DC_CCS", "SOKET_GUCU_KW": "180" }, "geometry": { "type": "Point", "coordinates": [ 32.758897, 39.883252 ] } },
{ "type": "Feature", "properties": { "ID": 1641.0, "SIRA_NO": 221.0, "ISTASYON_NO": "ŞRJ/6479", "ISTASYON_ADI": "BİLKENT CENTER AVM", "HIZMET_SEKLI": "HALKA_ACIK", "MARKA": "VOLTRUN", "MARKAADI": "Voltrun", "SARJ_AGI_ISLETMECISI": "VOLTRUN ENERJİ ANONİM ŞİRKETİ", "YESIL_SARJ_ISTASYONU_MU": "Evet", "ADRES": "Üniveristeler Mahallesi . Caddesi 1597 Sokağı  No:3 Çankaya / ANKARA", "SOKET_NO": "SKT/14180", "SOKET_TIPI": "AC", "SOKET_TURU": "AC_TYPE2", "SOKET_GUCU_KW": "22" }, "geometry": { "type": "Point", "coordinates": [ 32.758897, 39.883252 ] } },
{ "type": "Feature", "properties": { "ID": 6300.0, "SIRA_NO": 12.0, "ISTASYON_NO": "ŞRJ/17669", "ISTASYON_ADI": "ÖNİZŞARJ ALLORA BEYTEPE", "HIZMET_SEKLI": "HALKA_ACIK", "MARKA": "önizşarj", "MARKAADI": "ASM Group", "SARJ_AGI_ISLETMECISI": "ASM DEKORASYON MOBİLYA  GRANİT MERMER İNŞAAT SANAYİ TİCARET LİMİTED ŞİRKETİ", "YESIL_SARJ_ISTASYONU_MU": "", "ADRES": "Beytepe Mahallesi Kanuni Sultan Süleyman Caddesi  No:63 Çankaya / ANKARA", "SOKET_NO": "SKT/48338", "SOKET_TIPI": "DC", "SOKET_TURU": "DC_CCS", "SOKET_GUCU_KW": "200" }, "geometry": { "type": "Point", "coordinates": [ 32.712194, 39.864806 ] } },
{ "type": "Feature", "properties": { "ID": 4811.0, "SIRA_NO": 393.0, "ISTASYON_NO": "ŞRJ/8693", "ISTASYON_ADI": "Borusan Oto Çayyolu", "HIZMET_SEKLI": "HALKA_ACIK", "MARKA": "5 şarj", "MARKAADI": "5 Şarj", "SARJ_AGI_ISLETMECISI": "BORENCO ŞARJ TEKNOLOJİ YATIRIMLARI TİCARET ANONİM ŞİRKETİ", "YESIL_SARJ_ISTASYONU_MU": "Evet", "ADRES": "Konutkent Mahallesi 3028 Caddesi  No:6 Çankaya / ANKARA", "SOKET_NO": "SKT/20076", "SOKET_TIPI": "DC", "SOKET_TURU": "DC_CCS", "SOKET_GUCU_KW": "180" }, "geometry": { "type": "Point", "coordinates": [ 32.656204, 39.878202 ] } },
{ "type": "Feature", "properties": { "ID": 4812.0, "SIRA_NO": 393.0, "ISTASYON_NO": "ŞRJ/8693", "ISTASYON_ADI": "Borusan Oto Çayyolu", "HIZMET_SEKLI": "HALKA_ACIK", "MARKA": "5 şarj", "MARKAADI": "5 Şarj", "SARJ_AGI_ISLETMECISI": "BORENCO ŞARJ TEKNOLOJİ YATIRIMLARI TİCARET ANONİM ŞİRKETİ", "YESIL_SARJ_ISTASYONU_MU": "Evet", "ADRES": "Konutkent Mahallesi 3028 Caddesi  No:6 Çankaya / ANKARA", "SOKET_NO": "SKT/20121", "SOKET_TIPI": "DC", "SOKET_TURU": "DC_CCS", "SOKET_GUCU_KW": "50" }, "geometry": { "type": "Point", "coordinates": [ 32.656204, 39.878202 ] } },
{ "type": "Feature", "properties": { "ID": 7880.0, "SIRA_NO": 191.0, "ISTASYON_NO": "ŞRJ/7230", "ISTASYON_ADI": "Çankaya Detailing Dükkanı", "HIZMET_SEKLI": "HALKA_ACIK", "MARKA": "zes", "MARKAADI": "Zes", "SARJ_AGI_ISLETMECISI": "ZES DİJİTAL TİCARET ANONİM ŞİRKETİ", "YESIL_SARJ_ISTASYONU_MU": "Evet", "ADRES": "Yaşamkent Mahallesi 3250 Sokağı  No:17/1 Çankaya / ANKARA", "SOKET_NO": "SKT/16198", "SOKET_TIPI": "AC", "SOKET_TURU": "AC_TYPE2", "SOKET_GUCU_KW": "22" }, "geometry": { "type": "Point", "coordinates": [ 32.636681, 39.860816 ] } },
{ "type": "Feature", "properties": { "ID": 1599.0, "SIRA_NO": 202.0, "ISTASYON_NO": "ŞRJ/3192", "ISTASYON_ADI": "YILDIZ KULE İŞ MERKEZİ", "HIZMET_SEKLI": "OZEL", "MARKA": "VOLTRUN", "MARKAADI": "Voltrun", "SARJ_AGI_ISLETMECISI": "VOLTRUN ENERJİ ANONİM ŞİRKETİ", "YESIL_SARJ_ISTASYONU_MU": "Evet", "ADRES": "Yukarı Dikmen Mahallesi 664 Sokağı  No:2 Çankaya / ANKARA", "SOKET_NO": "SKT/6180", "SOKET_TIPI": "AC", "SOKET_TURU": "AC_TYPE2", "SOKET_GUCU_KW": "22" }, "geometry": { "type": "Point", "coordinates": [ 32.855385, 39.858451 ] } },
{ "type": "Feature", "properties": { "ID": 6169.0, "SIRA_NO": 467.0, "ISTASYON_NO": "ŞRJ/6656", "ISTASYON_ADI": "ÖNİZŞARJ KOZ BEYTEPE A BLOK", "HIZMET_SEKLI": "HALKA_ACIK", "MARKA": "önizşarj", "MARKAADI": "ASM Group", "SARJ_AGI_ISLETMECISI": "ASM DEKORASYON MOBİLYA  GRANİT MERMER İNŞAAT SANAYİ TİCARET LİMİTED ŞİRKETİ", "YESIL_SARJ_ISTASYONU_MU": "", "ADRES": "Beytepe Mahallesi Kanuni Sultan Süleyman Caddesi Çankaya / ANKARA", "SOKET_NO": "SKT/14747", "SOKET_TIPI": "AC", "SOKET_TURU": "AC_TYPE2", "SOKET_GUCU_KW": "22" }, "geometry": { "type": "Point", "coordinates": [ 32.713588, 39.859388 ] } },
{ "type": "Feature", "properties": { "ID": 6170.0, "SIRA_NO": 468.0, "ISTASYON_NO": "ŞRJ/6682", "ISTASYON_ADI": "ÖNİZŞARJ KOZ BEYTEPE B BLOK", "HIZMET_SEKLI": "HALKA_ACIK", "MARKA": "önizşarj", "MARKAADI": "ASM Group", "SARJ_AGI_ISLETMECISI": "ASM DEKORASYON MOBİLYA  GRANİT MERMER İNŞAAT SANAYİ TİCARET LİMİTED ŞİRKETİ", "YESIL_SARJ_ISTASYONU_MU": "", "ADRES": "Beytepe Mahallesi Kanuni Sultan Süleyman Caddesi Çankaya / ANKARA", "SOKET_NO": "SKT/14808", "SOKET_TIPI": "AC", "SOKET_TURU": "AC_TYPE2", "SOKET_GUCU_KW": "22" }, "geometry": { "type": "Point", "coordinates": [ 32.713361, 39.860426 ] } },
{ "type": "Feature", "properties": { "ID": 6175.0, "SIRA_NO": 471.0, "ISTASYON_NO": "ŞRJ/8929", "ISTASYON_ADI": "ÖNİZŞARJ ELMAR TOWER", "HIZMET_SEKLI": "HALKA_ACIK", "MARKA": "önizşarj", "MARKAADI": "ASM Group", "SARJ_AGI_ISLETMECISI": "ASM DEKORASYON MOBİLYA  GRANİT MERMER İNŞAAT SANAYİ TİCARET LİMİTED ŞİRKETİ", "YESIL_SARJ_ISTASYONU_MU": "", "ADRES": "Konutkent Mahallesi 3028 Caddesi  No:8A/1 Çankaya / ANKARA", "SOKET_NO": "SKT/20691", "SOKET_TIPI": "AC", "SOKET_TURU": "AC_TYPE2", "SOKET_GUCU_KW": "22" }, "geometry": { "type": "Point", "coordinates": [ 32.653636, 39.876119 ] } },
{ "type": "Feature", "properties": { "ID": 3342.0, "SIRA_NO": 369.0, "ISTASYON_NO": "ŞRJ/13482", "ISTASYON_ADI": "KOORDİNAT ÇAYYOLU ALT ETAP", "HIZMET_SEKLI": "OZEL", "MARKA": "ECOBOX", "MARKAADI": "Ecobox", "SARJ_AGI_ISLETMECISI": "ATAY GÜÇ VE ENERJİ SİSTEMLERİ İMALAT SANAYİ TİCARET LİMİTED ŞİRKETİ", "YESIL_SARJ_ISTASYONU_MU": "", "ADRES": "Mutlukent Mahallesi 3450 Sokağı  No:1 /1 Çankaya / ANKARA", "SOKET_NO": "SKT/35009", "SOKET_TIPI": "AC", "SOKET_TURU": "AC_TYPE2", "SOKET_GUCU_KW": "22" }, "geometry": { "type": "Point", "coordinates": [ 32.712656, 39.892669 ] } },
{ "type": "Feature", "properties": { "ID": 3344.0, "SIRA_NO": 370.0, "ISTASYON_NO": "ŞRJ/14709", "ISTASYON_ADI": "Sinpaş İncek 64.Blok", "HIZMET_SEKLI": "OZEL", "MARKA": "ECOBOX", "MARKAADI": "Ecobox", "SARJ_AGI_ISLETMECISI": "ATAY GÜÇ VE ENERJİ SİSTEMLERİ İMALAT SANAYİ TİCARET LİMİTED ŞİRKETİ", "YESIL_SARJ_ISTASYONU_MU": "", "ADRES": "Alacaatlı Mahallesi 3602 Caddesi 64 Sokağı  No:8-A /2 Çankaya / ANKARA", "SOKET_NO": "SKT/38920", "SOKET_TIPI": "AC", "SOKET_TURU": "AC_TYPE2", "SOKET_GUCU_KW": "20" }, "geometry": { "type": "Point", "coordinates": [ 32.709635, 39.825682 ] } },
{ "type": "Feature", "properties": { "ID": 3347.0, "SIRA_NO": 372.0, "ISTASYON_NO": "ŞRJ/8067", "ISTASYON_ADI": "FOCUS", "HIZMET_SEKLI": "OZEL", "MARKA": "ECOBOX", "MARKAADI": "Ecobox", "SARJ_AGI_ISLETMECISI": "ATAY GÜÇ VE ENERJİ SİSTEMLERİ İMALAT SANAYİ TİCARET LİMİTED ŞİRKETİ", "YESIL_SARJ_ISTASYONU_MU": "", "ADRES": "Beytepe Mahallesi  No:15 /ARAÇŞARJ Çankaya / ANKARA", "SOKET_NO": "SKT/18396", "SOKET_TIPI": "AC", "SOKET_TURU": "AC_TYPE2", "SOKET_GUCU_KW": "20" }, "geometry": { "type": "Point", "coordinates": [ 32.70965, 39.854221 ] } },
{ "type": "Feature", "properties": { "ID": 3349.0, "SIRA_NO": 373.0, "ISTASYON_NO": "ŞRJ/16284", "ISTASYON_ADI": "Farilya Cadde", "HIZMET_SEKLI": "HALKA_ACIK", "MARKA": "ECOBOX", "MARKAADI": "Ecobox", "SARJ_AGI_ISLETMECISI": "ATAY GÜÇ VE ENERJİ SİSTEMLERİ İMALAT SANAYİ TİCARET LİMİTED ŞİRKETİ", "YESIL_SARJ_ISTASYONU_MU": "", "ADRES": "Çukurambar Mahallesi 1459 Cad Caddesi  No:2 Çankaya / ANKARA", "SOKET_NO": "SKT/44119", "SOKET_TIPI": "AC", "SOKET_TURU": "AC_TYPE2", "SOKET_GUCU_KW": "22" }, "geometry": { "type": "Point", "coordinates": [ 32.80476, 39.894555 ] } },
{ "type": "Feature", "properties": { "ID": 1434.0, "SIRA_NO": 130.0, "ISTASYON_NO": "ŞRJ/3284", "ISTASYON_ADI": "MESA PLAZA AVM", "HIZMET_SEKLI": "HALKA_ACIK", "MARKA": "VOLTRUN", "MARKAADI": "Voltrun", "SARJ_AGI_ISLETMECISI": "VOLTRUN ENERJİ ANONİM ŞİRKETİ", "YESIL_SARJ_ISTASYONU_MU": "Evet", "ADRES": "Koru Mahallesi Bangabandhu Sokağı  No:4 Çankaya / ANKARA", "SOKET_NO": "SKT/6388", "SOKET_TIPI": "AC", "SOKET_TURU": "AC_TYPE2", "SOKET_GUCU_KW": "22" }, "geometry": { "type": "Point", "coordinates": [ 32.67894, 39.894073 ] } },
{ "type": "Feature", "properties": { "ID": 2604.0, "SIRA_NO": 98.0, "ISTASYON_NO": "ŞRJ/15006", "ISTASYON_ADI": "Günaydın Çayyolu Kebap & Steakhouse", "HIZMET_SEKLI": "HALKA_ACIK", "MARKA": "D-Charge", "MARKAADI": "D - Charge", "SARJ_AGI_ISLETMECISI": "DOĞUŞ ŞARJ SİSTEMLERİ PAZARLAMA VE TİCARET ANONİM ŞİRKETİ", "YESIL_SARJ_ISTASYONU_MU": "", "ADRES": "Prof. Dr. Ahmet Taner Kışlalı Mahallesi Alacaatlı Sokağı  No:2846Sk-F1 / 2 Çankaya / ANKARA", "SOKET_NO": "SKT/39928", "SOKET_TIPI": "AC", "SOKET_TURU": "AC_TYPE2", "SOKET_GUCU_KW": "11" }, "geometry": { "type": "Point", "coordinates": [ 32.687175, 39.870167 ] } },
{ "type": "Feature", "properties": { "ID": 3251.0, "SIRA_NO": 306.0, "ISTASYON_NO": "ŞRJ/4378", "ISTASYON_ADI": "Hacettepe Tek.A blok", "HIZMET_SEKLI": "HALKA_ACIK", "MARKA": "ECOBOX", "MARKAADI": "Ecobox", "SARJ_AGI_ISLETMECISI": "ATAY GÜÇ VE ENERJİ SİSTEMLERİ İMALAT SANAYİ TİCARET LİMİTED ŞİRKETİ", "YESIL_SARJ_ISTASYONU_MU": "", "ADRES": "Üniversiteler Mahallesi 1596. Sokağı Çankaya / ANKARA", "SOKET_NO": "SKT/11495", "SOKET_TIPI": "DC", "SOKET_TURU": "DC_CCS", "SOKET_GUCU_KW": "120" }, "geometry": { "type": "Point", "coordinates": [ 32.732959, 39.894729 ] } },
{ "type": "Feature", "properties": { "ID": 3256.0, "SIRA_NO": 310.0, "ISTASYON_NO": "ŞRJ/5141", "ISTASYON_ADI": "DELİBAŞLAR", "HIZMET_SEKLI": "HALKA_ACIK", "MARKA": "ECOBOX", "MARKAADI": "Ecobox", "SARJ_AGI_ISLETMECISI": "ATAY GÜÇ VE ENERJİ SİSTEMLERİ İMALAT SANAYİ TİCARET LİMİTED ŞİRKETİ", "YESIL_SARJ_ISTASYONU_MU": "", "ADRES": "Prof. Dr. Ahmet Taner Kışlalı Mahallesi Alacaatlı Sokağı  No:14 /19 Çankaya / ANKARA", "SOKET_NO": "SKT/10978", "SOKET_TIPI": "AC", "SOKET_TURU": "AC_TYPE2", "SOKET_GUCU_KW": "22" }, "geometry": { "type": "Point", "coordinates": [ 32.686017, 39.869499 ] } },
{ "type": "Feature", "properties": { "ID": 3259.0, "SIRA_NO": 312.0, "ISTASYON_NO": "ŞRJ/5355", "ISTASYON_ADI": "FARİLYA", "HIZMET_SEKLI": "HALKA_ACIK", "MARKA": "ECOBOX", "MARKAADI": "Ecobox", "SARJ_AGI_ISLETMECISI": "ATAY GÜÇ VE ENERJİ SİSTEMLERİ İMALAT SANAYİ TİCARET LİMİTED ŞİRKETİ", "YESIL_SARJ_ISTASYONU_MU": "", "ADRES": "Kızılırmak Mahallesi Ufuk Üniversitesi Sokağı  No:8 /1 Çankaya / ANKARA", "SOKET_NO": "SKT/11625", "SOKET_TIPI": "AC", "SOKET_TURU": "AC_TYPE2", "SOKET_GUCU_KW": "22" }, "geometry": { "type": "Point", "coordinates": [ 32.810404, 39.9092 ] } },
{ "type": "Feature", "properties": { "ID": 3267.0, "SIRA_NO": 318.0, "ISTASYON_NO": "ŞRJ/9447", "ISTASYON_ADI": "So Çayyolu 2", "HIZMET_SEKLI": "HALKA_ACIK", "MARKA": "ECOBOX", "MARKAADI": "Ecobox", "SARJ_AGI_ISLETMECISI": "ATAY GÜÇ VE ENERJİ SİSTEMLERİ İMALAT SANAYİ TİCARET LİMİTED ŞİRKETİ", "YESIL_SARJ_ISTASYONU_MU": "", "ADRES": "Çayyolu Mahallesi 2683 Sokağı  No:3 /1 Çankaya / ANKARA", "SOKET_NO": "SKT/22291", "SOKET_TIPI": "AC", "SOKET_TURU": "AC_TYPE2", "SOKET_GUCU_KW": "22" }, "geometry": { "type": "Point", "coordinates": [ 32.700105, 39.879526 ] } },
{ "type": "Feature", "properties": { "ID": 3293.0, "SIRA_NO": 331.0, "ISTASYON_NO": "ŞRJ/7922", "ISTASYON_ADI": "Platin Beytepe 1A - 3B", "HIZMET_SEKLI": "OZEL", "MARKA": "ECOBOX", "MARKAADI": "Ecobox", "SARJ_AGI_ISLETMECISI": "ATAY GÜÇ VE ENERJİ SİSTEMLERİ İMALAT SANAYİ TİCARET LİMİTED ŞİRKETİ", "YESIL_SARJ_ISTASYONU_MU": "", "ADRES": "Beytepe Mahallesi Kanuni Sultan Süleyman Sokağı  No:65 /A Çankaya / ANKARA", "SOKET_NO": "SKT/18038", "SOKET_TIPI": "AC", "SOKET_TURU": "AC_TYPE2", "SOKET_GUCU_KW": "20" }, "geometry": { "type": "Point", "coordinates": [ 32.713742, 39.863122 ] } },
{ "type": "Feature", "properties": { "ID": 3299.0, "SIRA_NO": 336.0, "ISTASYON_NO": "ŞRJ/5371", "ISTASYON_ADI": "ELİT MANZARA", "HIZMET_SEKLI": "OZEL", "MARKA": "ECOBOX", "MARKAADI": "Ecobox", "SARJ_AGI_ISLETMECISI": "ATAY GÜÇ VE ENERJİ SİSTEMLERİ İMALAT SANAYİ TİCARET LİMİTED ŞİRKETİ", "YESIL_SARJ_ISTASYONU_MU": "", "ADRES": "Beytepe Mahallesi 5534.sk Sokağı  No:1A /1 Çankaya / ANKARA", "SOKET_NO": "SKT/11670", "SOKET_TIPI": "AC", "SOKET_TURU": "AC_TYPE2", "SOKET_GUCU_KW": "20" }, "geometry": { "type": "Point", "coordinates": [ 32.712813, 39.847293 ] } },
{ "type": "Feature", "properties": { "ID": 5420.0, "SIRA_NO": 146.0, "ISTASYON_NO": "ŞRJ/5278", "ISTASYON_ADI": "Turk Telekom Oran (Atakent)", "HIZMET_SEKLI": "OZEL", "MARKA": "E4 ŞARJ", "MARKAADI": "E4 Şarj", "SARJ_AGI_ISLETMECISI": "TT VENTURES PROJE GELİŞTİRME ANONİM ŞİRKETİ", "YESIL_SARJ_ISTASYONU_MU": "", "ADRES": "Zülfü Tigrel Caddesi  No:10A / 1-2-3-4 Çankaya / ANKARA", "SOKET_NO": "SKT/11377", "SOKET_TIPI": "AC", "SOKET_TURU": "AC_TYPE2", "SOKET_GUCU_KW": "22" }, "geometry": { "type": "Point", "coordinates": [ 32.825741, 39.848287 ] } },
{ "type": "Feature", "properties": { "ID": 742.0, "SIRA_NO": 353.0, "ISTASYON_NO": "ŞRJ/13090", "ISTASYON_ADI": "SU KENT BEYTEPE SİTESİ SOSYAL TESİSLERİ", "HIZMET_SEKLI": "HALKA_ACIK", "MARKA": "VOLTRUN", "MARKAADI": "Voltrun", "SARJ_AGI_ISLETMECISI": "VOLTRUN ENERJİ ANONİM ŞİRKETİ", "YESIL_SARJ_ISTASYONU_MU": "Evet", "ADRES": "Beytepe Mahallesi Hafsa Sultan Sokağı  No:24 Çankaya / ANKARA", "SOKET_NO": "SKT/33766", "SOKET_TIPI": "DC", "SOKET_TURU": "DC_CCS", "SOKET_GUCU_KW": "80" }, "geometry": { "type": "Point", "coordinates": [ 32.706861, 39.85207 ] } },
{ "type": "Feature", "properties": { "ID": 743.0, "SIRA_NO": 353.0, "ISTASYON_NO": "ŞRJ/13090", "ISTASYON_ADI": "SU KENT BEYTEPE SİTESİ SOSYAL TESİSLERİ", "HIZMET_SEKLI": "HALKA_ACIK", "MARKA": "VOLTRUN", "MARKAADI": "Voltrun", "SARJ_AGI_ISLETMECISI": "VOLTRUN ENERJİ ANONİM ŞİRKETİ", "YESIL_SARJ_ISTASYONU_MU": "Evet", "ADRES": "Beytepe Mahallesi Hafsa Sultan Sokağı  No:24 Çankaya / ANKARA", "SOKET_NO": "SKT/33767", "SOKET_TIPI": "DC", "SOKET_TURU": "DC_CCS", "SOKET_GUCU_KW": "80" }, "geometry": { "type": "Point", "coordinates": [ 32.706861, 39.85207 ] } },
{ "type": "Feature", "properties": { "ID": 1750.0, "SIRA_NO": 269.0, "ISTASYON_NO": "ŞRJ/11475", "ISTASYON_ADI": "ESENPARK SİTESİ", "HIZMET_SEKLI": "OZEL", "MARKA": "VOLTRUN", "MARKAADI": "Voltrun", "SARJ_AGI_ISLETMECISI": "VOLTRUN ENERJİ ANONİM ŞİRKETİ", "YESIL_SARJ_ISTASYONU_MU": "Evet", "ADRES": "Beytepe Mahallesi 5540 Sokağı  No:4 Çankaya / ANKARA", "SOKET_NO": "SKT/28473", "SOKET_TIPI": "AC", "SOKET_TURU": "AC_TYPE2", "SOKET_GUCU_KW": "21" }, "geometry": { "type": "Point", "coordinates": [ 32.711727, 39.850349 ] } },
{ "type": "Feature", "properties": { "ID": 1746.0, "SIRA_NO": 267.0, "ISTASYON_NO": "ŞRJ/8101", "ISTASYON_ADI": "SU KENT BEYTEPE", "HIZMET_SEKLI": "OZEL", "MARKA": "VOLTRUN", "MARKAADI": "Voltrun", "SARJ_AGI_ISLETMECISI": "VOLTRUN ENERJİ ANONİM ŞİRKETİ", "YESIL_SARJ_ISTASYONU_MU": "Evet", "ADRES": "Beytepe Mahallesi 5442 Sokağı  No:2A/1 Çankaya / ANKARA", "SOKET_NO": "SKT/40845", "SOKET_TIPI": "AC", "SOKET_TURU": "AC_TYPE2", "SOKET_GUCU_KW": "21" }, "geometry": { "type": "Point", "coordinates": [ 32.704672, 39.851427 ] } },
{ "type": "Feature", "properties": { "ID": 5517.0, "SIRA_NO": 180.0, "ISTASYON_NO": "ŞRJ/13378", "ISTASYON_ADI": "Türk Telekom Ankara Balgat Ofisi", "HIZMET_SEKLI": "HALKA_ACIK", "MARKA": "E4 ŞARJ", "MARKAADI": "E4 Şarj", "SARJ_AGI_ISLETMECISI": "TT VENTURES PROJE GELİŞTİRME ANONİM ŞİRKETİ", "YESIL_SARJ_ISTASYONU_MU": "", "ADRES": "Kızılırmak Mahallesi  No:100 Çankaya / ANKARA", "SOKET_NO": "SKT/34746", "SOKET_TIPI": "DC", "SOKET_TURU": "DC_CHADEMO", "SOKET_GUCU_KW": "60" }, "geometry": { "type": "Point", "coordinates": [ 32.814039, 39.908661 ] } },
{ "type": "Feature", "properties": { "ID": 6194.0, "SIRA_NO": 476.0, "ISTASYON_NO": "ŞRJ/13668", "ISTASYON_ADI": "ÖNİZŞARJ AZEL URHAN KULE", "HIZMET_SEKLI": "HALKA_ACIK", "MARKA": "önizşarj", "MARKAADI": "ASM Group", "SARJ_AGI_ISLETMECISI": "ASM DEKORASYON MOBİLYA  GRANİT MERMER İNŞAAT SANAYİ TİCARET LİMİTED ŞİRKETİ", "YESIL_SARJ_ISTASYONU_MU": "", "ADRES": "Konutkent Mahallesi 3029 Caddesi  No:3 Çankaya / ANKARA", "SOKET_NO": "SKT/35619", "SOKET_TIPI": "DC", "SOKET_TURU": "DC_CCS", "SOKET_GUCU_KW": "120" }, "geometry": { "type": "Point", "coordinates": [ 32.655902, 39.876817 ] } },
{ "type": "Feature", "properties": { "ID": 1747.0, "SIRA_NO": 267.0, "ISTASYON_NO": "ŞRJ/8101", "ISTASYON_ADI": "SU KENT BEYTEPE", "HIZMET_SEKLI": "OZEL", "MARKA": "VOLTRUN", "MARKAADI": "Voltrun", "SARJ_AGI_ISLETMECISI": "VOLTRUN ENERJİ ANONİM ŞİRKETİ", "YESIL_SARJ_ISTASYONU_MU": "Evet", "ADRES": "Beytepe Mahallesi 5442 Sokağı  No:2A/1 Çankaya / ANKARA", "SOKET_NO": "SKT/40846", "SOKET_TIPI": "AC", "SOKET_TURU": "AC_TYPE2", "SOKET_GUCU_KW": "21" }, "geometry": { "type": "Point", "coordinates": [ 32.704672, 39.851427 ] } },
{ "type": "Feature", "properties": { "ID": 6262.0, "SIRA_NO": 499.0, "ISTASYON_NO": "ŞRJ/8915", "ISTASYON_ADI": "ÖNİZŞARJ GALLERİA AVM ANKARA", "HIZMET_SEKLI": "HALKA_ACIK", "MARKA": "önizşarj", "MARKAADI": "ASM Group", "SARJ_AGI_ISLETMECISI": "ASM DEKORASYON MOBİLYA  GRANİT MERMER İNŞAAT SANAYİ TİCARET LİMİTED ŞİRKETİ", "YESIL_SARJ_ISTASYONU_MU": "", "ADRES": "Mutlukent Mahallesi 2432 Caddesi  No:97 Çankaya / ANKARA", "SOKET_NO": "SKT/20642", "SOKET_TIPI": "DC", "SOKET_TURU": "DC_CCS", "SOKET_GUCU_KW": "120" }, "geometry": { "type": "Point", "coordinates": [ 32.704279, 39.895837 ] } },
{ "type": "Feature", "properties": { "ID": 3286.0, "SIRA_NO": 328.0, "ISTASYON_NO": "ŞRJ/11220", "ISTASYON_ADI": "REGNUM", "HIZMET_SEKLI": "HALKA_ACIK", "MARKA": "ECOBOX", "MARKAADI": "Ecobox", "SARJ_AGI_ISLETMECISI": "ATAY GÜÇ VE ENERJİ SİSTEMLERİ İMALAT SANAYİ TİCARET LİMİTED ŞİRKETİ", "YESIL_SARJ_ISTASYONU_MU": "", "ADRES": "İşçi Blokları Mahallesi Muhsin Yazıcıoğlu Caddesi  No:57 /ARAÇŞARJ Çankaya / ANKARA", "SOKET_NO": "SKT/27743", "SOKET_TIPI": "DC", "SOKET_TURU": "DC_CCS", "SOKET_GUCU_KW": "180" }, "geometry": { "type": "Point", "coordinates": [ 32.810927, 39.891934 ] } },
{ "type": "Feature", "properties": { "ID": 3287.0, "SIRA_NO": 328.0, "ISTASYON_NO": "ŞRJ/11220", "ISTASYON_ADI": "REGNUM", "HIZMET_SEKLI": "HALKA_ACIK", "MARKA": "ECOBOX", "MARKAADI": "Ecobox", "SARJ_AGI_ISLETMECISI": "ATAY GÜÇ VE ENERJİ SİSTEMLERİ İMALAT SANAYİ TİCARET LİMİTED ŞİRKETİ", "YESIL_SARJ_ISTASYONU_MU": "", "ADRES": "İşçi Blokları Mahallesi Muhsin Yazıcıoğlu Caddesi  No:57 /ARAÇŞARJ Çankaya / ANKARA", "SOKET_NO": "SKT/27744", "SOKET_TIPI": "AC", "SOKET_TURU": "AC_TYPE2", "SOKET_GUCU_KW": "22" }, "geometry": { "type": "Point", "coordinates": [ 32.810927, 39.891934 ] } },
{ "type": "Feature", "properties": { "ID": 3288.0, "SIRA_NO": 328.0, "ISTASYON_NO": "ŞRJ/11220", "ISTASYON_ADI": "REGNUM", "HIZMET_SEKLI": "HALKA_ACIK", "MARKA": "ECOBOX", "MARKAADI": "Ecobox", "SARJ_AGI_ISLETMECISI": "ATAY GÜÇ VE ENERJİ SİSTEMLERİ İMALAT SANAYİ TİCARET LİMİTED ŞİRKETİ", "YESIL_SARJ_ISTASYONU_MU": "", "ADRES": "İşçi Blokları Mahallesi Muhsin Yazıcıoğlu Caddesi  No:57 /ARAÇŞARJ Çankaya / ANKARA", "SOKET_NO": "SKT/27745", "SOKET_TIPI": "AC", "SOKET_TURU": "AC_TYPE2", "SOKET_GUCU_KW": "22" }, "geometry": { "type": "Point", "coordinates": [ 32.810927, 39.891934 ] } },
{ "type": "Feature", "properties": { "ID": 6270.0, "SIRA_NO": 2.0, "ISTASYON_NO": "ŞRJ/8115", "ISTASYON_ADI": "ÖNİZŞARJ KALE OFİS", "HIZMET_SEKLI": "HALKA_ACIK", "MARKA": "önizşarj", "MARKAADI": "ASM Group", "SARJ_AGI_ISLETMECISI": "ASM DEKORASYON MOBİLYA  GRANİT MERMER İNŞAAT SANAYİ TİCARET LİMİTED ŞİRKETİ", "YESIL_SARJ_ISTASYONU_MU": "", "ADRES": "Çukurambar Mah. Mahallesi  No:No:150 Çankaya / ANKARA", "SOKET_NO": "SKT/18579", "SOKET_TIPI": "AC", "SOKET_TURU": "AC_TYPE2", "SOKET_GUCU_KW": "22" }, "geometry": { "type": "Point", "coordinates": [ 32.813327, 39.899065 ] } },
{ "type": "Feature", "properties": { "ID": 6599.0, "SIRA_NO": 103.0, "ISTASYON_NO": "ŞRJ/2397", "ISTASYON_ADI": "Bilkent Center AVM", "HIZMET_SEKLI": "HALKA_ACIK", "MARKA": "oncharge", "MARKAADI": "Oncharge", "SARJ_AGI_ISLETMECISI": "KALYON ELECTRICAL VEHICLE ENERJİ YATIRIM ANONİM ŞİRKETİ", "YESIL_SARJ_ISTASYONU_MU": "", "ADRES": "Üniversiteler Mahallesi 1597 Caddesi  No:3 Çankaya / ANKARA", "SOKET_NO": "SKT/4416", "SOKET_TIPI": "DC", "SOKET_TURU": "DC_CCS", "SOKET_GUCU_KW": "120" }, "geometry": { "type": "Point", "coordinates": [ 32.757232, 39.88302 ] } },
{ "type": "Feature", "properties": { "ID": 6603.0, "SIRA_NO": 104.0, "ISTASYON_NO": "ŞRJ/2403", "ISTASYON_ADI": "Kuzu Kumru", "HIZMET_SEKLI": "HALKA_ACIK", "MARKA": "oncharge", "MARKAADI": "Oncharge", "SARJ_AGI_ISLETMECISI": "KALYON ELECTRICAL VEHICLE ENERJİ YATIRIM ANONİM ŞİRKETİ", "YESIL_SARJ_ISTASYONU_MU": "", "ADRES": "Yıldızevler Mahallesi 714 Sokağı  Bucak Merkez Çankaya / ANKARA", "SOKET_NO": "SKT/4437", "SOKET_TIPI": "AC", "SOKET_TURU": "AC_TYPE2", "SOKET_GUCU_KW": "22" }, "geometry": { "type": "Point", "coordinates": [ 32.862112, 39.875816 ] } },
{ "type": "Feature", "properties": { "ID": 6605.0, "SIRA_NO": 105.0, "ISTASYON_NO": "ŞRJ/2405", "ISTASYON_ADI": "Kentpark AVM", "HIZMET_SEKLI": "HALKA_ACIK", "MARKA": "oncharge", "MARKAADI": "Oncharge", "SARJ_AGI_ISLETMECISI": "KALYON ELECTRICAL VEHICLE ENERJİ YATIRIM ANONİM ŞİRKETİ", "YESIL_SARJ_ISTASYONU_MU": "", "ADRES": "Mustafa Kemal Mahallesi Dumlupınar Sokağı  No:164 /0 Çankaya / ANKARA", "SOKET_NO": "SKT/4442", "SOKET_TIPI": "DC", "SOKET_TURU": "DC_CCS", "SOKET_GUCU_KW": "180" }, "geometry": { "type": "Point", "coordinates": [ 32.776936, 39.908961 ] } },
{ "type": "Feature", "properties": { "ID": 5991.0, "SIRA_NO": 386.0, "ISTASYON_NO": "ŞRJ/15392", "ISTASYON_ADI": "Sheraton Ankara Hotel & Convention Center-2", "HIZMET_SEKLI": "HALKA_ACIK", "MARKA": "EN YAKIT", "MARKAADI": "En Yakıt", "SARJ_AGI_ISLETMECISI": "EN YAKIT ANONİM ŞİRKETİ", "YESIL_SARJ_ISTASYONU_MU": "", "ADRES": "Gaziosmanpaşa Mahallesi Arjantin Sokağı  No:7 Çankaya / ANKARA", "SOKET_NO": "SKT/41071", "SOKET_TIPI": "DC", "SOKET_TURU": "DC_CCS", "SOKET_GUCU_KW": "180" }, "geometry": { "type": "Point", "coordinates": [ 32.865061, 39.89892 ] } },
{ "type": "Feature", "properties": { "ID": 1089.0, "SIRA_NO": 483.0, "ISTASYON_NO": "ŞRJ/12133", "ISTASYON_ADI": "4 MEVSİM ÇAYYOLU SİTESİ", "HIZMET_SEKLI": "OZEL", "MARKA": "VOLTRUN", "MARKAADI": "Voltrun", "SARJ_AGI_ISLETMECISI": "VOLTRUN ENERJİ ANONİM ŞİRKETİ", "YESIL_SARJ_ISTASYONU_MU": "Evet", "ADRES": "Alacaatlı Mahallesi 3381/1 Sokağı  No:22/A Çankaya / ANKARA", "SOKET_NO": "SKT/30790", "SOKET_TIPI": "AC", "SOKET_TURU": "AC_TYPE2", "SOKET_GUCU_KW": "10" }, "geometry": { "type": "Point", "coordinates": [ 32.669527, 39.8568 ] } },
{ "type": "Feature", "properties": { "ID": 5523.0, "SIRA_NO": 181.0, "ISTASYON_NO": "ŞRJ/15918", "ISTASYON_ADI": "Türk Telekom Ümitköy Veri Merkezi Binası", "HIZMET_SEKLI": "OZEL", "MARKA": "E4 ŞARJ", "MARKAADI": "E4 Şarj", "SARJ_AGI_ISLETMECISI": "TT VENTURES PROJE GELİŞTİRME ANONİM ŞİRKETİ", "YESIL_SARJ_ISTASYONU_MU": "", "ADRES": "Ümit Mahallesi 2432 Caddesi  No:46 / 1 Çankaya / ANKARA", "SOKET_NO": "SKT/42716", "SOKET_TIPI": "DC", "SOKET_TURU": "DC_CHADEMO", "SOKET_GUCU_KW": "60" }, "geometry": { "type": "Point", "coordinates": [ 32.703849, 39.896551 ] } },
{ "type": "Feature", "properties": { "ID": 3272.0, "SIRA_NO": 320.0, "ISTASYON_NO": "ŞRJ/14276", "ISTASYON_ADI": "MİRA BEYTEPE", "HIZMET_SEKLI": "HALKA_ACIK", "MARKA": "ECOBOX", "MARKAADI": "Ecobox", "SARJ_AGI_ISLETMECISI": "ATAY GÜÇ VE ENERJİ SİSTEMLERİ İMALAT SANAYİ TİCARET LİMİTED ŞİRKETİ", "YESIL_SARJ_ISTASYONU_MU": "", "ADRES": "Beytepe Mah Mahallesi 5387. Sokak Sokağı  No:15 /ARAÇŞARJ Çankaya / ANKARA", "SOKET_NO": "SKT/37508", "SOKET_TIPI": "AC", "SOKET_TURU": "AC_TYPE2", "SOKET_GUCU_KW": "22" }, "geometry": { "type": "Point", "coordinates": [ 32.711576, 39.861836 ] } },
{ "type": "Feature", "properties": { "ID": 3273.0, "SIRA_NO": 320.0, "ISTASYON_NO": "ŞRJ/14276", "ISTASYON_ADI": "MİRA BEYTEPE", "HIZMET_SEKLI": "HALKA_ACIK", "MARKA": "ECOBOX", "MARKAADI": "Ecobox", "SARJ_AGI_ISLETMECISI": "ATAY GÜÇ VE ENERJİ SİSTEMLERİ İMALAT SANAYİ TİCARET LİMİTED ŞİRKETİ", "YESIL_SARJ_ISTASYONU_MU": "", "ADRES": "Beytepe Mah Mahallesi 5387. Sokak Sokağı  No:15 /ARAÇŞARJ Çankaya / ANKARA", "SOKET_NO": "SKT/37509", "SOKET_TIPI": "AC", "SOKET_TURU": "AC_TYPE2", "SOKET_GUCU_KW": "22" }, "geometry": { "type": "Point", "coordinates": [ 32.711576, 39.861836 ] } },
{ "type": "Feature", "properties": { "ID": 3284.0, "SIRA_NO": 327.0, "ISTASYON_NO": "ŞRJ/6927", "ISTASYON_ADI": "Ege Plaza", "HIZMET_SEKLI": "OZEL", "MARKA": "ECOBOX", "MARKAADI": "Ecobox", "SARJ_AGI_ISLETMECISI": "ATAY GÜÇ VE ENERJİ SİSTEMLERİ İMALAT SANAYİ TİCARET LİMİTED ŞİRKETİ", "YESIL_SARJ_ISTASYONU_MU": "", "ADRES": "İşçi Bloklar Mahallesi Mevlana Sokağı  No:182 /B Çankaya / ANKARA", "SOKET_NO": "SKT/15452", "SOKET_TIPI": "AC", "SOKET_TURU": "AC_TYPE2", "SOKET_GUCU_KW": "22" }, "geometry": { "type": "Point", "coordinates": [ 32.812369, 39.891006 ] } },
{ "type": "Feature", "properties": { "ID": 35200.0, "SIRA_NO": 186.0, "ISTASYON_NO": "ŞRJ/3172", "ISTASYON_ADI": "HİTİT PARK KONUTLARI", "HIZMET_SEKLI": "OZEL", "MARKA": "EPSIS", "MARKAADI": "Epsis", "SARJ_AGI_ISLETMECISI": "FORM ELEKTRİK İNŞAAT MÜHENDİSLİK ANONİM ŞİRKETİ", "YESIL_SARJ_ISTASYONU_MU": "", "ADRES": "Dodurga Mahallesi 5175 Caddesi Çankaya / ANKARA", "SOKET_NO": "SKT/50492", "SOKET_TIPI": "AC", "SOKET_TURU": "AC_TYPE2", "SOKET_GUCU_KW": "22" }, "geometry": { "type": "Point", "coordinates": [ 32.653165, 39.834301 ] } },
{ "type": "Feature", "properties": { "ID": 3728.0, "SIRA_NO": 52.0, "ISTASYON_NO": "ŞRJ/16573", "ISTASYON_ADI": "DC BAŞKENT EMLAK KONUTLARI", "HIZMET_SEKLI": "HALKA_ACIK", "MARKA": "MYCHARGE", "MARKAADI": "Mycharge", "SARJ_AGI_ISLETMECISI": "MANAS İPLİK SANAYİ VE TİCARET ANONİM ŞİRKETİ", "YESIL_SARJ_ISTASYONU_MU": "", "ADRES": "İlkbahar Mahallesi Doğukent Caddesi Çankaya / ANKARA", "SOKET_NO": "SKT/45061", "SOKET_TIPI": "DC", "SOKET_TURU": "DC_CCS", "SOKET_GUCU_KW": "180" }, "geometry": { "type": "Point", "coordinates": [ 32.8541, 39.858928 ] } },
{ "type": "Feature", "properties": { "ID": 2331.0, "SIRA_NO": 485.0, "ISTASYON_NO": "ŞRJ/11403", "ISTASYON_ADI": "KARAYOLLARI GENEL MÜDÜRLÜĞÜ OTOPARK", "HIZMET_SEKLI": "OZEL", "MARKA": "U-ŞARJ", "MARKAADI": "U - Şarj", "SARJ_AGI_ISLETMECISI": "TCDD TEKNİK MÜHENDİSLİK VE MÜŞAVİRLİK ANONİM ŞİRKETİ", "YESIL_SARJ_ISTASYONU_MU": "", "ADRES": "Yücetepe Mahallesi Şehit Göksenin Aytural Şaylan Sokak 1 / - Sokağı  No:1 Çankaya / ANKARA", "SOKET_NO": "SKT/28257", "SOKET_TIPI": "AC", "SOKET_TURU": "AC_TYPE2", "SOKET_GUCU_KW": "22" }, "geometry": { "type": "Point", "coordinates": [ 32.843211, 39.921991 ] } },
{ "type": "Feature", "properties": { "ID": 6738.0, "SIRA_NO": 157.0, "ISTASYON_NO": "ŞRJ/11968", "ISTASYON_ADI": "Çevre, Şehircilik ve İklim Değişikliği Bakanlığı", "HIZMET_SEKLI": "HALKA_ACIK", "MARKA": "oncharge", "MARKAADI": "Oncharge", "SARJ_AGI_ISLETMECISI": "KALYON ELECTRICAL VEHICLE ENERJİ YATIRIM ANONİM ŞİRKETİ", "YESIL_SARJ_ISTASYONU_MU": "", "ADRES": "Mustafa Kemal Mahallesi Dumlupınar Caddesi 278 Sokağı Çankaya / ANKARA", "SOKET_NO": "SKT/30222", "SOKET_TIPI": "DC", "SOKET_TURU": "DC_CCS", "SOKET_GUCU_KW": "180" }, "geometry": { "type": "Point", "coordinates": [ 32.7519, 39.9109 ] } },
{ "type": "Feature", "properties": { "ID": 6276.0, "SIRA_NO": 3.0, "ISTASYON_NO": "ŞRJ/12631", "ISTASYON_ADI": "ÖNİZŞARJ NİŞANTAŞI YILDIZ AVM", "HIZMET_SEKLI": "HALKA_ACIK", "MARKA": "önizşarj", "MARKAADI": "ASM Group", "SARJ_AGI_ISLETMECISI": "ASM DEKORASYON MOBİLYA  GRANİT MERMER İNŞAAT SANAYİ TİCARET LİMİTED ŞİRKETİ", "YESIL_SARJ_ISTASYONU_MU": "", "ADRES": "Yıldızevler Mahallesi  No:2 Çankaya / ANKARA", "SOKET_NO": "SKT/32447", "SOKET_TIPI": "AC", "SOKET_TURU": "AC_TYPE2", "SOKET_GUCU_KW": "22" }, "geometry": { "type": "Point", "coordinates": [ 32.8614, 39.8758 ] } },
{ "type": "Feature", "properties": { "ID": 7087.0, "SIRA_NO": 317.0, "ISTASYON_NO": "ŞRJ/1849", "ISTASYON_ADI": "Auto Club Çankaya", "HIZMET_SEKLI": "HALKA_ACIK", "MARKA": "zes", "MARKAADI": "Zes", "SARJ_AGI_ISLETMECISI": "ZES DİJİTAL TİCARET ANONİM ŞİRKETİ", "YESIL_SARJ_ISTASYONU_MU": "Evet", "ADRES": "Güzeltepe Mahallesi 747 Caddesi  No:A-1 Blok /3 E Çankaya / ANKARA", "SOKET_NO": "SKT/3294", "SOKET_TIPI": "AC", "SOKET_TURU": "AC_TYPE2", "SOKET_GUCU_KW": "22" }, "geometry": { "type": "Point", "coordinates": [ 32.846456, 39.884453 ] } },
{ "type": "Feature", "properties": { "ID": 32583.0, "SIRA_NO": 240.0, "ISTASYON_NO": "ŞRJ/9655", "ISTASYON_ADI": "Aloha Evleri", "HIZMET_SEKLI": "OZEL", "MARKA": "FORTIS ENERJİ", "MARKAADI": "Fortis Enerji", "SARJ_AGI_ISLETMECISI": "FORTİS ENERJİ ELEKTRİK ÜRETİM ANONİM ŞİRKETİ", "YESIL_SARJ_ISTASYONU_MU": "", "ADRES": "Kırkkonaklar Mahallesi 298 Caddesi Çankaya / ANKARA", "SOKET_NO": "SKT/23044", "SOKET_TIPI": "AC", "SOKET_TURU": "AC_TYPE2", "SOKET_GUCU_KW": "22" }, "geometry": { "type": "Point", "coordinates": [ 32.881896, 39.891104 ] } },
{ "type": "Feature", "properties": { "ID": 2373.0, "SIRA_NO": 500.0, "ISTASYON_NO": "ŞRJ/12415", "ISTASYON_ADI": "KGM Genel Müdürlük", "HIZMET_SEKLI": "HALKA_ACIK", "MARKA": "U-ŞARJ", "MARKAADI": "U - Şarj", "SARJ_AGI_ISLETMECISI": "TCDD TEKNİK MÜHENDİSLİK VE MÜŞAVİRLİK ANONİM ŞİRKETİ", "YESIL_SARJ_ISTASYONU_MU": "", "ADRES": "Devlet Mahallesi Mahallesi İnönü Caddesi Sokağı  No:14 Çankaya / ANKARA", "SOKET_NO": "SKT/31805", "SOKET_TIPI": "AC", "SOKET_TURU": "AC_TYPE2", "SOKET_GUCU_KW": "22" }, "geometry": { "type": "Point", "coordinates": [ 32.842001, 39.915728 ] } },
{ "type": "Feature", "properties": { "ID": 1595.0, "SIRA_NO": 201.0, "ISTASYON_NO": "ŞRJ/11011", "ISTASYON_ADI": "YILDIZ ATASAYANLAR SİTESİ", "HIZMET_SEKLI": "OZEL", "MARKA": "VOLTRUN", "MARKAADI": "Voltrun", "SARJ_AGI_ISLETMECISI": "VOLTRUN ENERJİ ANONİM ŞİRKETİ", "YESIL_SARJ_ISTASYONU_MU": "Evet", "ADRES": "Alacaatlı Mahallesi 5143 Sokağı  No:3/B Çankaya / ANKARA", "SOKET_NO": "SKT/27060", "SOKET_TIPI": "AC", "SOKET_TURU": "AC_TYPE2", "SOKET_GUCU_KW": "10" }, "geometry": { "type": "Point", "coordinates": [ 32.659714, 39.840596 ] } },
{ "type": "Feature", "properties": { "ID": 1596.0, "SIRA_NO": 201.0, "ISTASYON_NO": "ŞRJ/11011", "ISTASYON_ADI": "YILDIZ ATASAYANLAR SİTESİ", "HIZMET_SEKLI": "OZEL", "MARKA": "VOLTRUN", "MARKAADI": "Voltrun", "SARJ_AGI_ISLETMECISI": "VOLTRUN ENERJİ ANONİM ŞİRKETİ", "YESIL_SARJ_ISTASYONU_MU": "Evet", "ADRES": "Alacaatlı Mahallesi 5143 Sokağı  No:3/B Çankaya / ANKARA", "SOKET_NO": "SKT/39938", "SOKET_TIPI": "AC", "SOKET_TURU": "AC_TYPE2", "SOKET_GUCU_KW": "10" }, "geometry": { "type": "Point", "coordinates": [ 32.659714, 39.840596 ] } },
{ "type": "Feature", "properties": { "ID": 1598.0, "SIRA_NO": 202.0, "ISTASYON_NO": "ŞRJ/3192", "ISTASYON_ADI": "YILDIZ KULE İŞ MERKEZİ", "HIZMET_SEKLI": "OZEL", "MARKA": "VOLTRUN", "MARKAADI": "Voltrun", "SARJ_AGI_ISLETMECISI": "VOLTRUN ENERJİ ANONİM ŞİRKETİ", "YESIL_SARJ_ISTASYONU_MU": "Evet", "ADRES": "Yukarı Dikmen Mahallesi 664 Sokağı  No:2 Çankaya / ANKARA", "SOKET_NO": "SKT/6179", "SOKET_TIPI": "AC", "SOKET_TURU": "AC_TYPE2", "SOKET_GUCU_KW": "22" }, "geometry": { "type": "Point", "coordinates": [ 32.855385, 39.858451 ] } },
{ "type": "Feature", "properties": { "ID": 6149.0, "SIRA_NO": 459.0, "ISTASYON_NO": "ŞRJ/8114", "ISTASYON_ADI": "ÖNİZŞARJ ANKARA GÜRKENT OTEL", "HIZMET_SEKLI": "HALKA_ACIK", "MARKA": "önizşarj", "MARKAADI": "ASM Group", "SARJ_AGI_ISLETMECISI": "ASM DEKORASYON MOBİLYA  GRANİT MERMER İNŞAAT SANAYİ TİCARET LİMİTED ŞİRKETİ", "YESIL_SARJ_ISTASYONU_MU": "", "ADRES": "Cumhuriyet Mahallesi Mithatpaşa Cad. Caddesi  No:No:4 Çankaya / ANKARA", "SOKET_NO": "SKT/18577", "SOKET_TIPI": "AC", "SOKET_TURU": "AC_TYPE2", "SOKET_GUCU_KW": "22" }, "geometry": { "type": "Point", "coordinates": [ 32.855767, 39.925904 ] } },
{ "type": "Feature", "properties": { "ID": 3336.0, "SIRA_NO": 368.0, "ISTASYON_NO": "ŞRJ/13480", "ISTASYON_ADI": "KOORDİNAT ÇAYYOLU ÜST ETAP", "HIZMET_SEKLI": "OZEL", "MARKA": "ECOBOX", "MARKAADI": "Ecobox", "SARJ_AGI_ISLETMECISI": "ATAY GÜÇ VE ENERJİ SİSTEMLERİ İMALAT SANAYİ TİCARET LİMİTED ŞİRKETİ", "YESIL_SARJ_ISTASYONU_MU": "", "ADRES": "Mutlukent Mahallesi 3450 Sokağı  No:1 /1 Çankaya / ANKARA", "SOKET_NO": "SKT/35003", "SOKET_TIPI": "AC", "SOKET_TURU": "AC_TYPE2", "SOKET_GUCU_KW": "20" }, "geometry": { "type": "Point", "coordinates": [ 32.712702, 39.892652 ] } },
{ "type": "Feature", "properties": { "ID": 3338.0, "SIRA_NO": 369.0, "ISTASYON_NO": "ŞRJ/13482", "ISTASYON_ADI": "KOORDİNAT ÇAYYOLU ALT ETAP", "HIZMET_SEKLI": "OZEL", "MARKA": "ECOBOX", "MARKAADI": "Ecobox", "SARJ_AGI_ISLETMECISI": "ATAY GÜÇ VE ENERJİ SİSTEMLERİ İMALAT SANAYİ TİCARET LİMİTED ŞİRKETİ", "YESIL_SARJ_ISTASYONU_MU": "", "ADRES": "Mutlukent Mahallesi 3450 Sokağı  No:1 /1 Çankaya / ANKARA", "SOKET_NO": "SKT/35005", "SOKET_TIPI": "AC", "SOKET_TURU": "AC_TYPE2", "SOKET_GUCU_KW": "20" }, "geometry": { "type": "Point", "coordinates": [ 32.712656, 39.892669 ] } },
{ "type": "Feature", "properties": { "ID": 3339.0, "SIRA_NO": 369.0, "ISTASYON_NO": "ŞRJ/13482", "ISTASYON_ADI": "KOORDİNAT ÇAYYOLU ALT ETAP", "HIZMET_SEKLI": "OZEL", "MARKA": "ECOBOX", "MARKAADI": "Ecobox", "SARJ_AGI_ISLETMECISI": "ATAY GÜÇ VE ENERJİ SİSTEMLERİ İMALAT SANAYİ TİCARET LİMİTED ŞİRKETİ", "YESIL_SARJ_ISTASYONU_MU": "", "ADRES": "Mutlukent Mahallesi 3450 Sokağı  No:1 /1 Çankaya / ANKARA", "SOKET_NO": "SKT/35006", "SOKET_TIPI": "AC", "SOKET_TURU": "AC_TYPE2", "SOKET_GUCU_KW": "20" }, "geometry": { "type": "Point", "coordinates": [ 32.712656, 39.892669 ] } },
{ "type": "Feature", "properties": { "ID": 3340.0, "SIRA_NO": 369.0, "ISTASYON_NO": "ŞRJ/13482", "ISTASYON_ADI": "KOORDİNAT ÇAYYOLU ALT ETAP", "HIZMET_SEKLI": "OZEL", "MARKA": "ECOBOX", "MARKAADI": "Ecobox", "SARJ_AGI_ISLETMECISI": "ATAY GÜÇ VE ENERJİ SİSTEMLERİ İMALAT SANAYİ TİCARET LİMİTED ŞİRKETİ", "YESIL_SARJ_ISTASYONU_MU": "", "ADRES": "Mutlukent Mahallesi 3450 Sokağı  No:1 /1 Çankaya / ANKARA", "SOKET_NO": "SKT/35007", "SOKET_TIPI": "AC", "SOKET_TURU": "AC_TYPE2", "SOKET_GUCU_KW": "20" }, "geometry": { "type": "Point", "coordinates": [ 32.712656, 39.892669 ] } },
{ "type": "Feature", "properties": { "ID": 3341.0, "SIRA_NO": 369.0, "ISTASYON_NO": "ŞRJ/13482", "ISTASYON_ADI": "KOORDİNAT ÇAYYOLU ALT ETAP", "HIZMET_SEKLI": "OZEL", "MARKA": "ECOBOX", "MARKAADI": "Ecobox", "SARJ_AGI_ISLETMECISI": "ATAY GÜÇ VE ENERJİ SİSTEMLERİ İMALAT SANAYİ TİCARET LİMİTED ŞİRKETİ", "YESIL_SARJ_ISTASYONU_MU": "", "ADRES": "Mutlukent Mahallesi 3450 Sokağı  No:1 /1 Çankaya / ANKARA", "SOKET_NO": "SKT/35008", "SOKET_TIPI": "AC", "SOKET_TURU": "AC_TYPE2", "SOKET_GUCU_KW": "20" }, "geometry": { "type": "Point", "coordinates": [ 32.712656, 39.892669 ] } },
{ "type": "Feature", "properties": { "ID": 2194.0, "SIRA_NO": 441.0, "ISTASYON_NO": "ŞRJ/13669", "ISTASYON_ADI": "BAŞKENT VADİ KONAKLARI", "HIZMET_SEKLI": "OZEL", "MARKA": "VOLTRUN", "MARKAADI": "Voltrun", "SARJ_AGI_ISLETMECISI": "VOLTRUN ENERJİ ANONİM ŞİRKETİ", "YESIL_SARJ_ISTASYONU_MU": "Evet", "ADRES": "İlkbahar Mahallesi 604 Sokağı  No:735/A Çankaya / ANKARA", "SOKET_NO": "SKT/35628", "SOKET_TIPI": "AC", "SOKET_TURU": "AC_TYPE2", "SOKET_GUCU_KW": "7,4" }, "geometry": { "type": "Point", "coordinates": [ 32.862514, 39.863349 ] } },
{ "type": "Feature", "properties": { "ID": 1739.0, "SIRA_NO": 267.0, "ISTASYON_NO": "ŞRJ/8101", "ISTASYON_ADI": "SU KENT BEYTEPE", "HIZMET_SEKLI": "OZEL", "MARKA": "VOLTRUN", "MARKAADI": "Voltrun", "SARJ_AGI_ISLETMECISI": "VOLTRUN ENERJİ ANONİM ŞİRKETİ", "YESIL_SARJ_ISTASYONU_MU": "Evet", "ADRES": "Beytepe Mahallesi 5442 Sokağı  No:2A/1 Çankaya / ANKARA", "SOKET_NO": "SKT/18541", "SOKET_TIPI": "AC", "SOKET_TURU": "AC_TYPE2", "SOKET_GUCU_KW": "21" }, "geometry": { "type": "Point", "coordinates": [ 32.704672, 39.851427 ] } },
{ "type": "Feature", "properties": { "ID": 1740.0, "SIRA_NO": 267.0, "ISTASYON_NO": "ŞRJ/8101", "ISTASYON_ADI": "SU KENT BEYTEPE", "HIZMET_SEKLI": "OZEL", "MARKA": "VOLTRUN", "MARKAADI": "Voltrun", "SARJ_AGI_ISLETMECISI": "VOLTRUN ENERJİ ANONİM ŞİRKETİ", "YESIL_SARJ_ISTASYONU_MU": "Evet", "ADRES": "Beytepe Mahallesi 5442 Sokağı  No:2A/1 Çankaya / ANKARA", "SOKET_NO": "SKT/18542", "SOKET_TIPI": "AC", "SOKET_TURU": "AC_TYPE2", "SOKET_GUCU_KW": "21" }, "geometry": { "type": "Point", "coordinates": [ 32.704672, 39.851427 ] } },
{ "type": "Feature", "properties": { "ID": 1741.0, "SIRA_NO": 267.0, "ISTASYON_NO": "ŞRJ/8101", "ISTASYON_ADI": "SU KENT BEYTEPE", "HIZMET_SEKLI": "OZEL", "MARKA": "VOLTRUN", "MARKAADI": "Voltrun", "SARJ_AGI_ISLETMECISI": "VOLTRUN ENERJİ ANONİM ŞİRKETİ", "YESIL_SARJ_ISTASYONU_MU": "Evet", "ADRES": "Beytepe Mahallesi 5442 Sokağı  No:2A/1 Çankaya / ANKARA", "SOKET_NO": "SKT/18543", "SOKET_TIPI": "AC", "SOKET_TURU": "AC_TYPE2", "SOKET_GUCU_KW": "21" }, "geometry": { "type": "Point", "coordinates": [ 32.704672, 39.851427 ] } },
{ "type": "Feature", "properties": { "ID": 1742.0, "SIRA_NO": 267.0, "ISTASYON_NO": "ŞRJ/8101", "ISTASYON_ADI": "SU KENT BEYTEPE", "HIZMET_SEKLI": "OZEL", "MARKA": "VOLTRUN", "MARKAADI": "Voltrun", "SARJ_AGI_ISLETMECISI": "VOLTRUN ENERJİ ANONİM ŞİRKETİ", "YESIL_SARJ_ISTASYONU_MU": "Evet", "ADRES": "Beytepe Mahallesi 5442 Sokağı  No:2A/1 Çankaya / ANKARA", "SOKET_NO": "SKT/18544", "SOKET_TIPI": "AC", "SOKET_TURU": "AC_TYPE2", "SOKET_GUCU_KW": "21" }, "geometry": { "type": "Point", "coordinates": [ 32.704672, 39.851427 ] } },
{ "type": "Feature", "properties": { "ID": 4010.0, "SIRA_NO": 89.0, "ISTASYON_NO": "ŞRJ/17148", "ISTASYON_ADI": "Çankaya Ankara", "HIZMET_SEKLI": "HALKA_ACIK", "MARKA": "TESLA", "MARKAADI": "Tesla", "SARJ_AGI_ISLETMECISI": "TESLA MOTORLARI SATIŞ VE HİZMETLERİ LİMİTED ŞİRKETİ", "YESIL_SARJ_ISTASYONU_MU": "", "ADRES": "Mustafa Kemal Mahallesi Dumlupınar Sokağı  No:164 Çankaya / ANKARA", "SOKET_NO": "SKT/46751", "SOKET_TIPI": "DC", "SOKET_TURU": "DC_CCS", "SOKET_GUCU_KW": "250" }, "geometry": { "type": "Point", "coordinates": [ 32.776109, 39.908777 ] } },
{ "type": "Feature", "properties": { "ID": 627.0, "SIRA_NO": 283.0, "ISTASYON_NO": "ŞRJ/11361", "ISTASYON_ADI": "CEPA AVM OFİS KULE", "HIZMET_SEKLI": "HALKA_ACIK", "MARKA": "VOLTRUN", "MARKAADI": "Voltrun", "SARJ_AGI_ISLETMECISI": "VOLTRUN ENERJİ ANONİM ŞİRKETİ", "YESIL_SARJ_ISTASYONU_MU": "Evet", "ADRES": "Mustafa Kemal Mahallesi 2123 Sokağı  No:2 Çankaya / ANKARA", "SOKET_NO": "SKT/28134", "SOKET_TIPI": "DC", "SOKET_TURU": "DC_CCS", "SOKET_GUCU_KW": "120" }, "geometry": { "type": "Point", "coordinates": [ 32.778954, 39.911878 ] } },
{ "type": "Feature", "properties": { "ID": 4879.0, "SIRA_NO": 418.0, "ISTASYON_NO": "ŞRJ/12179", "ISTASYON_ADI": "PO Çankaya", "HIZMET_SEKLI": "HALKA_ACIK", "MARKA": "5 şarj", "MARKAADI": "5 Şarj", "SARJ_AGI_ISLETMECISI": "BORENCO ŞARJ TEKNOLOJİ YATIRIMLARI TİCARET ANONİM ŞİRKETİ", "YESIL_SARJ_ISTASYONU_MU": "Evet", "ADRES": "Büyükesat Mahallesi Mercan Sokağı  No:4 Çankaya / ANKARA", "SOKET_NO": "SKT/31016", "SOKET_TIPI": "DC", "SOKET_TURU": "DC_CCS", "SOKET_GUCU_KW": "180" }, "geometry": { "type": "Point", "coordinates": [ 32.881676, 39.893881 ] } },
{ "type": "Feature", "properties": { "ID": 960.0, "SIRA_NO": 442.0, "ISTASYON_NO": "ŞRJ/1726", "ISTASYON_ADI": "PARK ALYANS SİTE YÖNETİMİ", "HIZMET_SEKLI": "OZEL", "MARKA": "VOLTRUN", "MARKAADI": "Voltrun", "SARJ_AGI_ISLETMECISI": "VOLTRUN ENERJİ ANONİM ŞİRKETİ", "YESIL_SARJ_ISTASYONU_MU": "Evet", "ADRES": "Alacaatlı Mahallesi 5030 Caddesi  No:2 Çankaya / ANKARA", "SOKET_NO": "SKT/37375", "SOKET_TIPI": "AC", "SOKET_TURU": "AC_TYPE2", "SOKET_GUCU_KW": "7" }, "geometry": { "type": "Point", "coordinates": [ 32.663016, 39.85423 ] } },
{ "type": "Feature", "properties": { "ID": 5235.0, "SIRA_NO": 55.0, "ISTASYON_NO": "ŞRJ/8634", "ISTASYON_ADI": "ANKARA SÖĞÜTÖZÜ KONUTLARI-1", "HIZMET_SEKLI": "OZEL", "MARKA": "PROMASTER", "MARKAADI": "Promaster", "SARJ_AGI_ISLETMECISI": "PROMASTER DANIŞMANLIK LİMİTED ŞİRKETİ", "YESIL_SARJ_ISTASYONU_MU": "", "ADRES": "Sögütözü Mahallesi 2185 Caddesi Çankaya / ANKARA", "SOKET_NO": "SKT/19877", "SOKET_TIPI": "AC", "SOKET_TURU": "AC_TYPE2", "SOKET_GUCU_KW": "22" }, "geometry": { "type": "Point", "coordinates": [ 32.794531, 39.914105 ] } },
{ "type": "Feature", "properties": { "ID": 3334.0, "SIRA_NO": 368.0, "ISTASYON_NO": "ŞRJ/13480", "ISTASYON_ADI": "KOORDİNAT ÇAYYOLU ÜST ETAP", "HIZMET_SEKLI": "OZEL", "MARKA": "ECOBOX", "MARKAADI": "Ecobox", "SARJ_AGI_ISLETMECISI": "ATAY GÜÇ VE ENERJİ SİSTEMLERİ İMALAT SANAYİ TİCARET LİMİTED ŞİRKETİ", "YESIL_SARJ_ISTASYONU_MU": "", "ADRES": "Mutlukent Mahallesi 3450 Sokağı  No:1 /1 Çankaya / ANKARA", "SOKET_NO": "SKT/35001", "SOKET_TIPI": "AC", "SOKET_TURU": "AC_TYPE2", "SOKET_GUCU_KW": "20" }, "geometry": { "type": "Point", "coordinates": [ 32.712702, 39.892652 ] } },
{ "type": "Feature", "properties": { "ID": 3335.0, "SIRA_NO": 368.0, "ISTASYON_NO": "ŞRJ/13480", "ISTASYON_ADI": "KOORDİNAT ÇAYYOLU ÜST ETAP", "HIZMET_SEKLI": "OZEL", "MARKA": "ECOBOX", "MARKAADI": "Ecobox", "SARJ_AGI_ISLETMECISI": "ATAY GÜÇ VE ENERJİ SİSTEMLERİ İMALAT SANAYİ TİCARET LİMİTED ŞİRKETİ", "YESIL_SARJ_ISTASYONU_MU": "", "ADRES": "Mutlukent Mahallesi 3450 Sokağı  No:1 /1 Çankaya / ANKARA", "SOKET_NO": "SKT/35002", "SOKET_TIPI": "AC", "SOKET_TURU": "AC_TYPE2", "SOKET_GUCU_KW": "20" }, "geometry": { "type": "Point", "coordinates": [ 32.712702, 39.892652 ] } },
{ "type": "Feature", "properties": { "ID": 958.0, "SIRA_NO": 442.0, "ISTASYON_NO": "ŞRJ/1726", "ISTASYON_ADI": "PARK ALYANS SİTE YÖNETİMİ", "HIZMET_SEKLI": "OZEL", "MARKA": "VOLTRUN", "MARKAADI": "Voltrun", "SARJ_AGI_ISLETMECISI": "VOLTRUN ENERJİ ANONİM ŞİRKETİ", "YESIL_SARJ_ISTASYONU_MU": "Evet", "ADRES": "Alacaatlı Mahallesi 5030 Caddesi  No:2 Çankaya / ANKARA", "SOKET_NO": "SKT/37373", "SOKET_TIPI": "AC", "SOKET_TURU": "AC_TYPE2", "SOKET_GUCU_KW": "10" }, "geometry": { "type": "Point", "coordinates": [ 32.663016, 39.85423 ] } },
{ "type": "Feature", "properties": { "ID": 959.0, "SIRA_NO": 442.0, "ISTASYON_NO": "ŞRJ/1726", "ISTASYON_ADI": "PARK ALYANS SİTE YÖNETİMİ", "HIZMET_SEKLI": "OZEL", "MARKA": "VOLTRUN", "MARKAADI": "Voltrun", "SARJ_AGI_ISLETMECISI": "VOLTRUN ENERJİ ANONİM ŞİRKETİ", "YESIL_SARJ_ISTASYONU_MU": "Evet", "ADRES": "Alacaatlı Mahallesi 5030 Caddesi  No:2 Çankaya / ANKARA", "SOKET_NO": "SKT/37374", "SOKET_TIPI": "AC", "SOKET_TURU": "AC_TYPE2", "SOKET_GUCU_KW": "7" }, "geometry": { "type": "Point", "coordinates": [ 32.663016, 39.85423 ] } },
{ "type": "Feature", "properties": { "ID": 5383.0, "SIRA_NO": 134.0, "ISTASYON_NO": "ŞRJ/8369", "ISTASYON_ADI": "GAZİ ÜNİVERSİTESİ MİMARLIK FAKÜLTESİ", "HIZMET_SEKLI": "HALKA_ACIK", "MARKA": "Tripy", "MARKAADI": "Tripy", "SARJ_AGI_ISLETMECISI": "TRİPY MOBİLİTY TEKNOLOJİ ANONİM ŞİRKETİ", "YESIL_SARJ_ISTASYONU_MU": "", "ADRES": "Korkutreis Mahallesi İlkiz Sokağı Çankaya / ANKARA", "SOKET_NO": "SKT/19219", "SOKET_TIPI": "AC", "SOKET_TURU": "AC_TYPE2", "SOKET_GUCU_KW": "22" }, "geometry": { "type": "Point", "coordinates": [ 32.84725, 39.931206 ] } },
{ "type": "Feature", "properties": { "ID": 2349.0, "SIRA_NO": 492.0, "ISTASYON_NO": "ŞRJ/11417", "ISTASYON_ADI": "TÜRASAŞ GENEL MÜDÜRLÜĞÜ", "HIZMET_SEKLI": "OZEL", "MARKA": "U-ŞARJ", "MARKAADI": "U - Şarj", "SARJ_AGI_ISLETMECISI": "TCDD TEKNİK MÜHENDİSLİK VE MÜŞAVİRLİK ANONİM ŞİRKETİ", "YESIL_SARJ_ISTASYONU_MU": "", "ADRES": "Oğuzlar Mahallesi Ceyhun Atuf Kansu Sokak 71 / Sokağı  No:71 Çankaya / ANKARA", "SOKET_NO": "SKT/28301", "SOKET_TIPI": "AC", "SOKET_TURU": "AC_TYPE2", "SOKET_GUCU_KW": "22" }, "geometry": { "type": "Point", "coordinates": [ 32.817915, 39.89891 ] } },
{ "type": "Feature", "properties": { "ID": 629.0, "SIRA_NO": 284.0, "ISTASYON_NO": "ŞRJ/11362", "ISTASYON_ADI": "CEPA ALIŞVERİŞ MERKEZİ", "HIZMET_SEKLI": "HALKA_ACIK", "MARKA": "VOLTRUN", "MARKAADI": "Voltrun", "SARJ_AGI_ISLETMECISI": "VOLTRUN ENERJİ ANONİM ŞİRKETİ", "YESIL_SARJ_ISTASYONU_MU": "Evet", "ADRES": "Mustafa Kemal Mahallesi Cepa Alışveriş Merkezi Sokağı  No:2 Çankaya / ANKARA", "SOKET_NO": "SKT/28136", "SOKET_TIPI": "DC", "SOKET_TURU": "DC_CCS", "SOKET_GUCU_KW": "120" }, "geometry": { "type": "Point", "coordinates": [ 32.77908, 39.911817 ] } },
{ "type": "Feature", "properties": { "ID": 632.0, "SIRA_NO": 286.0, "ISTASYON_NO": "ŞRJ/11462", "ISTASYON_ADI": "MAHALL ANKARA KONUTLARI", "HIZMET_SEKLI": "OZEL", "MARKA": "VOLTRUN", "MARKAADI": "Voltrun", "SARJ_AGI_ISLETMECISI": "VOLTRUN ENERJİ ANONİM ŞİRKETİ", "YESIL_SARJ_ISTASYONU_MU": "Evet", "ADRES": "Mustafa Kemal Mahallesi Anadolu Caddesi  No:274/3 Çankaya / ANKARA", "SOKET_NO": "SKT/28424", "SOKET_TIPI": "AC", "SOKET_TURU": "AC_TYPE2", "SOKET_GUCU_KW": "21" }, "geometry": { "type": "Point", "coordinates": [ 32.754124, 39.90801 ] } },
{ "type": "Feature", "properties": { "ID": 633.0, "SIRA_NO": 286.0, "ISTASYON_NO": "ŞRJ/11462", "ISTASYON_ADI": "MAHALL ANKARA KONUTLARI", "HIZMET_SEKLI": "OZEL", "MARKA": "VOLTRUN", "MARKAADI": "Voltrun", "SARJ_AGI_ISLETMECISI": "VOLTRUN ENERJİ ANONİM ŞİRKETİ", "YESIL_SARJ_ISTASYONU_MU": "Evet", "ADRES": "Mustafa Kemal Mahallesi Anadolu Caddesi  No:274/3 Çankaya / ANKARA", "SOKET_NO": "SKT/28425", "SOKET_TIPI": "AC", "SOKET_TURU": "AC_TYPE2", "SOKET_GUCU_KW": "21" }, "geometry": { "type": "Point", "coordinates": [ 32.754124, 39.90801 ] } },
{ "type": "Feature", "properties": { "ID": 634.0, "SIRA_NO": 286.0, "ISTASYON_NO": "ŞRJ/11462", "ISTASYON_ADI": "MAHALL ANKARA KONUTLARI", "HIZMET_SEKLI": "OZEL", "MARKA": "VOLTRUN", "MARKAADI": "Voltrun", "SARJ_AGI_ISLETMECISI": "VOLTRUN ENERJİ ANONİM ŞİRKETİ", "YESIL_SARJ_ISTASYONU_MU": "Evet", "ADRES": "Mustafa Kemal Mahallesi Anadolu Caddesi  No:274/3 Çankaya / ANKARA", "SOKET_NO": "SKT/28426", "SOKET_TIPI": "AC", "SOKET_TURU": "AC_TYPE2", "SOKET_GUCU_KW": "21" }, "geometry": { "type": "Point", "coordinates": [ 32.754124, 39.90801 ] } },
{ "type": "Feature", "properties": { "ID": 5702.0, "SIRA_NO": 249.0, "ISTASYON_NO": "ŞRJ/8099", "ISTASYON_ADI": "SHERATON ANKARA HOTEL & CONVENTION CENTER", "HIZMET_SEKLI": "HALKA_ACIK", "MARKA": "EN YAKIT", "MARKAADI": "En Yakıt", "SARJ_AGI_ISLETMECISI": "EN YAKIT ANONİM ŞİRKETİ", "YESIL_SARJ_ISTASYONU_MU": "", "ADRES": "Gaziosmanpaşa Mahallesi Arjantin Caddesi  No:7 Çankaya / ANKARA", "SOKET_NO": "SKT/18535", "SOKET_TIPI": "DC", "SOKET_TURU": "DC_CCS", "SOKET_GUCU_KW": "150" }, "geometry": { "type": "Point", "coordinates": [ 32.864479, 39.900582 ] } },
{ "type": "Feature", "properties": { "ID": 789.0, "SIRA_NO": 374.0, "ISTASYON_NO": "ŞRJ/13553", "ISTASYON_ADI": "BEYKENT-BEYTEPE SİTESİ", "HIZMET_SEKLI": "OZEL", "MARKA": "VOLTRUN", "MARKAADI": "Voltrun", "SARJ_AGI_ISLETMECISI": "VOLTRUN ENERJİ ANONİM ŞİRKETİ", "YESIL_SARJ_ISTASYONU_MU": "Evet", "ADRES": "Beytepe Mahallesi 5502 Sokağı  No:2/B Çankaya / ANKARA", "SOKET_NO": "SKT/35237", "SOKET_TIPI": "AC", "SOKET_TURU": "AC_TYPE2", "SOKET_GUCU_KW": "22" }, "geometry": { "type": "Point", "coordinates": [ 32.709861, 39.849216 ] } },
{ "type": "Feature", "properties": { "ID": 4718.0, "SIRA_NO": 343.0, "ISTASYON_NO": "ŞRJ/9764", "ISTASYON_ADI": "The Wings Hotels Neva Palas", "HIZMET_SEKLI": "HALKA_ACIK", "MARKA": "İSPİRLİ", "MARKAADI": "İspirli", "SARJ_AGI_ISLETMECISI": "İSPİRLİ ŞARJ HİZMETLERİ TİCARET ANONİM ŞİRKETİ", "YESIL_SARJ_ISTASYONU_MU": "Evet", "ADRES": "Kavaklıdere Mahallesi Esat Caddesi  No:32 Çankaya / ANKARA", "SOKET_NO": "SKT/23355", "SOKET_TIPI": "AC", "SOKET_TURU": "AC_TYPE2", "SOKET_GUCU_KW": "22" }, "geometry": { "type": "Point", "coordinates": [ 32.855947, 39.913208 ] } },
{ "type": "Feature", "properties": { "ID": 4727.0, "SIRA_NO": 350.0, "ISTASYON_NO": "ŞRJ/9855", "ISTASYON_ADI": "DEMONTİ OTEL ANKARA", "HIZMET_SEKLI": "HALKA_ACIK", "MARKA": "i-şarj", "MARKAADI": "İspirli", "SARJ_AGI_ISLETMECISI": "İSPİRLİ ŞARJ HİZMETLERİ TİCARET ANONİM ŞİRKETİ", "YESIL_SARJ_ISTASYONU_MU": "Evet", "ADRES": "Kavaklıdere Mahallesi Esat Caddesi  No:8 Çankaya / ANKARA", "SOKET_NO": "SKT/23610", "SOKET_TIPI": "AC", "SOKET_TURU": "AC_TYPE2", "SOKET_GUCU_KW": "22" }, "geometry": { "type": "Point", "coordinates": [ 32.85924, 39.912758 ] } },
{ "type": "Feature", "properties": { "ID": 4810.0, "SIRA_NO": 393.0, "ISTASYON_NO": "ŞRJ/8693", "ISTASYON_ADI": "Borusan Oto Çayyolu", "HIZMET_SEKLI": "HALKA_ACIK", "MARKA": "5 şarj", "MARKAADI": "5 Şarj", "SARJ_AGI_ISLETMECISI": "BORENCO ŞARJ TEKNOLOJİ YATIRIMLARI TİCARET ANONİM ŞİRKETİ", "YESIL_SARJ_ISTASYONU_MU": "Evet", "ADRES": "Konutkent Mahallesi 3028 Caddesi  No:6 Çankaya / ANKARA", "SOKET_NO": "SKT/20075", "SOKET_TIPI": "DC", "SOKET_TURU": "DC_CCS", "SOKET_GUCU_KW": "180" }, "geometry": { "type": "Point", "coordinates": [ 32.656204, 39.878202 ] } },
{ "type": "Feature", "properties": { "ID": 1457.0, "SIRA_NO": 142.0, "ISTASYON_NO": "ŞRJ/13020", "ISTASYON_ADI": "NUROL RESIDENCE", "HIZMET_SEKLI": "OZEL", "MARKA": "VOLTRUN", "MARKAADI": "Voltrun", "SARJ_AGI_ISLETMECISI": "VOLTRUN ENERJİ ANONİM ŞİRKETİ", "YESIL_SARJ_ISTASYONU_MU": "Evet", "ADRES": "Bağcılar Mahallesi Vedat Dalokay Sokağı  No:111/1 Çankaya / ANKARA", "SOKET_NO": "SKT/33572", "SOKET_TIPI": "AC", "SOKET_TURU": "AC_TYPE2", "SOKET_GUCU_KW": "21" }, "geometry": { "type": "Point", "coordinates": [ 32.8796, 39.8983 ] } },
{ "type": "Feature", "properties": { "ID": 2399.0, "SIRA_NO": 7.0, "ISTASYON_NO": "ŞRJ/11416", "ISTASYON_ADI": "TCDD TEKNİK GENEL MÜDÜRLÜK", "HIZMET_SEKLI": "OZEL", "MARKA": "U-ŞARJ", "MARKAADI": "U - Şarj", "SARJ_AGI_ISLETMECISI": "TCDD TEKNİK MÜHENDİSLİK VE MÜŞAVİRLİK ANONİM ŞİRKETİ", "YESIL_SARJ_ISTASYONU_MU": "", "ADRES": "Aziziye Mahallesi Hoşdere Caddesi  No:167 Çankaya / ANKARA", "SOKET_NO": "SKT/28299", "SOKET_TIPI": "AC", "SOKET_TURU": "AC_TYPE2", "SOKET_GUCU_KW": "22" }, "geometry": { "type": "Point", "coordinates": [ 32.84887, 39.886026 ] } },
{ "type": "Feature", "properties": { "ID": 2401.0, "SIRA_NO": 8.0, "ISTASYON_NO": "ŞRJ/11420", "ISTASYON_ADI": "ULAŞTIRMA BAKANLIĞI", "HIZMET_SEKLI": "OZEL", "MARKA": "U-ŞARJ", "MARKAADI": "U - Şarj", "SARJ_AGI_ISLETMECISI": "TCDD TEKNİK MÜHENDİSLİK VE MÜŞAVİRLİK ANONİM ŞİRKETİ", "YESIL_SARJ_ISTASYONU_MU": "", "ADRES": "Emek Mahallesi Hakkı Turayliç Sokağı  No:5 Çankaya / ANKARA", "SOKET_NO": "SKT/28307", "SOKET_TIPI": "DC", "SOKET_TURU": "DC_CCS", "SOKET_GUCU_KW": "200" }, "geometry": { "type": "Point", "coordinates": [ 32.822915, 39.9167 ] } },
{ "type": "Feature", "properties": { "ID": 2212.0, "SIRA_NO": 447.0, "ISTASYON_NO": "ŞRJ/12089", "ISTASYON_ADI": "ARTE 168 SİTESİ", "HIZMET_SEKLI": "OZEL", "MARKA": "VOLTRUN", "MARKAADI": "Voltrun", "SARJ_AGI_ISLETMECISI": "VOLTRUN ENERJİ ANONİM ŞİRKETİ", "YESIL_SARJ_ISTASYONU_MU": "Evet", "ADRES": "Alacaatlı Mahallesi 4847 Sokağı  No:1/A Çankaya / ANKARA", "SOKET_NO": "SKT/30699", "SOKET_TIPI": "AC", "SOKET_TURU": "AC_TYPE2", "SOKET_GUCU_KW": "21" }, "geometry": { "type": "Point", "coordinates": [ 32.690369, 39.830705 ] } },
{ "type": "Feature", "properties": { "ID": 1743.0, "SIRA_NO": 267.0, "ISTASYON_NO": "ŞRJ/8101", "ISTASYON_ADI": "SU KENT BEYTEPE", "HIZMET_SEKLI": "OZEL", "MARKA": "VOLTRUN", "MARKAADI": "Voltrun", "SARJ_AGI_ISLETMECISI": "VOLTRUN ENERJİ ANONİM ŞİRKETİ", "YESIL_SARJ_ISTASYONU_MU": "Evet", "ADRES": "Beytepe Mahallesi 5442 Sokağı  No:2A/1 Çankaya / ANKARA", "SOKET_NO": "SKT/40842", "SOKET_TIPI": "AC", "SOKET_TURU": "AC_TYPE2", "SOKET_GUCU_KW": "21" }, "geometry": { "type": "Point", "coordinates": [ 32.704672, 39.851427 ] } },
{ "type": "Feature", "properties": { "ID": 2372.0, "SIRA_NO": 500.0, "ISTASYON_NO": "ŞRJ/12415", "ISTASYON_ADI": "KGM Genel Müdürlük", "HIZMET_SEKLI": "HALKA_ACIK", "MARKA": "U-ŞARJ", "MARKAADI": "U - Şarj", "SARJ_AGI_ISLETMECISI": "TCDD TEKNİK MÜHENDİSLİK VE MÜŞAVİRLİK ANONİM ŞİRKETİ", "YESIL_SARJ_ISTASYONU_MU": "", "ADRES": "Devlet Mahallesi Mahallesi İnönü Caddesi Sokağı  No:14 Çankaya / ANKARA", "SOKET_NO": "SKT/31804", "SOKET_TIPI": "AC", "SOKET_TURU": "AC_TYPE2", "SOKET_GUCU_KW": "22" }, "geometry": { "type": "Point", "coordinates": [ 32.842001, 39.915728 ] } },
{ "type": "Feature", "properties": { "ID": 544.0, "SIRA_NO": 232.0, "ISTASYON_NO": "ŞRJ/9969", "ISTASYON_ADI": "ANKARA LOFTS", "HIZMET_SEKLI": "OZEL", "MARKA": "VOLTRUN", "MARKAADI": "Voltrun", "SARJ_AGI_ISLETMECISI": "VOLTRUN ENERJİ ANONİM ŞİRKETİ", "YESIL_SARJ_ISTASYONU_MU": "Evet", "ADRES": "Ümit Mahallesi Meksika Sokağı  No:56 Çankaya / ANKARA", "SOKET_NO": "SKT/23965", "SOKET_TIPI": "AC", "SOKET_TURU": "AC_TYPE2", "SOKET_GUCU_KW": "11" }, "geometry": { "type": "Point", "coordinates": [ 32.695468, 39.902276 ] } },
{ "type": "Feature", "properties": { "ID": 4049.0, "SIRA_NO": 100.0, "ISTASYON_NO": "ŞRJ/6979", "ISTASYON_ADI": "ARTSE SİGORTA", "HIZMET_SEKLI": "HALKA_ACIK", "MARKA": "INTERDATA", "MARKAADI": "Interdata", "SARJ_AGI_ISLETMECISI": "INTERDATA VERİ MERKEZİ VE ENTEGRASYON HİZMETLERİ ANONİM ŞİRKETİ", "YESIL_SARJ_ISTASYONU_MU": "", "ADRES": "100.yıl Mahallesi Kuleli Sokağı  No:12 Çankaya / ANKARA", "SOKET_NO": "SKT/15585", "SOKET_TIPI": "AC", "SOKET_TURU": "AC_TYPE2", "SOKET_GUCU_KW": "22" }, "geometry": { "type": "Point", "coordinates": [ 32.873538, 39.897221 ] } },
{ "type": "Feature", "properties": { "ID": 5346.0, "SIRA_NO": 121.0, "ISTASYON_NO": "ŞRJ/7396", "ISTASYON_ADI": "KOÇ KULELERİ B BLOK", "HIZMET_SEKLI": "HALKA_ACIK", "MARKA": "Tripy", "MARKAADI": "Tripy", "SARJ_AGI_ISLETMECISI": "TRİPY MOBİLİTY TEKNOLOJİ ANONİM ŞİRKETİ", "YESIL_SARJ_ISTASYONU_MU": "", "ADRES": "Söğütözü Mahallesi Söğütözü Caddesi Çankaya / ANKARA", "SOKET_NO": "SKT/16622", "SOKET_TIPI": "DC", "SOKET_TURU": "DC_CCS", "SOKET_GUCU_KW": "50" }, "geometry": { "type": "Point", "coordinates": [ 32.803887, 39.912479 ] } },
{ "type": "Feature", "properties": { "ID": 4473.0, "SIRA_NO": 268.0, "ISTASYON_NO": "ŞRJ/9187", "ISTASYON_ADI": "06-ÇANKAYA-EHLİBEYT-SARIBULUT", "HIZMET_SEKLI": "HALKA_ACIK", "MARKA": "LUMİCLE", "MARKAADI": "Lumicle", "SARJ_AGI_ISLETMECISI": "LUMHOUSE ENERJİ SANAYİ VE TİCARET ANONİM ŞİRKETİ", "YESIL_SARJ_ISTASYONU_MU": "", "ADRES": "Ehlibeyt Mahallesi Cevizlidere Caddesi  No:8 Çankaya / ANKARA", "SOKET_NO": "SKT/21484", "SOKET_TIPI": "DC", "SOKET_TURU": "DC_CCS", "SOKET_GUCU_KW": "60" }, "geometry": { "type": "Point", "coordinates": [ 32.819532, 39.892948 ] } },
{ "type": "Feature", "properties": { "ID": 6123.0, "SIRA_NO": 448.0, "ISTASYON_NO": "ŞRJ/12044", "ISTASYON_ADI": "Türkiye Barolar Birliği Şarj İstasyonu", "HIZMET_SEKLI": "HALKA_ACIK", "MARKA": "ECOCONNECT", "MARKAADI": "Ecoconnect", "SARJ_AGI_ISLETMECISI": "FCTR ELEKTRİKLİ ARAÇLAR ENERJİ TEKNOLOJİLERİ VE HİZMETLERİ A.Ş", "YESIL_SARJ_ISTASYONU_MU": "", "ADRES": "Oğuzlar Mahallesi İlhami Soysal Sokağı  No:3 Çankaya / ANKARA", "SOKET_NO": "SKT/30472", "SOKET_TIPI": "AC", "SOKET_TURU": "AC_TYPE2", "SOKET_GUCU_KW": "22" }, "geometry": { "type": "Point", "coordinates": [ 32.819845, 39.898517 ] } },
{ "type": "Feature", "properties": { "ID": 2197.0, "SIRA_NO": 441.0, "ISTASYON_NO": "ŞRJ/13669", "ISTASYON_ADI": "BAŞKENT VADİ KONAKLARI", "HIZMET_SEKLI": "OZEL", "MARKA": "VOLTRUN", "MARKAADI": "Voltrun", "SARJ_AGI_ISLETMECISI": "VOLTRUN ENERJİ ANONİM ŞİRKETİ", "YESIL_SARJ_ISTASYONU_MU": "Evet", "ADRES": "İlkbahar Mahallesi 604 Sokağı  No:735/A Çankaya / ANKARA", "SOKET_NO": "SKT/35631", "SOKET_TIPI": "AC", "SOKET_TURU": "AC_TYPE2", "SOKET_GUCU_KW": "7,4" }, "geometry": { "type": "Point", "coordinates": [ 32.862514, 39.863349 ] } },
{ "type": "Feature", "properties": { "ID": 2198.0, "SIRA_NO": 441.0, "ISTASYON_NO": "ŞRJ/13669", "ISTASYON_ADI": "BAŞKENT VADİ KONAKLARI", "HIZMET_SEKLI": "OZEL", "MARKA": "VOLTRUN", "MARKAADI": "Voltrun", "SARJ_AGI_ISLETMECISI": "VOLTRUN ENERJİ ANONİM ŞİRKETİ", "YESIL_SARJ_ISTASYONU_MU": "Evet", "ADRES": "İlkbahar Mahallesi 604 Sokağı  No:735/A Çankaya / ANKARA", "SOKET_NO": "SKT/36561", "SOKET_TIPI": "AC", "SOKET_TURU": "AC_TYPE2", "SOKET_GUCU_KW": "7,4" }, "geometry": { "type": "Point", "coordinates": [ 32.862514, 39.863349 ] } },
{ "type": "Feature", "properties": { "ID": 2199.0, "SIRA_NO": 441.0, "ISTASYON_NO": "ŞRJ/13669", "ISTASYON_ADI": "BAŞKENT VADİ KONAKLARI", "HIZMET_SEKLI": "OZEL", "MARKA": "VOLTRUN", "MARKAADI": "Voltrun", "SARJ_AGI_ISLETMECISI": "VOLTRUN ENERJİ ANONİM ŞİRKETİ", "YESIL_SARJ_ISTASYONU_MU": "Evet", "ADRES": "İlkbahar Mahallesi 604 Sokağı  No:735/A Çankaya / ANKARA", "SOKET_NO": "SKT/36562", "SOKET_TIPI": "AC", "SOKET_TURU": "AC_TYPE2", "SOKET_GUCU_KW": "7,4" }, "geometry": { "type": "Point", "coordinates": [ 32.862514, 39.863349 ] } },
{ "type": "Feature", "properties": { "ID": 509.0, "SIRA_NO": 210.0, "ISTASYON_NO": "ŞRJ/9409", "ISTASYON_ADI": "VİTRİN BEYTEPE İŞ MERKEZİ", "HIZMET_SEKLI": "HALKA_ACIK", "MARKA": "VOLTRUN", "MARKAADI": "Voltrun", "SARJ_AGI_ISLETMECISI": "VOLTRUN ENERJİ ANONİM ŞİRKETİ", "YESIL_SARJ_ISTASYONU_MU": "Evet", "ADRES": "Beytepe Mahallesi Kanuni Sultan  Süleyman Sokağı  No:1/17 Çankaya / ANKARA", "SOKET_NO": "SKT/22149", "SOKET_TIPI": "DC", "SOKET_TURU": "DC_CCS", "SOKET_GUCU_KW": "120" }, "geometry": { "type": "Point", "coordinates": [ 32.701202, 39.873876 ] } },
{ "type": "Feature", "properties": { "ID": 510.0, "SIRA_NO": 210.0, "ISTASYON_NO": "ŞRJ/9409", "ISTASYON_ADI": "VİTRİN BEYTEPE İŞ MERKEZİ", "HIZMET_SEKLI": "HALKA_ACIK", "MARKA": "VOLTRUN", "MARKAADI": "Voltrun", "SARJ_AGI_ISLETMECISI": "VOLTRUN ENERJİ ANONİM ŞİRKETİ", "YESIL_SARJ_ISTASYONU_MU": "Evet", "ADRES": "Beytepe Mahallesi Kanuni Sultan  Süleyman Sokağı  No:1/17 Çankaya / ANKARA", "SOKET_NO": "SKT/22150", "SOKET_TIPI": "DC", "SOKET_TURU": "DC_CCS", "SOKET_GUCU_KW": "120" }, "geometry": { "type": "Point", "coordinates": [ 32.701202, 39.873876 ] } },
{ "type": "Feature", "properties": { "ID": 1828.0, "SIRA_NO": 297.0, "ISTASYON_NO": "ŞRJ/13554", "ISTASYON_ADI": "AVEND BEYTEPE 1", "HIZMET_SEKLI": "OZEL", "MARKA": "VOLTRUN", "MARKAADI": "Voltrun", "SARJ_AGI_ISLETMECISI": "VOLTRUN ENERJİ ANONİM ŞİRKETİ", "YESIL_SARJ_ISTASYONU_MU": "Evet", "ADRES": "Beytepe Mahallesi Hafsa Sultan Sokağı  No:10/A Çankaya / ANKARA", "SOKET_NO": "SKT/35239", "SOKET_TIPI": "AC", "SOKET_TURU": "AC_TYPE2", "SOKET_GUCU_KW": "22" }, "geometry": { "type": "Point", "coordinates": [ 32.71038, 39.856386 ] } },
{ "type": "Feature", "properties": { "ID": 1829.0, "SIRA_NO": 297.0, "ISTASYON_NO": "ŞRJ/13554", "ISTASYON_ADI": "AVEND BEYTEPE 1", "HIZMET_SEKLI": "OZEL", "MARKA": "VOLTRUN", "MARKAADI": "Voltrun", "SARJ_AGI_ISLETMECISI": "VOLTRUN ENERJİ ANONİM ŞİRKETİ", "YESIL_SARJ_ISTASYONU_MU": "Evet", "ADRES": "Beytepe Mahallesi Hafsa Sultan Sokağı  No:10/A Çankaya / ANKARA", "SOKET_NO": "SKT/35240", "SOKET_TIPI": "AC", "SOKET_TURU": "AC_TYPE2", "SOKET_GUCU_KW": "11" }, "geometry": { "type": "Point", "coordinates": [ 32.71038, 39.856386 ] } },
{ "type": "Feature", "properties": { "ID": 1830.0, "SIRA_NO": 297.0, "ISTASYON_NO": "ŞRJ/13554", "ISTASYON_ADI": "AVEND BEYTEPE 1", "HIZMET_SEKLI": "OZEL", "MARKA": "VOLTRUN", "MARKAADI": "Voltrun", "SARJ_AGI_ISLETMECISI": "VOLTRUN ENERJİ ANONİM ŞİRKETİ", "YESIL_SARJ_ISTASYONU_MU": "Evet", "ADRES": "Beytepe Mahallesi Hafsa Sultan Sokağı  No:10/A Çankaya / ANKARA", "SOKET_NO": "SKT/41452", "SOKET_TIPI": "AC", "SOKET_TURU": "AC_TYPE2", "SOKET_GUCU_KW": "11" }, "geometry": { "type": "Point", "coordinates": [ 32.71038, 39.856386 ] } },
{ "type": "Feature", "properties": { "ID": 1831.0, "SIRA_NO": 297.0, "ISTASYON_NO": "ŞRJ/13554", "ISTASYON_ADI": "AVEND BEYTEPE 1", "HIZMET_SEKLI": "OZEL", "MARKA": "VOLTRUN", "MARKAADI": "Voltrun", "SARJ_AGI_ISLETMECISI": "VOLTRUN ENERJİ ANONİM ŞİRKETİ", "YESIL_SARJ_ISTASYONU_MU": "Evet", "ADRES": "Beytepe Mahallesi Hafsa Sultan Sokağı  No:10/A Çankaya / ANKARA", "SOKET_NO": "SKT/41453", "SOKET_TIPI": "AC", "SOKET_TURU": "AC_TYPE2", "SOKET_GUCU_KW": "11" }, "geometry": { "type": "Point", "coordinates": [ 32.71038, 39.856386 ] } },
{ "type": "Feature", "properties": { "ID": 1833.0, "SIRA_NO": 298.0, "ISTASYON_NO": "ŞRJ/13595", "ISTASYON_ADI": "AVEND BEYTEPE 2", "HIZMET_SEKLI": "OZEL", "MARKA": "VOLTRUN", "MARKAADI": "Voltrun", "SARJ_AGI_ISLETMECISI": "VOLTRUN ENERJİ ANONİM ŞİRKETİ", "YESIL_SARJ_ISTASYONU_MU": "Evet", "ADRES": "Beytepe Mahallesi Hafsa Sultan Sokağı  No:12/B Çankaya / ANKARA", "SOKET_NO": "SKT/35360", "SOKET_TIPI": "AC", "SOKET_TURU": "AC_TYPE2", "SOKET_GUCU_KW": "11" }, "geometry": { "type": "Point", "coordinates": [ 32.707864, 39.855609 ] } },
{ "type": "Feature", "properties": { "ID": 840.0, "SIRA_NO": 402.0, "ISTASYON_NO": "ŞRJ/13753", "ISTASYON_ADI": "RELAX PLUS SİTESİ", "HIZMET_SEKLI": "OZEL", "MARKA": "VOLTRUN", "MARKAADI": "Voltrun", "SARJ_AGI_ISLETMECISI": "VOLTRUN ENERJİ ANONİM ŞİRKETİ", "YESIL_SARJ_ISTASYONU_MU": "Evet", "ADRES": "Alacaatlı Mahallesi 5088 Sokağı  No:67/F Çankaya / ANKARA", "SOKET_NO": "SKT/36013", "SOKET_TIPI": "AC", "SOKET_TURU": "AC_TYPE2", "SOKET_GUCU_KW": "10" }, "geometry": { "type": "Point", "coordinates": [ 32.638529, 39.847725 ] } },
{ "type": "Feature", "properties": { "ID": 841.0, "SIRA_NO": 402.0, "ISTASYON_NO": "ŞRJ/13753", "ISTASYON_ADI": "RELAX PLUS SİTESİ", "HIZMET_SEKLI": "OZEL", "MARKA": "VOLTRUN", "MARKAADI": "Voltrun", "SARJ_AGI_ISLETMECISI": "VOLTRUN ENERJİ ANONİM ŞİRKETİ", "YESIL_SARJ_ISTASYONU_MU": "Evet", "ADRES": "Alacaatlı Mahallesi 5088 Sokağı  No:67/F Çankaya / ANKARA", "SOKET_NO": "SKT/36014", "SOKET_TIPI": "AC", "SOKET_TURU": "AC_TYPE2", "SOKET_GUCU_KW": "10" }, "geometry": { "type": "Point", "coordinates": [ 32.638529, 39.847725 ] } },
{ "type": "Feature", "properties": { "ID": 842.0, "SIRA_NO": 402.0, "ISTASYON_NO": "ŞRJ/13753", "ISTASYON_ADI": "RELAX PLUS SİTESİ", "HIZMET_SEKLI": "OZEL", "MARKA": "VOLTRUN", "MARKAADI": "Voltrun", "SARJ_AGI_ISLETMECISI": "VOLTRUN ENERJİ ANONİM ŞİRKETİ", "YESIL_SARJ_ISTASYONU_MU": "Evet", "ADRES": "Alacaatlı Mahallesi 5088 Sokağı  No:67/F Çankaya / ANKARA", "SOKET_NO": "SKT/36015", "SOKET_TIPI": "AC", "SOKET_TURU": "AC_TYPE2", "SOKET_GUCU_KW": "21" }, "geometry": { "type": "Point", "coordinates": [ 32.638529, 39.847725 ] } },
{ "type": "Feature", "properties": { "ID": 843.0, "SIRA_NO": 402.0, "ISTASYON_NO": "ŞRJ/13753", "ISTASYON_ADI": "RELAX PLUS SİTESİ", "HIZMET_SEKLI": "OZEL", "MARKA": "VOLTRUN", "MARKAADI": "Voltrun", "SARJ_AGI_ISLETMECISI": "VOLTRUN ENERJİ ANONİM ŞİRKETİ", "YESIL_SARJ_ISTASYONU_MU": "Evet", "ADRES": "Alacaatlı Mahallesi 5088 Sokağı  No:67/F Çankaya / ANKARA", "SOKET_NO": "SKT/36016", "SOKET_TIPI": "AC", "SOKET_TURU": "AC_TYPE2", "SOKET_GUCU_KW": "21" }, "geometry": { "type": "Point", "coordinates": [ 32.638529, 39.847725 ] } },
{ "type": "Feature", "properties": { "ID": 844.0, "SIRA_NO": 402.0, "ISTASYON_NO": "ŞRJ/13753", "ISTASYON_ADI": "RELAX PLUS SİTESİ", "HIZMET_SEKLI": "OZEL", "MARKA": "VOLTRUN", "MARKAADI": "Voltrun", "SARJ_AGI_ISLETMECISI": "VOLTRUN ENERJİ ANONİM ŞİRKETİ", "YESIL_SARJ_ISTASYONU_MU": "Evet", "ADRES": "Alacaatlı Mahallesi 5088 Sokağı  No:67/F Çankaya / ANKARA", "SOKET_NO": "SKT/36017", "SOKET_TIPI": "AC", "SOKET_TURU": "AC_TYPE2", "SOKET_GUCU_KW": "21" }, "geometry": { "type": "Point", "coordinates": [ 32.638529, 39.847725 ] } },
{ "type": "Feature", "properties": { "ID": 1834.0, "SIRA_NO": 298.0, "ISTASYON_NO": "ŞRJ/13595", "ISTASYON_ADI": "AVEND BEYTEPE 2", "HIZMET_SEKLI": "OZEL", "MARKA": "VOLTRUN", "MARKAADI": "Voltrun", "SARJ_AGI_ISLETMECISI": "VOLTRUN ENERJİ ANONİM ŞİRKETİ", "YESIL_SARJ_ISTASYONU_MU": "Evet", "ADRES": "Beytepe Mahallesi Hafsa Sultan Sokağı  No:12/B Çankaya / ANKARA", "SOKET_NO": "SKT/35361", "SOKET_TIPI": "AC", "SOKET_TURU": "AC_TYPE2", "SOKET_GUCU_KW": "22" }, "geometry": { "type": "Point", "coordinates": [ 32.707864, 39.855609 ] } },
{ "type": "Feature", "properties": { "ID": 1835.0, "SIRA_NO": 298.0, "ISTASYON_NO": "ŞRJ/13595", "ISTASYON_ADI": "AVEND BEYTEPE 2", "HIZMET_SEKLI": "OZEL", "MARKA": "VOLTRUN", "MARKAADI": "Voltrun", "SARJ_AGI_ISLETMECISI": "VOLTRUN ENERJİ ANONİM ŞİRKETİ", "YESIL_SARJ_ISTASYONU_MU": "Evet", "ADRES": "Beytepe Mahallesi Hafsa Sultan Sokağı  No:12/B Çankaya / ANKARA", "SOKET_NO": "SKT/41454", "SOKET_TIPI": "AC", "SOKET_TURU": "AC_TYPE2", "SOKET_GUCU_KW": "11" }, "geometry": { "type": "Point", "coordinates": [ 32.707864, 39.855609 ] } },
{ "type": "Feature", "properties": { "ID": 1836.0, "SIRA_NO": 298.0, "ISTASYON_NO": "ŞRJ/13595", "ISTASYON_ADI": "AVEND BEYTEPE 2", "HIZMET_SEKLI": "OZEL", "MARKA": "VOLTRUN", "MARKAADI": "Voltrun", "SARJ_AGI_ISLETMECISI": "VOLTRUN ENERJİ ANONİM ŞİRKETİ", "YESIL_SARJ_ISTASYONU_MU": "Evet", "ADRES": "Beytepe Mahallesi Hafsa Sultan Sokağı  No:12/B Çankaya / ANKARA", "SOKET_NO": "SKT/41455", "SOKET_TIPI": "AC", "SOKET_TURU": "AC_TYPE2", "SOKET_GUCU_KW": "11" }, "geometry": { "type": "Point", "coordinates": [ 32.707864, 39.855609 ] } },
{ "type": "Feature", "properties": { "ID": 1485.0, "SIRA_NO": 159.0, "ISTASYON_NO": "ŞRJ/8501", "ISTASYON_ADI": "RÜYAKENT SİTESİ", "HIZMET_SEKLI": "OZEL", "MARKA": "VOLTRUN", "MARKAADI": "Voltrun", "SARJ_AGI_ISLETMECISI": "VOLTRUN ENERJİ ANONİM ŞİRKETİ", "YESIL_SARJ_ISTASYONU_MU": "Evet", "ADRES": "Çayyolu Alacaatlı Mahallesi 3346/2 Sokağı  No:8 Çankaya / ANKARA", "SOKET_NO": "SKT/19517", "SOKET_TIPI": "AC", "SOKET_TURU": "AC_TYPE2", "SOKET_GUCU_KW": "11" }, "geometry": { "type": "Point", "coordinates": [ 32.689052, 39.848627 ] } },
{ "type": "Feature", "properties": { "ID": 3289.0, "SIRA_NO": 328.0, "ISTASYON_NO": "ŞRJ/11220", "ISTASYON_ADI": "REGNUM", "HIZMET_SEKLI": "HALKA_ACIK", "MARKA": "ECOBOX", "MARKAADI": "Ecobox", "SARJ_AGI_ISLETMECISI": "ATAY GÜÇ VE ENERJİ SİSTEMLERİ İMALAT SANAYİ TİCARET LİMİTED ŞİRKETİ", "YESIL_SARJ_ISTASYONU_MU": "", "ADRES": "İşçi Blokları Mahallesi Muhsin Yazıcıoğlu Caddesi  No:57 /ARAÇŞARJ Çankaya / ANKARA", "SOKET_NO": "SKT/27746", "SOKET_TIPI": "AC", "SOKET_TURU": "AC_TYPE2", "SOKET_GUCU_KW": "22" }, "geometry": { "type": "Point", "coordinates": [ 32.810927, 39.891934 ] } },
{ "type": "Feature", "properties": { "ID": 8960.0, "SIRA_NO": 260.0, "ISTASYON_NO": "ŞRJ/812", "ISTASYON_ADI": "JW Marriott Otel Ankara Kapalı Otopark", "HIZMET_SEKLI": "HALKA_ACIK", "MARKA": "zes", "MARKAADI": "Zes", "SARJ_AGI_ISLETMECISI": "ZES DİJİTAL TİCARET ANONİM ŞİRKETİ", "YESIL_SARJ_ISTASYONU_MU": "Evet", "ADRES": "Kızılırmak Mahallesi Muhsin Yazıcıoğlu Caddesi  No:1 Çankaya / ANKARA", "SOKET_NO": "SKT/1361", "SOKET_TIPI": "AC", "SOKET_TURU": "AC_TYPE2", "SOKET_GUCU_KW": "22" }, "geometry": { "type": "Point", "coordinates": [ 32.806078, 39.9094 ] } },
{ "type": "Feature", "properties": { "ID": 9367.0, "SIRA_NO": 426.0, "ISTASYON_NO": "ŞRJ/800", "ISTASYON_ADI": "Atakule Ankara", "HIZMET_SEKLI": "HALKA_ACIK", "MARKA": "zes", "MARKAADI": "Zes", "SARJ_AGI_ISLETMECISI": "ZES DİJİTAL TİCARET ANONİM ŞİRKETİ", "YESIL_SARJ_ISTASYONU_MU": "Evet", "ADRES": "Çankaya Mahallesi Çankaya Caddesi  No:1 Çankaya / ANKARA", "SOKET_NO": "SKT/1342", "SOKET_TIPI": "AC", "SOKET_TURU": "AC_TYPE2", "SOKET_GUCU_KW": "22" }, "geometry": { "type": "Point", "coordinates": [ 32.856224, 39.885999 ] } },
{ "type": "Feature", "properties": { "ID": 10517.0, "SIRA_NO": 305.0, "ISTASYON_NO": "ŞRJ/14599", "ISTASYON_ADI": "The Paragon Tower", "HIZMET_SEKLI": "HALKA_ACIK", "MARKA": "zes", "MARKAADI": "Zes", "SARJ_AGI_ISLETMECISI": "ZES DİJİTAL TİCARET ANONİM ŞİRKETİ", "YESIL_SARJ_ISTASYONU_MU": "Evet", "ADRES": "Kızılırmak Mahallesi 1445 Sokağı  No:2 Çankaya / ANKARA", "SOKET_NO": "SKT/38461", "SOKET_TIPI": "DC", "SOKET_TURU": "DC_CCS", "SOKET_GUCU_KW": "180" }, "geometry": { "type": "Point", "coordinates": [ 32.813012, 39.908905 ] } },
{ "type": "Feature", "properties": { "ID": 8340.0, "SIRA_NO": 418.0, "ISTASYON_NO": "ŞRJ/794", "ISTASYON_ADI": "Anemon Ankara", "HIZMET_SEKLI": "HALKA_ACIK", "MARKA": "zes", "MARKAADI": "Zes", "SARJ_AGI_ISLETMECISI": "ZES DİJİTAL TİCARET ANONİM ŞİRKETİ", "YESIL_SARJ_ISTASYONU_MU": "Evet", "ADRES": "Kavaklıdere Mahallesi Konur Sokağı  No:60 Çankaya / ANKARA", "SOKET_NO": "SKT/1332", "SOKET_TIPI": "AC", "SOKET_TURU": "AC_TYPE2", "SOKET_GUCU_KW": "22" }, "geometry": { "type": "Point", "coordinates": [ 32.85683, 39.913947 ] } },
{ "type": "Feature", "properties": { "ID": 10542.0, "SIRA_NO": 315.0, "ISTASYON_NO": "ŞRJ/14731", "ISTASYON_ADI": "Çankaya Evleri", "HIZMET_SEKLI": "HALKA_ACIK", "MARKA": "zes", "MARKAADI": "Zes", "SARJ_AGI_ISLETMECISI": "ZES DİJİTAL TİCARET ANONİM ŞİRKETİ", "YESIL_SARJ_ISTASYONU_MU": "Evet", "ADRES": "Çankaya Mahallesi İran Caddesi  No:8 Çankaya / ANKARA", "SOKET_NO": "SKT/38992", "SOKET_TIPI": "DC", "SOKET_TURU": "DC_CCS", "SOKET_GUCU_KW": "60" }, "geometry": { "type": "Point", "coordinates": [ 32.86272, 39.899044 ] } },
{ "type": "Feature", "properties": { "ID": 5347.0, "SIRA_NO": 121.0, "ISTASYON_NO": "ŞRJ/7396", "ISTASYON_ADI": "KOÇ KULELERİ B BLOK", "HIZMET_SEKLI": "HALKA_ACIK", "MARKA": "Tripy", "MARKAADI": "Tripy", "SARJ_AGI_ISLETMECISI": "TRİPY MOBİLİTY TEKNOLOJİ ANONİM ŞİRKETİ", "YESIL_SARJ_ISTASYONU_MU": "", "ADRES": "Söğütözü Mahallesi Söğütözü Caddesi Çankaya / ANKARA", "SOKET_NO": "SKT/16623", "SOKET_TIPI": "AC", "SOKET_TURU": "AC_TYPE2", "SOKET_GUCU_KW": "22" }, "geometry": { "type": "Point", "coordinates": [ 32.803887, 39.912479 ] } },
{ "type": "Feature", "properties": { "ID": 5348.0, "SIRA_NO": 121.0, "ISTASYON_NO": "ŞRJ/7396", "ISTASYON_ADI": "KOÇ KULELERİ B BLOK", "HIZMET_SEKLI": "HALKA_ACIK", "MARKA": "Tripy", "MARKAADI": "Tripy", "SARJ_AGI_ISLETMECISI": "TRİPY MOBİLİTY TEKNOLOJİ ANONİM ŞİRKETİ", "YESIL_SARJ_ISTASYONU_MU": "", "ADRES": "Söğütözü Mahallesi Söğütözü Caddesi Çankaya / ANKARA", "SOKET_NO": "SKT/16624", "SOKET_TIPI": "AC", "SOKET_TURU": "AC_TYPE2", "SOKET_GUCU_KW": "22" }, "geometry": { "type": "Point", "coordinates": [ 32.803887, 39.912479 ] } },
{ "type": "Feature", "properties": { "ID": 5349.0, "SIRA_NO": 121.0, "ISTASYON_NO": "ŞRJ/7396", "ISTASYON_ADI": "KOÇ KULELERİ B BLOK", "HIZMET_SEKLI": "HALKA_ACIK", "MARKA": "Tripy", "MARKAADI": "Tripy", "SARJ_AGI_ISLETMECISI": "TRİPY MOBİLİTY TEKNOLOJİ ANONİM ŞİRKETİ", "YESIL_SARJ_ISTASYONU_MU": "", "ADRES": "Söğütözü Mahallesi Söğütözü Caddesi Çankaya / ANKARA", "SOKET_NO": "SKT/16625", "SOKET_TIPI": "AC", "SOKET_TURU": "AC_TYPE2", "SOKET_GUCU_KW": "22" }, "geometry": { "type": "Point", "coordinates": [ 32.803887, 39.912479 ] } },
{ "type": "Feature", "properties": { "ID": 6267.0, "SIRA_NO": 499.0, "ISTASYON_NO": "ŞRJ/8915", "ISTASYON_ADI": "ÖNİZŞARJ GALLERİA AVM ANKARA", "HIZMET_SEKLI": "HALKA_ACIK", "MARKA": "önizşarj", "MARKAADI": "ASM Group", "SARJ_AGI_ISLETMECISI": "ASM DEKORASYON MOBİLYA  GRANİT MERMER İNŞAAT SANAYİ TİCARET LİMİTED ŞİRKETİ", "YESIL_SARJ_ISTASYONU_MU": "", "ADRES": "Mutlukent Mahallesi 2432 Caddesi  No:97 Çankaya / ANKARA", "SOKET_NO": "SKT/20647", "SOKET_TIPI": "AC", "SOKET_TURU": "AC_TYPE2", "SOKET_GUCU_KW": "22" }, "geometry": { "type": "Point", "coordinates": [ 32.704279, 39.895837 ] } },
{ "type": "Feature", "properties": { "ID": 6271.0, "SIRA_NO": 2.0, "ISTASYON_NO": "ŞRJ/8115", "ISTASYON_ADI": "ÖNİZŞARJ KALE OFİS", "HIZMET_SEKLI": "HALKA_ACIK", "MARKA": "önizşarj", "MARKAADI": "ASM Group", "SARJ_AGI_ISLETMECISI": "ASM DEKORASYON MOBİLYA  GRANİT MERMER İNŞAAT SANAYİ TİCARET LİMİTED ŞİRKETİ", "YESIL_SARJ_ISTASYONU_MU": "", "ADRES": "Çukurambar Mah. Mahallesi  No:No:150 Çankaya / ANKARA", "SOKET_NO": "SKT/18580", "SOKET_TIPI": "AC", "SOKET_TURU": "AC_TYPE2", "SOKET_GUCU_KW": "22" }, "geometry": { "type": "Point", "coordinates": [ 32.813327, 39.899065 ] } },
{ "type": "Feature", "properties": { "ID": 6272.0, "SIRA_NO": 2.0, "ISTASYON_NO": "ŞRJ/8115", "ISTASYON_ADI": "ÖNİZŞARJ KALE OFİS", "HIZMET_SEKLI": "HALKA_ACIK", "MARKA": "önizşarj", "MARKAADI": "ASM Group", "SARJ_AGI_ISLETMECISI": "ASM DEKORASYON MOBİLYA  GRANİT MERMER İNŞAAT SANAYİ TİCARET LİMİTED ŞİRKETİ", "YESIL_SARJ_ISTASYONU_MU": "", "ADRES": "Çukurambar Mah. Mahallesi  No:No:150 Çankaya / ANKARA", "SOKET_NO": "SKT/34504", "SOKET_TIPI": "DC", "SOKET_TURU": "DC_CCS", "SOKET_GUCU_KW": "120" }, "geometry": { "type": "Point", "coordinates": [ 32.813327, 39.899065 ] } },
{ "type": "Feature", "properties": { "ID": 6273.0, "SIRA_NO": 2.0, "ISTASYON_NO": "ŞRJ/8115", "ISTASYON_ADI": "ÖNİZŞARJ KALE OFİS", "HIZMET_SEKLI": "HALKA_ACIK", "MARKA": "önizşarj", "MARKAADI": "ASM Group", "SARJ_AGI_ISLETMECISI": "ASM DEKORASYON MOBİLYA  GRANİT MERMER İNŞAAT SANAYİ TİCARET LİMİTED ŞİRKETİ", "YESIL_SARJ_ISTASYONU_MU": "", "ADRES": "Çukurambar Mah. Mahallesi  No:No:150 Çankaya / ANKARA", "SOKET_NO": "SKT/34505", "SOKET_TIPI": "DC", "SOKET_TURU": "DC_CCS", "SOKET_GUCU_KW": "120" }, "geometry": { "type": "Point", "coordinates": [ 32.813327, 39.899065 ] } },
{ "type": "Feature", "properties": { "ID": 8350.0, "SIRA_NO": 425.0, "ISTASYON_NO": "ŞRJ/804", "ISTASYON_ADI": "Besa Kule Ankara", "HIZMET_SEKLI": "HALKA_ACIK", "MARKA": "zes", "MARKAADI": "Zes", "SARJ_AGI_ISLETMECISI": "ZES DİJİTAL TİCARET ANONİM ŞİRKETİ", "YESIL_SARJ_ISTASYONU_MU": "Evet", "ADRES": "Çukurambar Mahallesi 1480. Sokağı  No:71 Çankaya / ANKARA", "SOKET_NO": "SKT/1348", "SOKET_TIPI": "AC", "SOKET_TURU": "AC_TYPE2", "SOKET_GUCU_KW": "22" }, "geometry": { "type": "Point", "coordinates": [ 32.805976, 39.9095 ] } },
{ "type": "Feature", "properties": { "ID": 8354.0, "SIRA_NO": 427.0, "ISTASYON_NO": "ŞRJ/806", "ISTASYON_ADI": "Çalgan Restaurant Ankara", "HIZMET_SEKLI": "HALKA_ACIK", "MARKA": "zes", "MARKAADI": "Zes", "SARJ_AGI_ISLETMECISI": "ZES DİJİTAL TİCARET ANONİM ŞİRKETİ", "YESIL_SARJ_ISTASYONU_MU": "Evet", "ADRES": "Alacaatlı Mahallesi  No:1  Alacaatlı Köy Yolu Çankaya / ANKARA", "SOKET_NO": "SKT/1352", "SOKET_TIPI": "AC", "SOKET_TURU": "AC_TYPE2", "SOKET_GUCU_KW": "22" }, "geometry": { "type": "Point", "coordinates": [ 32.675141, 39.851342 ] } },
{ "type": "Feature", "properties": { "ID": 8357.0, "SIRA_NO": 429.0, "ISTASYON_NO": "ŞRJ/811", "ISTASYON_ADI": "JW Marriott Otel Ankara Açık Otopark", "HIZMET_SEKLI": "HALKA_ACIK", "MARKA": "zes", "MARKAADI": "Zes", "SARJ_AGI_ISLETMECISI": "ZES DİJİTAL TİCARET ANONİM ŞİRKETİ", "YESIL_SARJ_ISTASYONU_MU": "Evet", "ADRES": "Kızılırmak Mahallesi Muhsin Yazıcıoğlu Caddesi  No:1 Çankaya / ANKARA", "SOKET_NO": "SKT/1359", "SOKET_TIPI": "AC", "SOKET_TURU": "AC_TYPE2", "SOKET_GUCU_KW": "22" }, "geometry": { "type": "Point", "coordinates": [ 32.804415, 39.909219 ] } },
{ "type": "Feature", "properties": { "ID": 6264.0, "SIRA_NO": 499.0, "ISTASYON_NO": "ŞRJ/8915", "ISTASYON_ADI": "ÖNİZŞARJ GALLERİA AVM ANKARA", "HIZMET_SEKLI": "HALKA_ACIK", "MARKA": "önizşarj", "MARKAADI": "ASM Group", "SARJ_AGI_ISLETMECISI": "ASM DEKORASYON MOBİLYA  GRANİT MERMER İNŞAAT SANAYİ TİCARET LİMİTED ŞİRKETİ", "YESIL_SARJ_ISTASYONU_MU": "", "ADRES": "Mutlukent Mahallesi 2432 Caddesi  No:97 Çankaya / ANKARA", "SOKET_NO": "SKT/20644", "SOKET_TIPI": "AC", "SOKET_TURU": "AC_TYPE2", "SOKET_GUCU_KW": "22" }, "geometry": { "type": "Point", "coordinates": [ 32.704279, 39.895837 ] } },
{ "type": "Feature", "properties": { "ID": 6265.0, "SIRA_NO": 499.0, "ISTASYON_NO": "ŞRJ/8915", "ISTASYON_ADI": "ÖNİZŞARJ GALLERİA AVM ANKARA", "HIZMET_SEKLI": "HALKA_ACIK", "MARKA": "önizşarj", "MARKAADI": "ASM Group", "SARJ_AGI_ISLETMECISI": "ASM DEKORASYON MOBİLYA  GRANİT MERMER İNŞAAT SANAYİ TİCARET LİMİTED ŞİRKETİ", "YESIL_SARJ_ISTASYONU_MU": "", "ADRES": "Mutlukent Mahallesi 2432 Caddesi  No:97 Çankaya / ANKARA", "SOKET_NO": "SKT/20645", "SOKET_TIPI": "AC", "SOKET_TURU": "AC_TYPE2", "SOKET_GUCU_KW": "22" }, "geometry": { "type": "Point", "coordinates": [ 32.704279, 39.895837 ] } },
{ "type": "Feature", "properties": { "ID": 6266.0, "SIRA_NO": 499.0, "ISTASYON_NO": "ŞRJ/8915", "ISTASYON_ADI": "ÖNİZŞARJ GALLERİA AVM ANKARA", "HIZMET_SEKLI": "HALKA_ACIK", "MARKA": "önizşarj", "MARKAADI": "ASM Group", "SARJ_AGI_ISLETMECISI": "ASM DEKORASYON MOBİLYA  GRANİT MERMER İNŞAAT SANAYİ TİCARET LİMİTED ŞİRKETİ", "YESIL_SARJ_ISTASYONU_MU": "", "ADRES": "Mutlukent Mahallesi 2432 Caddesi  No:97 Çankaya / ANKARA", "SOKET_NO": "SKT/20646", "SOKET_TIPI": "AC", "SOKET_TURU": "AC_TYPE2", "SOKET_GUCU_KW": "22" }, "geometry": { "type": "Point", "coordinates": [ 32.704279, 39.895837 ] } },
{ "type": "Feature", "properties": { "ID": 9145.0, "SIRA_NO": 344.0, "ISTASYON_NO": "ŞRJ/9248", "ISTASYON_ADI": "Güven Sağlıklı Yaşam Merkezi", "HIZMET_SEKLI": "HALKA_ACIK", "MARKA": "zes", "MARKAADI": "Zes", "SARJ_AGI_ISLETMECISI": "ZES DİJİTAL TİCARET ANONİM ŞİRKETİ", "YESIL_SARJ_ISTASYONU_MU": "Evet", "ADRES": "Alacaatlı Mahallesi Alacaatlı Sokağı  No:15 Çankaya / ANKARA", "SOKET_NO": "SKT/21696", "SOKET_TIPI": "AC", "SOKET_TURU": "AC_TYPE2", "SOKET_GUCU_KW": "22" }, "geometry": { "type": "Point", "coordinates": [ 32.685422, 39.865416 ] } },
{ "type": "Feature", "properties": { "ID": 5236.0, "SIRA_NO": 55.0, "ISTASYON_NO": "ŞRJ/8634", "ISTASYON_ADI": "ANKARA SÖĞÜTÖZÜ KONUTLARI-1", "HIZMET_SEKLI": "OZEL", "MARKA": "PROMASTER", "MARKAADI": "Promaster", "SARJ_AGI_ISLETMECISI": "PROMASTER DANIŞMANLIK LİMİTED ŞİRKETİ", "YESIL_SARJ_ISTASYONU_MU": "", "ADRES": "Sögütözü Mahallesi 2185 Caddesi Çankaya / ANKARA", "SOKET_NO": "SKT/19878", "SOKET_TIPI": "AC", "SOKET_TURU": "AC_TYPE2", "SOKET_GUCU_KW": "22" }, "geometry": { "type": "Point", "coordinates": [ 32.794531, 39.914105 ] } },
{ "type": "Feature", "properties": { "ID": 5521.0, "SIRA_NO": 180.0, "ISTASYON_NO": "ŞRJ/13378", "ISTASYON_ADI": "Türk Telekom Ankara Balgat Ofisi", "HIZMET_SEKLI": "HALKA_ACIK", "MARKA": "E4 ŞARJ", "MARKAADI": "E4 Şarj", "SARJ_AGI_ISLETMECISI": "TT VENTURES PROJE GELİŞTİRME ANONİM ŞİRKETİ", "YESIL_SARJ_ISTASYONU_MU": "", "ADRES": "Kızılırmak Mahallesi  No:100 Çankaya / ANKARA", "SOKET_NO": "SKT/34750", "SOKET_TIPI": "AC", "SOKET_TURU": "AC_TYPE2", "SOKET_GUCU_KW": "22" }, "geometry": { "type": "Point", "coordinates": [ 32.814039, 39.908661 ] } },
{ "type": "Feature", "properties": { "ID": 5522.0, "SIRA_NO": 180.0, "ISTASYON_NO": "ŞRJ/13378", "ISTASYON_ADI": "Türk Telekom Ankara Balgat Ofisi", "HIZMET_SEKLI": "HALKA_ACIK", "MARKA": "E4 ŞARJ", "MARKAADI": "E4 Şarj", "SARJ_AGI_ISLETMECISI": "TT VENTURES PROJE GELİŞTİRME ANONİM ŞİRKETİ", "YESIL_SARJ_ISTASYONU_MU": "", "ADRES": "Kızılırmak Mahallesi  No:100 Çankaya / ANKARA", "SOKET_NO": "SKT/34751", "SOKET_TIPI": "AC", "SOKET_TURU": "AC_TYPE2", "SOKET_GUCU_KW": "22" }, "geometry": { "type": "Point", "coordinates": [ 32.814039, 39.908661 ] } },
{ "type": "Feature", "properties": { "ID": 5524.0, "SIRA_NO": 181.0, "ISTASYON_NO": "ŞRJ/15918", "ISTASYON_ADI": "Türk Telekom Ümitköy Veri Merkezi Binası", "HIZMET_SEKLI": "OZEL", "MARKA": "E4 ŞARJ", "MARKAADI": "E4 Şarj", "SARJ_AGI_ISLETMECISI": "TT VENTURES PROJE GELİŞTİRME ANONİM ŞİRKETİ", "YESIL_SARJ_ISTASYONU_MU": "", "ADRES": "Ümit Mahallesi 2432 Caddesi  No:46 / 1 Çankaya / ANKARA", "SOKET_NO": "SKT/42717", "SOKET_TIPI": "DC", "SOKET_TURU": "DC_CHADEMO", "SOKET_GUCU_KW": "60" }, "geometry": { "type": "Point", "coordinates": [ 32.703849, 39.896551 ] } },
{ "type": "Feature", "properties": { "ID": 8368.0, "SIRA_NO": 434.0, "ISTASYON_NO": "ŞRJ/824", "ISTASYON_ADI": "Midas Hotel Ankara", "HIZMET_SEKLI": "HALKA_ACIK", "MARKA": "zes", "MARKAADI": "Zes", "SARJ_AGI_ISLETMECISI": "ZES DİJİTAL TİCARET ANONİM ŞİRKETİ", "YESIL_SARJ_ISTASYONU_MU": "Evet", "ADRES": "Kavaklıdere Mahallesi Tunus Caddesi  No:20 Çankaya / ANKARA", "SOKET_NO": "SKT/1383", "SOKET_TIPI": "AC", "SOKET_TURU": "AC_TYPE2", "SOKET_GUCU_KW": "22" }, "geometry": { "type": "Point", "coordinates": [ 32.856396, 39.911427 ] } },
{ "type": "Feature", "properties": { "ID": 8370.0, "SIRA_NO": 435.0, "ISTASYON_NO": "ŞRJ/826", "ISTASYON_ADI": "Newpark Otel Ankara", "HIZMET_SEKLI": "HALKA_ACIK", "MARKA": "zes", "MARKAADI": "Zes", "SARJ_AGI_ISLETMECISI": "ZES DİJİTAL TİCARET ANONİM ŞİRKETİ", "YESIL_SARJ_ISTASYONU_MU": "Evet", "ADRES": "Önçebeci Mahallesi Ziya Gökalp Caddesi  No:58 Çankaya / ANKARA", "SOKET_NO": "SKT/1387", "SOKET_TIPI": "AC", "SOKET_TURU": "AC_TYPE2", "SOKET_GUCU_KW": "22" }, "geometry": { "type": "Point", "coordinates": [ 32.86312, 39.924511 ] } },
{ "type": "Feature", "properties": { "ID": 8380.0, "SIRA_NO": 440.0, "ISTASYON_NO": "ŞRJ/835", "ISTASYON_ADI": "Sur Balık Restoran", "HIZMET_SEKLI": "HALKA_ACIK", "MARKA": "zes", "MARKAADI": "Zes", "SARJ_AGI_ISLETMECISI": "ZES DİJİTAL TİCARET ANONİM ŞİRKETİ", "YESIL_SARJ_ISTASYONU_MU": "Evet", "ADRES": "Uğur Mumcu Caddesi Kuleli Sokağı  No:40 Çankaya / ANKARA", "SOKET_NO": "SKT/1405", "SOKET_TIPI": "AC", "SOKET_TURU": "AC_TYPE2", "SOKET_GUCU_KW": "22" }, "geometry": { "type": "Point", "coordinates": [ 32.871683, 39.892713 ] } },
{ "type": "Feature", "properties": { "ID": 10866.0, "SIRA_NO": 413.0, "ISTASYON_NO": "ŞRJ/2676", "ISTASYON_ADI": "Park lnn by Radisson Ankara", "HIZMET_SEKLI": "HALKA_ACIK", "MARKA": "zes", "MARKAADI": "Zes", "SARJ_AGI_ISLETMECISI": "ZES DİJİTAL TİCARET ANONİM ŞİRKETİ", "YESIL_SARJ_ISTASYONU_MU": "Evet", "ADRES": "Yukarı Dikmen Mahallesi Alexsander Dubçek Caddesi  No:7 Çankaya / ANKARA", "SOKET_NO": "SKT/42001", "SOKET_TIPI": "DC", "SOKET_TURU": "DC_CCS", "SOKET_GUCU_KW": "60" }, "geometry": { "type": "Point", "coordinates": [ 32.853578, 39.864997 ] } },
{ "type": "Feature", "properties": { "ID": 5351.0, "SIRA_NO": 121.0, "ISTASYON_NO": "ŞRJ/7396", "ISTASYON_ADI": "KOÇ KULELERİ B BLOK", "HIZMET_SEKLI": "HALKA_ACIK", "MARKA": "Tripy", "MARKAADI": "Tripy", "SARJ_AGI_ISLETMECISI": "TRİPY MOBİLİTY TEKNOLOJİ ANONİM ŞİRKETİ", "YESIL_SARJ_ISTASYONU_MU": "", "ADRES": "Söğütözü Mahallesi Söğütözü Caddesi Çankaya / ANKARA", "SOKET_NO": "SKT/16627", "SOKET_TIPI": "AC", "SOKET_TURU": "AC_TYPE2", "SOKET_GUCU_KW": "22" }, "geometry": { "type": "Point", "coordinates": [ 32.803887, 39.912479 ] } },
{ "type": "Feature", "properties": { "ID": 8948.0, "SIRA_NO": 257.0, "ISTASYON_NO": "ŞRJ/799", "ISTASYON_ADI": "Arcadium AVM Çankaya", "HIZMET_SEKLI": "HALKA_ACIK", "MARKA": "zes", "MARKAADI": "Zes", "SARJ_AGI_ISLETMECISI": "ZES DİJİTAL TİCARET ANONİM ŞİRKETİ", "YESIL_SARJ_ISTASYONU_MU": "Evet", "ADRES": "Koru Mahallesi 2432. Caddesi  No:192 Çankaya / ANKARA", "SOKET_NO": "SKT/1340", "SOKET_TIPI": "AC", "SOKET_TURU": "AC_TYPE2", "SOKET_GUCU_KW": "22" }, "geometry": { "type": "Point", "coordinates": [ 32.68559, 39.882691 ] } },
{ "type": "Feature", "properties": { "ID": 3063.0, "SIRA_NO": 230.0, "ISTASYON_NO": "ŞRJ/14482", "ISTASYON_ADI": "ANKARA NEXT LEVEL AVM", "HIZMET_SEKLI": "HALKA_ACIK", "MARKA": "KES", "MARKAADI": "KES", "SARJ_AGI_ISLETMECISI": "KLR ENERJİ SİSTEMLERİ SANAYİ VE TİCARET ANONİM ŞİRKETİ", "YESIL_SARJ_ISTASYONU_MU": "", "ADRES": "Kızılırmak Mahallesi Dumlupınar Sokağı  No:3  Bucak Merkez Çankaya / ANKARA", "SOKET_NO": "SKT/38148", "SOKET_TIPI": "DC", "SOKET_TURU": "DC_CCS", "SOKET_GUCU_KW": "120" }, "geometry": { "type": "Point", "coordinates": [ 32.811995, 39.911611 ] } },
{ "type": "Feature", "properties": { "ID": 4050.0, "SIRA_NO": 100.0, "ISTASYON_NO": "ŞRJ/6979", "ISTASYON_ADI": "ARTSE SİGORTA", "HIZMET_SEKLI": "HALKA_ACIK", "MARKA": "INTERDATA", "MARKAADI": "Interdata", "SARJ_AGI_ISLETMECISI": "INTERDATA VERİ MERKEZİ VE ENTEGRASYON HİZMETLERİ ANONİM ŞİRKETİ", "YESIL_SARJ_ISTASYONU_MU": "", "ADRES": "100.yıl Mahallesi Kuleli Sokağı  No:12 Çankaya / ANKARA", "SOKET_NO": "SKT/15586", "SOKET_TIPI": "AC", "SOKET_TURU": "AC_TYPE2", "SOKET_GUCU_KW": "11" }, "geometry": { "type": "Point", "coordinates": [ 32.873538, 39.897221 ] } },
{ "type": "Feature", "properties": { "ID": 8029.0, "SIRA_NO": 252.0, "ISTASYON_NO": "ŞRJ/8093", "ISTASYON_ADI": "RENAZA İŞ VE YAŞAM MERKEZİ", "HIZMET_SEKLI": "HALKA_ACIK", "MARKA": "zes", "MARKAADI": "Zes", "SARJ_AGI_ISLETMECISI": "ZES DİJİTAL TİCARET ANONİM ŞİRKETİ", "YESIL_SARJ_ISTASYONU_MU": "Evet", "ADRES": "İlkbahar Mahallesi Doğukent Sokağı  No:739 Çankaya / ANKARA", "SOKET_NO": "SKT/18513", "SOKET_TIPI": "DC", "SOKET_TURU": "DC_CCS", "SOKET_GUCU_KW": "60" }, "geometry": { "type": "Point", "coordinates": [ 32.853119, 39.858268 ] } },
{ "type": "Feature", "properties": { "ID": 6906.0, "SIRA_NO": 215.0, "ISTASYON_NO": "ŞRJ/8604", "ISTASYON_ADI": "Bilkent Üniversitesi Rektörlük Binası", "HIZMET_SEKLI": "HALKA_ACIK", "MARKA": "oncharge", "MARKAADI": "Oncharge", "SARJ_AGI_ISLETMECISI": "KALYON ELECTRICAL VEHICLE ENERJİ YATIRIM ANONİM ŞİRKETİ", "YESIL_SARJ_ISTASYONU_MU": "", "ADRES": "Üniversiteler Mahallesi 1597 Caddesi  No:3 Çankaya / ANKARA", "SOKET_NO": "SKT/42573", "SOKET_TIPI": "DC", "SOKET_TURU": "DC_CCS", "SOKET_GUCU_KW": "60" }, "geometry": { "type": "Point", "coordinates": [ 32.7498, 39.8721 ] } },
{ "type": "Feature", "properties": { "ID": 6911.0, "SIRA_NO": 216.0, "ISTASYON_NO": "ŞRJ/12489", "ISTASYON_ADI": "Nev201", "HIZMET_SEKLI": "HALKA_ACIK", "MARKA": "oncharge", "MARKAADI": "Oncharge", "SARJ_AGI_ISLETMECISI": "KALYON ELECTRICAL VEHICLE ENERJİ YATIRIM ANONİM ŞİRKETİ", "YESIL_SARJ_ISTASYONU_MU": "", "ADRES": "Ehlibeyt Mahallesi  No:201 Çankaya / ANKARA", "SOKET_NO": "SKT/42579", "SOKET_TIPI": "AC", "SOKET_TURU": "AC_TYPE2", "SOKET_GUCU_KW": "22" }, "geometry": { "type": "Point", "coordinates": [ 32.813922, 39.889117 ] } },
{ "type": "Feature", "properties": { "ID": 7761.0, "SIRA_NO": 142.0, "ISTASYON_NO": "ŞRJ/6876", "ISTASYON_ADI": "One Tower AVM Açık Otopark", "HIZMET_SEKLI": "HALKA_ACIK", "MARKA": "zes", "MARKAADI": "Zes", "SARJ_AGI_ISLETMECISI": "ZES DİJİTAL TİCARET ANONİM ŞİRKETİ", "YESIL_SARJ_ISTASYONU_MU": "Evet", "ADRES": "Oran Mahallesi Kudüs Caddesi  No:6 Çankaya / ANKARA", "SOKET_NO": "SKT/15295", "SOKET_TIPI": "DC", "SOKET_TURU": "DC_CCS", "SOKET_GUCU_KW": "60" }, "geometry": { "type": "Point", "coordinates": [ 32.835954, 39.84979 ] } },
{ "type": "Feature", "properties": { "ID": 3362.0, "SIRA_NO": 379.0, "ISTASYON_NO": "ŞRJ/16570", "ISTASYON_ADI": "Hacettepe Teknokent- F blok", "HIZMET_SEKLI": "HALKA_ACIK", "MARKA": "ECOBOX", "MARKAADI": "Ecobox", "SARJ_AGI_ISLETMECISI": "ATAY GÜÇ VE ENERJİ SİSTEMLERİ İMALAT SANAYİ TİCARET LİMİTED ŞİRKETİ", "YESIL_SARJ_ISTASYONU_MU": "", "ADRES": "Üniversiteler Mahallesi Mahallesi 1596 Sokak Sokağı  No:6/C Çankaya / ANKARA", "SOKET_NO": "SKT/45054", "SOKET_TIPI": "AC", "SOKET_TURU": "AC_TYPE2", "SOKET_GUCU_KW": "22" }, "geometry": { "type": "Point", "coordinates": [ 32.736579, 39.862403 ] } },
{ "type": "Feature", "properties": { "ID": 3363.0, "SIRA_NO": 379.0, "ISTASYON_NO": "ŞRJ/16570", "ISTASYON_ADI": "Hacettepe Teknokent- F blok", "HIZMET_SEKLI": "HALKA_ACIK", "MARKA": "ECOBOX", "MARKAADI": "Ecobox", "SARJ_AGI_ISLETMECISI": "ATAY GÜÇ VE ENERJİ SİSTEMLERİ İMALAT SANAYİ TİCARET LİMİTED ŞİRKETİ", "YESIL_SARJ_ISTASYONU_MU": "", "ADRES": "Üniversiteler Mahallesi Mahallesi 1596 Sokak Sokağı  No:6/C Çankaya / ANKARA", "SOKET_NO": "SKT/45055", "SOKET_TIPI": "AC", "SOKET_TURU": "AC_TYPE2", "SOKET_GUCU_KW": "22" }, "geometry": { "type": "Point", "coordinates": [ 32.736579, 39.862403 ] } },
{ "type": "Feature", "properties": { "ID": 32672.0, "SIRA_NO": 281.0, "ISTASYON_NO": "ŞRJ/7789", "ISTASYON_ADI": "Parktepe Evleri", "HIZMET_SEKLI": "OZEL", "MARKA": "FORTIS ENERJİ", "MARKAADI": "Fortis Enerji", "SARJ_AGI_ISLETMECISI": "FORTİS ENERJİ ELEKTRİK ÜRETİM ANONİM ŞİRKETİ", "YESIL_SARJ_ISTASYONU_MU": "", "ADRES": "Beytepe Mahallesi Yunus Emre Caddesi Çankaya / ANKARA", "SOKET_NO": "SKT/17743", "SOKET_TIPI": "AC", "SOKET_TURU": "AC_TYPE2", "SOKET_GUCU_KW": "22" }, "geometry": { "type": "Point", "coordinates": [ 32.710131, 39.847692 ] } },
{ "type": "Feature", "properties": { "ID": 2805.0, "SIRA_NO": 166.0, "ISTASYON_NO": "ŞRJ/10267", "ISTASYON_ADI": "Doğuş Oto Ankara - Audi", "HIZMET_SEKLI": "HALKA_ACIK", "MARKA": "D-Charge", "MARKAADI": "D - Charge", "SARJ_AGI_ISLETMECISI": "DOĞUŞ ŞARJ SİSTEMLERİ PAZARLAMA VE TİCARET ANONİM ŞİRKETİ", "YESIL_SARJ_ISTASYONU_MU": "", "ADRES": "İşçi Blokları Mahallesi  No:182a Çankaya / ANKARA", "SOKET_NO": "SKT/24894", "SOKET_TIPI": "DC", "SOKET_TURU": "DC_CCS", "SOKET_GUCU_KW": "120" }, "geometry": { "type": "Point", "coordinates": [ 32.812432, 39.891671 ] } },
{ "type": "Feature", "properties": { "ID": 2806.0, "SIRA_NO": 166.0, "ISTASYON_NO": "ŞRJ/10267", "ISTASYON_ADI": "Doğuş Oto Ankara - Audi", "HIZMET_SEKLI": "HALKA_ACIK", "MARKA": "D-Charge", "MARKAADI": "D - Charge", "SARJ_AGI_ISLETMECISI": "DOĞUŞ ŞARJ SİSTEMLERİ PAZARLAMA VE TİCARET ANONİM ŞİRKETİ", "YESIL_SARJ_ISTASYONU_MU": "", "ADRES": "İşçi Blokları Mahallesi  No:182a Çankaya / ANKARA", "SOKET_NO": "SKT/24895", "SOKET_TIPI": "AC", "SOKET_TURU": "AC_TYPE2", "SOKET_GUCU_KW": "22" }, "geometry": { "type": "Point", "coordinates": [ 32.812432, 39.891671 ] } },
{ "type": "Feature", "properties": { "ID": 2807.0, "SIRA_NO": 166.0, "ISTASYON_NO": "ŞRJ/10267", "ISTASYON_ADI": "Doğuş Oto Ankara - Audi", "HIZMET_SEKLI": "HALKA_ACIK", "MARKA": "D-Charge", "MARKAADI": "D - Charge", "SARJ_AGI_ISLETMECISI": "DOĞUŞ ŞARJ SİSTEMLERİ PAZARLAMA VE TİCARET ANONİM ŞİRKETİ", "YESIL_SARJ_ISTASYONU_MU": "", "ADRES": "İşçi Blokları Mahallesi  No:182a Çankaya / ANKARA", "SOKET_NO": "SKT/24896", "SOKET_TIPI": "AC", "SOKET_TURU": "AC_TYPE2", "SOKET_GUCU_KW": "22" }, "geometry": { "type": "Point", "coordinates": [ 32.812432, 39.891671 ] } },
{ "type": "Feature", "properties": { "ID": 2809.0, "SIRA_NO": 167.0, "ISTASYON_NO": "ŞRJ/10268", "ISTASYON_ADI": "Doğuş Oto Ankara - Cupra", "HIZMET_SEKLI": "HALKA_ACIK", "MARKA": "D-Charge", "MARKAADI": "D - Charge", "SARJ_AGI_ISLETMECISI": "DOĞUŞ ŞARJ SİSTEMLERİ PAZARLAMA VE TİCARET ANONİM ŞİRKETİ", "YESIL_SARJ_ISTASYONU_MU": "", "ADRES": "İşçi Blokları Mahallesi  No:182a Çankaya / ANKARA", "SOKET_NO": "SKT/24900", "SOKET_TIPI": "DC", "SOKET_TURU": "DC_CCS", "SOKET_GUCU_KW": "180" }, "geometry": { "type": "Point", "coordinates": [ 32.812447, 39.891804 ] } },
{ "type": "Feature", "properties": { "ID": 6879.0, "SIRA_NO": 209.0, "ISTASYON_NO": "ŞRJ/2404", "ISTASYON_ADI": "Kuzu Effect", "HIZMET_SEKLI": "HALKA_ACIK", "MARKA": "oncharge", "MARKAADI": "Oncharge", "SARJ_AGI_ISLETMECISI": "KALYON ELECTRICAL VEHICLE ENERJİ YATIRIM ANONİM ŞİRKETİ", "YESIL_SARJ_ISTASYONU_MU": "", "ADRES": "Oran Mahallesi Zülfü Tigrel Caddesi  No:AVM ADP Çankaya / ANKARA", "SOKET_NO": "SKT/4439", "SOKET_TIPI": "DC", "SOKET_TURU": "DC_CCS", "SOKET_GUCU_KW": "120" }, "geometry": { "type": "Point", "coordinates": [ 32.828202, 39.8456 ] } },
{ "type": "Feature", "properties": { "ID": 2810.0, "SIRA_NO": 167.0, "ISTASYON_NO": "ŞRJ/10268", "ISTASYON_ADI": "Doğuş Oto Ankara - Cupra", "HIZMET_SEKLI": "HALKA_ACIK", "MARKA": "D-Charge", "MARKAADI": "D - Charge", "SARJ_AGI_ISLETMECISI": "DOĞUŞ ŞARJ SİSTEMLERİ PAZARLAMA VE TİCARET ANONİM ŞİRKETİ", "YESIL_SARJ_ISTASYONU_MU": "", "ADRES": "İşçi Blokları Mahallesi  No:182a Çankaya / ANKARA", "SOKET_NO": "SKT/24901", "SOKET_TIPI": "AC", "SOKET_TURU": "AC_TYPE2", "SOKET_GUCU_KW": "22" }, "geometry": { "type": "Point", "coordinates": [ 32.812447, 39.891804 ] } },
{ "type": "Feature", "properties": { "ID": 2812.0, "SIRA_NO": 168.0, "ISTASYON_NO": "ŞRJ/10270", "ISTASYON_ADI": "Doğuş Oto Ankara - Porsche", "HIZMET_SEKLI": "HALKA_ACIK", "MARKA": "D-Charge", "MARKAADI": "D - Charge", "SARJ_AGI_ISLETMECISI": "DOĞUŞ ŞARJ SİSTEMLERİ PAZARLAMA VE TİCARET ANONİM ŞİRKETİ", "YESIL_SARJ_ISTASYONU_MU": "", "ADRES": "İşçi Blokları Mahallesi  No:182a Çankaya / ANKARA", "SOKET_NO": "SKT/24903", "SOKET_TIPI": "DC", "SOKET_TURU": "DC_CCS", "SOKET_GUCU_KW": "350" }, "geometry": { "type": "Point", "coordinates": [ 32.812167, 39.89185 ] } },
{ "type": "Feature", "properties": { "ID": 4813.0, "SIRA_NO": 393.0, "ISTASYON_NO": "ŞRJ/8693", "ISTASYON_ADI": "Borusan Oto Çayyolu", "HIZMET_SEKLI": "HALKA_ACIK", "MARKA": "5 şarj", "MARKAADI": "5 Şarj", "SARJ_AGI_ISLETMECISI": "BORENCO ŞARJ TEKNOLOJİ YATIRIMLARI TİCARET ANONİM ŞİRKETİ", "YESIL_SARJ_ISTASYONU_MU": "Evet", "ADRES": "Konutkent Mahallesi 3028 Caddesi  No:6 Çankaya / ANKARA", "SOKET_NO": "SKT/20122", "SOKET_TIPI": "DC", "SOKET_TURU": "DC_CCS", "SOKET_GUCU_KW": "50" }, "geometry": { "type": "Point", "coordinates": [ 32.656204, 39.878202 ] } },
{ "type": "Feature", "properties": { "ID": 4814.0, "SIRA_NO": 393.0, "ISTASYON_NO": "ŞRJ/8693", "ISTASYON_ADI": "Borusan Oto Çayyolu", "HIZMET_SEKLI": "HALKA_ACIK", "MARKA": "5 şarj", "MARKAADI": "5 Şarj", "SARJ_AGI_ISLETMECISI": "BORENCO ŞARJ TEKNOLOJİ YATIRIMLARI TİCARET ANONİM ŞİRKETİ", "YESIL_SARJ_ISTASYONU_MU": "Evet", "ADRES": "Konutkent Mahallesi 3028 Caddesi  No:6 Çankaya / ANKARA", "SOKET_NO": "SKT/22338", "SOKET_TIPI": "DC", "SOKET_TURU": "DC_CHADEMO", "SOKET_GUCU_KW": "50" }, "geometry": { "type": "Point", "coordinates": [ 32.656204, 39.878202 ] } },
{ "type": "Feature", "properties": { "ID": 4815.0, "SIRA_NO": 393.0, "ISTASYON_NO": "ŞRJ/8693", "ISTASYON_ADI": "Borusan Oto Çayyolu", "HIZMET_SEKLI": "HALKA_ACIK", "MARKA": "5 şarj", "MARKAADI": "5 Şarj", "SARJ_AGI_ISLETMECISI": "BORENCO ŞARJ TEKNOLOJİ YATIRIMLARI TİCARET ANONİM ŞİRKETİ", "YESIL_SARJ_ISTASYONU_MU": "Evet", "ADRES": "Konutkent Mahallesi 3028 Caddesi  No:6 Çankaya / ANKARA", "SOKET_NO": "SKT/22339", "SOKET_TIPI": "DC", "SOKET_TURU": "DC_CHADEMO", "SOKET_GUCU_KW": "50" }, "geometry": { "type": "Point", "coordinates": [ 32.656204, 39.878202 ] } },
{ "type": "Feature", "properties": { "ID": 7898.0, "SIRA_NO": 197.0, "ISTASYON_NO": "ŞRJ/7242", "ISTASYON_ADI": "Vestel Ankara Balgat Ofis", "HIZMET_SEKLI": "HALKA_ACIK", "MARKA": "zes", "MARKAADI": "Zes", "SARJ_AGI_ISLETMECISI": "ZES DİJİTAL TİCARET ANONİM ŞİRKETİ", "YESIL_SARJ_ISTASYONU_MU": "Evet", "ADRES": "Ehlibeyt Mahallesi Ceyhun Atuf Kansu Caddesi  No:114 Çankaya / ANKARA", "SOKET_NO": "SKT/16230", "SOKET_TIPI": "AC", "SOKET_TURU": "AC_TYPE2", "SOKET_GUCU_KW": "22" }, "geometry": { "type": "Point", "coordinates": [ 32.816136, 39.893148 ] } },
{ "type": "Feature", "properties": { "ID": 3729.0, "SIRA_NO": 52.0, "ISTASYON_NO": "ŞRJ/16573", "ISTASYON_ADI": "DC BAŞKENT EMLAK KONUTLARI", "HIZMET_SEKLI": "HALKA_ACIK", "MARKA": "MYCHARGE", "MARKAADI": "Mycharge", "SARJ_AGI_ISLETMECISI": "MANAS İPLİK SANAYİ VE TİCARET ANONİM ŞİRKETİ", "YESIL_SARJ_ISTASYONU_MU": "", "ADRES": "İlkbahar Mahallesi Doğukent Caddesi Çankaya / ANKARA", "SOKET_NO": "SKT/45062", "SOKET_TIPI": "DC", "SOKET_TURU": "DC_CCS", "SOKET_GUCU_KW": "180" }, "geometry": { "type": "Point", "coordinates": [ 32.8541, 39.858928 ] } },
{ "type": "Feature", "properties": { "ID": 6908.0, "SIRA_NO": 215.0, "ISTASYON_NO": "ŞRJ/8604", "ISTASYON_ADI": "Bilkent Üniversitesi Rektörlük Binası", "HIZMET_SEKLI": "HALKA_ACIK", "MARKA": "oncharge", "MARKAADI": "Oncharge", "SARJ_AGI_ISLETMECISI": "KALYON ELECTRICAL VEHICLE ENERJİ YATIRIM ANONİM ŞİRKETİ", "YESIL_SARJ_ISTASYONU_MU": "", "ADRES": "Üniversiteler Mahallesi 1597 Caddesi  No:3 Çankaya / ANKARA", "SOKET_NO": "SKT/42576", "SOKET_TIPI": "AC", "SOKET_TURU": "AC_TYPE2", "SOKET_GUCU_KW": "22" }, "geometry": { "type": "Point", "coordinates": [ 32.7498, 39.8721 ] } },
{ "type": "Feature", "properties": { "ID": 6909.0, "SIRA_NO": 215.0, "ISTASYON_NO": "ŞRJ/8604", "ISTASYON_ADI": "Bilkent Üniversitesi Rektörlük Binası", "HIZMET_SEKLI": "HALKA_ACIK", "MARKA": "oncharge", "MARKAADI": "Oncharge", "SARJ_AGI_ISLETMECISI": "KALYON ELECTRICAL VEHICLE ENERJİ YATIRIM ANONİM ŞİRKETİ", "YESIL_SARJ_ISTASYONU_MU": "", "ADRES": "Üniversiteler Mahallesi 1597 Caddesi  No:3 Çankaya / ANKARA", "SOKET_NO": "SKT/42577", "SOKET_TIPI": "AC", "SOKET_TURU": "AC_TYPE2", "SOKET_GUCU_KW": "22" }, "geometry": { "type": "Point", "coordinates": [ 32.7498, 39.8721 ] } },
{ "type": "Feature", "properties": { "ID": 6910.0, "SIRA_NO": 215.0, "ISTASYON_NO": "ŞRJ/8604", "ISTASYON_ADI": "Bilkent Üniversitesi Rektörlük Binası", "HIZMET_SEKLI": "HALKA_ACIK", "MARKA": "oncharge", "MARKAADI": "Oncharge", "SARJ_AGI_ISLETMECISI": "KALYON ELECTRICAL VEHICLE ENERJİ YATIRIM ANONİM ŞİRKETİ", "YESIL_SARJ_ISTASYONU_MU": "", "ADRES": "Üniversiteler Mahallesi 1597 Caddesi  No:3 Çankaya / ANKARA", "SOKET_NO": "SKT/42578", "SOKET_TIPI": "AC", "SOKET_TURU": "AC_TYPE2", "SOKET_GUCU_KW": "22" }, "geometry": { "type": "Point", "coordinates": [ 32.7498, 39.8721 ] } },
{ "type": "Feature", "properties": { "ID": 6912.0, "SIRA_NO": 216.0, "ISTASYON_NO": "ŞRJ/12489", "ISTASYON_ADI": "Nev201", "HIZMET_SEKLI": "HALKA_ACIK", "MARKA": "oncharge", "MARKAADI": "Oncharge", "SARJ_AGI_ISLETMECISI": "KALYON ELECTRICAL VEHICLE ENERJİ YATIRIM ANONİM ŞİRKETİ", "YESIL_SARJ_ISTASYONU_MU": "", "ADRES": "Ehlibeyt Mahallesi  No:201 Çankaya / ANKARA", "SOKET_NO": "SKT/42580", "SOKET_TIPI": "AC", "SOKET_TURU": "AC_TYPE2", "SOKET_GUCU_KW": "22" }, "geometry": { "type": "Point", "coordinates": [ 32.813922, 39.889117 ] } },
{ "type": "Feature", "properties": { "ID": 6913.0, "SIRA_NO": 216.0, "ISTASYON_NO": "ŞRJ/12489", "ISTASYON_ADI": "Nev201", "HIZMET_SEKLI": "HALKA_ACIK", "MARKA": "oncharge", "MARKAADI": "Oncharge", "SARJ_AGI_ISLETMECISI": "KALYON ELECTRICAL VEHICLE ENERJİ YATIRIM ANONİM ŞİRKETİ", "YESIL_SARJ_ISTASYONU_MU": "", "ADRES": "Ehlibeyt Mahallesi  No:201 Çankaya / ANKARA", "SOKET_NO": "SKT/42581", "SOKET_TIPI": "AC", "SOKET_TURU": "AC_TYPE2", "SOKET_GUCU_KW": "22" }, "geometry": { "type": "Point", "coordinates": [ 32.813922, 39.889117 ] } },
{ "type": "Feature", "properties": { "ID": 6914.0, "SIRA_NO": 216.0, "ISTASYON_NO": "ŞRJ/12489", "ISTASYON_ADI": "Nev201", "HIZMET_SEKLI": "HALKA_ACIK", "MARKA": "oncharge", "MARKAADI": "Oncharge", "SARJ_AGI_ISLETMECISI": "KALYON ELECTRICAL VEHICLE ENERJİ YATIRIM ANONİM ŞİRKETİ", "YESIL_SARJ_ISTASYONU_MU": "", "ADRES": "Ehlibeyt Mahallesi  No:201 Çankaya / ANKARA", "SOKET_NO": "SKT/42582", "SOKET_TIPI": "DC", "SOKET_TURU": "DC_CCS", "SOKET_GUCU_KW": "60" }, "geometry": { "type": "Point", "coordinates": [ 32.813922, 39.889117 ] } },
{ "type": "Feature", "properties": { "ID": 12538.0, "SIRA_NO": 441.0, "ISTASYON_NO": "ŞRJ/3030", "ISTASYON_ADI": "CV Charging - Capital Center / DC 120 kW+AC 22 kW", "HIZMET_SEKLI": "HALKA_ACIK", "MARKA": "CHARGING VEHICLES CV", "MARKAADI": "Cv Enerji", "SARJ_AGI_ISLETMECISI": "CW ENERJİ MÜHENDİSLİK TİCARET VE SANAYİ ANONİM ŞİRKETİ", "YESIL_SARJ_ISTASYONU_MU": "", "ADRES": "İşçi  Blokları Mahallesi 1500 Sokağı  No:9 Çankaya / ANKARA", "SOKET_NO": "SKT/5893", "SOKET_TIPI": "DC", "SOKET_TURU": "DC_CCS", "SOKET_GUCU_KW": "120" }, "geometry": { "type": "Point", "coordinates": [ 32.807736, 39.890911 ] } },
{ "type": "Feature", "properties": { "ID": 6880.0, "SIRA_NO": 209.0, "ISTASYON_NO": "ŞRJ/2404", "ISTASYON_ADI": "Kuzu Effect", "HIZMET_SEKLI": "HALKA_ACIK", "MARKA": "oncharge", "MARKAADI": "Oncharge", "SARJ_AGI_ISLETMECISI": "KALYON ELECTRICAL VEHICLE ENERJİ YATIRIM ANONİM ŞİRKETİ", "YESIL_SARJ_ISTASYONU_MU": "", "ADRES": "Oran Mahallesi Zülfü Tigrel Caddesi  No:AVM ADP Çankaya / ANKARA", "SOKET_NO": "SKT/4440", "SOKET_TIPI": "DC", "SOKET_TURU": "DC_CCS", "SOKET_GUCU_KW": "120" }, "geometry": { "type": "Point", "coordinates": [ 32.828202, 39.8456 ] } },
{ "type": "Feature", "properties": { "ID": 11905.0, "SIRA_NO": 217.0, "ISTASYON_NO": "ŞRJ/7449", "ISTASYON_ADI": "Otojet - Renault Mais Ankara", "HIZMET_SEKLI": "HALKA_ACIK", "MARKA": "Otojet", "MARKAADI": "Otojet", "SARJ_AGI_ISLETMECISI": "OTOJET ENERJİ SANAYİ VE TİCARET ANONİM ŞİRKETİ", "YESIL_SARJ_ISTASYONU_MU": "", "ADRES": "Mustafa Kemal Mahallesi 2079 Sokağı  Bucak Çankaya / ANKARA", "SOKET_NO": "SKT/16753", "SOKET_TIPI": "DC", "SOKET_TURU": "DC_CCS", "SOKET_GUCU_KW": "150" }, "geometry": { "type": "Point", "coordinates": [ 32.74296, 39.91091 ] } },
{ "type": "Feature", "properties": { "ID": 7899.0, "SIRA_NO": 197.0, "ISTASYON_NO": "ŞRJ/7242", "ISTASYON_ADI": "Vestel Ankara Balgat Ofis", "HIZMET_SEKLI": "HALKA_ACIK", "MARKA": "zes", "MARKAADI": "Zes", "SARJ_AGI_ISLETMECISI": "ZES DİJİTAL TİCARET ANONİM ŞİRKETİ", "YESIL_SARJ_ISTASYONU_MU": "Evet", "ADRES": "Ehlibeyt Mahallesi Ceyhun Atuf Kansu Caddesi  No:114 Çankaya / ANKARA", "SOKET_NO": "SKT/16231", "SOKET_TIPI": "AC", "SOKET_TURU": "AC_TYPE2", "SOKET_GUCU_KW": "22" }, "geometry": { "type": "Point", "coordinates": [ 32.816136, 39.893148 ] } },
{ "type": "Feature", "properties": { "ID": 7900.0, "SIRA_NO": 197.0, "ISTASYON_NO": "ŞRJ/7242", "ISTASYON_ADI": "Vestel Ankara Balgat Ofis", "HIZMET_SEKLI": "HALKA_ACIK", "MARKA": "zes", "MARKAADI": "Zes", "SARJ_AGI_ISLETMECISI": "ZES DİJİTAL TİCARET ANONİM ŞİRKETİ", "YESIL_SARJ_ISTASYONU_MU": "Evet", "ADRES": "Ehlibeyt Mahallesi Ceyhun Atuf Kansu Caddesi  No:114 Çankaya / ANKARA", "SOKET_NO": "SKT/16232", "SOKET_TIPI": "AC", "SOKET_TURU": "AC_TYPE2", "SOKET_GUCU_KW": "22" }, "geometry": { "type": "Point", "coordinates": [ 32.816136, 39.893148 ] } },
{ "type": "Feature", "properties": { "ID": 7901.0, "SIRA_NO": 197.0, "ISTASYON_NO": "ŞRJ/7242", "ISTASYON_ADI": "Vestel Ankara Balgat Ofis", "HIZMET_SEKLI": "HALKA_ACIK", "MARKA": "zes", "MARKAADI": "Zes", "SARJ_AGI_ISLETMECISI": "ZES DİJİTAL TİCARET ANONİM ŞİRKETİ", "YESIL_SARJ_ISTASYONU_MU": "Evet", "ADRES": "Ehlibeyt Mahallesi Ceyhun Atuf Kansu Caddesi  No:114 Çankaya / ANKARA", "SOKET_NO": "SKT/16233", "SOKET_TIPI": "AC", "SOKET_TURU": "AC_TYPE2", "SOKET_GUCU_KW": "22" }, "geometry": { "type": "Point", "coordinates": [ 32.816136, 39.893148 ] } },
{ "type": "Feature", "properties": { "ID": 11910.0, "SIRA_NO": 221.0, "ISTASYON_NO": "ŞRJ/7903", "ISTASYON_ADI": "Otojet - DOCO Konya Yolu", "HIZMET_SEKLI": "HALKA_ACIK", "MARKA": "Otojet", "MARKAADI": "Otojet", "SARJ_AGI_ISLETMECISI": "OTOJET ENERJİ SANAYİ VE TİCARET ANONİM ŞİRKETİ", "YESIL_SARJ_ISTASYONU_MU": "", "ADRES": "Kızılırmak Mahallesi Mevlana Sokağı  No:108/2 Çankaya / ANKARA", "SOKET_NO": "SKT/18008", "SOKET_TIPI": "DC", "SOKET_TURU": "DC_CCS", "SOKET_GUCU_KW": "150" }, "geometry": { "type": "Point", "coordinates": [ 32.814127, 39.907384 ] } },
{ "type": "Feature", "properties": { "ID": 10867.0, "SIRA_NO": 413.0, "ISTASYON_NO": "ŞRJ/2676", "ISTASYON_ADI": "Park lnn by Radisson Ankara", "HIZMET_SEKLI": "HALKA_ACIK", "MARKA": "zes", "MARKAADI": "Zes", "SARJ_AGI_ISLETMECISI": "ZES DİJİTAL TİCARET ANONİM ŞİRKETİ", "YESIL_SARJ_ISTASYONU_MU": "Evet", "ADRES": "Yukarı Dikmen Mahallesi Alexsander Dubçek Caddesi  No:7 Çankaya / ANKARA", "SOKET_NO": "SKT/42002", "SOKET_TIPI": "DC", "SOKET_TURU": "DC_CCS", "SOKET_GUCU_KW": "60" }, "geometry": { "type": "Point", "coordinates": [ 32.853578, 39.864997 ] } },
{ "type": "Feature", "properties": { "ID": 11859.0, "SIRA_NO": 195.0, "ISTASYON_NO": "ŞRJ/5573", "ISTASYON_ADI": "Otojet - DOCO Ümitköy", "HIZMET_SEKLI": "HALKA_ACIK", "MARKA": "Otojet", "MARKAADI": "Otojet", "SARJ_AGI_ISLETMECISI": "OTOJET ENERJİ SANAYİ VE TİCARET ANONİM ŞİRKETİ", "YESIL_SARJ_ISTASYONU_MU": "", "ADRES": "Beytepe Mahallesi Kanuni Sultan Süleyman Bulvarı  No:61/B ( Ada: - , Pafta: - , Parsel: - )", "SOKET_NO": "SKT/12093", "SOKET_TIPI": "DC", "SOKET_TURU": "DC_CCS", "SOKET_GUCU_KW": "30" }, "geometry": { "type": "Point", "coordinates": [ 32.711758, 39.865174 ] } },
{ "type": "Feature", "properties": { "ID": 11860.0, "SIRA_NO": 196.0, "ISTASYON_NO": "ŞRJ/5574", "ISTASYON_ADI": "Otojet - DOCO Beytepe", "HIZMET_SEKLI": "HALKA_ACIK", "MARKA": "Otojet", "MARKAADI": "Otojet", "SARJ_AGI_ISLETMECISI": "OTOJET ENERJİ SANAYİ VE TİCARET ANONİM ŞİRKETİ", "YESIL_SARJ_ISTASYONU_MU": "", "ADRES": "Beytepe Mahallesi Orhangazi Bulvarı  No:34/A ( Ada: - , Pafta: - , Parsel: - )", "SOKET_NO": "SKT/12094", "SOKET_TIPI": "DC", "SOKET_TURU": "DC_CCS", "SOKET_GUCU_KW": "30" }, "geometry": { "type": "Point", "coordinates": [ 32.711458, 39.8473 ] } },
{ "type": "Feature", "properties": { "ID": 12625.0, "SIRA_NO": 477.0, "ISTASYON_NO": "ŞRJ/2487", "ISTASYON_ADI": "ASTORŞARJ ŞA-RA ELEKTRİKLİ ARAÇ ŞARJ İSTASYONU", "HIZMET_SEKLI": "HALKA_ACIK", "MARKA": "ASTOR", "MARKAADI": "Astor", "SARJ_AGI_ISLETMECISI": "ASTOR ENERJİ ANONİM ŞİRKETİ", "YESIL_SARJ_ISTASYONU_MU": "", "ADRES": "Ümit Mahallesi 2479 Sokağı  No:2 Çankaya / ANKARA", "SOKET_NO": "SKT/4665", "SOKET_TIPI": "DC", "SOKET_TURU": "DC_CCS", "SOKET_GUCU_KW": "160" }, "geometry": { "type": "Point", "coordinates": [ 32.692654, 39.900653 ] } },
{ "type": "Feature", "properties": { "ID": 6907.0, "SIRA_NO": 215.0, "ISTASYON_NO": "ŞRJ/8604", "ISTASYON_ADI": "Bilkent Üniversitesi Rektörlük Binası", "HIZMET_SEKLI": "HALKA_ACIK", "MARKA": "oncharge", "MARKAADI": "Oncharge", "SARJ_AGI_ISLETMECISI": "KALYON ELECTRICAL VEHICLE ENERJİ YATIRIM ANONİM ŞİRKETİ", "YESIL_SARJ_ISTASYONU_MU": "", "ADRES": "Üniversiteler Mahallesi 1597 Caddesi  No:3 Çankaya / ANKARA", "SOKET_NO": "SKT/42575", "SOKET_TIPI": "DC", "SOKET_TURU": "DC_CCS", "SOKET_GUCU_KW": "60" }, "geometry": { "type": "Point", "coordinates": [ 32.7498, 39.8721 ] } },
{ "type": "Feature", "properties": { "ID": 6915.0, "SIRA_NO": 216.0, "ISTASYON_NO": "ŞRJ/12489", "ISTASYON_ADI": "Nev201", "HIZMET_SEKLI": "HALKA_ACIK", "MARKA": "oncharge", "MARKAADI": "Oncharge", "SARJ_AGI_ISLETMECISI": "KALYON ELECTRICAL VEHICLE ENERJİ YATIRIM ANONİM ŞİRKETİ", "YESIL_SARJ_ISTASYONU_MU": "", "ADRES": "Ehlibeyt Mahallesi  No:201 Çankaya / ANKARA", "SOKET_NO": "SKT/42583", "SOKET_TIPI": "DC", "SOKET_TURU": "DC_CCS", "SOKET_GUCU_KW": "60" }, "geometry": { "type": "Point", "coordinates": [ 32.813922, 39.889117 ] } },
{ "type": "Feature", "properties": { "ID": 6916.0, "SIRA_NO": 216.0, "ISTASYON_NO": "ŞRJ/12489", "ISTASYON_ADI": "Nev201", "HIZMET_SEKLI": "HALKA_ACIK", "MARKA": "oncharge", "MARKAADI": "Oncharge", "SARJ_AGI_ISLETMECISI": "KALYON ELECTRICAL VEHICLE ENERJİ YATIRIM ANONİM ŞİRKETİ", "YESIL_SARJ_ISTASYONU_MU": "", "ADRES": "Ehlibeyt Mahallesi  No:201 Çankaya / ANKARA", "SOKET_NO": "SKT/42584", "SOKET_TIPI": "DC", "SOKET_TURU": "DC_CCS", "SOKET_GUCU_KW": "60" }, "geometry": { "type": "Point", "coordinates": [ 32.813922, 39.889117 ] } },
{ "type": "Feature", "properties": { "ID": 6917.0, "SIRA_NO": 216.0, "ISTASYON_NO": "ŞRJ/12489", "ISTASYON_ADI": "Nev201", "HIZMET_SEKLI": "HALKA_ACIK", "MARKA": "oncharge", "MARKAADI": "Oncharge", "SARJ_AGI_ISLETMECISI": "KALYON ELECTRICAL VEHICLE ENERJİ YATIRIM ANONİM ŞİRKETİ", "YESIL_SARJ_ISTASYONU_MU": "", "ADRES": "Ehlibeyt Mahallesi  No:201 Çankaya / ANKARA", "SOKET_NO": "SKT/42585", "SOKET_TIPI": "DC", "SOKET_TURU": "DC_CCS", "SOKET_GUCU_KW": "60" }, "geometry": { "type": "Point", "coordinates": [ 32.813922, 39.889117 ] } },
{ "type": "Feature", "properties": { "ID": 11789.0, "SIRA_NO": 157.0, "ISTASYON_NO": "ŞRJ/3332", "ISTASYON_ADI": "Otojet - Cihan Oto", "HIZMET_SEKLI": "HALKA_ACIK", "MARKA": "Otojet", "MARKAADI": "Otojet", "SARJ_AGI_ISLETMECISI": "OTOJET ENERJİ SANAYİ VE TİCARET ANONİM ŞİRKETİ", "YESIL_SARJ_ISTASYONU_MU": "", "ADRES": "Konya Yolu Mahallesi Fen Lisesi Kavşağı Caddesi  No:208 Çankaya / ANKARA", "SOKET_NO": "SKT/6521", "SOKET_TIPI": "DC", "SOKET_TURU": "DC_CCS", "SOKET_GUCU_KW": "150" }, "geometry": { "type": "Point", "coordinates": [ 32.811595, 39.884048 ] } },
{ "type": "Feature", "properties": { "ID": 11450.0, "SIRA_NO": 69.0, "ISTASYON_NO": "ŞRJ/17457", "ISTASYON_ADI": "Cepa AVM", "HIZMET_SEKLI": "HALKA_ACIK", "MARKA": "zes", "MARKAADI": "Zes", "SARJ_AGI_ISLETMECISI": "ZES DİJİTAL TİCARET ANONİM ŞİRKETİ", "YESIL_SARJ_ISTASYONU_MU": "Evet", "ADRES": "Mustafa Kemal Mahallesi Eskişehir Yolu 7. Km Caddesi  No:2 Çankaya / ANKARA", "SOKET_NO": "SKT/47692", "SOKET_TIPI": "DC", "SOKET_TURU": "DC_CCS", "SOKET_GUCU_KW": "400" }, "geometry": { "type": "Point", "coordinates": [ 32.777808, 39.911449 ] } },
{ "type": "Feature", "properties": { "ID": 7762.0, "SIRA_NO": 142.0, "ISTASYON_NO": "ŞRJ/6876", "ISTASYON_ADI": "One Tower AVM Açık Otopark", "HIZMET_SEKLI": "HALKA_ACIK", "MARKA": "zes", "MARKAADI": "Zes", "SARJ_AGI_ISLETMECISI": "ZES DİJİTAL TİCARET ANONİM ŞİRKETİ", "YESIL_SARJ_ISTASYONU_MU": "Evet", "ADRES": "Oran Mahallesi Kudüs Caddesi  No:6 Çankaya / ANKARA", "SOKET_NO": "SKT/15296", "SOKET_TIPI": "DC", "SOKET_TURU": "DC_CCS", "SOKET_GUCU_KW": "60" }, "geometry": { "type": "Point", "coordinates": [ 32.835954, 39.84979 ] } },
{ "type": "Feature", "properties": { "ID": 8030.0, "SIRA_NO": 252.0, "ISTASYON_NO": "ŞRJ/8093", "ISTASYON_ADI": "RENAZA İŞ VE YAŞAM MERKEZİ", "HIZMET_SEKLI": "HALKA_ACIK", "MARKA": "zes", "MARKAADI": "Zes", "SARJ_AGI_ISLETMECISI": "ZES DİJİTAL TİCARET ANONİM ŞİRKETİ", "YESIL_SARJ_ISTASYONU_MU": "Evet", "ADRES": "İlkbahar Mahallesi Doğukent Sokağı  No:739 Çankaya / ANKARA", "SOKET_NO": "SKT/18514", "SOKET_TIPI": "DC", "SOKET_TURU": "DC_CCS", "SOKET_GUCU_KW": "60" }, "geometry": { "type": "Point", "coordinates": [ 32.853119, 39.858268 ] } },
{ "type": "Feature", "properties": { "ID": 30211.0, "SIRA_NO": 151.0, "ISTASYON_NO": "ŞRJ/15193", "ISTASYON_ADI": "BTK Merkez", "HIZMET_SEKLI": "HALKA_ACIK", "MARKA": "porty", "MARKAADI": "Porty", "SARJ_AGI_ISLETMECISI": "PORTY SMART TECH TEKNOLOJİ ANONİM ŞİRKETİ", "YESIL_SARJ_ISTASYONU_MU": "", "ADRES": "Mustafa Kemal Mah. Mahallesi Dumlupınar Sk. Sokağı  No:276 Çankaya / ANKARA", "SOKET_NO": "SKT/40462", "SOKET_TIPI": "AC", "SOKET_TURU": "AC_TYPE2", "SOKET_GUCU_KW": "22" }, "geometry": { "type": "Point", "coordinates": [ 32.75181, 39.907904 ] } },
{ "type": "Feature", "properties": { "ID": 11871.0, "SIRA_NO": 203.0, "ISTASYON_NO": "ŞRJ/5727", "ISTASYON_ADI": "Otojet - Maltepe Otopark", "HIZMET_SEKLI": "HALKA_ACIK", "MARKA": "Otojet", "MARKAADI": "Otojet", "SARJ_AGI_ISLETMECISI": "OTOJET ENERJİ SANAYİ VE TİCARET ANONİM ŞİRKETİ", "YESIL_SARJ_ISTASYONU_MU": "", "ADRES": "Maltepe Mahallesi Şehit Gönenç Caddesi  No:5 Çankaya / ANKARA", "SOKET_NO": "SKT/12444", "SOKET_TIPI": "DC", "SOKET_TURU": "DC_CCS", "SOKET_GUCU_KW": "90" }, "geometry": { "type": "Point", "coordinates": [ 32.845981, 39.925093 ] } },
{ "type": "Feature", "properties": { "ID": 7881.0, "SIRA_NO": 191.0, "ISTASYON_NO": "ŞRJ/7230", "ISTASYON_ADI": "Çankaya Detailing Dükkanı", "HIZMET_SEKLI": "HALKA_ACIK", "MARKA": "zes", "MARKAADI": "Zes", "SARJ_AGI_ISLETMECISI": "ZES DİJİTAL TİCARET ANONİM ŞİRKETİ", "YESIL_SARJ_ISTASYONU_MU": "Evet", "ADRES": "Yaşamkent Mahallesi 3250 Sokağı  No:17/1 Çankaya / ANKARA", "SOKET_NO": "SKT/16199", "SOKET_TIPI": "AC", "SOKET_TURU": "AC_TYPE2", "SOKET_GUCU_KW": "22" }, "geometry": { "type": "Point", "coordinates": [ 32.636681, 39.860816 ] } },
{ "type": "Feature", "properties": { "ID": 11564.0, "SIRA_NO": 106.0, "ISTASYON_NO": "ŞRJ/10509", "ISTASYON_ADI": "Maidan AVM Ankara", "HIZMET_SEKLI": "HALKA_ACIK", "MARKA": "zes", "MARKAADI": "Zes", "SARJ_AGI_ISLETMECISI": "ZES DİJİTAL TİCARET ANONİM ŞİRKETİ", "YESIL_SARJ_ISTASYONU_MU": "Evet", "ADRES": "Mustafa Kemal Mahallesi 2118 Sokağı  No:4 Çankaya / ANKARA", "SOKET_NO": "SKT/47939", "SOKET_TIPI": "DC", "SOKET_TURU": "DC_CCS", "SOKET_GUCU_KW": "180" }, "geometry": { "type": "Point", "coordinates": [ 32.76393, 39.909384 ] } },
{ "type": "Feature", "properties": { "ID": 29272.0, "SIRA_NO": 369.0, "ISTASYON_NO": "ŞRJ/16819", "ISTASYON_ADI": "EKA-TOKİ BAŞKANLIĞI", "HIZMET_SEKLI": "HALKA_ACIK", "MARKA": "EKA -EMLAK KONUT ASANSÖR SİSTEMLERİ SAN. VE TİC. A.Ş.- EMLAK KONUT GYO A.Ş. KURULUŞUDUR", "MARKAADI": "Eka Enerji", "SARJ_AGI_ISLETMECISI": "EMLAK KONUT ASANSÖR SİSTEMLERİ SANAYİ VE TİCARET ANONİM ŞİRKETİ", "YESIL_SARJ_ISTASYONU_MU": "", "ADRES": "Üniversiteler Mahallesi 1597 Caddesi  No:1 /11 Çankaya / ANKARA", "SOKET_NO": "SKT/45766", "SOKET_TIPI": "AC", "SOKET_TURU": "AC_TYPE2", "SOKET_GUCU_KW": "22" }, "geometry": { "type": "Point", "coordinates": [ 32.753902, 39.884543 ] } },
{ "type": "Feature", "properties": { "ID": 11396.0, "SIRA_NO": 51.0, "ISTASYON_NO": "ŞRJ/1851", "ISTASYON_ADI": "Metropolitan Hotels", "HIZMET_SEKLI": "HALKA_ACIK", "MARKA": "zes", "MARKAADI": "Zes", "SARJ_AGI_ISLETMECISI": "ZES DİJİTAL TİCARET ANONİM ŞİRKETİ", "YESIL_SARJ_ISTASYONU_MU": "Evet", "ADRES": "Oğuzlar Mahallesi 1377 Sokağı  No:28  Balgat Çankaya / ANKARA", "SOKET_NO": "SKT/3299", "SOKET_TIPI": "AC", "SOKET_TURU": "AC_TYPE2", "SOKET_GUCU_KW": "22" }, "geometry": { "type": "Point", "coordinates": [ 32.814818, 39.903772 ] } },
{ "type": "Feature", "properties": { "ID": 11399.0, "SIRA_NO": 52.0, "ISTASYON_NO": "ŞRJ/2615", "ISTASYON_ADI": "Vivaldi Park Otel", "HIZMET_SEKLI": "HALKA_ACIK", "MARKA": "zes", "MARKAADI": "Zes", "SARJ_AGI_ISLETMECISI": "ZES DİJİTAL TİCARET ANONİM ŞİRKETİ", "YESIL_SARJ_ISTASYONU_MU": "Evet", "ADRES": "Birlik Mahallesi 408. Sokağı  No:1 Çankaya / ANKARA", "SOKET_NO": "SKT/4959", "SOKET_TIPI": "AC", "SOKET_TURU": "AC_TYPE2", "SOKET_GUCU_KW": "22" }, "geometry": { "type": "Point", "coordinates": [ 32.869846, 39.883199 ] } },
{ "type": "Feature", "properties": { "ID": 12595.0, "SIRA_NO": 468.0, "ISTASYON_NO": "ŞRJ/2291", "ISTASYON_ADI": "ASTORŞARJ KENTPARK AVM ELEKTRİKLİ ARAÇ ŞARJ İSTASYONU", "HIZMET_SEKLI": "HALKA_ACIK", "MARKA": "ASTOR", "MARKAADI": "Astor", "SARJ_AGI_ISLETMECISI": "ASTOR ENERJİ ANONİM ŞİRKETİ", "YESIL_SARJ_ISTASYONU_MU": "", "ADRES": "Mustafa Kemal Mahallesi Eskişehir Yolu 7.km Caddesi  No:164 Çankaya / ANKARA", "SOKET_NO": "SKT/4212", "SOKET_TIPI": "DC", "SOKET_TURU": "DC_CCS", "SOKET_GUCU_KW": "160" }, "geometry": { "type": "Point", "coordinates": [ 32.775904, 39.908742 ] } },
{ "type": "Feature", "properties": { "ID": 12109.0, "SIRA_NO": 302.0, "ISTASYON_NO": "ŞRJ/13085", "ISTASYON_ADI": "Otojet - One Tower AVM", "HIZMET_SEKLI": "HALKA_ACIK", "MARKA": "Otojet", "MARKAADI": "Otojet", "SARJ_AGI_ISLETMECISI": "OTOJET ENERJİ SANAYİ VE TİCARET ANONİM ŞİRKETİ", "YESIL_SARJ_ISTASYONU_MU": "", "ADRES": "Yukarıdikmen Mahallesi Kudüs Sokağı  No:6 Çankaya / ANKARA", "SOKET_NO": "SKT/33747", "SOKET_TIPI": "DC", "SOKET_TURU": "DC_CCS", "SOKET_GUCU_KW": "180" }, "geometry": { "type": "Point", "coordinates": [ 32.835356, 39.849666 ] } },
{ "type": "Feature", "properties": { "ID": 12118.0, "SIRA_NO": 304.0, "ISTASYON_NO": "ŞRJ/13102", "ISTASYON_ADI": "Otojet  Marriot Hotel Ankara", "HIZMET_SEKLI": "HALKA_ACIK", "MARKA": "Otojet", "MARKAADI": "Otojet", "SARJ_AGI_ISLETMECISI": "OTOJET ENERJİ SANAYİ VE TİCARET ANONİM ŞİRKETİ", "YESIL_SARJ_ISTASYONU_MU": "", "ADRES": "Çukurambar Mahallesi Muhsinyazacıoğlu Sokağı Çankaya / ANKARA", "SOKET_NO": "SKT/33784", "SOKET_TIPI": "DC", "SOKET_TURU": "DC_CCS", "SOKET_GUCU_KW": "180" }, "geometry": { "type": "Point", "coordinates": [ 32.80622, 39.909191 ] } },
{ "type": "Feature", "properties": { "ID": 12353.0, "SIRA_NO": 365.0, "ISTASYON_NO": "ŞRJ/17370", "ISTASYON_ADI": "Otojet - Maidan AVM", "HIZMET_SEKLI": "HALKA_ACIK", "MARKA": "Otojet", "MARKAADI": "Otojet", "SARJ_AGI_ISLETMECISI": "OTOJET ENERJİ SANAYİ VE TİCARET ANONİM ŞİRKETİ", "YESIL_SARJ_ISTASYONU_MU": "", "ADRES": "Mustafa Kemal Mahallesi 2118 Caddesi  No:4 Çankaya / ANKARA", "SOKET_NO": "SKT/47491", "SOKET_TIPI": "DC", "SOKET_TURU": "DC_CCS", "SOKET_GUCU_KW": "180" }, "geometry": { "type": "Point", "coordinates": [ 32.763925, 39.909333 ] } },
{ "type": "Feature", "properties": { "ID": 5992.0, "SIRA_NO": 386.0, "ISTASYON_NO": "ŞRJ/15392", "ISTASYON_ADI": "Sheraton Ankara Hotel & Convention Center-2", "HIZMET_SEKLI": "HALKA_ACIK", "MARKA": "EN YAKIT", "MARKAADI": "En Yakıt", "SARJ_AGI_ISLETMECISI": "EN YAKIT ANONİM ŞİRKETİ", "YESIL_SARJ_ISTASYONU_MU": "", "ADRES": "Gaziosmanpaşa Mahallesi Arjantin Sokağı  No:7 Çankaya / ANKARA", "SOKET_NO": "SKT/41072", "SOKET_TIPI": "DC", "SOKET_TURU": "DC_CCS", "SOKET_GUCU_KW": "180" }, "geometry": { "type": "Point", "coordinates": [ 32.865061, 39.89892 ] } },
{ "type": "Feature", "properties": { "ID": 10926.0, "SIRA_NO": 435.0, "ISTASYON_NO": "ŞRJ/16042", "ISTASYON_ADI": "Elya Center AVM", "HIZMET_SEKLI": "HALKA_ACIK", "MARKA": "zes", "MARKAADI": "Zes", "SARJ_AGI_ISLETMECISI": "ZES DİJİTAL TİCARET ANONİM ŞİRKETİ", "YESIL_SARJ_ISTASYONU_MU": "Evet", "ADRES": "Konutkent Mahallesi Dumlupınar Sokağı  No:381 Çankaya / ANKARA", "SOKET_NO": "SKT/43148", "SOKET_TIPI": "DC", "SOKET_TURU": "DC_CCS", "SOKET_GUCU_KW": "400" }, "geometry": { "type": "Point", "coordinates": [ 32.651499, 39.876022 ] } },
{ "type": "Feature", "properties": { "ID": 5350.0, "SIRA_NO": 121.0, "ISTASYON_NO": "ŞRJ/7396", "ISTASYON_ADI": "KOÇ KULELERİ B BLOK", "HIZMET_SEKLI": "HALKA_ACIK", "MARKA": "Tripy", "MARKAADI": "Tripy", "SARJ_AGI_ISLETMECISI": "TRİPY MOBİLİTY TEKNOLOJİ ANONİM ŞİRKETİ", "YESIL_SARJ_ISTASYONU_MU": "", "ADRES": "Söğütözü Mahallesi Söğütözü Caddesi Çankaya / ANKARA", "SOKET_NO": "SKT/16626", "SOKET_TIPI": "AC", "SOKET_TURU": "AC_TYPE2", "SOKET_GUCU_KW": "22" }, "geometry": { "type": "Point", "coordinates": [ 32.803887, 39.912479 ] } },
{ "type": "Feature", "properties": { "ID": 6177.0, "SIRA_NO": 471.0, "ISTASYON_NO": "ŞRJ/8929", "ISTASYON_ADI": "ÖNİZŞARJ ELMAR TOWER", "HIZMET_SEKLI": "HALKA_ACIK", "MARKA": "önizşarj", "MARKAADI": "ASM Group", "SARJ_AGI_ISLETMECISI": "ASM DEKORASYON MOBİLYA  GRANİT MERMER İNŞAAT SANAYİ TİCARET LİMİTED ŞİRKETİ", "YESIL_SARJ_ISTASYONU_MU": "", "ADRES": "Konutkent Mahallesi 3028 Caddesi  No:8A/1 Çankaya / ANKARA", "SOKET_NO": "SKT/20693", "SOKET_TIPI": "AC", "SOKET_TURU": "AC_TYPE2", "SOKET_GUCU_KW": "22" }, "geometry": { "type": "Point", "coordinates": [ 32.653636, 39.876119 ] } },
{ "type": "Feature", "properties": { "ID": 6178.0, "SIRA_NO": 471.0, "ISTASYON_NO": "ŞRJ/8929", "ISTASYON_ADI": "ÖNİZŞARJ ELMAR TOWER", "HIZMET_SEKLI": "HALKA_ACIK", "MARKA": "önizşarj", "MARKAADI": "ASM Group", "SARJ_AGI_ISLETMECISI": "ASM DEKORASYON MOBİLYA  GRANİT MERMER İNŞAAT SANAYİ TİCARET LİMİTED ŞİRKETİ", "YESIL_SARJ_ISTASYONU_MU": "", "ADRES": "Konutkent Mahallesi 3028 Caddesi  No:8A/1 Çankaya / ANKARA", "SOKET_NO": "SKT/20694", "SOKET_TIPI": "AC", "SOKET_TURU": "AC_TYPE2", "SOKET_GUCU_KW": "22" }, "geometry": { "type": "Point", "coordinates": [ 32.653636, 39.876119 ] } },
{ "type": "Feature", "properties": { "ID": 6179.0, "SIRA_NO": 471.0, "ISTASYON_NO": "ŞRJ/8929", "ISTASYON_ADI": "ÖNİZŞARJ ELMAR TOWER", "HIZMET_SEKLI": "HALKA_ACIK", "MARKA": "önizşarj", "MARKAADI": "ASM Group", "SARJ_AGI_ISLETMECISI": "ASM DEKORASYON MOBİLYA  GRANİT MERMER İNŞAAT SANAYİ TİCARET LİMİTED ŞİRKETİ", "YESIL_SARJ_ISTASYONU_MU": "", "ADRES": "Konutkent Mahallesi 3028 Caddesi  No:8A/1 Çankaya / ANKARA", "SOKET_NO": "SKT/20695", "SOKET_TIPI": "AC", "SOKET_TURU": "AC_TYPE2", "SOKET_GUCU_KW": "22" }, "geometry": { "type": "Point", "coordinates": [ 32.653636, 39.876119 ] } },
{ "type": "Feature", "properties": { "ID": 6180.0, "SIRA_NO": 471.0, "ISTASYON_NO": "ŞRJ/8929", "ISTASYON_ADI": "ÖNİZŞARJ ELMAR TOWER", "HIZMET_SEKLI": "HALKA_ACIK", "MARKA": "önizşarj", "MARKAADI": "ASM Group", "SARJ_AGI_ISLETMECISI": "ASM DEKORASYON MOBİLYA  GRANİT MERMER İNŞAAT SANAYİ TİCARET LİMİTED ŞİRKETİ", "YESIL_SARJ_ISTASYONU_MU": "", "ADRES": "Konutkent Mahallesi 3028 Caddesi  No:8A/1 Çankaya / ANKARA", "SOKET_NO": "SKT/20697", "SOKET_TIPI": "AC", "SOKET_TURU": "AC_TYPE2", "SOKET_GUCU_KW": "22" }, "geometry": { "type": "Point", "coordinates": [ 32.653636, 39.876119 ] } },
{ "type": "Feature", "properties": { "ID": 5421.0, "SIRA_NO": 146.0, "ISTASYON_NO": "ŞRJ/5278", "ISTASYON_ADI": "Turk Telekom Oran (Atakent)", "HIZMET_SEKLI": "OZEL", "MARKA": "E4 ŞARJ", "MARKAADI": "E4 Şarj", "SARJ_AGI_ISLETMECISI": "TT VENTURES PROJE GELİŞTİRME ANONİM ŞİRKETİ", "YESIL_SARJ_ISTASYONU_MU": "", "ADRES": "Zülfü Tigrel Caddesi  No:10A / 1-2-3-4 Çankaya / ANKARA", "SOKET_NO": "SKT/11378", "SOKET_TIPI": "AC", "SOKET_TURU": "AC_TYPE2", "SOKET_GUCU_KW": "22" }, "geometry": { "type": "Point", "coordinates": [ 32.825741, 39.848287 ] } },
{ "type": "Feature", "properties": { "ID": 5525.0, "SIRA_NO": 181.0, "ISTASYON_NO": "ŞRJ/15918", "ISTASYON_ADI": "Türk Telekom Ümitköy Veri Merkezi Binası", "HIZMET_SEKLI": "OZEL", "MARKA": "E4 ŞARJ", "MARKAADI": "E4 Şarj", "SARJ_AGI_ISLETMECISI": "TT VENTURES PROJE GELİŞTİRME ANONİM ŞİRKETİ", "YESIL_SARJ_ISTASYONU_MU": "", "ADRES": "Ümit Mahallesi 2432 Caddesi  No:46 / 1 Çankaya / ANKARA", "SOKET_NO": "SKT/42718", "SOKET_TIPI": "AC", "SOKET_TURU": "AC_TYPE2", "SOKET_GUCU_KW": "22" }, "geometry": { "type": "Point", "coordinates": [ 32.703849, 39.896551 ] } },
{ "type": "Feature", "properties": { "ID": 6181.0, "SIRA_NO": 471.0, "ISTASYON_NO": "ŞRJ/8929", "ISTASYON_ADI": "ÖNİZŞARJ ELMAR TOWER", "HIZMET_SEKLI": "HALKA_ACIK", "MARKA": "önizşarj", "MARKAADI": "ASM Group", "SARJ_AGI_ISLETMECISI": "ASM DEKORASYON MOBİLYA  GRANİT MERMER İNŞAAT SANAYİ TİCARET LİMİTED ŞİRKETİ", "YESIL_SARJ_ISTASYONU_MU": "", "ADRES": "Konutkent Mahallesi 3028 Caddesi  No:8A/1 Çankaya / ANKARA", "SOKET_NO": "SKT/20698", "SOKET_TIPI": "AC", "SOKET_TURU": "AC_TYPE2", "SOKET_GUCU_KW": "22" }, "geometry": { "type": "Point", "coordinates": [ 32.653636, 39.876119 ] } },
{ "type": "Feature", "properties": { "ID": 5239.0, "SIRA_NO": 55.0, "ISTASYON_NO": "ŞRJ/8634", "ISTASYON_ADI": "ANKARA SÖĞÜTÖZÜ KONUTLARI-1", "HIZMET_SEKLI": "OZEL", "MARKA": "PROMASTER", "MARKAADI": "Promaster", "SARJ_AGI_ISLETMECISI": "PROMASTER DANIŞMANLIK LİMİTED ŞİRKETİ", "YESIL_SARJ_ISTASYONU_MU": "", "ADRES": "Sögütözü Mahallesi 2185 Caddesi Çankaya / ANKARA", "SOKET_NO": "SKT/19881", "SOKET_TIPI": "AC", "SOKET_TURU": "AC_TYPE2", "SOKET_GUCU_KW": "22" }, "geometry": { "type": "Point", "coordinates": [ 32.794531, 39.914105 ] } },
{ "type": "Feature", "properties": { "ID": 5240.0, "SIRA_NO": 55.0, "ISTASYON_NO": "ŞRJ/8634", "ISTASYON_ADI": "ANKARA SÖĞÜTÖZÜ KONUTLARI-1", "HIZMET_SEKLI": "OZEL", "MARKA": "PROMASTER", "MARKAADI": "Promaster", "SARJ_AGI_ISLETMECISI": "PROMASTER DANIŞMANLIK LİMİTED ŞİRKETİ", "YESIL_SARJ_ISTASYONU_MU": "", "ADRES": "Sögütözü Mahallesi 2185 Caddesi Çankaya / ANKARA", "SOKET_NO": "SKT/19882", "SOKET_TIPI": "AC", "SOKET_TURU": "AC_TYPE2", "SOKET_GUCU_KW": "22" }, "geometry": { "type": "Point", "coordinates": [ 32.794531, 39.914105 ] } },
{ "type": "Feature", "properties": { "ID": 5241.0, "SIRA_NO": 55.0, "ISTASYON_NO": "ŞRJ/8634", "ISTASYON_ADI": "ANKARA SÖĞÜTÖZÜ KONUTLARI-1", "HIZMET_SEKLI": "OZEL", "MARKA": "PROMASTER", "MARKAADI": "Promaster", "SARJ_AGI_ISLETMECISI": "PROMASTER DANIŞMANLIK LİMİTED ŞİRKETİ", "YESIL_SARJ_ISTASYONU_MU": "", "ADRES": "Sögütözü Mahallesi 2185 Caddesi Çankaya / ANKARA", "SOKET_NO": "SKT/19883", "SOKET_TIPI": "AC", "SOKET_TURU": "AC_TYPE2", "SOKET_GUCU_KW": "22" }, "geometry": { "type": "Point", "coordinates": [ 32.794531, 39.914105 ] } },
{ "type": "Feature", "properties": { "ID": 6171.0, "SIRA_NO": 468.0, "ISTASYON_NO": "ŞRJ/6682", "ISTASYON_ADI": "ÖNİZŞARJ KOZ BEYTEPE B BLOK", "HIZMET_SEKLI": "HALKA_ACIK", "MARKA": "önizşarj", "MARKAADI": "ASM Group", "SARJ_AGI_ISLETMECISI": "ASM DEKORASYON MOBİLYA  GRANİT MERMER İNŞAAT SANAYİ TİCARET LİMİTED ŞİRKETİ", "YESIL_SARJ_ISTASYONU_MU": "", "ADRES": "Beytepe Mahallesi Kanuni Sultan Süleyman Caddesi Çankaya / ANKARA", "SOKET_NO": "SKT/14809", "SOKET_TIPI": "AC", "SOKET_TURU": "AC_TYPE2", "SOKET_GUCU_KW": "22" }, "geometry": { "type": "Point", "coordinates": [ 32.713361, 39.860426 ] } },
{ "type": "Feature", "properties": { "ID": 5237.0, "SIRA_NO": 55.0, "ISTASYON_NO": "ŞRJ/8634", "ISTASYON_ADI": "ANKARA SÖĞÜTÖZÜ KONUTLARI-1", "HIZMET_SEKLI": "OZEL", "MARKA": "PROMASTER", "MARKAADI": "Promaster", "SARJ_AGI_ISLETMECISI": "PROMASTER DANIŞMANLIK LİMİTED ŞİRKETİ", "YESIL_SARJ_ISTASYONU_MU": "", "ADRES": "Sögütözü Mahallesi 2185 Caddesi Çankaya / ANKARA", "SOKET_NO": "SKT/19879", "SOKET_TIPI": "AC", "SOKET_TURU": "AC_TYPE2", "SOKET_GUCU_KW": "22" }, "geometry": { "type": "Point", "coordinates": [ 32.794531, 39.914105 ] } },
{ "type": "Feature", "properties": { "ID": 4880.0, "SIRA_NO": 418.0, "ISTASYON_NO": "ŞRJ/12179", "ISTASYON_ADI": "PO Çankaya", "HIZMET_SEKLI": "HALKA_ACIK", "MARKA": "5 şarj", "MARKAADI": "5 Şarj", "SARJ_AGI_ISLETMECISI": "BORENCO ŞARJ TEKNOLOJİ YATIRIMLARI TİCARET ANONİM ŞİRKETİ", "YESIL_SARJ_ISTASYONU_MU": "Evet", "ADRES": "Büyükesat Mahallesi Mercan Sokağı  No:4 Çankaya / ANKARA", "SOKET_NO": "SKT/31017", "SOKET_TIPI": "DC", "SOKET_TURU": "DC_CCS", "SOKET_GUCU_KW": "180" }, "geometry": { "type": "Point", "coordinates": [ 32.881676, 39.893881 ] } },
{ "type": "Feature", "properties": { "ID": 6185.0, "SIRA_NO": 471.0, "ISTASYON_NO": "ŞRJ/8929", "ISTASYON_ADI": "ÖNİZŞARJ ELMAR TOWER", "HIZMET_SEKLI": "HALKA_ACIK", "MARKA": "önizşarj", "MARKAADI": "ASM Group", "SARJ_AGI_ISLETMECISI": "ASM DEKORASYON MOBİLYA  GRANİT MERMER İNŞAAT SANAYİ TİCARET LİMİTED ŞİRKETİ", "YESIL_SARJ_ISTASYONU_MU": "", "ADRES": "Konutkent Mahallesi 3028 Caddesi  No:8A/1 Çankaya / ANKARA", "SOKET_NO": "SKT/35742", "SOKET_TIPI": "DC", "SOKET_TURU": "DC_CCS", "SOKET_GUCU_KW": "120" }, "geometry": { "type": "Point", "coordinates": [ 32.653636, 39.876119 ] } },
{ "type": "Feature", "properties": { "ID": 10967.0, "SIRA_NO": 443.0, "ISTASYON_NO": "ŞRJ/2618", "ISTASYON_ADI": "Besa Karina Ankara", "HIZMET_SEKLI": "HALKA_ACIK", "MARKA": "zes", "MARKAADI": "Zes", "SARJ_AGI_ISLETMECISI": "ZES DİJİTAL TİCARET ANONİM ŞİRKETİ", "YESIL_SARJ_ISTASYONU_MU": "Evet", "ADRES": "Yaşamkent Mahallesi 332. Caddesi Çankaya / ANKARA", "SOKET_NO": "SKT/43245", "SOKET_TIPI": "DC", "SOKET_TURU": "DC_CCS", "SOKET_GUCU_KW": "60" }, "geometry": { "type": "Point", "coordinates": [ 32.645052, 39.856705 ] } },
{ "type": "Feature", "properties": { "ID": 6182.0, "SIRA_NO": 471.0, "ISTASYON_NO": "ŞRJ/8929", "ISTASYON_ADI": "ÖNİZŞARJ ELMAR TOWER", "HIZMET_SEKLI": "HALKA_ACIK", "MARKA": "önizşarj", "MARKAADI": "ASM Group", "SARJ_AGI_ISLETMECISI": "ASM DEKORASYON MOBİLYA  GRANİT MERMER İNŞAAT SANAYİ TİCARET LİMİTED ŞİRKETİ", "YESIL_SARJ_ISTASYONU_MU": "", "ADRES": "Konutkent Mahallesi 3028 Caddesi  No:8A/1 Çankaya / ANKARA", "SOKET_NO": "SKT/21426", "SOKET_TIPI": "DC", "SOKET_TURU": "DC_CCS", "SOKET_GUCU_KW": "120" }, "geometry": { "type": "Point", "coordinates": [ 32.653636, 39.876119 ] } },
{ "type": "Feature", "properties": { "ID": 6183.0, "SIRA_NO": 471.0, "ISTASYON_NO": "ŞRJ/8929", "ISTASYON_ADI": "ÖNİZŞARJ ELMAR TOWER", "HIZMET_SEKLI": "HALKA_ACIK", "MARKA": "önizşarj", "MARKAADI": "ASM Group", "SARJ_AGI_ISLETMECISI": "ASM DEKORASYON MOBİLYA  GRANİT MERMER İNŞAAT SANAYİ TİCARET LİMİTED ŞİRKETİ", "YESIL_SARJ_ISTASYONU_MU": "", "ADRES": "Konutkent Mahallesi 3028 Caddesi  No:8A/1 Çankaya / ANKARA", "SOKET_NO": "SKT/21427", "SOKET_TIPI": "DC", "SOKET_TURU": "DC_CCS", "SOKET_GUCU_KW": "120" }, "geometry": { "type": "Point", "coordinates": [ 32.653636, 39.876119 ] } },
{ "type": "Feature", "properties": { "ID": 6184.0, "SIRA_NO": 471.0, "ISTASYON_NO": "ŞRJ/8929", "ISTASYON_ADI": "ÖNİZŞARJ ELMAR TOWER", "HIZMET_SEKLI": "HALKA_ACIK", "MARKA": "önizşarj", "MARKAADI": "ASM Group", "SARJ_AGI_ISLETMECISI": "ASM DEKORASYON MOBİLYA  GRANİT MERMER İNŞAAT SANAYİ TİCARET LİMİTED ŞİRKETİ", "YESIL_SARJ_ISTASYONU_MU": "", "ADRES": "Konutkent Mahallesi 3028 Caddesi  No:8A/1 Çankaya / ANKARA", "SOKET_NO": "SKT/21428", "SOKET_TIPI": "DC", "SOKET_TURU": "DC_CCS", "SOKET_GUCU_KW": "120" }, "geometry": { "type": "Point", "coordinates": [ 32.653636, 39.876119 ] } },
{ "type": "Feature", "properties": { "ID": 6600.0, "SIRA_NO": 103.0, "ISTASYON_NO": "ŞRJ/2397", "ISTASYON_ADI": "Bilkent Center AVM", "HIZMET_SEKLI": "HALKA_ACIK", "MARKA": "oncharge", "MARKAADI": "Oncharge", "SARJ_AGI_ISLETMECISI": "KALYON ELECTRICAL VEHICLE ENERJİ YATIRIM ANONİM ŞİRKETİ", "YESIL_SARJ_ISTASYONU_MU": "", "ADRES": "Üniversiteler Mahallesi 1597 Caddesi  No:3 Çankaya / ANKARA", "SOKET_NO": "SKT/4417", "SOKET_TIPI": "DC", "SOKET_TURU": "DC_CCS", "SOKET_GUCU_KW": "120" }, "geometry": { "type": "Point", "coordinates": [ 32.757232, 39.88302 ] } },
{ "type": "Feature", "properties": { "ID": 6601.0, "SIRA_NO": 103.0, "ISTASYON_NO": "ŞRJ/2397", "ISTASYON_ADI": "Bilkent Center AVM", "HIZMET_SEKLI": "HALKA_ACIK", "MARKA": "oncharge", "MARKAADI": "Oncharge", "SARJ_AGI_ISLETMECISI": "KALYON ELECTRICAL VEHICLE ENERJİ YATIRIM ANONİM ŞİRKETİ", "YESIL_SARJ_ISTASYONU_MU": "", "ADRES": "Üniversiteler Mahallesi 1597 Caddesi  No:3 Çankaya / ANKARA", "SOKET_NO": "SKT/9566", "SOKET_TIPI": "DC", "SOKET_TURU": "DC_CCS", "SOKET_GUCU_KW": "180" }, "geometry": { "type": "Point", "coordinates": [ 32.757232, 39.88302 ] } },
{ "type": "Feature", "properties": { "ID": 6602.0, "SIRA_NO": 103.0, "ISTASYON_NO": "ŞRJ/2397", "ISTASYON_ADI": "Bilkent Center AVM", "HIZMET_SEKLI": "HALKA_ACIK", "MARKA": "oncharge", "MARKAADI": "Oncharge", "SARJ_AGI_ISLETMECISI": "KALYON ELECTRICAL VEHICLE ENERJİ YATIRIM ANONİM ŞİRKETİ", "YESIL_SARJ_ISTASYONU_MU": "", "ADRES": "Üniversiteler Mahallesi 1597 Caddesi  No:3 Çankaya / ANKARA", "SOKET_NO": "SKT/9567", "SOKET_TIPI": "DC", "SOKET_TURU": "DC_CCS", "SOKET_GUCU_KW": "180" }, "geometry": { "type": "Point", "coordinates": [ 32.757232, 39.88302 ] } },
{ "type": "Feature", "properties": { "ID": 6604.0, "SIRA_NO": 104.0, "ISTASYON_NO": "ŞRJ/2403", "ISTASYON_ADI": "Kuzu Kumru", "HIZMET_SEKLI": "HALKA_ACIK", "MARKA": "oncharge", "MARKAADI": "Oncharge", "SARJ_AGI_ISLETMECISI": "KALYON ELECTRICAL VEHICLE ENERJİ YATIRIM ANONİM ŞİRKETİ", "YESIL_SARJ_ISTASYONU_MU": "", "ADRES": "Yıldızevler Mahallesi 714 Sokağı  Bucak Merkez Çankaya / ANKARA", "SOKET_NO": "SKT/4438", "SOKET_TIPI": "AC", "SOKET_TURU": "AC_TYPE2", "SOKET_GUCU_KW": "22" }, "geometry": { "type": "Point", "coordinates": [ 32.862112, 39.875816 ] } },
{ "type": "Feature", "properties": { "ID": 6606.0, "SIRA_NO": 105.0, "ISTASYON_NO": "ŞRJ/2405", "ISTASYON_ADI": "Kentpark AVM", "HIZMET_SEKLI": "HALKA_ACIK", "MARKA": "oncharge", "MARKAADI": "Oncharge", "SARJ_AGI_ISLETMECISI": "KALYON ELECTRICAL VEHICLE ENERJİ YATIRIM ANONİM ŞİRKETİ", "YESIL_SARJ_ISTASYONU_MU": "", "ADRES": "Mustafa Kemal Mahallesi Dumlupınar Sokağı  No:164 /0 Çankaya / ANKARA", "SOKET_NO": "SKT/4443", "SOKET_TIPI": "DC", "SOKET_TURU": "DC_CCS", "SOKET_GUCU_KW": "180" }, "geometry": { "type": "Point", "coordinates": [ 32.776936, 39.908961 ] } },
{ "type": "Feature", "properties": { "ID": 9960.0, "SIRA_NO": 127.0, "ISTASYON_NO": "ŞRJ/12618", "ISTASYON_ADI": "King Otel", "HIZMET_SEKLI": "HALKA_ACIK", "MARKA": "zes", "MARKAADI": "Zes", "SARJ_AGI_ISLETMECISI": "ZES DİJİTAL TİCARET ANONİM ŞİRKETİ", "YESIL_SARJ_ISTASYONU_MU": "Evet", "ADRES": "Kavaklıdere Mahallesi Güvenlik Sokağı  No:13 Çankaya / ANKARA", "SOKET_NO": "SKT/32413", "SOKET_TIPI": "AC", "SOKET_TURU": "AC_TYPE2", "SOKET_GUCU_KW": "22" }, "geometry": { "type": "Point", "coordinates": [ 32.853052, 39.909101 ] } },
{ "type": "Feature", "properties": { "ID": 9972.0, "SIRA_NO": 131.0, "ISTASYON_NO": "ŞRJ/12621", "ISTASYON_ADI": "Yıldırım Kule Ankara", "HIZMET_SEKLI": "HALKA_ACIK", "MARKA": "zes", "MARKAADI": "Zes", "SARJ_AGI_ISLETMECISI": "ZES DİJİTAL TİCARET ANONİM ŞİRKETİ", "YESIL_SARJ_ISTASYONU_MU": "Evet", "ADRES": "Cevizlidere Mahallesi Mevlana Sokağı  No:221 Çankaya / ANKARA", "SOKET_NO": "SKT/32428", "SOKET_TIPI": "AC", "SOKET_TURU": "AC_TYPE2", "SOKET_GUCU_KW": "22" }, "geometry": { "type": "Point", "coordinates": [ 32.812548, 39.882418 ] } },
{ "type": "Feature", "properties": { "ID": 5520.0, "SIRA_NO": 180.0, "ISTASYON_NO": "ŞRJ/13378", "ISTASYON_ADI": "Türk Telekom Ankara Balgat Ofisi", "HIZMET_SEKLI": "HALKA_ACIK", "MARKA": "E4 ŞARJ", "MARKAADI": "E4 Şarj", "SARJ_AGI_ISLETMECISI": "TT VENTURES PROJE GELİŞTİRME ANONİM ŞİRKETİ", "YESIL_SARJ_ISTASYONU_MU": "", "ADRES": "Kızılırmak Mahallesi  No:100 Çankaya / ANKARA", "SOKET_NO": "SKT/34749", "SOKET_TIPI": "DC", "SOKET_TURU": "DC_CCS", "SOKET_GUCU_KW": "120" }, "geometry": { "type": "Point", "coordinates": [ 32.814039, 39.908661 ] } },
{ "type": "Feature", "properties": { "ID": 10787.0, "SIRA_NO": 385.0, "ISTASYON_NO": "ŞRJ/15617", "ISTASYON_ADI": "Alımcı Park", "HIZMET_SEKLI": "HALKA_ACIK", "MARKA": "zes", "MARKAADI": "Zes", "SARJ_AGI_ISLETMECISI": "ZES DİJİTAL TİCARET ANONİM ŞİRKETİ", "YESIL_SARJ_ISTASYONU_MU": "Evet", "ADRES": "Prof. Dr. Ahmet Taner Kışlalı Mah Mahallesi Çay Yolu -1- Caddesi Caddesi Çankaya / ANKARA", "SOKET_NO": "SKT/41767", "SOKET_TIPI": "DC", "SOKET_TURU": "DC_CCS", "SOKET_GUCU_KW": "60" }, "geometry": { "type": "Point", "coordinates": [ 32.68221, 39.871506 ] } },
{ "type": "Feature", "properties": { "ID": 12388.0, "SIRA_NO": 370.0, "ISTASYON_NO": "ŞRJ/17659", "ISTASYON_ADI": "Otojet - OYAK Genel Müdürlük", "HIZMET_SEKLI": "OZEL", "MARKA": "Otojet", "MARKAADI": "Otojet", "SARJ_AGI_ISLETMECISI": "OTOJET ENERJİ SANAYİ VE TİCARET ANONİM ŞİRKETİ", "YESIL_SARJ_ISTASYONU_MU": "", "ADRES": "Eti Mahallesi Gazi Mustafa Kemal Sokağı  No:138 Çankaya / ANKARA", "SOKET_NO": "SKT/48293", "SOKET_TIPI": "AC", "SOKET_TURU": "AC_TYPE2", "SOKET_GUCU_KW": "22" }, "geometry": { "type": "Point", "coordinates": [ 32.839723, 39.934185 ] } },
{ "type": "Feature", "properties": { "ID": 5703.0, "SIRA_NO": 249.0, "ISTASYON_NO": "ŞRJ/8099", "ISTASYON_ADI": "SHERATON ANKARA HOTEL & CONVENTION CENTER", "HIZMET_SEKLI": "HALKA_ACIK", "MARKA": "EN YAKIT", "MARKAADI": "En Yakıt", "SARJ_AGI_ISLETMECISI": "EN YAKIT ANONİM ŞİRKETİ", "YESIL_SARJ_ISTASYONU_MU": "", "ADRES": "Gaziosmanpaşa Mahallesi Arjantin Caddesi  No:7 Çankaya / ANKARA", "SOKET_NO": "SKT/18536", "SOKET_TIPI": "DC", "SOKET_TURU": "DC_CCS", "SOKET_GUCU_KW": "150" }, "geometry": { "type": "Point", "coordinates": [ 32.864479, 39.900582 ] } },
{ "type": "Feature", "properties": { "ID": 6176.0, "SIRA_NO": 471.0, "ISTASYON_NO": "ŞRJ/8929", "ISTASYON_ADI": "ÖNİZŞARJ ELMAR TOWER", "HIZMET_SEKLI": "HALKA_ACIK", "MARKA": "önizşarj", "MARKAADI": "ASM Group", "SARJ_AGI_ISLETMECISI": "ASM DEKORASYON MOBİLYA  GRANİT MERMER İNŞAAT SANAYİ TİCARET LİMİTED ŞİRKETİ", "YESIL_SARJ_ISTASYONU_MU": "", "ADRES": "Konutkent Mahallesi 3028 Caddesi  No:8A/1 Çankaya / ANKARA", "SOKET_NO": "SKT/20692", "SOKET_TIPI": "AC", "SOKET_TURU": "AC_TYPE2", "SOKET_GUCU_KW": "22" }, "geometry": { "type": "Point", "coordinates": [ 32.653636, 39.876119 ] } },
{ "type": "Feature", "properties": { "ID": 6195.0, "SIRA_NO": 476.0, "ISTASYON_NO": "ŞRJ/13668", "ISTASYON_ADI": "ÖNİZŞARJ AZEL URHAN KULE", "HIZMET_SEKLI": "HALKA_ACIK", "MARKA": "önizşarj", "MARKAADI": "ASM Group", "SARJ_AGI_ISLETMECISI": "ASM DEKORASYON MOBİLYA  GRANİT MERMER İNŞAAT SANAYİ TİCARET LİMİTED ŞİRKETİ", "YESIL_SARJ_ISTASYONU_MU": "", "ADRES": "Konutkent Mahallesi 3029 Caddesi  No:3 Çankaya / ANKARA", "SOKET_NO": "SKT/35620", "SOKET_TIPI": "DC", "SOKET_TURU": "DC_CCS", "SOKET_GUCU_KW": "120" }, "geometry": { "type": "Point", "coordinates": [ 32.655902, 39.876817 ] } },
{ "type": "Feature", "properties": { "ID": 5667.0, "SIRA_NO": 231.0, "ISTASYON_NO": "ŞRJ/5871", "ISTASYON_ADI": "ANADOLU AJANSI - ANKARA", "HIZMET_SEKLI": "OZEL", "MARKA": "EN YAKIT", "MARKAADI": "En Yakıt", "SARJ_AGI_ISLETMECISI": "EN YAKIT ANONİM ŞİRKETİ", "YESIL_SARJ_ISTASYONU_MU": "", "ADRES": "Eti Mahallesi Gazi Mustafa Kemal Sokağı  No:132/1 Çankaya / ANKARA", "SOKET_NO": "SKT/12772", "SOKET_TIPI": "DC", "SOKET_TURU": "DC_CCS", "SOKET_GUCU_KW": "150" }, "geometry": { "type": "Point", "coordinates": [ 32.840867, 39.93354 ] } },
{ "type": "Feature", "properties": { "ID": 10981.0, "SIRA_NO": 448.0, "ISTASYON_NO": "ŞRJ/822", "ISTASYON_ADI": "Limak Ambassadore Hotel Ankara", "HIZMET_SEKLI": "HALKA_ACIK", "MARKA": "zes", "MARKAADI": "Zes", "SARJ_AGI_ISLETMECISI": "ZES DİJİTAL TİCARET ANONİM ŞİRKETİ", "YESIL_SARJ_ISTASYONU_MU": "Evet", "ADRES": "Gaziosman Paşa Mahallesi Boğaz Sokağı  No:19 Çankaya / ANKARA", "SOKET_NO": "SKT/43477", "SOKET_TIPI": "DC", "SOKET_TURU": "DC_CCS", "SOKET_GUCU_KW": "60" }, "geometry": { "type": "Point", "coordinates": [ 32.865733, 39.899366 ] } },
{ "type": "Feature", "properties": { "ID": 6277.0, "SIRA_NO": 3.0, "ISTASYON_NO": "ŞRJ/12631", "ISTASYON_ADI": "ÖNİZŞARJ NİŞANTAŞI YILDIZ AVM", "HIZMET_SEKLI": "HALKA_ACIK", "MARKA": "önizşarj", "MARKAADI": "ASM Group", "SARJ_AGI_ISLETMECISI": "ASM DEKORASYON MOBİLYA  GRANİT MERMER İNŞAAT SANAYİ TİCARET LİMİTED ŞİRKETİ", "YESIL_SARJ_ISTASYONU_MU": "", "ADRES": "Yıldızevler Mahallesi  No:2 Çankaya / ANKARA", "SOKET_NO": "SKT/32448", "SOKET_TIPI": "AC", "SOKET_TURU": "AC_TYPE2", "SOKET_GUCU_KW": "22" }, "geometry": { "type": "Point", "coordinates": [ 32.8614, 39.8758 ] } },
{ "type": "Feature", "properties": { "ID": 6278.0, "SIRA_NO": 3.0, "ISTASYON_NO": "ŞRJ/12631", "ISTASYON_ADI": "ÖNİZŞARJ NİŞANTAŞI YILDIZ AVM", "HIZMET_SEKLI": "HALKA_ACIK", "MARKA": "önizşarj", "MARKAADI": "ASM Group", "SARJ_AGI_ISLETMECISI": "ASM DEKORASYON MOBİLYA  GRANİT MERMER İNŞAAT SANAYİ TİCARET LİMİTED ŞİRKETİ", "YESIL_SARJ_ISTASYONU_MU": "", "ADRES": "Yıldızevler Mahallesi  No:2 Çankaya / ANKARA", "SOKET_NO": "SKT/32449", "SOKET_TIPI": "AC", "SOKET_TURU": "AC_TYPE2", "SOKET_GUCU_KW": "22" }, "geometry": { "type": "Point", "coordinates": [ 32.8614, 39.8758 ] } },
{ "type": "Feature", "properties": { "ID": 6279.0, "SIRA_NO": 3.0, "ISTASYON_NO": "ŞRJ/12631", "ISTASYON_ADI": "ÖNİZŞARJ NİŞANTAŞI YILDIZ AVM", "HIZMET_SEKLI": "HALKA_ACIK", "MARKA": "önizşarj", "MARKAADI": "ASM Group", "SARJ_AGI_ISLETMECISI": "ASM DEKORASYON MOBİLYA  GRANİT MERMER İNŞAAT SANAYİ TİCARET LİMİTED ŞİRKETİ", "YESIL_SARJ_ISTASYONU_MU": "", "ADRES": "Yıldızevler Mahallesi  No:2 Çankaya / ANKARA", "SOKET_NO": "SKT/32450", "SOKET_TIPI": "DC", "SOKET_TURU": "DC_CCS", "SOKET_GUCU_KW": "120" }, "geometry": { "type": "Point", "coordinates": [ 32.8614, 39.8758 ] } },
{ "type": "Feature", "properties": { "ID": 6197.0, "SIRA_NO": 476.0, "ISTASYON_NO": "ŞRJ/13668", "ISTASYON_ADI": "ÖNİZŞARJ AZEL URHAN KULE", "HIZMET_SEKLI": "HALKA_ACIK", "MARKA": "önizşarj", "MARKAADI": "ASM Group", "SARJ_AGI_ISLETMECISI": "ASM DEKORASYON MOBİLYA  GRANİT MERMER İNŞAAT SANAYİ TİCARET LİMİTED ŞİRKETİ", "YESIL_SARJ_ISTASYONU_MU": "", "ADRES": "Konutkent Mahallesi 3029 Caddesi  No:3 Çankaya / ANKARA", "SOKET_NO": "SKT/35622", "SOKET_TIPI": "DC", "SOKET_TURU": "DC_CCS", "SOKET_GUCU_KW": "120" }, "geometry": { "type": "Point", "coordinates": [ 32.655902, 39.876817 ] } },
{ "type": "Feature", "properties": { "ID": 6263.0, "SIRA_NO": 499.0, "ISTASYON_NO": "ŞRJ/8915", "ISTASYON_ADI": "ÖNİZŞARJ GALLERİA AVM ANKARA", "HIZMET_SEKLI": "HALKA_ACIK", "MARKA": "önizşarj", "MARKAADI": "ASM Group", "SARJ_AGI_ISLETMECISI": "ASM DEKORASYON MOBİLYA  GRANİT MERMER İNŞAAT SANAYİ TİCARET LİMİTED ŞİRKETİ", "YESIL_SARJ_ISTASYONU_MU": "", "ADRES": "Mutlukent Mahallesi 2432 Caddesi  No:97 Çankaya / ANKARA", "SOKET_NO": "SKT/20643", "SOKET_TIPI": "DC", "SOKET_TURU": "DC_CCS", "SOKET_GUCU_KW": "120" }, "geometry": { "type": "Point", "coordinates": [ 32.704279, 39.895837 ] } },
{ "type": "Feature", "properties": { "ID": 6884.0, "SIRA_NO": 209.0, "ISTASYON_NO": "ŞRJ/2404", "ISTASYON_ADI": "Kuzu Effect", "HIZMET_SEKLI": "HALKA_ACIK", "MARKA": "oncharge", "MARKAADI": "Oncharge", "SARJ_AGI_ISLETMECISI": "KALYON ELECTRICAL VEHICLE ENERJİ YATIRIM ANONİM ŞİRKETİ", "YESIL_SARJ_ISTASYONU_MU": "", "ADRES": "Oran Mahallesi Zülfü Tigrel Caddesi  No:AVM ADP Çankaya / ANKARA", "SOKET_NO": "SKT/40869", "SOKET_TIPI": "AC", "SOKET_TURU": "AC_TYPE2", "SOKET_GUCU_KW": "22" }, "geometry": { "type": "Point", "coordinates": [ 32.828202, 39.8456 ] } },
{ "type": "Feature", "properties": { "ID": 6198.0, "SIRA_NO": 476.0, "ISTASYON_NO": "ŞRJ/13668", "ISTASYON_ADI": "ÖNİZŞARJ AZEL URHAN KULE", "HIZMET_SEKLI": "HALKA_ACIK", "MARKA": "önizşarj", "MARKAADI": "ASM Group", "SARJ_AGI_ISLETMECISI": "ASM DEKORASYON MOBİLYA  GRANİT MERMER İNŞAAT SANAYİ TİCARET LİMİTED ŞİRKETİ", "YESIL_SARJ_ISTASYONU_MU": "", "ADRES": "Konutkent Mahallesi 3029 Caddesi  No:3 Çankaya / ANKARA", "SOKET_NO": "SKT/35623", "SOKET_TIPI": "DC", "SOKET_TURU": "DC_CCS", "SOKET_GUCU_KW": "120" }, "geometry": { "type": "Point", "coordinates": [ 32.655902, 39.876817 ] } },
{ "type": "Feature", "properties": { "ID": 6199.0, "SIRA_NO": 476.0, "ISTASYON_NO": "ŞRJ/13668", "ISTASYON_ADI": "ÖNİZŞARJ AZEL URHAN KULE", "HIZMET_SEKLI": "HALKA_ACIK", "MARKA": "önizşarj", "MARKAADI": "ASM Group", "SARJ_AGI_ISLETMECISI": "ASM DEKORASYON MOBİLYA  GRANİT MERMER İNŞAAT SANAYİ TİCARET LİMİTED ŞİRKETİ", "YESIL_SARJ_ISTASYONU_MU": "", "ADRES": "Konutkent Mahallesi 3029 Caddesi  No:3 Çankaya / ANKARA", "SOKET_NO": "SKT/35624", "SOKET_TIPI": "DC", "SOKET_TURU": "DC_CCS", "SOKET_GUCU_KW": "120" }, "geometry": { "type": "Point", "coordinates": [ 32.655902, 39.876817 ] } },
{ "type": "Feature", "properties": { "ID": 5518.0, "SIRA_NO": 180.0, "ISTASYON_NO": "ŞRJ/13378", "ISTASYON_ADI": "Türk Telekom Ankara Balgat Ofisi", "HIZMET_SEKLI": "HALKA_ACIK", "MARKA": "E4 ŞARJ", "MARKAADI": "E4 Şarj", "SARJ_AGI_ISLETMECISI": "TT VENTURES PROJE GELİŞTİRME ANONİM ŞİRKETİ", "YESIL_SARJ_ISTASYONU_MU": "", "ADRES": "Kızılırmak Mahallesi  No:100 Çankaya / ANKARA", "SOKET_NO": "SKT/34747", "SOKET_TIPI": "DC", "SOKET_TURU": "DC_CHADEMO", "SOKET_GUCU_KW": "60" }, "geometry": { "type": "Point", "coordinates": [ 32.814039, 39.908661 ] } },
{ "type": "Feature", "properties": { "ID": 5519.0, "SIRA_NO": 180.0, "ISTASYON_NO": "ŞRJ/13378", "ISTASYON_ADI": "Türk Telekom Ankara Balgat Ofisi", "HIZMET_SEKLI": "HALKA_ACIK", "MARKA": "E4 ŞARJ", "MARKAADI": "E4 Şarj", "SARJ_AGI_ISLETMECISI": "TT VENTURES PROJE GELİŞTİRME ANONİM ŞİRKETİ", "YESIL_SARJ_ISTASYONU_MU": "", "ADRES": "Kızılırmak Mahallesi  No:100 Çankaya / ANKARA", "SOKET_NO": "SKT/34748", "SOKET_TIPI": "DC", "SOKET_TURU": "DC_CCS", "SOKET_GUCU_KW": "120" }, "geometry": { "type": "Point", "coordinates": [ 32.814039, 39.908661 ] } },
{ "type": "Feature", "properties": { "ID": 6280.0, "SIRA_NO": 3.0, "ISTASYON_NO": "ŞRJ/12631", "ISTASYON_ADI": "ÖNİZŞARJ NİŞANTAŞI YILDIZ AVM", "HIZMET_SEKLI": "HALKA_ACIK", "MARKA": "önizşarj", "MARKAADI": "ASM Group", "SARJ_AGI_ISLETMECISI": "ASM DEKORASYON MOBİLYA  GRANİT MERMER İNŞAAT SANAYİ TİCARET LİMİTED ŞİRKETİ", "YESIL_SARJ_ISTASYONU_MU": "", "ADRES": "Yıldızevler Mahallesi  No:2 Çankaya / ANKARA", "SOKET_NO": "SKT/32452", "SOKET_TIPI": "DC", "SOKET_TURU": "DC_CCS", "SOKET_GUCU_KW": "120" }, "geometry": { "type": "Point", "coordinates": [ 32.8614, 39.8758 ] } },
{ "type": "Feature", "properties": { "ID": 6281.0, "SIRA_NO": 3.0, "ISTASYON_NO": "ŞRJ/12631", "ISTASYON_ADI": "ÖNİZŞARJ NİŞANTAŞI YILDIZ AVM", "HIZMET_SEKLI": "HALKA_ACIK", "MARKA": "önizşarj", "MARKAADI": "ASM Group", "SARJ_AGI_ISLETMECISI": "ASM DEKORASYON MOBİLYA  GRANİT MERMER İNŞAAT SANAYİ TİCARET LİMİTED ŞİRKETİ", "YESIL_SARJ_ISTASYONU_MU": "", "ADRES": "Yıldızevler Mahallesi  No:2 Çankaya / ANKARA", "SOKET_NO": "SKT/32454", "SOKET_TIPI": "DC", "SOKET_TURU": "DC_CCS", "SOKET_GUCU_KW": "120" }, "geometry": { "type": "Point", "coordinates": [ 32.8614, 39.8758 ] } },
{ "type": "Feature", "properties": { "ID": 6282.0, "SIRA_NO": 3.0, "ISTASYON_NO": "ŞRJ/12631", "ISTASYON_ADI": "ÖNİZŞARJ NİŞANTAŞI YILDIZ AVM", "HIZMET_SEKLI": "HALKA_ACIK", "MARKA": "önizşarj", "MARKAADI": "ASM Group", "SARJ_AGI_ISLETMECISI": "ASM DEKORASYON MOBİLYA  GRANİT MERMER İNŞAAT SANAYİ TİCARET LİMİTED ŞİRKETİ", "YESIL_SARJ_ISTASYONU_MU": "", "ADRES": "Yıldızevler Mahallesi  No:2 Çankaya / ANKARA", "SOKET_NO": "SKT/32455", "SOKET_TIPI": "DC", "SOKET_TURU": "DC_CCS", "SOKET_GUCU_KW": "120" }, "geometry": { "type": "Point", "coordinates": [ 32.8614, 39.8758 ] } },
{ "type": "Feature", "properties": { "ID": 6739.0, "SIRA_NO": 157.0, "ISTASYON_NO": "ŞRJ/11968", "ISTASYON_ADI": "Çevre, Şehircilik ve İklim Değişikliği Bakanlığı", "HIZMET_SEKLI": "HALKA_ACIK", "MARKA": "oncharge", "MARKAADI": "Oncharge", "SARJ_AGI_ISLETMECISI": "KALYON ELECTRICAL VEHICLE ENERJİ YATIRIM ANONİM ŞİRKETİ", "YESIL_SARJ_ISTASYONU_MU": "", "ADRES": "Mustafa Kemal Mahallesi Dumlupınar Caddesi 278 Sokağı Çankaya / ANKARA", "SOKET_NO": "SKT/30223", "SOKET_TIPI": "DC", "SOKET_TURU": "DC_CCS", "SOKET_GUCU_KW": "180" }, "geometry": { "type": "Point", "coordinates": [ 32.7519, 39.9109 ] } },
{ "type": "Feature", "properties": { "ID": 7088.0, "SIRA_NO": 317.0, "ISTASYON_NO": "ŞRJ/1849", "ISTASYON_ADI": "Auto Club Çankaya", "HIZMET_SEKLI": "HALKA_ACIK", "MARKA": "zes", "MARKAADI": "Zes", "SARJ_AGI_ISLETMECISI": "ZES DİJİTAL TİCARET ANONİM ŞİRKETİ", "YESIL_SARJ_ISTASYONU_MU": "Evet", "ADRES": "Güzeltepe Mahallesi 747 Caddesi  No:A-1 Blok /3 E Çankaya / ANKARA", "SOKET_NO": "SKT/3295", "SOKET_TIPI": "AC", "SOKET_TURU": "AC_TYPE2", "SOKET_GUCU_KW": "22" }, "geometry": { "type": "Point", "coordinates": [ 32.846456, 39.884453 ] } },
{ "type": "Feature", "properties": { "ID": 6274.0, "SIRA_NO": 2.0, "ISTASYON_NO": "ŞRJ/8115", "ISTASYON_ADI": "ÖNİZŞARJ KALE OFİS", "HIZMET_SEKLI": "HALKA_ACIK", "MARKA": "önizşarj", "MARKAADI": "ASM Group", "SARJ_AGI_ISLETMECISI": "ASM DEKORASYON MOBİLYA  GRANİT MERMER İNŞAAT SANAYİ TİCARET LİMİTED ŞİRKETİ", "YESIL_SARJ_ISTASYONU_MU": "", "ADRES": "Çukurambar Mah. Mahallesi  No:No:150 Çankaya / ANKARA", "SOKET_NO": "SKT/34506", "SOKET_TIPI": "DC", "SOKET_TURU": "DC_CCS", "SOKET_GUCU_KW": "120" }, "geometry": { "type": "Point", "coordinates": [ 32.813327, 39.899065 ] } },
{ "type": "Feature", "properties": { "ID": 6275.0, "SIRA_NO": 2.0, "ISTASYON_NO": "ŞRJ/8115", "ISTASYON_ADI": "ÖNİZŞARJ KALE OFİS", "HIZMET_SEKLI": "HALKA_ACIK", "MARKA": "önizşarj", "MARKAADI": "ASM Group", "SARJ_AGI_ISLETMECISI": "ASM DEKORASYON MOBİLYA  GRANİT MERMER İNŞAAT SANAYİ TİCARET LİMİTED ŞİRKETİ", "YESIL_SARJ_ISTASYONU_MU": "", "ADRES": "Çukurambar Mah. Mahallesi  No:No:150 Çankaya / ANKARA", "SOKET_NO": "SKT/34507", "SOKET_TIPI": "DC", "SOKET_TURU": "DC_CCS", "SOKET_GUCU_KW": "120" }, "geometry": { "type": "Point", "coordinates": [ 32.813327, 39.899065 ] } },
{ "type": "Feature", "properties": { "ID": 11103.0, "SIRA_NO": 476.0, "ISTASYON_NO": "ŞRJ/10646", "ISTASYON_ADI": "Tepe Prime İş ve Yaşam Merkezi Açık Otopark", "HIZMET_SEKLI": "HALKA_ACIK", "MARKA": "zes", "MARKAADI": "Zes", "SARJ_AGI_ISLETMECISI": "ZES DİJİTAL TİCARET ANONİM ŞİRKETİ", "YESIL_SARJ_ISTASYONU_MU": "Evet", "ADRES": "Mustafa Kemal Mahallesi  No:266 Çankaya / ANKARA", "SOKET_NO": "SKT/25917", "SOKET_TIPI": "DC", "SOKET_TURU": "DC_CCS", "SOKET_GUCU_KW": "60" }, "geometry": { "type": "Point", "coordinates": [ 32.755263, 39.909709 ] } },
{ "type": "Feature", "properties": { "ID": 6196.0, "SIRA_NO": 476.0, "ISTASYON_NO": "ŞRJ/13668", "ISTASYON_ADI": "ÖNİZŞARJ AZEL URHAN KULE", "HIZMET_SEKLI": "HALKA_ACIK", "MARKA": "önizşarj", "MARKAADI": "ASM Group", "SARJ_AGI_ISLETMECISI": "ASM DEKORASYON MOBİLYA  GRANİT MERMER İNŞAAT SANAYİ TİCARET LİMİTED ŞİRKETİ", "YESIL_SARJ_ISTASYONU_MU": "", "ADRES": "Konutkent Mahallesi 3029 Caddesi  No:3 Çankaya / ANKARA", "SOKET_NO": "SKT/35621", "SOKET_TIPI": "DC", "SOKET_TURU": "DC_CCS", "SOKET_GUCU_KW": "120" }, "geometry": { "type": "Point", "coordinates": [ 32.655902, 39.876817 ] } },
{ "type": "Feature", "properties": { "ID": 5526.0, "SIRA_NO": 181.0, "ISTASYON_NO": "ŞRJ/15918", "ISTASYON_ADI": "Türk Telekom Ümitköy Veri Merkezi Binası", "HIZMET_SEKLI": "OZEL", "MARKA": "E4 ŞARJ", "MARKAADI": "E4 Şarj", "SARJ_AGI_ISLETMECISI": "TT VENTURES PROJE GELİŞTİRME ANONİM ŞİRKETİ", "YESIL_SARJ_ISTASYONU_MU": "", "ADRES": "Ümit Mahallesi 2432 Caddesi  No:46 / 1 Çankaya / ANKARA", "SOKET_NO": "SKT/42719", "SOKET_TIPI": "AC", "SOKET_TURU": "AC_TYPE2", "SOKET_GUCU_KW": "22" }, "geometry": { "type": "Point", "coordinates": [ 32.703849, 39.896551 ] } },
{ "type": "Feature", "properties": { "ID": 6203.0, "SIRA_NO": 476.0, "ISTASYON_NO": "ŞRJ/13668", "ISTASYON_ADI": "ÖNİZŞARJ AZEL URHAN KULE", "HIZMET_SEKLI": "HALKA_ACIK", "MARKA": "önizşarj", "MARKAADI": "ASM Group", "SARJ_AGI_ISLETMECISI": "ASM DEKORASYON MOBİLYA  GRANİT MERMER İNŞAAT SANAYİ TİCARET LİMİTED ŞİRKETİ", "YESIL_SARJ_ISTASYONU_MU": "", "ADRES": "Konutkent Mahallesi 3029 Caddesi  No:3 Çankaya / ANKARA", "SOKET_NO": "SKT/35743", "SOKET_TIPI": "DC", "SOKET_TURU": "DC_CCS", "SOKET_GUCU_KW": "120" }, "geometry": { "type": "Point", "coordinates": [ 32.655902, 39.876817 ] } },
{ "type": "Feature", "properties": { "ID": 6204.0, "SIRA_NO": 476.0, "ISTASYON_NO": "ŞRJ/13668", "ISTASYON_ADI": "ÖNİZŞARJ AZEL URHAN KULE", "HIZMET_SEKLI": "HALKA_ACIK", "MARKA": "önizşarj", "MARKAADI": "ASM Group", "SARJ_AGI_ISLETMECISI": "ASM DEKORASYON MOBİLYA  GRANİT MERMER İNŞAAT SANAYİ TİCARET LİMİTED ŞİRKETİ", "YESIL_SARJ_ISTASYONU_MU": "", "ADRES": "Konutkent Mahallesi 3029 Caddesi  No:3 Çankaya / ANKARA", "SOKET_NO": "SKT/35744", "SOKET_TIPI": "DC", "SOKET_TURU": "DC_CCS", "SOKET_GUCU_KW": "120" }, "geometry": { "type": "Point", "coordinates": [ 32.655902, 39.876817 ] } },
{ "type": "Feature", "properties": { "ID": 6205.0, "SIRA_NO": 476.0, "ISTASYON_NO": "ŞRJ/13668", "ISTASYON_ADI": "ÖNİZŞARJ AZEL URHAN KULE", "HIZMET_SEKLI": "HALKA_ACIK", "MARKA": "önizşarj", "MARKAADI": "ASM Group", "SARJ_AGI_ISLETMECISI": "ASM DEKORASYON MOBİLYA  GRANİT MERMER İNŞAAT SANAYİ TİCARET LİMİTED ŞİRKETİ", "YESIL_SARJ_ISTASYONU_MU": "", "ADRES": "Konutkent Mahallesi 3029 Caddesi  No:3 Çankaya / ANKARA", "SOKET_NO": "SKT/35745", "SOKET_TIPI": "DC", "SOKET_TURU": "DC_CCS", "SOKET_GUCU_KW": "120" }, "geometry": { "type": "Point", "coordinates": [ 32.655902, 39.876817 ] } },
{ "type": "Feature", "properties": { "ID": 6206.0, "SIRA_NO": 476.0, "ISTASYON_NO": "ŞRJ/13668", "ISTASYON_ADI": "ÖNİZŞARJ AZEL URHAN KULE", "HIZMET_SEKLI": "HALKA_ACIK", "MARKA": "önizşarj", "MARKAADI": "ASM Group", "SARJ_AGI_ISLETMECISI": "ASM DEKORASYON MOBİLYA  GRANİT MERMER İNŞAAT SANAYİ TİCARET LİMİTED ŞİRKETİ", "YESIL_SARJ_ISTASYONU_MU": "", "ADRES": "Konutkent Mahallesi 3029 Caddesi  No:3 Çankaya / ANKARA", "SOKET_NO": "SKT/35746", "SOKET_TIPI": "DC", "SOKET_TURU": "DC_CCS", "SOKET_GUCU_KW": "120" }, "geometry": { "type": "Point", "coordinates": [ 32.655902, 39.876817 ] } },
{ "type": "Feature", "properties": { "ID": 6207.0, "SIRA_NO": 476.0, "ISTASYON_NO": "ŞRJ/13668", "ISTASYON_ADI": "ÖNİZŞARJ AZEL URHAN KULE", "HIZMET_SEKLI": "HALKA_ACIK", "MARKA": "önizşarj", "MARKAADI": "ASM Group", "SARJ_AGI_ISLETMECISI": "ASM DEKORASYON MOBİLYA  GRANİT MERMER İNŞAAT SANAYİ TİCARET LİMİTED ŞİRKETİ", "YESIL_SARJ_ISTASYONU_MU": "", "ADRES": "Konutkent Mahallesi 3029 Caddesi  No:3 Çankaya / ANKARA", "SOKET_NO": "SKT/35747", "SOKET_TIPI": "DC", "SOKET_TURU": "DC_CCS", "SOKET_GUCU_KW": "120" }, "geometry": { "type": "Point", "coordinates": [ 32.655902, 39.876817 ] } },
{ "type": "Feature", "properties": { "ID": 6208.0, "SIRA_NO": 476.0, "ISTASYON_NO": "ŞRJ/13668", "ISTASYON_ADI": "ÖNİZŞARJ AZEL URHAN KULE", "HIZMET_SEKLI": "HALKA_ACIK", "MARKA": "önizşarj", "MARKAADI": "ASM Group", "SARJ_AGI_ISLETMECISI": "ASM DEKORASYON MOBİLYA  GRANİT MERMER İNŞAAT SANAYİ TİCARET LİMİTED ŞİRKETİ", "YESIL_SARJ_ISTASYONU_MU": "", "ADRES": "Konutkent Mahallesi 3029 Caddesi  No:3 Çankaya / ANKARA", "SOKET_NO": "SKT/35748", "SOKET_TIPI": "DC", "SOKET_TURU": "DC_CCS", "SOKET_GUCU_KW": "120" }, "geometry": { "type": "Point", "coordinates": [ 32.655902, 39.876817 ] } },
{ "type": "Feature", "properties": { "ID": 5384.0, "SIRA_NO": 134.0, "ISTASYON_NO": "ŞRJ/8369", "ISTASYON_ADI": "GAZİ ÜNİVERSİTESİ MİMARLIK FAKÜLTESİ", "HIZMET_SEKLI": "HALKA_ACIK", "MARKA": "Tripy", "MARKAADI": "Tripy", "SARJ_AGI_ISLETMECISI": "TRİPY MOBİLİTY TEKNOLOJİ ANONİM ŞİRKETİ", "YESIL_SARJ_ISTASYONU_MU": "", "ADRES": "Korkutreis Mahallesi İlkiz Sokağı Çankaya / ANKARA", "SOKET_NO": "SKT/19220", "SOKET_TIPI": "AC", "SOKET_TURU": "AC_TYPE2", "SOKET_GUCU_KW": "22" }, "geometry": { "type": "Point", "coordinates": [ 32.84725, 39.931206 ] } },
{ "type": "Feature", "properties": { "ID": 5238.0, "SIRA_NO": 55.0, "ISTASYON_NO": "ŞRJ/8634", "ISTASYON_ADI": "ANKARA SÖĞÜTÖZÜ KONUTLARI-1", "HIZMET_SEKLI": "OZEL", "MARKA": "PROMASTER", "MARKAADI": "Promaster", "SARJ_AGI_ISLETMECISI": "PROMASTER DANIŞMANLIK LİMİTED ŞİRKETİ", "YESIL_SARJ_ISTASYONU_MU": "", "ADRES": "Sögütözü Mahallesi 2185 Caddesi Çankaya / ANKARA", "SOKET_NO": "SKT/19880", "SOKET_TIPI": "AC", "SOKET_TURU": "AC_TYPE2", "SOKET_GUCU_KW": "22" }, "geometry": { "type": "Point", "coordinates": [ 32.794531, 39.914105 ] } },
{ "type": "Feature", "properties": { "ID": 6881.0, "SIRA_NO": 209.0, "ISTASYON_NO": "ŞRJ/2404", "ISTASYON_ADI": "Kuzu Effect", "HIZMET_SEKLI": "HALKA_ACIK", "MARKA": "oncharge", "MARKAADI": "Oncharge", "SARJ_AGI_ISLETMECISI": "KALYON ELECTRICAL VEHICLE ENERJİ YATIRIM ANONİM ŞİRKETİ", "YESIL_SARJ_ISTASYONU_MU": "", "ADRES": "Oran Mahallesi Zülfü Tigrel Caddesi  No:AVM ADP Çankaya / ANKARA", "SOKET_NO": "SKT/4441", "SOKET_TIPI": "AC", "SOKET_TURU": "AC_TYPE2", "SOKET_GUCU_KW": "22" }, "geometry": { "type": "Point", "coordinates": [ 32.828202, 39.8456 ] } },
{ "type": "Feature", "properties": { "ID": 6882.0, "SIRA_NO": 209.0, "ISTASYON_NO": "ŞRJ/2404", "ISTASYON_ADI": "Kuzu Effect", "HIZMET_SEKLI": "HALKA_ACIK", "MARKA": "oncharge", "MARKAADI": "Oncharge", "SARJ_AGI_ISLETMECISI": "KALYON ELECTRICAL VEHICLE ENERJİ YATIRIM ANONİM ŞİRKETİ", "YESIL_SARJ_ISTASYONU_MU": "", "ADRES": "Oran Mahallesi Zülfü Tigrel Caddesi  No:AVM ADP Çankaya / ANKARA", "SOKET_NO": "SKT/40867", "SOKET_TIPI": "DC", "SOKET_TURU": "DC_CCS", "SOKET_GUCU_KW": "180" }, "geometry": { "type": "Point", "coordinates": [ 32.828202, 39.8456 ] } },
{ "type": "Feature", "properties": { "ID": 6883.0, "SIRA_NO": 209.0, "ISTASYON_NO": "ŞRJ/2404", "ISTASYON_ADI": "Kuzu Effect", "HIZMET_SEKLI": "HALKA_ACIK", "MARKA": "oncharge", "MARKAADI": "Oncharge", "SARJ_AGI_ISLETMECISI": "KALYON ELECTRICAL VEHICLE ENERJİ YATIRIM ANONİM ŞİRKETİ", "YESIL_SARJ_ISTASYONU_MU": "", "ADRES": "Oran Mahallesi Zülfü Tigrel Caddesi  No:AVM ADP Çankaya / ANKARA", "SOKET_NO": "SKT/40868", "SOKET_TIPI": "DC", "SOKET_TURU": "DC_CCS", "SOKET_GUCU_KW": "180" }, "geometry": { "type": "Point", "coordinates": [ 32.828202, 39.8456 ] } },
{ "type": "Feature", "properties": { "ID": 11642.0, "SIRA_NO": 129.0, "ISTASYON_NO": "ŞRJ/14970", "ISTASYON_ADI": "Çevre ve Şehircilik Bakanlığı", "HIZMET_SEKLI": "OZEL", "MARKA": "zes", "MARKAADI": "Zes", "SARJ_AGI_ISLETMECISI": "ZES DİJİTAL TİCARET ANONİM ŞİRKETİ", "YESIL_SARJ_ISTASYONU_MU": "Evet", "ADRES": "Mustafa Kemal Mahallesi Dumlupınar Sokağı  No:278 Çankaya / ANKARA", "SOKET_NO": "SKT/39794", "SOKET_TIPI": "AC", "SOKET_TURU": "AC_TYPE2", "SOKET_GUCU_KW": "22" }, "geometry": { "type": "Point", "coordinates": [ 32.751995, 39.910871 ] } },
{ "type": "Feature", "properties": { "ID": 6124.0, "SIRA_NO": 448.0, "ISTASYON_NO": "ŞRJ/12044", "ISTASYON_ADI": "Türkiye Barolar Birliği Şarj İstasyonu", "HIZMET_SEKLI": "HALKA_ACIK", "MARKA": "ECOCONNECT", "MARKAADI": "Ecoconnect", "SARJ_AGI_ISLETMECISI": "FCTR ELEKTRİKLİ ARAÇLAR ENERJİ TEKNOLOJİLERİ VE HİZMETLERİ A.Ş", "YESIL_SARJ_ISTASYONU_MU": "", "ADRES": "Oğuzlar Mahallesi İlhami Soysal Sokağı  No:3 Çankaya / ANKARA", "SOKET_NO": "SKT/30473", "SOKET_TIPI": "AC", "SOKET_TURU": "AC_TYPE2", "SOKET_GUCU_KW": "22" }, "geometry": { "type": "Point", "coordinates": [ 32.819845, 39.898517 ] } },
{ "type": "Feature", "properties": { "ID": 6125.0, "SIRA_NO": 448.0, "ISTASYON_NO": "ŞRJ/12044", "ISTASYON_ADI": "Türkiye Barolar Birliği Şarj İstasyonu", "HIZMET_SEKLI": "HALKA_ACIK", "MARKA": "ECOCONNECT", "MARKAADI": "Ecoconnect", "SARJ_AGI_ISLETMECISI": "FCTR ELEKTRİKLİ ARAÇLAR ENERJİ TEKNOLOJİLERİ VE HİZMETLERİ A.Ş", "YESIL_SARJ_ISTASYONU_MU": "", "ADRES": "Oğuzlar Mahallesi İlhami Soysal Sokağı  No:3 Çankaya / ANKARA", "SOKET_NO": "SKT/30474", "SOKET_TIPI": "AC", "SOKET_TURU": "AC_TYPE2", "SOKET_GUCU_KW": "22" }, "geometry": { "type": "Point", "coordinates": [ 32.819845, 39.898517 ] } },
{ "type": "Feature", "properties": { "ID": 6126.0, "SIRA_NO": 448.0, "ISTASYON_NO": "ŞRJ/12044", "ISTASYON_ADI": "Türkiye Barolar Birliği Şarj İstasyonu", "HIZMET_SEKLI": "HALKA_ACIK", "MARKA": "ECOCONNECT", "MARKAADI": "Ecoconnect", "SARJ_AGI_ISLETMECISI": "FCTR ELEKTRİKLİ ARAÇLAR ENERJİ TEKNOLOJİLERİ VE HİZMETLERİ A.Ş", "YESIL_SARJ_ISTASYONU_MU": "", "ADRES": "Oğuzlar Mahallesi İlhami Soysal Sokağı  No:3 Çankaya / ANKARA", "SOKET_NO": "SKT/30475", "SOKET_TIPI": "DC", "SOKET_TURU": "DC_CCS", "SOKET_GUCU_KW": "60" }, "geometry": { "type": "Point", "coordinates": [ 32.819845, 39.898517 ] } },
{ "type": "Feature", "properties": { "ID": 10652.0, "SIRA_NO": 350.0, "ISTASYON_NO": "ŞRJ/827", "ISTASYON_ADI": "One Tower AVM Ankara", "HIZMET_SEKLI": "HALKA_ACIK", "MARKA": "zes", "MARKAADI": "Zes", "SARJ_AGI_ISLETMECISI": "ZES DİJİTAL TİCARET ANONİM ŞİRKETİ", "YESIL_SARJ_ISTASYONU_MU": "Evet", "ADRES": "Oran Mahallesi Kudüs Caddesi  No:6 /A Çankaya / ANKARA", "SOKET_NO": "SKT/15472", "SOKET_TIPI": "AC", "SOKET_TURU": "AC_TYPE2", "SOKET_GUCU_KW": "22" }, "geometry": { "type": "Point", "coordinates": [ 32.836106, 39.850246 ] } },
{ "type": "Feature", "properties": { "ID": 31349.0, "SIRA_NO": 461.0, "ISTASYON_NO": "ŞRJ/11682", "ISTASYON_ADI": "RELAX YAŞAMKENT SİTESİ", "HIZMET_SEKLI": "HALKA_ACIK", "MARKA": "ŞARJTAK", "MARKAADI": "ŞarjTak", "SARJ_AGI_ISLETMECISI": "TAYRAN GRUP İNŞAAT ANONİM ŞİRKETİ", "YESIL_SARJ_ISTASYONU_MU": "", "ADRES": "Alacaatlı Mahallesi 3834 Sokağı  No:25 Çankaya / ANKARA", "SOKET_NO": "SKT/29179", "SOKET_TIPI": "AC", "SOKET_TURU": "AC_TYPE2", "SOKET_GUCU_KW": "7,4" }, "geometry": { "type": "Point", "coordinates": [ 32.644909, 39.846769 ] } },
{ "type": "Feature", "properties": { "ID": 31351.0, "SIRA_NO": 462.0, "ISTASYON_NO": "ŞRJ/11683", "ISTASYON_ADI": "GÖKDEMİR YAŞAM SİTESİ", "HIZMET_SEKLI": "HALKA_ACIK", "MARKA": "ŞARJTAK", "MARKAADI": "ŞarjTak", "SARJ_AGI_ISLETMECISI": "TAYRAN GRUP İNŞAAT ANONİM ŞİRKETİ", "YESIL_SARJ_ISTASYONU_MU": "", "ADRES": "Yaşamkent Mahallesi 3247 Sokağı  No:4 Çankaya / ANKARA", "SOKET_NO": "SKT/29181", "SOKET_TIPI": "AC", "SOKET_TURU": "AC_TYPE2", "SOKET_GUCU_KW": "3,7" }, "geometry": { "type": "Point", "coordinates": [ 32.637864, 39.865469 ] } },
{ "type": "Feature", "properties": { "ID": 31353.0, "SIRA_NO": 463.0, "ISTASYON_NO": "ŞRJ/11684", "ISTASYON_ADI": "QUARTZ BEYTEPE SİTESİ", "HIZMET_SEKLI": "HALKA_ACIK", "MARKA": "ŞARJTAK", "MARKAADI": "ŞarjTak", "SARJ_AGI_ISLETMECISI": "TAYRAN GRUP İNŞAAT ANONİM ŞİRKETİ", "YESIL_SARJ_ISTASYONU_MU": "", "ADRES": "Alacaatlı Mahallesi 4835 Sokağı  No:11 Çankaya / ANKARA", "SOKET_NO": "SKT/29183", "SOKET_TIPI": "AC", "SOKET_TURU": "AC_TYPE2", "SOKET_GUCU_KW": "3,7" }, "geometry": { "type": "Point", "coordinates": [ 32.689708, 39.828898 ] } },
{ "type": "Feature", "properties": { "ID": 31357.0, "SIRA_NO": 465.0, "ISTASYON_NO": "ŞRJ/11692", "ISTASYON_ADI": "DOĞAN PLAZA ÖNÜ", "HIZMET_SEKLI": "HALKA_ACIK", "MARKA": "ŞARJTAK", "MARKAADI": "ŞarjTak", "SARJ_AGI_ISLETMECISI": "TAYRAN GRUP İNŞAAT ANONİM ŞİRKETİ", "YESIL_SARJ_ISTASYONU_MU": "", "ADRES": "Nasuh Akar Mahallesi 1400. Sokağı  No:4 Çankaya / ANKARA", "SOKET_NO": "SKT/29203", "SOKET_TIPI": "DC", "SOKET_TURU": "DC_CCS", "SOKET_GUCU_KW": "60" }, "geometry": { "type": "Point", "coordinates": [ 32.8217, 39.9114 ] } },
{ "type": "Feature", "properties": { "ID": 31360.0, "SIRA_NO": 466.0, "ISTASYON_NO": "ŞRJ/15759", "ISTASYON_ADI": "GÜNEYPARK1 ŞARJTAK", "HIZMET_SEKLI": "HALKA_ACIK", "MARKA": "ŞARJTAK", "MARKAADI": "ŞarjTak", "SARJ_AGI_ISLETMECISI": "TAYRAN GRUP İNŞAAT ANONİM ŞİRKETİ", "YESIL_SARJ_ISTASYONU_MU": "", "ADRES": "İlkbahar Mahallesi  No:69/A /GÜNEYPARK KÜME EVLERİ Çankaya / ANKARA", "SOKET_NO": "SKT/42267", "SOKET_TIPI": "AC", "SOKET_TURU": "AC_TYPE2", "SOKET_GUCU_KW": "22" }, "geometry": { "type": "Point", "coordinates": [ 32.859571, 39.842415 ] } },
{ "type": "Feature", "properties": { "ID": 31513.0, "SIRA_NO": 27.0, "ISTASYON_NO": "ŞRJ/12431", "ISTASYON_ADI": "ANKARA OZAN WİNGS SİTESİ SİTE YÖNETİCİLİĞİ-1", "HIZMET_SEKLI": "HALKA_ACIK", "MARKA": "Polestar", "MARKAADI": "Polestar", "SARJ_AGI_ISLETMECISI": "NTECHNIC ELEKTRONİK SANAYİ TİCARET ANONİM ŞİRKETİ", "YESIL_SARJ_ISTASYONU_MU": "", "ADRES": "Alacaatlı Mahallesi Şehit Eren Bülbül Sokağı  No:39 Çankaya / ANKARA", "SOKET_NO": "SKT/31855", "SOKET_TIPI": "AC", "SOKET_TURU": "AC_TYPE2", "SOKET_GUCU_KW": "11" }, "geometry": { "type": "Point", "coordinates": [ 32.662317, 39.855797 ] } },
{ "type": "Feature", "properties": { "ID": 32273.0, "SIRA_NO": 340.0, "ISTASYON_NO": "ŞRJ/16758", "ISTASYON_ADI": "BAŞKENT DOĞALGAZ", "HIZMET_SEKLI": "HALKA_ACIK", "MARKA": "Sepaş Akıllı Çözümler Anonim Şirketi", "MARKAADI": "Sepaş Charge", "SARJ_AGI_ISLETMECISI": "SEPAŞ AKILLI ÇÖZÜMLER ANONİM ŞİRKETİ", "YESIL_SARJ_ISTASYONU_MU": "", "ADRES": "Kızılırmak Mahallesi Ufuk Üniversitesi Sokağı  No:13/A-B Çankaya / ANKARA", "SOKET_NO": "SKT/45591", "SOKET_TIPI": "AC", "SOKET_TURU": "AC_TYPE2", "SOKET_GUCU_KW": "22" }, "geometry": { "type": "Point", "coordinates": [ 32.808738, 39.907517 ] } },
{ "type": "Feature", "properties": { "ID": 10657.0, "SIRA_NO": 350.0, "ISTASYON_NO": "ŞRJ/827", "ISTASYON_ADI": "One Tower AVM Ankara", "HIZMET_SEKLI": "HALKA_ACIK", "MARKA": "zes", "MARKAADI": "Zes", "SARJ_AGI_ISLETMECISI": "ZES DİJİTAL TİCARET ANONİM ŞİRKETİ", "YESIL_SARJ_ISTASYONU_MU": "Evet", "ADRES": "Oran Mahallesi Kudüs Caddesi  No:6 /A Çankaya / ANKARA", "SOKET_NO": "SKT/15477", "SOKET_TIPI": "DC", "SOKET_TURU": "DC_CCS", "SOKET_GUCU_KW": "60" }, "geometry": { "type": "Point", "coordinates": [ 32.836106, 39.850246 ] } },
{ "type": "Feature", "properties": { "ID": 10658.0, "SIRA_NO": 350.0, "ISTASYON_NO": "ŞRJ/827", "ISTASYON_ADI": "One Tower AVM Ankara", "HIZMET_SEKLI": "HALKA_ACIK", "MARKA": "zes", "MARKAADI": "Zes", "SARJ_AGI_ISLETMECISI": "ZES DİJİTAL TİCARET ANONİM ŞİRKETİ", "YESIL_SARJ_ISTASYONU_MU": "Evet", "ADRES": "Oran Mahallesi Kudüs Caddesi  No:6 /A Çankaya / ANKARA", "SOKET_NO": "SKT/15478", "SOKET_TIPI": "DC", "SOKET_TURU": "DC_CCS", "SOKET_GUCU_KW": "60" }, "geometry": { "type": "Point", "coordinates": [ 32.836106, 39.850246 ] } },
{ "type": "Feature", "properties": { "ID": 31037.0, "SIRA_NO": 391.0, "ISTASYON_NO": "ŞRJ/16755", "ISTASYON_ADI": "Funda Beyaz Evler", "HIZMET_SEKLI": "OZEL", "MARKA": "B-FORCE", "MARKAADI": "B - Force", "SARJ_AGI_ISLETMECISI": "BAŞER OTOMOTİV PETROL İNŞAAT KİRALAMA ANONİM ŞİRKETİ", "YESIL_SARJ_ISTASYONU_MU": "", "ADRES": "Yukarı Dikmen Mah. Mahallesi 629 Caddesi  No:15 Çankaya / ANKARA", "SOKET_NO": "SKT/45584", "SOKET_TIPI": "AC", "SOKET_TURU": "AC_TYPE2", "SOKET_GUCU_KW": "22" }, "geometry": { "type": "Point", "coordinates": [ 32.837075, 39.846784 ] } },
{ "type": "Feature", "properties": { "ID": 11104.0, "SIRA_NO": 476.0, "ISTASYON_NO": "ŞRJ/10646", "ISTASYON_ADI": "Tepe Prime İş ve Yaşam Merkezi Açık Otopark", "HIZMET_SEKLI": "HALKA_ACIK", "MARKA": "zes", "MARKAADI": "Zes", "SARJ_AGI_ISLETMECISI": "ZES DİJİTAL TİCARET ANONİM ŞİRKETİ", "YESIL_SARJ_ISTASYONU_MU": "Evet", "ADRES": "Mustafa Kemal Mahallesi  No:266 Çankaya / ANKARA", "SOKET_NO": "SKT/25918", "SOKET_TIPI": "DC", "SOKET_TURU": "DC_CCS", "SOKET_GUCU_KW": "60" }, "geometry": { "type": "Point", "coordinates": [ 32.755263, 39.909709 ] } },
{ "type": "Feature", "properties": { "ID": 10653.0, "SIRA_NO": 350.0, "ISTASYON_NO": "ŞRJ/827", "ISTASYON_ADI": "One Tower AVM Ankara", "HIZMET_SEKLI": "HALKA_ACIK", "MARKA": "zes", "MARKAADI": "Zes", "SARJ_AGI_ISLETMECISI": "ZES DİJİTAL TİCARET ANONİM ŞİRKETİ", "YESIL_SARJ_ISTASYONU_MU": "Evet", "ADRES": "Oran Mahallesi Kudüs Caddesi  No:6 /A Çankaya / ANKARA", "SOKET_NO": "SKT/15473", "SOKET_TIPI": "AC", "SOKET_TURU": "AC_TYPE2", "SOKET_GUCU_KW": "22" }, "geometry": { "type": "Point", "coordinates": [ 32.836106, 39.850246 ] } },
{ "type": "Feature", "properties": { "ID": 10654.0, "SIRA_NO": 350.0, "ISTASYON_NO": "ŞRJ/827", "ISTASYON_ADI": "One Tower AVM Ankara", "HIZMET_SEKLI": "HALKA_ACIK", "MARKA": "zes", "MARKAADI": "Zes", "SARJ_AGI_ISLETMECISI": "ZES DİJİTAL TİCARET ANONİM ŞİRKETİ", "YESIL_SARJ_ISTASYONU_MU": "Evet", "ADRES": "Oran Mahallesi Kudüs Caddesi  No:6 /A Çankaya / ANKARA", "SOKET_NO": "SKT/15474", "SOKET_TIPI": "AC", "SOKET_TURU": "AC_TYPE2", "SOKET_GUCU_KW": "22" }, "geometry": { "type": "Point", "coordinates": [ 32.836106, 39.850246 ] } },
{ "type": "Feature", "properties": { "ID": 10655.0, "SIRA_NO": 350.0, "ISTASYON_NO": "ŞRJ/827", "ISTASYON_ADI": "One Tower AVM Ankara", "HIZMET_SEKLI": "HALKA_ACIK", "MARKA": "zes", "MARKAADI": "Zes", "SARJ_AGI_ISLETMECISI": "ZES DİJİTAL TİCARET ANONİM ŞİRKETİ", "YESIL_SARJ_ISTASYONU_MU": "Evet", "ADRES": "Oran Mahallesi Kudüs Caddesi  No:6 /A Çankaya / ANKARA", "SOKET_NO": "SKT/15475", "SOKET_TIPI": "AC", "SOKET_TURU": "AC_TYPE2", "SOKET_GUCU_KW": "22" }, "geometry": { "type": "Point", "coordinates": [ 32.836106, 39.850246 ] } },
{ "type": "Feature", "properties": { "ID": 10656.0, "SIRA_NO": 350.0, "ISTASYON_NO": "ŞRJ/827", "ISTASYON_ADI": "One Tower AVM Ankara", "HIZMET_SEKLI": "HALKA_ACIK", "MARKA": "zes", "MARKAADI": "Zes", "SARJ_AGI_ISLETMECISI": "ZES DİJİTAL TİCARET ANONİM ŞİRKETİ", "YESIL_SARJ_ISTASYONU_MU": "Evet", "ADRES": "Oran Mahallesi Kudüs Caddesi  No:6 /A Çankaya / ANKARA", "SOKET_NO": "SKT/15476", "SOKET_TIPI": "AC", "SOKET_TURU": "AC_TYPE2", "SOKET_GUCU_KW": "22" }, "geometry": { "type": "Point", "coordinates": [ 32.836106, 39.850246 ] } },
{ "type": "Feature", "properties": { "ID": 10929.0, "SIRA_NO": 435.0, "ISTASYON_NO": "ŞRJ/16042", "ISTASYON_ADI": "Elya Center AVM", "HIZMET_SEKLI": "HALKA_ACIK", "MARKA": "zes", "MARKAADI": "Zes", "SARJ_AGI_ISLETMECISI": "ZES DİJİTAL TİCARET ANONİM ŞİRKETİ", "YESIL_SARJ_ISTASYONU_MU": "Evet", "ADRES": "Konutkent Mahallesi Dumlupınar Sokağı  No:381 Çankaya / ANKARA", "SOKET_NO": "SKT/43151", "SOKET_TIPI": "DC", "SOKET_TURU": "DC_CCS", "SOKET_GUCU_KW": "400" }, "geometry": { "type": "Point", "coordinates": [ 32.651499, 39.876022 ] } },
{ "type": "Feature", "properties": { "ID": 10930.0, "SIRA_NO": 435.0, "ISTASYON_NO": "ŞRJ/16042", "ISTASYON_ADI": "Elya Center AVM", "HIZMET_SEKLI": "HALKA_ACIK", "MARKA": "zes", "MARKAADI": "Zes", "SARJ_AGI_ISLETMECISI": "ZES DİJİTAL TİCARET ANONİM ŞİRKETİ", "YESIL_SARJ_ISTASYONU_MU": "Evet", "ADRES": "Konutkent Mahallesi Dumlupınar Sokağı  No:381 Çankaya / ANKARA", "SOKET_NO": "SKT/43152", "SOKET_TIPI": "DC", "SOKET_TURU": "DC_CCS", "SOKET_GUCU_KW": "400" }, "geometry": { "type": "Point", "coordinates": [ 32.651499, 39.876022 ] } },
{ "type": "Feature", "properties": { "ID": 10931.0, "SIRA_NO": 435.0, "ISTASYON_NO": "ŞRJ/16042", "ISTASYON_ADI": "Elya Center AVM", "HIZMET_SEKLI": "HALKA_ACIK", "MARKA": "zes", "MARKAADI": "Zes", "SARJ_AGI_ISLETMECISI": "ZES DİJİTAL TİCARET ANONİM ŞİRKETİ", "YESIL_SARJ_ISTASYONU_MU": "Evet", "ADRES": "Konutkent Mahallesi Dumlupınar Sokağı  No:381 Çankaya / ANKARA", "SOKET_NO": "SKT/43153", "SOKET_TIPI": "DC", "SOKET_TURU": "DC_CCS", "SOKET_GUCU_KW": "400" }, "geometry": { "type": "Point", "coordinates": [ 32.651499, 39.876022 ] } },
{ "type": "Feature", "properties": { "ID": 10932.0, "SIRA_NO": 435.0, "ISTASYON_NO": "ŞRJ/16042", "ISTASYON_ADI": "Elya Center AVM", "HIZMET_SEKLI": "HALKA_ACIK", "MARKA": "zes", "MARKAADI": "Zes", "SARJ_AGI_ISLETMECISI": "ZES DİJİTAL TİCARET ANONİM ŞİRKETİ", "YESIL_SARJ_ISTASYONU_MU": "Evet", "ADRES": "Konutkent Mahallesi Dumlupınar Sokağı  No:381 Çankaya / ANKARA", "SOKET_NO": "SKT/43154", "SOKET_TIPI": "DC", "SOKET_TURU": "DC_CCS", "SOKET_GUCU_KW": "400" }, "geometry": { "type": "Point", "coordinates": [ 32.651499, 39.876022 ] } },
{ "type": "Feature", "properties": { "ID": 10933.0, "SIRA_NO": 435.0, "ISTASYON_NO": "ŞRJ/16042", "ISTASYON_ADI": "Elya Center AVM", "HIZMET_SEKLI": "HALKA_ACIK", "MARKA": "zes", "MARKAADI": "Zes", "SARJ_AGI_ISLETMECISI": "ZES DİJİTAL TİCARET ANONİM ŞİRKETİ", "YESIL_SARJ_ISTASYONU_MU": "Evet", "ADRES": "Konutkent Mahallesi Dumlupınar Sokağı  No:381 Çankaya / ANKARA", "SOKET_NO": "SKT/43155", "SOKET_TIPI": "DC", "SOKET_TURU": "DC_CCS", "SOKET_GUCU_KW": "400" }, "geometry": { "type": "Point", "coordinates": [ 32.651499, 39.876022 ] } },
{ "type": "Feature", "properties": { "ID": 31368.0, "SIRA_NO": 470.0, "ISTASYON_NO": "ŞRJ/15779", "ISTASYON_ADI": "YDA SÖĞÜTÖZÜ TİCARİ PLAZA DC", "HIZMET_SEKLI": "HALKA_ACIK", "MARKA": "ŞARJTAK", "MARKAADI": "ŞarjTak", "SARJ_AGI_ISLETMECISI": "TAYRAN GRUP İNŞAAT ANONİM ŞİRKETİ", "YESIL_SARJ_ISTASYONU_MU": "", "ADRES": "Söğütözü Mahallesi 2185 Sokağı  No:20/D Çankaya / ANKARA", "SOKET_NO": "SKT/42308", "SOKET_TIPI": "DC", "SOKET_TURU": "DC_CCS", "SOKET_GUCU_KW": "47" }, "geometry": { "type": "Point", "coordinates": [ 32.791457, 39.915701 ] } },
{ "type": "Feature", "properties": { "ID": 31370.0, "SIRA_NO": 471.0, "ISTASYON_NO": "ŞRJ/15758", "ISTASYON_ADI": "GÜNEYPARK2 ŞARJTAK", "HIZMET_SEKLI": "HALKA_ACIK", "MARKA": "ŞARJTAK", "MARKAADI": "ŞarjTak", "SARJ_AGI_ISLETMECISI": "TAYRAN GRUP İNŞAAT ANONİM ŞİRKETİ", "YESIL_SARJ_ISTASYONU_MU": "", "ADRES": "İlkbahar Mahallesi  No:69/A /GÜNEYPARK KÜME EVLERİ Çankaya / ANKARA", "SOKET_NO": "SKT/42263", "SOKET_TIPI": "AC", "SOKET_TURU": "AC_TYPE2", "SOKET_GUCU_KW": "22" }, "geometry": { "type": "Point", "coordinates": [ 32.859452, 39.842395 ] } },
{ "type": "Feature", "properties": { "ID": 31378.0, "SIRA_NO": 473.0, "ISTASYON_NO": "ŞRJ/15394", "ISTASYON_ADI": "YDA SÖĞÜTÖZÜ KONUT", "HIZMET_SEKLI": "OZEL", "MARKA": "ŞARJTAK", "MARKAADI": "ŞarjTak", "SARJ_AGI_ISLETMECISI": "TAYRAN GRUP İNŞAAT ANONİM ŞİRKETİ", "YESIL_SARJ_ISTASYONU_MU": "", "ADRES": "Söğütözü Mahallesi 2185. Sokağı  No:20/A Çankaya / ANKARA", "SOKET_NO": "SKT/42691", "SOKET_TIPI": "AC", "SOKET_TURU": "AC_TYPE2", "SOKET_GUCU_KW": "22" }, "geometry": { "type": "Point", "coordinates": [ 32.791484, 39.9167 ] } },
{ "type": "Feature", "properties": { "ID": 31382.0, "SIRA_NO": 474.0, "ISTASYON_NO": "ŞRJ/15469", "ISTASYON_ADI": "ŞARJTAK/YDA CENTER", "HIZMET_SEKLI": "OZEL", "MARKA": "ŞARJTAK", "MARKAADI": "ŞarjTak", "SARJ_AGI_ISLETMECISI": "TAYRAN GRUP İNŞAAT ANONİM ŞİRKETİ", "YESIL_SARJ_ISTASYONU_MU": "", "ADRES": "Kızılırmak Mahallesi Mahallesi  No:9 Çankaya / ANKARA", "SOKET_NO": "SKT/42695", "SOKET_TIPI": "AC", "SOKET_TURU": "AC_TYPE2", "SOKET_GUCU_KW": "22" }, "geometry": { "type": "Point", "coordinates": [ 32.808895, 39.910658 ] } },
{ "type": "Feature", "properties": { "ID": 31387.0, "SIRA_NO": 475.0, "ISTASYON_NO": "ŞRJ/15714", "ISTASYON_ADI": "YDA SÖĞÜTÖZÜ TİCARİ PLAZA", "HIZMET_SEKLI": "HALKA_ACIK", "MARKA": "ŞARJTAK", "MARKAADI": "ŞarjTak", "SARJ_AGI_ISLETMECISI": "TAYRAN GRUP İNŞAAT ANONİM ŞİRKETİ", "YESIL_SARJ_ISTASYONU_MU": "", "ADRES": "Söğütözü Mahallesi 2185 Sokağı  No:20-D Çankaya / ANKARA", "SOKET_NO": "SKT/42702", "SOKET_TIPI": "AC", "SOKET_TURU": "AC_TYPE2", "SOKET_GUCU_KW": "22" }, "geometry": { "type": "Point", "coordinates": [ 32.791429, 39.915673 ] } },
{ "type": "Feature", "properties": { "ID": 10982.0, "SIRA_NO": 448.0, "ISTASYON_NO": "ŞRJ/822", "ISTASYON_ADI": "Limak Ambassadore Hotel Ankara", "HIZMET_SEKLI": "HALKA_ACIK", "MARKA": "zes", "MARKAADI": "Zes", "SARJ_AGI_ISLETMECISI": "ZES DİJİTAL TİCARET ANONİM ŞİRKETİ", "YESIL_SARJ_ISTASYONU_MU": "Evet", "ADRES": "Gaziosman Paşa Mahallesi Boğaz Sokağı  No:19 Çankaya / ANKARA", "SOKET_NO": "SKT/43478", "SOKET_TIPI": "DC", "SOKET_TURU": "DC_CCS", "SOKET_GUCU_KW": "60" }, "geometry": { "type": "Point", "coordinates": [ 32.865733, 39.899366 ] } },
{ "type": "Feature", "properties": { "ID": 10968.0, "SIRA_NO": 443.0, "ISTASYON_NO": "ŞRJ/2618", "ISTASYON_ADI": "Besa Karina Ankara", "HIZMET_SEKLI": "HALKA_ACIK", "MARKA": "zes", "MARKAADI": "Zes", "SARJ_AGI_ISLETMECISI": "ZES DİJİTAL TİCARET ANONİM ŞİRKETİ", "YESIL_SARJ_ISTASYONU_MU": "Evet", "ADRES": "Yaşamkent Mahallesi 332. Caddesi Çankaya / ANKARA", "SOKET_NO": "SKT/43246", "SOKET_TIPI": "DC", "SOKET_TURU": "DC_CCS", "SOKET_GUCU_KW": "60" }, "geometry": { "type": "Point", "coordinates": [ 32.645052, 39.856705 ] } },
{ "type": "Feature", "properties": { "ID": 30212.0, "SIRA_NO": 151.0, "ISTASYON_NO": "ŞRJ/15193", "ISTASYON_ADI": "BTK Merkez", "HIZMET_SEKLI": "HALKA_ACIK", "MARKA": "porty", "MARKAADI": "Porty", "SARJ_AGI_ISLETMECISI": "PORTY SMART TECH TEKNOLOJİ ANONİM ŞİRKETİ", "YESIL_SARJ_ISTASYONU_MU": "", "ADRES": "Mustafa Kemal Mah. Mahallesi Dumlupınar Sk. Sokağı  No:276 Çankaya / ANKARA", "SOKET_NO": "SKT/40463", "SOKET_TIPI": "AC", "SOKET_TURU": "AC_TYPE2", "SOKET_GUCU_KW": "22" }, "geometry": { "type": "Point", "coordinates": [ 32.75181, 39.907904 ] } },
{ "type": "Feature", "properties": { "ID": 30213.0, "SIRA_NO": 151.0, "ISTASYON_NO": "ŞRJ/15193", "ISTASYON_ADI": "BTK Merkez", "HIZMET_SEKLI": "HALKA_ACIK", "MARKA": "porty", "MARKAADI": "Porty", "SARJ_AGI_ISLETMECISI": "PORTY SMART TECH TEKNOLOJİ ANONİM ŞİRKETİ", "YESIL_SARJ_ISTASYONU_MU": "", "ADRES": "Mustafa Kemal Mah. Mahallesi Dumlupınar Sk. Sokağı  No:276 Çankaya / ANKARA", "SOKET_NO": "SKT/40464", "SOKET_TIPI": "AC", "SOKET_TURU": "AC_TYPE2", "SOKET_GUCU_KW": "22" }, "geometry": { "type": "Point", "coordinates": [ 32.75181, 39.907904 ] } },
{ "type": "Feature", "properties": { "ID": 30214.0, "SIRA_NO": 151.0, "ISTASYON_NO": "ŞRJ/15193", "ISTASYON_ADI": "BTK Merkez", "HIZMET_SEKLI": "HALKA_ACIK", "MARKA": "porty", "MARKAADI": "Porty", "SARJ_AGI_ISLETMECISI": "PORTY SMART TECH TEKNOLOJİ ANONİM ŞİRKETİ", "YESIL_SARJ_ISTASYONU_MU": "", "ADRES": "Mustafa Kemal Mah. Mahallesi Dumlupınar Sk. Sokağı  No:276 Çankaya / ANKARA", "SOKET_NO": "SKT/40465", "SOKET_TIPI": "AC", "SOKET_TURU": "AC_TYPE2", "SOKET_GUCU_KW": "22" }, "geometry": { "type": "Point", "coordinates": [ 32.75181, 39.907904 ] } },
{ "type": "Feature", "properties": { "ID": 30215.0, "SIRA_NO": 151.0, "ISTASYON_NO": "ŞRJ/15193", "ISTASYON_ADI": "BTK Merkez", "HIZMET_SEKLI": "HALKA_ACIK", "MARKA": "porty", "MARKAADI": "Porty", "SARJ_AGI_ISLETMECISI": "PORTY SMART TECH TEKNOLOJİ ANONİM ŞİRKETİ", "YESIL_SARJ_ISTASYONU_MU": "", "ADRES": "Mustafa Kemal Mah. Mahallesi Dumlupınar Sk. Sokağı  No:276 Çankaya / ANKARA", "SOKET_NO": "SKT/40466", "SOKET_TIPI": "AC", "SOKET_TURU": "AC_TYPE2", "SOKET_GUCU_KW": "22" }, "geometry": { "type": "Point", "coordinates": [ 32.75181, 39.907904 ] } },
{ "type": "Feature", "properties": { "ID": 31040.0, "SIRA_NO": 392.0, "ISTASYON_NO": "ŞRJ/17035", "ISTASYON_ADI": "Aden Premium", "HIZMET_SEKLI": "OZEL", "MARKA": "B-FORCE", "MARKAADI": "B - Force", "SARJ_AGI_ISLETMECISI": "BAŞER OTOMOTİV PETROL İNŞAAT KİRALAMA ANONİM ŞİRKETİ", "YESIL_SARJ_ISTASYONU_MU": "", "ADRES": "Alacaatlı Mahallesi 3354 Caddesi  No:4 Çankaya / ANKARA", "SOKET_NO": "SKT/46366", "SOKET_TIPI": "AC", "SOKET_TURU": "AC_TYPE2", "SOKET_GUCU_KW": "22" }, "geometry": { "type": "Point", "coordinates": [ 32.681277, 39.863107 ] } },
{ "type": "Feature", "properties": { "ID": 31391.0, "SIRA_NO": 477.0, "ISTASYON_NO": "ŞRJ/16024", "ISTASYON_ADI": "KEYVAN ACRUX SİTESİ", "HIZMET_SEKLI": "OZEL", "MARKA": "ŞARJTAK", "MARKAADI": "ŞarjTak", "SARJ_AGI_ISLETMECISI": "TAYRAN GRUP İNŞAAT ANONİM ŞİRKETİ", "YESIL_SARJ_ISTASYONU_MU": "", "ADRES": "Beytepe Mahallesi Ali Şir Nevai Caddesi  No:3 Çankaya / ANKARA", "SOKET_NO": "SKT/43101", "SOKET_TIPI": "AC", "SOKET_TURU": "AC_TYPE2", "SOKET_GUCU_KW": "22" }, "geometry": { "type": "Point", "coordinates": [ 32.706837, 39.864241 ] } },
{ "type": "Feature", "properties": { "ID": 31395.0, "SIRA_NO": 478.0, "ISTASYON_NO": "ŞRJ/16200", "ISTASYON_ADI": "VADİ KAPI KONUTLARI / ŞARJTAK", "HIZMET_SEKLI": "OZEL", "MARKA": "ŞARJTAK", "MARKAADI": "ŞarjTak", "SARJ_AGI_ISLETMECISI": "TAYRAN GRUP İNŞAAT ANONİM ŞİRKETİ", "YESIL_SARJ_ISTASYONU_MU": "", "ADRES": "Ayrancı Mahallesi Reşat Nuri Sokağı  No:102 Çankaya / ANKARA", "SOKET_NO": "SKT/43844", "SOKET_TIPI": "AC", "SOKET_TURU": "AC_TYPE2", "SOKET_GUCU_KW": "22" }, "geometry": { "type": "Point", "coordinates": [ 32.8458, 39.890199 ] } },
{ "type": "Feature", "properties": { "ID": 31402.0, "SIRA_NO": 484.0, "ISTASYON_NO": "ŞRJ/13978", "ISTASYON_ADI": "şarjtak - CHEF BROS", "HIZMET_SEKLI": "HALKA_ACIK", "MARKA": "ŞARJTAK", "MARKAADI": "ŞarjTak", "SARJ_AGI_ISLETMECISI": "TAYRAN GRUP İNŞAAT ANONİM ŞİRKETİ", "YESIL_SARJ_ISTASYONU_MU": "", "ADRES": "Gaziosmanpaşa Mahallesi Halıcı Sokağı  No:7/A Çankaya / ANKARA", "SOKET_NO": "SKT/36697", "SOKET_TIPI": "AC", "SOKET_TURU": "AC_TYPE2", "SOKET_GUCU_KW": "22" }, "geometry": { "type": "Point", "coordinates": [ 32.864437, 39.897895 ] } },
{ "type": "Feature", "properties": { "ID": 9961.0, "SIRA_NO": 127.0, "ISTASYON_NO": "ŞRJ/12618", "ISTASYON_ADI": "King Otel", "HIZMET_SEKLI": "HALKA_ACIK", "MARKA": "zes", "MARKAADI": "Zes", "SARJ_AGI_ISLETMECISI": "ZES DİJİTAL TİCARET ANONİM ŞİRKETİ", "YESIL_SARJ_ISTASYONU_MU": "Evet", "ADRES": "Kavaklıdere Mahallesi Güvenlik Sokağı  No:13 Çankaya / ANKARA", "SOKET_NO": "SKT/32414", "SOKET_TIPI": "AC", "SOKET_TURU": "AC_TYPE2", "SOKET_GUCU_KW": "22" }, "geometry": { "type": "Point", "coordinates": [ 32.853052, 39.909101 ] } },
{ "type": "Feature", "properties": { "ID": 11872.0, "SIRA_NO": 203.0, "ISTASYON_NO": "ŞRJ/5727", "ISTASYON_ADI": "Otojet - Maltepe Otopark", "HIZMET_SEKLI": "HALKA_ACIK", "MARKA": "Otojet", "MARKAADI": "Otojet", "SARJ_AGI_ISLETMECISI": "OTOJET ENERJİ SANAYİ VE TİCARET ANONİM ŞİRKETİ", "YESIL_SARJ_ISTASYONU_MU": "", "ADRES": "Maltepe Mahallesi Şehit Gönenç Caddesi  No:5 Çankaya / ANKARA", "SOKET_NO": "SKT/12445", "SOKET_TIPI": "DC", "SOKET_TURU": "DC_CCS", "SOKET_GUCU_KW": "90" }, "geometry": { "type": "Point", "coordinates": [ 32.845981, 39.925093 ] } },
{ "type": "Feature", "properties": { "ID": 11873.0, "SIRA_NO": 203.0, "ISTASYON_NO": "ŞRJ/5727", "ISTASYON_ADI": "Otojet - Maltepe Otopark", "HIZMET_SEKLI": "HALKA_ACIK", "MARKA": "Otojet", "MARKAADI": "Otojet", "SARJ_AGI_ISLETMECISI": "OTOJET ENERJİ SANAYİ VE TİCARET ANONİM ŞİRKETİ", "YESIL_SARJ_ISTASYONU_MU": "", "ADRES": "Maltepe Mahallesi Şehit Gönenç Caddesi  No:5 Çankaya / ANKARA", "SOKET_NO": "SKT/12446", "SOKET_TIPI": "AC", "SOKET_TURU": "AC_TYPE2", "SOKET_GUCU_KW": "22" }, "geometry": { "type": "Point", "coordinates": [ 32.845981, 39.925093 ] } },
{ "type": "Feature", "properties": { "ID": 11874.0, "SIRA_NO": 203.0, "ISTASYON_NO": "ŞRJ/5727", "ISTASYON_ADI": "Otojet - Maltepe Otopark", "HIZMET_SEKLI": "HALKA_ACIK", "MARKA": "Otojet", "MARKAADI": "Otojet", "SARJ_AGI_ISLETMECISI": "OTOJET ENERJİ SANAYİ VE TİCARET ANONİM ŞİRKETİ", "YESIL_SARJ_ISTASYONU_MU": "", "ADRES": "Maltepe Mahallesi Şehit Gönenç Caddesi  No:5 Çankaya / ANKARA", "SOKET_NO": "SKT/12447", "SOKET_TIPI": "AC", "SOKET_TURU": "AC_TYPE2", "SOKET_GUCU_KW": "22" }, "geometry": { "type": "Point", "coordinates": [ 32.845981, 39.925093 ] } },
{ "type": "Feature", "properties": { "ID": 11875.0, "SIRA_NO": 203.0, "ISTASYON_NO": "ŞRJ/5727", "ISTASYON_ADI": "Otojet - Maltepe Otopark", "HIZMET_SEKLI": "HALKA_ACIK", "MARKA": "Otojet", "MARKAADI": "Otojet", "SARJ_AGI_ISLETMECISI": "OTOJET ENERJİ SANAYİ VE TİCARET ANONİM ŞİRKETİ", "YESIL_SARJ_ISTASYONU_MU": "", "ADRES": "Maltepe Mahallesi Şehit Gönenç Caddesi  No:5 Çankaya / ANKARA", "SOKET_NO": "SKT/12448", "SOKET_TIPI": "AC", "SOKET_TURU": "AC_TYPE2", "SOKET_GUCU_KW": "22" }, "geometry": { "type": "Point", "coordinates": [ 32.845981, 39.925093 ] } },
{ "type": "Feature", "properties": { "ID": 30219.0, "SIRA_NO": 151.0, "ISTASYON_NO": "ŞRJ/15193", "ISTASYON_ADI": "BTK Merkez", "HIZMET_SEKLI": "HALKA_ACIK", "MARKA": "porty", "MARKAADI": "Porty", "SARJ_AGI_ISLETMECISI": "PORTY SMART TECH TEKNOLOJİ ANONİM ŞİRKETİ", "YESIL_SARJ_ISTASYONU_MU": "", "ADRES": "Mustafa Kemal Mah. Mahallesi Dumlupınar Sk. Sokağı  No:276 Çankaya / ANKARA", "SOKET_NO": "SKT/40470", "SOKET_TIPI": "AC", "SOKET_TURU": "AC_TYPE2", "SOKET_GUCU_KW": "11" }, "geometry": { "type": "Point", "coordinates": [ 32.75181, 39.907904 ] } },
{ "type": "Feature", "properties": { "ID": 30220.0, "SIRA_NO": 151.0, "ISTASYON_NO": "ŞRJ/15193", "ISTASYON_ADI": "BTK Merkez", "HIZMET_SEKLI": "HALKA_ACIK", "MARKA": "porty", "MARKAADI": "Porty", "SARJ_AGI_ISLETMECISI": "PORTY SMART TECH TEKNOLOJİ ANONİM ŞİRKETİ", "YESIL_SARJ_ISTASYONU_MU": "", "ADRES": "Mustafa Kemal Mah. Mahallesi Dumlupınar Sk. Sokağı  No:276 Çankaya / ANKARA", "SOKET_NO": "SKT/40471", "SOKET_TIPI": "AC", "SOKET_TURU": "AC_TYPE2", "SOKET_GUCU_KW": "11" }, "geometry": { "type": "Point", "coordinates": [ 32.75181, 39.907904 ] } },
{ "type": "Feature", "properties": { "ID": 30221.0, "SIRA_NO": 151.0, "ISTASYON_NO": "ŞRJ/15193", "ISTASYON_ADI": "BTK Merkez", "HIZMET_SEKLI": "HALKA_ACIK", "MARKA": "porty", "MARKAADI": "Porty", "SARJ_AGI_ISLETMECISI": "PORTY SMART TECH TEKNOLOJİ ANONİM ŞİRKETİ", "YESIL_SARJ_ISTASYONU_MU": "", "ADRES": "Mustafa Kemal Mah. Mahallesi Dumlupınar Sk. Sokağı  No:276 Çankaya / ANKARA", "SOKET_NO": "SKT/40472", "SOKET_TIPI": "AC", "SOKET_TURU": "AC_TYPE2", "SOKET_GUCU_KW": "11" }, "geometry": { "type": "Point", "coordinates": [ 32.75181, 39.907904 ] } },
{ "type": "Feature", "properties": { "ID": 30222.0, "SIRA_NO": 151.0, "ISTASYON_NO": "ŞRJ/15193", "ISTASYON_ADI": "BTK Merkez", "HIZMET_SEKLI": "HALKA_ACIK", "MARKA": "porty", "MARKAADI": "Porty", "SARJ_AGI_ISLETMECISI": "PORTY SMART TECH TEKNOLOJİ ANONİM ŞİRKETİ", "YESIL_SARJ_ISTASYONU_MU": "", "ADRES": "Mustafa Kemal Mah. Mahallesi Dumlupınar Sk. Sokağı  No:276 Çankaya / ANKARA", "SOKET_NO": "SKT/40473", "SOKET_TIPI": "AC", "SOKET_TURU": "AC_TYPE2", "SOKET_GUCU_KW": "11" }, "geometry": { "type": "Point", "coordinates": [ 32.75181, 39.907904 ] } },
{ "type": "Feature", "properties": { "ID": 30223.0, "SIRA_NO": 151.0, "ISTASYON_NO": "ŞRJ/15193", "ISTASYON_ADI": "BTK Merkez", "HIZMET_SEKLI": "HALKA_ACIK", "MARKA": "porty", "MARKAADI": "Porty", "SARJ_AGI_ISLETMECISI": "PORTY SMART TECH TEKNOLOJİ ANONİM ŞİRKETİ", "YESIL_SARJ_ISTASYONU_MU": "", "ADRES": "Mustafa Kemal Mah. Mahallesi Dumlupınar Sk. Sokağı  No:276 Çankaya / ANKARA", "SOKET_NO": "SKT/40474", "SOKET_TIPI": "AC", "SOKET_TURU": "AC_TYPE2", "SOKET_GUCU_KW": "11" }, "geometry": { "type": "Point", "coordinates": [ 32.75181, 39.907904 ] } },
{ "type": "Feature", "properties": { "ID": 30216.0, "SIRA_NO": 151.0, "ISTASYON_NO": "ŞRJ/15193", "ISTASYON_ADI": "BTK Merkez", "HIZMET_SEKLI": "HALKA_ACIK", "MARKA": "porty", "MARKAADI": "Porty", "SARJ_AGI_ISLETMECISI": "PORTY SMART TECH TEKNOLOJİ ANONİM ŞİRKETİ", "YESIL_SARJ_ISTASYONU_MU": "", "ADRES": "Mustafa Kemal Mah. Mahallesi Dumlupınar Sk. Sokağı  No:276 Çankaya / ANKARA", "SOKET_NO": "SKT/40467", "SOKET_TIPI": "AC", "SOKET_TURU": "AC_TYPE2", "SOKET_GUCU_KW": "22" }, "geometry": { "type": "Point", "coordinates": [ 32.75181, 39.907904 ] } },
{ "type": "Feature", "properties": { "ID": 30224.0, "SIRA_NO": 151.0, "ISTASYON_NO": "ŞRJ/15193", "ISTASYON_ADI": "BTK Merkez", "HIZMET_SEKLI": "HALKA_ACIK", "MARKA": "porty", "MARKAADI": "Porty", "SARJ_AGI_ISLETMECISI": "PORTY SMART TECH TEKNOLOJİ ANONİM ŞİRKETİ", "YESIL_SARJ_ISTASYONU_MU": "", "ADRES": "Mustafa Kemal Mah. Mahallesi Dumlupınar Sk. Sokağı  No:276 Çankaya / ANKARA", "SOKET_NO": "SKT/40475", "SOKET_TIPI": "AC", "SOKET_TURU": "AC_TYPE2", "SOKET_GUCU_KW": "11" }, "geometry": { "type": "Point", "coordinates": [ 32.75181, 39.907904 ] } },
{ "type": "Feature", "properties": { "ID": 30217.0, "SIRA_NO": 151.0, "ISTASYON_NO": "ŞRJ/15193", "ISTASYON_ADI": "BTK Merkez", "HIZMET_SEKLI": "HALKA_ACIK", "MARKA": "porty", "MARKAADI": "Porty", "SARJ_AGI_ISLETMECISI": "PORTY SMART TECH TEKNOLOJİ ANONİM ŞİRKETİ", "YESIL_SARJ_ISTASYONU_MU": "", "ADRES": "Mustafa Kemal Mah. Mahallesi Dumlupınar Sk. Sokağı  No:276 Çankaya / ANKARA", "SOKET_NO": "SKT/40468", "SOKET_TIPI": "AC", "SOKET_TURU": "AC_TYPE2", "SOKET_GUCU_KW": "22" }, "geometry": { "type": "Point", "coordinates": [ 32.75181, 39.907904 ] } },
{ "type": "Feature", "properties": { "ID": 30225.0, "SIRA_NO": 151.0, "ISTASYON_NO": "ŞRJ/15193", "ISTASYON_ADI": "BTK Merkez", "HIZMET_SEKLI": "HALKA_ACIK", "MARKA": "porty", "MARKAADI": "Porty", "SARJ_AGI_ISLETMECISI": "PORTY SMART TECH TEKNOLOJİ ANONİM ŞİRKETİ", "YESIL_SARJ_ISTASYONU_MU": "", "ADRES": "Mustafa Kemal Mah. Mahallesi Dumlupınar Sk. Sokağı  No:276 Çankaya / ANKARA", "SOKET_NO": "SKT/40477", "SOKET_TIPI": "DC", "SOKET_TURU": "DC_CCS", "SOKET_GUCU_KW": "60" }, "geometry": { "type": "Point", "coordinates": [ 32.75181, 39.907904 ] } },
{ "type": "Feature", "properties": { "ID": 30226.0, "SIRA_NO": 151.0, "ISTASYON_NO": "ŞRJ/15193", "ISTASYON_ADI": "BTK Merkez", "HIZMET_SEKLI": "HALKA_ACIK", "MARKA": "porty", "MARKAADI": "Porty", "SARJ_AGI_ISLETMECISI": "PORTY SMART TECH TEKNOLOJİ ANONİM ŞİRKETİ", "YESIL_SARJ_ISTASYONU_MU": "", "ADRES": "Mustafa Kemal Mah. Mahallesi Dumlupınar Sk. Sokağı  No:276 Çankaya / ANKARA", "SOKET_NO": "SKT/40478", "SOKET_TIPI": "DC", "SOKET_TURU": "DC_CCS", "SOKET_GUCU_KW": "60" }, "geometry": { "type": "Point", "coordinates": [ 32.75181, 39.907904 ] } },
{ "type": "Feature", "properties": { "ID": 30218.0, "SIRA_NO": 151.0, "ISTASYON_NO": "ŞRJ/15193", "ISTASYON_ADI": "BTK Merkez", "HIZMET_SEKLI": "HALKA_ACIK", "MARKA": "porty", "MARKAADI": "Porty", "SARJ_AGI_ISLETMECISI": "PORTY SMART TECH TEKNOLOJİ ANONİM ŞİRKETİ", "YESIL_SARJ_ISTASYONU_MU": "", "ADRES": "Mustafa Kemal Mah. Mahallesi Dumlupınar Sk. Sokağı  No:276 Çankaya / ANKARA", "SOKET_NO": "SKT/40469", "SOKET_TIPI": "AC", "SOKET_TURU": "AC_TYPE2", "SOKET_GUCU_KW": "22" }, "geometry": { "type": "Point", "coordinates": [ 32.75181, 39.907904 ] } },
{ "type": "Feature", "properties": { "ID": 31415.0, "SIRA_NO": 493.0, "ISTASYON_NO": "ŞRJ/16795", "ISTASYON_ADI": "ŞARJTAK - OKSİJEN ORAN SİTESİ", "HIZMET_SEKLI": "OZEL", "MARKA": "ŞARJTAK", "MARKAADI": "ŞarjTak", "SARJ_AGI_ISLETMECISI": "TAYRAN GRUP İNŞAAT ANONİM ŞİRKETİ", "YESIL_SARJ_ISTASYONU_MU": "", "ADRES": "İlkbahar Mahallesi  No:77/1  Güneypark Küme Evleri Çankaya / ANKARA", "SOKET_NO": "SKT/45690", "SOKET_TIPI": "AC", "SOKET_TURU": "AC_TYPE2", "SOKET_GUCU_KW": "22" }, "geometry": { "type": "Point", "coordinates": [ 32.850524, 39.841399 ] } },
{ "type": "Feature", "properties": { "ID": 31417.0, "SIRA_NO": 494.0, "ISTASYON_NO": "ŞRJ/14159", "ISTASYON_ADI": "SPECTRUM", "HIZMET_SEKLI": "HALKA_ACIK", "MARKA": "spectrum girişimcilik", "MARKAADI": "Spectrum", "SARJ_AGI_ISLETMECISI": "SPECTRUM GİRİŞİMCİLİK YATIRIMCILIK YAZILIM DANIŞMANLIK ANONİM ŞİRKETİ", "YESIL_SARJ_ISTASYONU_MU": "", "ADRES": "İlkbahar Mahallesi 608 Sokağı  No:17 Çankaya / ANKARA", "SOKET_NO": "SKT/37202", "SOKET_TIPI": "AC", "SOKET_TURU": "AC_TYPE2", "SOKET_GUCU_KW": "22" }, "geometry": { "type": "Point", "coordinates": [ 32.856783, 39.8564 ] } },
{ "type": "Feature", "properties": { "ID": 31421.0, "SIRA_NO": 496.0, "ISTASYON_NO": "ŞRJ/14287", "ISTASYON_ADI": "SPECTRUM", "HIZMET_SEKLI": "HALKA_ACIK", "MARKA": "spectrum girişimcilik", "MARKAADI": "Spectrum", "SARJ_AGI_ISLETMECISI": "SPECTRUM GİRİŞİMCİLİK YATIRIMCILIK YAZILIM DANIŞMANLIK ANONİM ŞİRKETİ", "YESIL_SARJ_ISTASYONU_MU": "", "ADRES": "Kızılırmak Mahallesi Ufuk Üni. Caddesi - Sokağı  No:4 /-  -  - Çankaya / ANKARA", "SOKET_NO": "SKT/37578", "SOKET_TIPI": "DC", "SOKET_TURU": "DC_CCS", "SOKET_GUCU_KW": "120" }, "geometry": { "type": "Point", "coordinates": [ 32.812094, 39.909485 ] } },
{ "type": "Feature", "properties": { "ID": 12599.0, "SIRA_NO": 468.0, "ISTASYON_NO": "ŞRJ/2291", "ISTASYON_ADI": "ASTORŞARJ KENTPARK AVM ELEKTRİKLİ ARAÇ ŞARJ İSTASYONU", "HIZMET_SEKLI": "HALKA_ACIK", "MARKA": "ASTOR", "MARKAADI": "Astor", "SARJ_AGI_ISLETMECISI": "ASTOR ENERJİ ANONİM ŞİRKETİ", "YESIL_SARJ_ISTASYONU_MU": "", "ADRES": "Mustafa Kemal Mahallesi Eskişehir Yolu 7.km Caddesi  No:164 Çankaya / ANKARA", "SOKET_NO": "SKT/4545", "SOKET_TIPI": "DC", "SOKET_TURU": "DC_CCS", "SOKET_GUCU_KW": "160" }, "geometry": { "type": "Point", "coordinates": [ 32.775904, 39.908742 ] } },
{ "type": "Feature", "properties": { "ID": 12600.0, "SIRA_NO": 468.0, "ISTASYON_NO": "ŞRJ/2291", "ISTASYON_ADI": "ASTORŞARJ KENTPARK AVM ELEKTRİKLİ ARAÇ ŞARJ İSTASYONU", "HIZMET_SEKLI": "HALKA_ACIK", "MARKA": "ASTOR", "MARKAADI": "Astor", "SARJ_AGI_ISLETMECISI": "ASTOR ENERJİ ANONİM ŞİRKETİ", "YESIL_SARJ_ISTASYONU_MU": "", "ADRES": "Mustafa Kemal Mahallesi Eskişehir Yolu 7.km Caddesi  No:164 Çankaya / ANKARA", "SOKET_NO": "SKT/4546", "SOKET_TIPI": "DC", "SOKET_TURU": "DC_CCS", "SOKET_GUCU_KW": "160" }, "geometry": { "type": "Point", "coordinates": [ 32.775904, 39.908742 ] } },
{ "type": "Feature", "properties": { "ID": 30152.0, "SIRA_NO": 142.0, "ISTASYON_NO": "ŞRJ/12390", "ISTASYON_ADI": "ANKARA MEMORIAL", "HIZMET_SEKLI": "HALKA_ACIK", "MARKA": "ekojet", "MARKAADI": "Ecojet", "SARJ_AGI_ISLETMECISI": "YENİ SÜRDÜRÜLEBİLİR ENERJİ TEKNOLOJİLERİ VE ÜRETİMLERİ ANONİM ŞİRKETİ", "YESIL_SARJ_ISTASYONU_MU": "", "ADRES": "Balgat Mahallesi Mevlana Sokağı  No:4/2 Çankaya / ANKARA", "SOKET_NO": "SKT/31739", "SOKET_TIPI": "DC", "SOKET_TURU": "DC_CCS", "SOKET_GUCU_KW": "180" }, "geometry": { "type": "Point", "coordinates": [ 32.814699, 39.903643 ] } },
{ "type": "Feature", "properties": { "ID": 10788.0, "SIRA_NO": 385.0, "ISTASYON_NO": "ŞRJ/15617", "ISTASYON_ADI": "Alımcı Park", "HIZMET_SEKLI": "HALKA_ACIK", "MARKA": "zes", "MARKAADI": "Zes", "SARJ_AGI_ISLETMECISI": "ZES DİJİTAL TİCARET ANONİM ŞİRKETİ", "YESIL_SARJ_ISTASYONU_MU": "Evet", "ADRES": "Prof. Dr. Ahmet Taner Kışlalı Mah Mahallesi Çay Yolu -1- Caddesi Caddesi Çankaya / ANKARA", "SOKET_NO": "SKT/41768", "SOKET_TIPI": "DC", "SOKET_TURU": "DC_CCS", "SOKET_GUCU_KW": "60" }, "geometry": { "type": "Point", "coordinates": [ 32.68221, 39.871506 ] } },
{ "type": "Feature", "properties": { "ID": 10789.0, "SIRA_NO": 385.0, "ISTASYON_NO": "ŞRJ/15617", "ISTASYON_ADI": "Alımcı Park", "HIZMET_SEKLI": "HALKA_ACIK", "MARKA": "zes", "MARKAADI": "Zes", "SARJ_AGI_ISLETMECISI": "ZES DİJİTAL TİCARET ANONİM ŞİRKETİ", "YESIL_SARJ_ISTASYONU_MU": "Evet", "ADRES": "Prof. Dr. Ahmet Taner Kışlalı Mah Mahallesi Çay Yolu -1- Caddesi Caddesi Çankaya / ANKARA", "SOKET_NO": "SKT/41769", "SOKET_TIPI": "DC", "SOKET_TURU": "DC_CCS", "SOKET_GUCU_KW": "60" }, "geometry": { "type": "Point", "coordinates": [ 32.68221, 39.871506 ] } },
{ "type": "Feature", "properties": { "ID": 10790.0, "SIRA_NO": 385.0, "ISTASYON_NO": "ŞRJ/15617", "ISTASYON_ADI": "Alımcı Park", "HIZMET_SEKLI": "HALKA_ACIK", "MARKA": "zes", "MARKAADI": "Zes", "SARJ_AGI_ISLETMECISI": "ZES DİJİTAL TİCARET ANONİM ŞİRKETİ", "YESIL_SARJ_ISTASYONU_MU": "Evet", "ADRES": "Prof. Dr. Ahmet Taner Kışlalı Mah Mahallesi Çay Yolu -1- Caddesi Caddesi Çankaya / ANKARA", "SOKET_NO": "SKT/41770", "SOKET_TIPI": "DC", "SOKET_TURU": "DC_CCS", "SOKET_GUCU_KW": "60" }, "geometry": { "type": "Point", "coordinates": [ 32.68221, 39.871506 ] } },
{ "type": "Feature", "properties": { "ID": 29638.0, "SIRA_NO": 488.0, "ISTASYON_NO": "ŞRJ/14222", "ISTASYON_ADI": "Yüzüncüyıl Petrol", "HIZMET_SEKLI": "HALKA_ACIK", "MARKA": "ovolt", "MARKAADI": "Ovolt", "SARJ_AGI_ISLETMECISI": "OVOLT ŞARJ TEKNOLOJİLERİ SANAYİ VE TİCARET ANONİM ŞİRKETİ", "YESIL_SARJ_ISTASYONU_MU": "", "ADRES": "İşçi Blokları Mahallesi Ali Metin Tokdemir Sokağı  No:50 Çankaya / ANKARA", "SOKET_NO": "SKT/37341", "SOKET_TIPI": "DC", "SOKET_TURU": "DC_CCS", "SOKET_GUCU_KW": "120" }, "geometry": { "type": "Point", "coordinates": [ 32.796583, 39.895478 ] } },
{ "type": "Feature", "properties": { "ID": 30014.0, "SIRA_NO": 111.0, "ISTASYON_NO": "ŞRJ/15707", "ISTASYON_ADI": "Villa Can", "HIZMET_SEKLI": "OZEL", "MARKA": "Sky World Solar Enerji", "MARKAADI": "Sky World Solar Enerji", "SARJ_AGI_ISLETMECISI": "SKY WORLD SOLAR ENERJİ ANONIM ŞİRKETİ", "YESIL_SARJ_ISTASYONU_MU": "", "ADRES": "Beytepe Mahallesi 1799 Sokağı  No:46 Çankaya / ANKARA", "SOKET_NO": "SKT/42089", "SOKET_TIPI": "AC", "SOKET_TURU": "AC_TYPE2", "SOKET_GUCU_KW": "11" }, "geometry": { "type": "Point", "coordinates": [ 32.753806, 39.852447 ] } },
{ "type": "Feature", "properties": { "ID": 8369.0, "SIRA_NO": 434.0, "ISTASYON_NO": "ŞRJ/824", "ISTASYON_ADI": "Midas Hotel Ankara", "HIZMET_SEKLI": "HALKA_ACIK", "MARKA": "zes", "MARKAADI": "Zes", "SARJ_AGI_ISLETMECISI": "ZES DİJİTAL TİCARET ANONİM ŞİRKETİ", "YESIL_SARJ_ISTASYONU_MU": "Evet", "ADRES": "Kavaklıdere Mahallesi Tunus Caddesi  No:20 Çankaya / ANKARA", "SOKET_NO": "SKT/1384", "SOKET_TIPI": "AC", "SOKET_TURU": "AC_TYPE2", "SOKET_GUCU_KW": "22" }, "geometry": { "type": "Point", "coordinates": [ 32.856396, 39.911427 ] } },
{ "type": "Feature", "properties": { "ID": 8371.0, "SIRA_NO": 435.0, "ISTASYON_NO": "ŞRJ/826", "ISTASYON_ADI": "Newpark Otel Ankara", "HIZMET_SEKLI": "HALKA_ACIK", "MARKA": "zes", "MARKAADI": "Zes", "SARJ_AGI_ISLETMECISI": "ZES DİJİTAL TİCARET ANONİM ŞİRKETİ", "YESIL_SARJ_ISTASYONU_MU": "Evet", "ADRES": "Önçebeci Mahallesi Ziya Gökalp Caddesi  No:58 Çankaya / ANKARA", "SOKET_NO": "SKT/1388", "SOKET_TIPI": "AC", "SOKET_TURU": "AC_TYPE2", "SOKET_GUCU_KW": "22" }, "geometry": { "type": "Point", "coordinates": [ 32.86312, 39.924511 ] } },
{ "type": "Feature", "properties": { "ID": 8381.0, "SIRA_NO": 440.0, "ISTASYON_NO": "ŞRJ/835", "ISTASYON_ADI": "Sur Balık Restoran", "HIZMET_SEKLI": "HALKA_ACIK", "MARKA": "zes", "MARKAADI": "Zes", "SARJ_AGI_ISLETMECISI": "ZES DİJİTAL TİCARET ANONİM ŞİRKETİ", "YESIL_SARJ_ISTASYONU_MU": "Evet", "ADRES": "Uğur Mumcu Caddesi Kuleli Sokağı  No:40 Çankaya / ANKARA", "SOKET_NO": "SKT/1406", "SOKET_TIPI": "AC", "SOKET_TURU": "AC_TYPE2", "SOKET_GUCU_KW": "22" }, "geometry": { "type": "Point", "coordinates": [ 32.871683, 39.892713 ] } },
{ "type": "Feature", "properties": { "ID": 8351.0, "SIRA_NO": 425.0, "ISTASYON_NO": "ŞRJ/804", "ISTASYON_ADI": "Besa Kule Ankara", "HIZMET_SEKLI": "HALKA_ACIK", "MARKA": "zes", "MARKAADI": "Zes", "SARJ_AGI_ISLETMECISI": "ZES DİJİTAL TİCARET ANONİM ŞİRKETİ", "YESIL_SARJ_ISTASYONU_MU": "Evet", "ADRES": "Çukurambar Mahallesi 1480. Sokağı  No:71 Çankaya / ANKARA", "SOKET_NO": "SKT/1349", "SOKET_TIPI": "AC", "SOKET_TURU": "AC_TYPE2", "SOKET_GUCU_KW": "22" }, "geometry": { "type": "Point", "coordinates": [ 32.805976, 39.9095 ] } },
{ "type": "Feature", "properties": { "ID": 8355.0, "SIRA_NO": 427.0, "ISTASYON_NO": "ŞRJ/806", "ISTASYON_ADI": "Çalgan Restaurant Ankara", "HIZMET_SEKLI": "HALKA_ACIK", "MARKA": "zes", "MARKAADI": "Zes", "SARJ_AGI_ISLETMECISI": "ZES DİJİTAL TİCARET ANONİM ŞİRKETİ", "YESIL_SARJ_ISTASYONU_MU": "Evet", "ADRES": "Alacaatlı Mahallesi  No:1  Alacaatlı Köy Yolu Çankaya / ANKARA", "SOKET_NO": "SKT/1353", "SOKET_TIPI": "AC", "SOKET_TURU": "AC_TYPE2", "SOKET_GUCU_KW": "22" }, "geometry": { "type": "Point", "coordinates": [ 32.675141, 39.851342 ] } },
{ "type": "Feature", "properties": { "ID": 8358.0, "SIRA_NO": 429.0, "ISTASYON_NO": "ŞRJ/811", "ISTASYON_ADI": "JW Marriott Otel Ankara Açık Otopark", "HIZMET_SEKLI": "HALKA_ACIK", "MARKA": "zes", "MARKAADI": "Zes", "SARJ_AGI_ISLETMECISI": "ZES DİJİTAL TİCARET ANONİM ŞİRKETİ", "YESIL_SARJ_ISTASYONU_MU": "Evet", "ADRES": "Kızılırmak Mahallesi Muhsin Yazıcıoğlu Caddesi  No:1 Çankaya / ANKARA", "SOKET_NO": "SKT/1360", "SOKET_TIPI": "AC", "SOKET_TURU": "AC_TYPE2", "SOKET_GUCU_KW": "22" }, "geometry": { "type": "Point", "coordinates": [ 32.804415, 39.909219 ] } },
{ "type": "Feature", "properties": { "ID": 11643.0, "SIRA_NO": 129.0, "ISTASYON_NO": "ŞRJ/14970", "ISTASYON_ADI": "Çevre ve Şehircilik Bakanlığı", "HIZMET_SEKLI": "OZEL", "MARKA": "zes", "MARKAADI": "Zes", "SARJ_AGI_ISLETMECISI": "ZES DİJİTAL TİCARET ANONİM ŞİRKETİ", "YESIL_SARJ_ISTASYONU_MU": "Evet", "ADRES": "Mustafa Kemal Mahallesi Dumlupınar Sokağı  No:278 Çankaya / ANKARA", "SOKET_NO": "SKT/39795", "SOKET_TIPI": "AC", "SOKET_TURU": "AC_TYPE2", "SOKET_GUCU_KW": "22" }, "geometry": { "type": "Point", "coordinates": [ 32.751995, 39.910871 ] } },
{ "type": "Feature", "properties": { "ID": 11644.0, "SIRA_NO": 129.0, "ISTASYON_NO": "ŞRJ/14970", "ISTASYON_ADI": "Çevre ve Şehircilik Bakanlığı", "HIZMET_SEKLI": "OZEL", "MARKA": "zes", "MARKAADI": "Zes", "SARJ_AGI_ISLETMECISI": "ZES DİJİTAL TİCARET ANONİM ŞİRKETİ", "YESIL_SARJ_ISTASYONU_MU": "Evet", "ADRES": "Mustafa Kemal Mahallesi Dumlupınar Sokağı  No:278 Çankaya / ANKARA", "SOKET_NO": "SKT/48535", "SOKET_TIPI": "AC", "SOKET_TURU": "AC_TYPE2", "SOKET_GUCU_KW": "22" }, "geometry": { "type": "Point", "coordinates": [ 32.751995, 39.910871 ] } },
{ "type": "Feature", "properties": { "ID": 11645.0, "SIRA_NO": 129.0, "ISTASYON_NO": "ŞRJ/14970", "ISTASYON_ADI": "Çevre ve Şehircilik Bakanlığı", "HIZMET_SEKLI": "OZEL", "MARKA": "zes", "MARKAADI": "Zes", "SARJ_AGI_ISLETMECISI": "ZES DİJİTAL TİCARET ANONİM ŞİRKETİ", "YESIL_SARJ_ISTASYONU_MU": "Evet", "ADRES": "Mustafa Kemal Mahallesi Dumlupınar Sokağı  No:278 Çankaya / ANKARA", "SOKET_NO": "SKT/48536", "SOKET_TIPI": "AC", "SOKET_TURU": "AC_TYPE2", "SOKET_GUCU_KW": "22" }, "geometry": { "type": "Point", "coordinates": [ 32.751995, 39.910871 ] } },
{ "type": "Feature", "properties": { "ID": 9369.0, "SIRA_NO": 426.0, "ISTASYON_NO": "ŞRJ/800", "ISTASYON_ADI": "Atakule Ankara", "HIZMET_SEKLI": "HALKA_ACIK", "MARKA": "zes", "MARKAADI": "Zes", "SARJ_AGI_ISLETMECISI": "ZES DİJİTAL TİCARET ANONİM ŞİRKETİ", "YESIL_SARJ_ISTASYONU_MU": "Evet", "ADRES": "Çankaya Mahallesi Çankaya Caddesi  No:1 Çankaya / ANKARA", "SOKET_NO": "SKT/24087", "SOKET_TIPI": "DC", "SOKET_TURU": "DC_CCS", "SOKET_GUCU_KW": "60" }, "geometry": { "type": "Point", "coordinates": [ 32.856224, 39.885999 ] } },
{ "type": "Feature", "properties": { "ID": 9370.0, "SIRA_NO": 426.0, "ISTASYON_NO": "ŞRJ/800", "ISTASYON_ADI": "Atakule Ankara", "HIZMET_SEKLI": "HALKA_ACIK", "MARKA": "zes", "MARKAADI": "Zes", "SARJ_AGI_ISLETMECISI": "ZES DİJİTAL TİCARET ANONİM ŞİRKETİ", "YESIL_SARJ_ISTASYONU_MU": "Evet", "ADRES": "Çankaya Mahallesi Çankaya Caddesi  No:1 Çankaya / ANKARA", "SOKET_NO": "SKT/24088", "SOKET_TIPI": "DC", "SOKET_TURU": "DC_CCS", "SOKET_GUCU_KW": "60" }, "geometry": { "type": "Point", "coordinates": [ 32.856224, 39.885999 ] } },
{ "type": "Feature", "properties": { "ID": 8949.0, "SIRA_NO": 257.0, "ISTASYON_NO": "ŞRJ/799", "ISTASYON_ADI": "Arcadium AVM Çankaya", "HIZMET_SEKLI": "HALKA_ACIK", "MARKA": "zes", "MARKAADI": "Zes", "SARJ_AGI_ISLETMECISI": "ZES DİJİTAL TİCARET ANONİM ŞİRKETİ", "YESIL_SARJ_ISTASYONU_MU": "Evet", "ADRES": "Koru Mahallesi 2432. Caddesi  No:192 Çankaya / ANKARA", "SOKET_NO": "SKT/1341", "SOKET_TIPI": "AC", "SOKET_TURU": "AC_TYPE2", "SOKET_GUCU_KW": "22" }, "geometry": { "type": "Point", "coordinates": [ 32.68559, 39.882691 ] } },
{ "type": "Feature", "properties": { "ID": 8950.0, "SIRA_NO": 257.0, "ISTASYON_NO": "ŞRJ/799", "ISTASYON_ADI": "Arcadium AVM Çankaya", "HIZMET_SEKLI": "HALKA_ACIK", "MARKA": "zes", "MARKAADI": "Zes", "SARJ_AGI_ISLETMECISI": "ZES DİJİTAL TİCARET ANONİM ŞİRKETİ", "YESIL_SARJ_ISTASYONU_MU": "Evet", "ADRES": "Koru Mahallesi 2432. Caddesi  No:192 Çankaya / ANKARA", "SOKET_NO": "SKT/20145", "SOKET_TIPI": "DC", "SOKET_TURU": "DC_CCS", "SOKET_GUCU_KW": "60" }, "geometry": { "type": "Point", "coordinates": [ 32.68559, 39.882691 ] } },
{ "type": "Feature", "properties": { "ID": 8951.0, "SIRA_NO": 257.0, "ISTASYON_NO": "ŞRJ/799", "ISTASYON_ADI": "Arcadium AVM Çankaya", "HIZMET_SEKLI": "HALKA_ACIK", "MARKA": "zes", "MARKAADI": "Zes", "SARJ_AGI_ISLETMECISI": "ZES DİJİTAL TİCARET ANONİM ŞİRKETİ", "YESIL_SARJ_ISTASYONU_MU": "Evet", "ADRES": "Koru Mahallesi 2432. Caddesi  No:192 Çankaya / ANKARA", "SOKET_NO": "SKT/20146", "SOKET_TIPI": "DC", "SOKET_TURU": "DC_CCS", "SOKET_GUCU_KW": "60" }, "geometry": { "type": "Point", "coordinates": [ 32.68559, 39.882691 ] } },
{ "type": "Feature", "properties": { "ID": 9146.0, "SIRA_NO": 344.0, "ISTASYON_NO": "ŞRJ/9248", "ISTASYON_ADI": "Güven Sağlıklı Yaşam Merkezi", "HIZMET_SEKLI": "HALKA_ACIK", "MARKA": "zes", "MARKAADI": "Zes", "SARJ_AGI_ISLETMECISI": "ZES DİJİTAL TİCARET ANONİM ŞİRKETİ", "YESIL_SARJ_ISTASYONU_MU": "Evet", "ADRES": "Alacaatlı Mahallesi Alacaatlı Sokağı  No:15 Çankaya / ANKARA", "SOKET_NO": "SKT/21697", "SOKET_TIPI": "AC", "SOKET_TURU": "AC_TYPE2", "SOKET_GUCU_KW": "22" }, "geometry": { "type": "Point", "coordinates": [ 32.685422, 39.865416 ] } },
{ "type": "Feature", "properties": { "ID": 9147.0, "SIRA_NO": 344.0, "ISTASYON_NO": "ŞRJ/9248", "ISTASYON_ADI": "Güven Sağlıklı Yaşam Merkezi", "HIZMET_SEKLI": "HALKA_ACIK", "MARKA": "zes", "MARKAADI": "Zes", "SARJ_AGI_ISLETMECISI": "ZES DİJİTAL TİCARET ANONİM ŞİRKETİ", "YESIL_SARJ_ISTASYONU_MU": "Evet", "ADRES": "Alacaatlı Mahallesi Alacaatlı Sokağı  No:15 Çankaya / ANKARA", "SOKET_NO": "SKT/21698", "SOKET_TIPI": "AC", "SOKET_TURU": "AC_TYPE2", "SOKET_GUCU_KW": "22" }, "geometry": { "type": "Point", "coordinates": [ 32.685422, 39.865416 ] } },
{ "type": "Feature", "properties": { "ID": 9148.0, "SIRA_NO": 344.0, "ISTASYON_NO": "ŞRJ/9248", "ISTASYON_ADI": "Güven Sağlıklı Yaşam Merkezi", "HIZMET_SEKLI": "HALKA_ACIK", "MARKA": "zes", "MARKAADI": "Zes", "SARJ_AGI_ISLETMECISI": "ZES DİJİTAL TİCARET ANONİM ŞİRKETİ", "YESIL_SARJ_ISTASYONU_MU": "Evet", "ADRES": "Alacaatlı Mahallesi Alacaatlı Sokağı  No:15 Çankaya / ANKARA", "SOKET_NO": "SKT/21699", "SOKET_TIPI": "AC", "SOKET_TURU": "AC_TYPE2", "SOKET_GUCU_KW": "22" }, "geometry": { "type": "Point", "coordinates": [ 32.685422, 39.865416 ] } },
{ "type": "Feature", "properties": { "ID": 30015.0, "SIRA_NO": 112.0, "ISTASYON_NO": "ŞRJ/11603", "ISTASYON_ADI": "DOĞU VİLLA", "HIZMET_SEKLI": "OZEL", "MARKA": "Sky World Solar Enerji", "MARKAADI": "Sky World Solar Enerji", "SARJ_AGI_ISLETMECISI": "SKY WORLD SOLAR ENERJİ ANONIM ŞİRKETİ", "YESIL_SARJ_ISTASYONU_MU": "", "ADRES": "Alacaatlı Mahallesi 3346 Sokağı  No:35/77 Çankaya / ANKARA", "SOKET_NO": "SKT/28978", "SOKET_TIPI": "AC", "SOKET_TURU": "AC_TYPE2", "SOKET_GUCU_KW": "11" }, "geometry": { "type": "Point", "coordinates": [ 32.694605, 39.836932 ] } },
{ "type": "Feature", "properties": { "ID": 30017.0, "SIRA_NO": 113.0, "ISTASYON_NO": "ŞRJ/11604", "ISTASYON_ADI": "PETEK VİLLA", "HIZMET_SEKLI": "OZEL", "MARKA": "Sky World Solar Enerji", "MARKAADI": "Sky World Solar Enerji", "SARJ_AGI_ISLETMECISI": "SKY WORLD SOLAR ENERJİ ANONIM ŞİRKETİ", "YESIL_SARJ_ISTASYONU_MU": "", "ADRES": "Alacaatlı Mahallesi 3346 Sokağı  No:35/77 Çankaya / ANKARA", "SOKET_NO": "SKT/28980", "SOKET_TIPI": "AC", "SOKET_TURU": "AC_TYPE2", "SOKET_GUCU_KW": "11" }, "geometry": { "type": "Point", "coordinates": [ 32.694091, 39.836761 ] } },
{ "type": "Feature", "properties": { "ID": 10927.0, "SIRA_NO": 435.0, "ISTASYON_NO": "ŞRJ/16042", "ISTASYON_ADI": "Elya Center AVM", "HIZMET_SEKLI": "HALKA_ACIK", "MARKA": "zes", "MARKAADI": "Zes", "SARJ_AGI_ISLETMECISI": "ZES DİJİTAL TİCARET ANONİM ŞİRKETİ", "YESIL_SARJ_ISTASYONU_MU": "Evet", "ADRES": "Konutkent Mahallesi Dumlupınar Sokağı  No:381 Çankaya / ANKARA", "SOKET_NO": "SKT/43149", "SOKET_TIPI": "DC", "SOKET_TURU": "DC_CCS", "SOKET_GUCU_KW": "400" }, "geometry": { "type": "Point", "coordinates": [ 32.651499, 39.876022 ] } },
{ "type": "Feature", "properties": { "ID": 10928.0, "SIRA_NO": 435.0, "ISTASYON_NO": "ŞRJ/16042", "ISTASYON_ADI": "Elya Center AVM", "HIZMET_SEKLI": "HALKA_ACIK", "MARKA": "zes", "MARKAADI": "Zes", "SARJ_AGI_ISLETMECISI": "ZES DİJİTAL TİCARET ANONİM ŞİRKETİ", "YESIL_SARJ_ISTASYONU_MU": "Evet", "ADRES": "Konutkent Mahallesi Dumlupınar Sokağı  No:381 Çankaya / ANKARA", "SOKET_NO": "SKT/43150", "SOKET_TIPI": "DC", "SOKET_TURU": "DC_CCS", "SOKET_GUCU_KW": "400" }, "geometry": { "type": "Point", "coordinates": [ 32.651499, 39.876022 ] } },
{ "type": "Feature", "properties": { "ID": 30019.0, "SIRA_NO": 114.0, "ISTASYON_NO": "ŞRJ/15745", "ISTASYON_ADI": "Kupa Morkoç DC", "HIZMET_SEKLI": "HALKA_ACIK", "MARKA": "Sky World Solar Enerji", "MARKAADI": "Sky World Solar Enerji", "SARJ_AGI_ISLETMECISI": "SKY WORLD SOLAR ENERJİ ANONIM ŞİRKETİ", "YESIL_SARJ_ISTASYONU_MU": "", "ADRES": "Alacaatlı Mahallesi  No:128B/29 Çankaya / ANKARA", "SOKET_NO": "SKT/42196", "SOKET_TIPI": "DC", "SOKET_TURU": "DC_CCS", "SOKET_GUCU_KW": "60" }, "geometry": { "type": "Point", "coordinates": [ 32.674722, 39.850412 ] } },
{ "type": "Feature", "properties": { "ID": 30021.0, "SIRA_NO": 115.0, "ISTASYON_NO": "ŞRJ/15746", "ISTASYON_ADI": "Kupa Morkoç AC", "HIZMET_SEKLI": "HALKA_ACIK", "MARKA": "Sky World Solar Enerji", "MARKAADI": "Sky World Solar Enerji", "SARJ_AGI_ISLETMECISI": "SKY WORLD SOLAR ENERJİ ANONIM ŞİRKETİ", "YESIL_SARJ_ISTASYONU_MU": "", "ADRES": "Alacaatlı Mahallesi  No:128B/29 Çankaya / ANKARA", "SOKET_NO": "SKT/42200", "SOKET_TIPI": "AC", "SOKET_TURU": "AC_TYPE2", "SOKET_GUCU_KW": "22" }, "geometry": { "type": "Point", "coordinates": [ 32.674679, 39.850359 ] } },
{ "type": "Feature", "properties": { "ID": 30022.0, "SIRA_NO": 116.0, "ISTASYON_NO": "ŞRJ/11601", "ISTASYON_ADI": "BEYTEPE  VİLLA", "HIZMET_SEKLI": "OZEL", "MARKA": "Sky World Solar Enerji", "MARKAADI": "Sky World Solar Enerji", "SARJ_AGI_ISLETMECISI": "SKY WORLD SOLAR ENERJİ ANONIM ŞİRKETİ", "YESIL_SARJ_ISTASYONU_MU": "", "ADRES": "Beytepe Mahallesi 1799 Sokağı  No:46 Çankaya / ANKARA", "SOKET_NO": "SKT/28970", "SOKET_TIPI": "AC", "SOKET_TURU": "AC_TYPE2", "SOKET_GUCU_KW": "11" }, "geometry": { "type": "Point", "coordinates": [ 32.753779, 39.852446 ] } },
{ "type": "Feature", "properties": { "ID": 31253.0, "SIRA_NO": 431.0, "ISTASYON_NO": "ŞRJ/17284", "ISTASYON_ADI": "Entepe İş Merkezi", "HIZMET_SEKLI": "HALKA_ACIK", "MARKA": "evbee", "MARKAADI": "Evbee", "SARJ_AGI_ISLETMECISI": "EVBEE ELEKTRİKLİ ARAÇ VE ŞARJ SİSTEMLERİ ENERJİ MÜHENDİSLİK ARGE SANAYİ TİCARET ANONİM ŞİRKETİ", "YESIL_SARJ_ISTASYONU_MU": "", "ADRES": "Beytepe Mahallesi Tuğrul Bey Caddesi  No:2 Çankaya / ANKARA", "SOKET_NO": "SKT/47224", "SOKET_TIPI": "DC", "SOKET_TURU": "DC_CCS", "SOKET_GUCU_KW": "180" }, "geometry": { "type": "Point", "coordinates": [ 32.73415, 39.854728 ] } },
{ "type": "Feature", "properties": { "ID": 29598.0, "SIRA_NO": 471.0, "ISTASYON_NO": "ŞRJ/13591", "ISTASYON_ADI": "FİKRET PETROL ÇANKAYA 1", "HIZMET_SEKLI": "HALKA_ACIK", "MARKA": "ovolt", "MARKAADI": "Ovolt", "SARJ_AGI_ISLETMECISI": "OVOLT ŞARJ TEKNOLOJİLERİ SANAYİ VE TİCARET ANONİM ŞİRKETİ", "YESIL_SARJ_ISTASYONU_MU": "", "ADRES": "Fakülteler Mahallesi Cemal Gürsel Sokağı  No:27 Çankaya / ANKARA", "SOKET_NO": "SKT/35346", "SOKET_TIPI": "DC", "SOKET_TURU": "DC_CCS", "SOKET_GUCU_KW": "50" }, "geometry": { "type": "Point", "coordinates": [ 32.868177, 39.928502 ] } },
{ "type": "Feature", "properties": { "ID": 29606.0, "SIRA_NO": 475.0, "ISTASYON_NO": "ŞRJ/14106", "ISTASYON_ADI": "Uzaltaş Petrol", "HIZMET_SEKLI": "HALKA_ACIK", "MARKA": "ovolt", "MARKAADI": "Ovolt", "SARJ_AGI_ISLETMECISI": "OVOLT ŞARJ TEKNOLOJİLERİ SANAYİ VE TİCARET ANONİM ŞİRKETİ", "YESIL_SARJ_ISTASYONU_MU": "", "ADRES": "Emek Mahallesi Bişkek Caddesi  No:50 Çankaya / ANKARA", "SOKET_NO": "SKT/37029", "SOKET_TIPI": "DC", "SOKET_TURU": "DC_CCS", "SOKET_GUCU_KW": "60" }, "geometry": { "type": "Point", "coordinates": [ 32.817132, 39.921488 ] } },
{ "type": "Feature", "properties": { "ID": 10518.0, "SIRA_NO": 305.0, "ISTASYON_NO": "ŞRJ/14599", "ISTASYON_ADI": "The Paragon Tower", "HIZMET_SEKLI": "HALKA_ACIK", "MARKA": "zes", "MARKAADI": "Zes", "SARJ_AGI_ISLETMECISI": "ZES DİJİTAL TİCARET ANONİM ŞİRKETİ", "YESIL_SARJ_ISTASYONU_MU": "Evet", "ADRES": "Kızılırmak Mahallesi 1445 Sokağı  No:2 Çankaya / ANKARA", "SOKET_NO": "SKT/38462", "SOKET_TIPI": "DC", "SOKET_TURU": "DC_CCS", "SOKET_GUCU_KW": "180" }, "geometry": { "type": "Point", "coordinates": [ 32.813012, 39.908905 ] } },
{ "type": "Feature", "properties": { "ID": 8962.0, "SIRA_NO": 260.0, "ISTASYON_NO": "ŞRJ/812", "ISTASYON_ADI": "JW Marriott Otel Ankara Kapalı Otopark", "HIZMET_SEKLI": "HALKA_ACIK", "MARKA": "zes", "MARKAADI": "Zes", "SARJ_AGI_ISLETMECISI": "ZES DİJİTAL TİCARET ANONİM ŞİRKETİ", "YESIL_SARJ_ISTASYONU_MU": "Evet", "ADRES": "Kızılırmak Mahallesi Muhsin Yazıcıoğlu Caddesi  No:1 Çankaya / ANKARA", "SOKET_NO": "SKT/20183", "SOKET_TIPI": "DC", "SOKET_TURU": "DC_CCS", "SOKET_GUCU_KW": "60" }, "geometry": { "type": "Point", "coordinates": [ 32.806078, 39.9094 ] } },
{ "type": "Feature", "properties": { "ID": 8963.0, "SIRA_NO": 260.0, "ISTASYON_NO": "ŞRJ/812", "ISTASYON_ADI": "JW Marriott Otel Ankara Kapalı Otopark", "HIZMET_SEKLI": "HALKA_ACIK", "MARKA": "zes", "MARKAADI": "Zes", "SARJ_AGI_ISLETMECISI": "ZES DİJİTAL TİCARET ANONİM ŞİRKETİ", "YESIL_SARJ_ISTASYONU_MU": "Evet", "ADRES": "Kızılırmak Mahallesi Muhsin Yazıcıoğlu Caddesi  No:1 Çankaya / ANKARA", "SOKET_NO": "SKT/20184", "SOKET_TIPI": "DC", "SOKET_TURU": "DC_CCS", "SOKET_GUCU_KW": "60" }, "geometry": { "type": "Point", "coordinates": [ 32.806078, 39.9094 ] } },
{ "type": "Feature", "properties": { "ID": 9368.0, "SIRA_NO": 426.0, "ISTASYON_NO": "ŞRJ/800", "ISTASYON_ADI": "Atakule Ankara", "HIZMET_SEKLI": "HALKA_ACIK", "MARKA": "zes", "MARKAADI": "Zes", "SARJ_AGI_ISLETMECISI": "ZES DİJİTAL TİCARET ANONİM ŞİRKETİ", "YESIL_SARJ_ISTASYONU_MU": "Evet", "ADRES": "Çankaya Mahallesi Çankaya Caddesi  No:1 Çankaya / ANKARA", "SOKET_NO": "SKT/1343", "SOKET_TIPI": "AC", "SOKET_TURU": "AC_TYPE2", "SOKET_GUCU_KW": "22" }, "geometry": { "type": "Point", "coordinates": [ 32.856224, 39.885999 ] } },
{ "type": "Feature", "properties": { "ID": 10543.0, "SIRA_NO": 315.0, "ISTASYON_NO": "ŞRJ/14731", "ISTASYON_ADI": "Çankaya Evleri", "HIZMET_SEKLI": "HALKA_ACIK", "MARKA": "zes", "MARKAADI": "Zes", "SARJ_AGI_ISLETMECISI": "ZES DİJİTAL TİCARET ANONİM ŞİRKETİ", "YESIL_SARJ_ISTASYONU_MU": "Evet", "ADRES": "Çankaya Mahallesi İran Caddesi  No:8 Çankaya / ANKARA", "SOKET_NO": "SKT/38993", "SOKET_TIPI": "DC", "SOKET_TURU": "DC_CCS", "SOKET_GUCU_KW": "60" }, "geometry": { "type": "Point", "coordinates": [ 32.86272, 39.899044 ] } },
{ "type": "Feature", "properties": { "ID": 29969.0, "SIRA_NO": 100.0, "ISTASYON_NO": "ŞRJ/11602", "ISTASYON_ADI": "ANAPET TAŞIMACILIK", "HIZMET_SEKLI": "HALKA_ACIK", "MARKA": "Sky World Solar Enerji", "MARKAADI": "Sky World Solar Enerji", "SARJ_AGI_ISLETMECISI": "SKY WORLD SOLAR ENERJİ ANONIM ŞİRKETİ", "YESIL_SARJ_ISTASYONU_MU": "", "ADRES": "Ehlibeyt Mahallesi Çetin Emeç Sokağı  No:117 Çankaya / ANKARA", "SOKET_NO": "SKT/28974", "SOKET_TIPI": "AC", "SOKET_TURU": "AC_TYPE2", "SOKET_GUCU_KW": "11" }, "geometry": { "type": "Point", "coordinates": [ 32.817074, 39.897039 ] } },
{ "type": "Feature", "properties": { "ID": 29478.0, "SIRA_NO": 420.0, "ISTASYON_NO": "ŞRJ/11862", "ISTASYON_ADI": "SS Oto Aksesuar", "HIZMET_SEKLI": "HALKA_ACIK", "MARKA": "pluginn", "MARKAADI": "Pluginn", "SARJ_AGI_ISLETMECISI": "PLUGİNN ELEKTRİKLİ TAŞITLAR ŞARJ SİSTEMLERİ VE YAZILIM HİZMETLERİ SANAYİ TİCARET ANONİM ŞİRKETİ", "YESIL_SARJ_ISTASYONU_MU": "", "ADRES": "Oğuzlar Mahallesi Barış Manço Sokağı  No:9/A Çankaya / ANKARA", "SOKET_NO": "SKT/29855", "SOKET_TIPI": "AC", "SOKET_TURU": "AC_TYPE2", "SOKET_GUCU_KW": "11" }, "geometry": { "type": "Point", "coordinates": [ 32.817554, 39.90413 ] } },
{ "type": "Feature", "properties": { "ID": 15017.0, "SIRA_NO": 68.0, "ISTASYON_NO": "ŞRJ/8349", "ISTASYON_ADI": "Shell Ümitköy", "HIZMET_SEKLI": "HALKA_ACIK", "MARKA": "Trugo", "MARKAADI": "Trugo", "SARJ_AGI_ISLETMECISI": "TRUGO AKILLI ŞARJ ÇÖZÜMLERİ SANAYİ VE TİCARET ANONİM ŞİRKETİ", "YESIL_SARJ_ISTASYONU_MU": "Evet", "ADRES": "Çayyolu Mahallesi Çankaya / ANKARA", "SOKET_NO": "SKT/19167", "SOKET_TIPI": "DC", "SOKET_TURU": "DC_CCS", "SOKET_GUCU_KW": "180" }, "geometry": { "type": "Point", "coordinates": [ 32.702432, 39.894862 ] } },
{ "type": "Feature", "properties": { "ID": 15018.0, "SIRA_NO": 68.0, "ISTASYON_NO": "ŞRJ/8349", "ISTASYON_ADI": "Shell Ümitköy", "HIZMET_SEKLI": "HALKA_ACIK", "MARKA": "Trugo", "MARKAADI": "Trugo", "SARJ_AGI_ISLETMECISI": "TRUGO AKILLI ŞARJ ÇÖZÜMLERİ SANAYİ VE TİCARET ANONİM ŞİRKETİ", "YESIL_SARJ_ISTASYONU_MU": "Evet", "ADRES": "Çayyolu Mahallesi Çankaya / ANKARA", "SOKET_NO": "SKT/19168", "SOKET_TIPI": "DC", "SOKET_TURU": "DC_CCS", "SOKET_GUCU_KW": "180" }, "geometry": { "type": "Point", "coordinates": [ 32.702432, 39.894862 ] } },
{ "type": "Feature", "properties": { "ID": 15019.0, "SIRA_NO": 68.0, "ISTASYON_NO": "ŞRJ/8349", "ISTASYON_ADI": "Shell Ümitköy", "HIZMET_SEKLI": "HALKA_ACIK", "MARKA": "Trugo", "MARKAADI": "Trugo", "SARJ_AGI_ISLETMECISI": "TRUGO AKILLI ŞARJ ÇÖZÜMLERİ SANAYİ VE TİCARET ANONİM ŞİRKETİ", "YESIL_SARJ_ISTASYONU_MU": "Evet", "ADRES": "Çayyolu Mahallesi Çankaya / ANKARA", "SOKET_NO": "SKT/19169", "SOKET_TIPI": "DC", "SOKET_TURU": "DC_CCS", "SOKET_GUCU_KW": "180" }, "geometry": { "type": "Point", "coordinates": [ 32.702432, 39.894862 ] } },
{ "type": "Feature", "properties": { "ID": 33332.0, "SIRA_NO": 300.0, "ISTASYON_NO": "ŞRJ/17109", "ISTASYON_ADI": "Libra Kule, Çankaya AC 1, AC 2", "HIZMET_SEKLI": "OZEL", "MARKA": "Otopriz", "MARKAADI": "Otopriz", "SARJ_AGI_ISLETMECISI": "DİCLE KÖK ENERJİ YATIRIM ANONİM ŞİRKETİ", "YESIL_SARJ_ISTASYONU_MU": "", "ADRES": "Ehlibeyt Mahallesi Tekstilciler Caddesi  No:21 Çankaya / ANKARA", "SOKET_NO": "SKT/46631", "SOKET_TIPI": "AC", "SOKET_TURU": "AC_TYPE2", "SOKET_GUCU_KW": "22" }, "geometry": { "type": "Point", "coordinates": [ 32.815191, 39.892029 ] } },
{ "type": "Feature", "properties": { "ID": 24995.0, "SIRA_NO": 252.0, "ISTASYON_NO": "ŞRJ/10462", "ISTASYON_ADI": "Zeplin Havelsan Ankara", "HIZMET_SEKLI": "OZEL", "MARKA": "ZEPLİN CAR rental", "MARKAADI": "Zeplin", "SARJ_AGI_ISLETMECISI": "ZEPLİN TURİZM ARAÇ KİRALAMA MOBİLİTE VE ENERJİ YATIRIMLARI ANONİM ŞİRKETİ", "YESIL_SARJ_ISTASYONU_MU": "", "ADRES": "Mustafa Kemal Mahallesi Şehit Öğretmen Şenay Aybüke Yalçın Caddesi 39 Sokağı Çankaya / ANKARA", "SOKET_NO": "SKT/25473", "SOKET_TIPI": "DC", "SOKET_TURU": "DC_CCS", "SOKET_GUCU_KW": "60" }, "geometry": { "type": "Point", "coordinates": [ 32.776689, 39.91282 ] } },
{ "type": "Feature", "properties": { "ID": 24996.0, "SIRA_NO": 252.0, "ISTASYON_NO": "ŞRJ/10462", "ISTASYON_ADI": "Zeplin Havelsan Ankara", "HIZMET_SEKLI": "OZEL", "MARKA": "ZEPLİN CAR rental", "MARKAADI": "Zeplin", "SARJ_AGI_ISLETMECISI": "ZEPLİN TURİZM ARAÇ KİRALAMA MOBİLİTE VE ENERJİ YATIRIMLARI ANONİM ŞİRKETİ", "YESIL_SARJ_ISTASYONU_MU": "", "ADRES": "Mustafa Kemal Mahallesi Şehit Öğretmen Şenay Aybüke Yalçın Caddesi 39 Sokağı Çankaya / ANKARA", "SOKET_NO": "SKT/25474", "SOKET_TIPI": "DC", "SOKET_TURU": "DC_CCS", "SOKET_GUCU_KW": "60" }, "geometry": { "type": "Point", "coordinates": [ 32.776689, 39.91282 ] } },
{ "type": "Feature", "properties": { "ID": 12850.0, "SIRA_NO": 62.0, "ISTASYON_NO": "ŞRJ/8936", "ISTASYON_ADI": "ASTORŞARJ ARCADIUM AVM ELEKTRİKLİ ARAÇ ŞARJ İSTASYONU", "HIZMET_SEKLI": "HALKA_ACIK", "MARKA": "ASTOR", "MARKAADI": "Astor", "SARJ_AGI_ISLETMECISI": "ASTOR ENERJİ ANONİM ŞİRKETİ", "YESIL_SARJ_ISTASYONU_MU": "", "ADRES": "Çayyolu Mahallesi Çayyolu Sokağı  No:8 /192 Çankaya / ANKARA", "SOKET_NO": "SKT/20737", "SOKET_TIPI": "DC", "SOKET_TURU": "DC_CCS", "SOKET_GUCU_KW": "180" }, "geometry": { "type": "Point", "coordinates": [ 32.68602, 39.882543 ] } },
{ "type": "Feature", "properties": { "ID": 12950.0, "SIRA_NO": 97.0, "ISTASYON_NO": "ŞRJ/11463", "ISTASYON_ADI": "ASTORŞARJ BALGAT YELKEN PLAZA", "HIZMET_SEKLI": "HALKA_ACIK", "MARKA": "ASTOR", "MARKAADI": "Astor", "SARJ_AGI_ISLETMECISI": "ASTOR ENERJİ ANONİM ŞİRKETİ", "YESIL_SARJ_ISTASYONU_MU": "", "ADRES": "Balgat Mahallesi Mevlana Sokağı  No:139 Çankaya / ANKARA", "SOKET_NO": "SKT/28418", "SOKET_TIPI": "DC", "SOKET_TURU": "DC_CCS", "SOKET_GUCU_KW": "180" }, "geometry": { "type": "Point", "coordinates": [ 32.814857, 39.904742 ] } },
{ "type": "Feature", "properties": { "ID": 35050.0, "SIRA_NO": 57.0, "ISTASYON_NO": "ŞRJ/18245", "ISTASYON_ADI": "Gaziler FTR Eğitim ve Araştırma Hastanesi", "HIZMET_SEKLI": "HALKA_ACIK", "MARKA": "Trugo", "MARKAADI": "Trugo", "SARJ_AGI_ISLETMECISI": "TRUGO AKILLI ŞARJ ÇÖZÜMLERİ SANAYİ VE TİCARET ANONİM ŞİRKETİ", "YESIL_SARJ_ISTASYONU_MU": "Evet", "ADRES": "Üniversiteler Mahallesi 6002 Sokağı  No:3/1 Çankaya / ANKARA", "SOKET_NO": "SKT/50338", "SOKET_TIPI": "DC", "SOKET_TURU": "DC_CCS", "SOKET_GUCU_KW": "180" }, "geometry": { "type": "Point", "coordinates": [ 32.754636, 39.892757 ] } },
{ "type": "Feature", "properties": { "ID": 33584.0, "SIRA_NO": 491.0, "ISTASYON_NO": "ŞRJ/16218", "ISTASYON_ADI": "Rast Avend, Çankaya - AC 1, AC 2, AC 3, DC", "HIZMET_SEKLI": "HALKA_ACIK", "MARKA": "Otopriz", "MARKAADI": "Otopriz", "SARJ_AGI_ISLETMECISI": "DİCLE KÖK ENERJİ YATIRIM ANONİM ŞİRKETİ", "YESIL_SARJ_ISTASYONU_MU": "", "ADRES": "Alacaatlı Mahallesi 3381/1 Sokağı Çankaya / ANKARA", "SOKET_NO": "SKT/43894", "SOKET_TIPI": "DC", "SOKET_TURU": "DC_CCS", "SOKET_GUCU_KW": "120" }, "geometry": { "type": "Point", "coordinates": [ 32.67649, 39.859589 ] } },
{ "type": "Feature", "properties": { "ID": 33595.0, "SIRA_NO": 495.0, "ISTASYON_NO": "ŞRJ/16483", "ISTASYON_ADI": "Mira Rezidans, Çankaya - DC 1, DC 2", "HIZMET_SEKLI": "HALKA_ACIK", "MARKA": "Otopriz", "MARKAADI": "Otopriz", "SARJ_AGI_ISLETMECISI": "DİCLE KÖK ENERJİ YATIRIM ANONİM ŞİRKETİ", "YESIL_SARJ_ISTASYONU_MU": "", "ADRES": "Beytepe Mah Mahallesi Çankaya / ANKARA", "SOKET_NO": "SKT/44814", "SOKET_TIPI": "DC", "SOKET_TURU": "DC_CCS", "SOKET_GUCU_KW": "180" }, "geometry": { "type": "Point", "coordinates": [ 32.712477, 39.862641 ] } },
{ "type": "Feature", "properties": { "ID": 29970.0, "SIRA_NO": 100.0, "ISTASYON_NO": "ŞRJ/11602", "ISTASYON_ADI": "ANAPET TAŞIMACILIK", "HIZMET_SEKLI": "HALKA_ACIK", "MARKA": "Sky World Solar Enerji", "MARKAADI": "Sky World Solar Enerji", "SARJ_AGI_ISLETMECISI": "SKY WORLD SOLAR ENERJİ ANONIM ŞİRKETİ", "YESIL_SARJ_ISTASYONU_MU": "", "ADRES": "Ehlibeyt Mahallesi Çetin Emeç Sokağı  No:117 Çankaya / ANKARA", "SOKET_NO": "SKT/28975", "SOKET_TIPI": "AC", "SOKET_TURU": "AC_TYPE2", "SOKET_GUCU_KW": "11" }, "geometry": { "type": "Point", "coordinates": [ 32.817074, 39.897039 ] } },
{ "type": "Feature", "properties": { "ID": 29971.0, "SIRA_NO": 100.0, "ISTASYON_NO": "ŞRJ/11602", "ISTASYON_ADI": "ANAPET TAŞIMACILIK", "HIZMET_SEKLI": "HALKA_ACIK", "MARKA": "Sky World Solar Enerji", "MARKAADI": "Sky World Solar Enerji", "SARJ_AGI_ISLETMECISI": "SKY WORLD SOLAR ENERJİ ANONIM ŞİRKETİ", "YESIL_SARJ_ISTASYONU_MU": "", "ADRES": "Ehlibeyt Mahallesi Çetin Emeç Sokağı  No:117 Çankaya / ANKARA", "SOKET_NO": "SKT/28976", "SOKET_TIPI": "AC", "SOKET_TURU": "AC_TYPE2", "SOKET_GUCU_KW": "11" }, "geometry": { "type": "Point", "coordinates": [ 32.817074, 39.897039 ] } },
{ "type": "Feature", "properties": { "ID": 24189.0, "SIRA_NO": 425.0, "ISTASYON_NO": "ŞRJ/16012", "ISTASYON_ADI": "KUZU EFFECT KONUTLARI", "HIZMET_SEKLI": "HALKA_ACIK", "MARKA": "POWER ELEKTRONİK SANAYİ VE TİCARET LİMİTED ŞİRKETİ", "MARKAADI": "Power", "SARJ_AGI_ISLETMECISI": "POWER ELEKTRONİK SANAYİ VE TİCARET ANONİM ŞİRKETİ", "YESIL_SARJ_ISTASYONU_MU": "", "ADRES": "Oran Mahallesi Zülfü Tiğrel Caddesi Çankaya / ANKARA", "SOKET_NO": "SKT/43061", "SOKET_TIPI": "AC", "SOKET_TURU": "AC_TYPE2", "SOKET_GUCU_KW": "22" }, "geometry": { "type": "Point", "coordinates": [ 32.828354, 39.845618 ] } },
{ "type": "Feature", "properties": { "ID": 24190.0, "SIRA_NO": 425.0, "ISTASYON_NO": "ŞRJ/16012", "ISTASYON_ADI": "KUZU EFFECT KONUTLARI", "HIZMET_SEKLI": "HALKA_ACIK", "MARKA": "POWER ELEKTRONİK SANAYİ VE TİCARET LİMİTED ŞİRKETİ", "MARKAADI": "Power", "SARJ_AGI_ISLETMECISI": "POWER ELEKTRONİK SANAYİ VE TİCARET ANONİM ŞİRKETİ", "YESIL_SARJ_ISTASYONU_MU": "", "ADRES": "Oran Mahallesi Zülfü Tiğrel Caddesi Çankaya / ANKARA", "SOKET_NO": "SKT/43062", "SOKET_TIPI": "AC", "SOKET_TURU": "AC_TYPE2", "SOKET_GUCU_KW": "22" }, "geometry": { "type": "Point", "coordinates": [ 32.828354, 39.845618 ] } },
{ "type": "Feature", "properties": { "ID": 24191.0, "SIRA_NO": 425.0, "ISTASYON_NO": "ŞRJ/16012", "ISTASYON_ADI": "KUZU EFFECT KONUTLARI", "HIZMET_SEKLI": "HALKA_ACIK", "MARKA": "POWER ELEKTRONİK SANAYİ VE TİCARET LİMİTED ŞİRKETİ", "MARKAADI": "Power", "SARJ_AGI_ISLETMECISI": "POWER ELEKTRONİK SANAYİ VE TİCARET ANONİM ŞİRKETİ", "YESIL_SARJ_ISTASYONU_MU": "", "ADRES": "Oran Mahallesi Zülfü Tiğrel Caddesi Çankaya / ANKARA", "SOKET_NO": "SKT/43063", "SOKET_TIPI": "AC", "SOKET_TURU": "AC_TYPE2", "SOKET_GUCU_KW": "22" }, "geometry": { "type": "Point", "coordinates": [ 32.828354, 39.845618 ] } },
{ "type": "Feature", "properties": { "ID": 33964.0, "SIRA_NO": 493.0, "ISTASYON_NO": "ŞRJ/17866", "ISTASYON_ADI": "Zeplin Green Life Sitesi", "HIZMET_SEKLI": "OZEL", "MARKA": "ZEPLİN CAR rental", "MARKAADI": "Zeplin", "SARJ_AGI_ISLETMECISI": "ZEPLİN TURİZM ARAÇ KİRALAMA MOBİLİTE VE ENERJİ YATIRIMLARI ANONİM ŞİRKETİ", "YESIL_SARJ_ISTASYONU_MU": "", "ADRES": "Alacaatlı Mahallesi 4903 Sokağı  No:2 Çankaya / ANKARA", "SOKET_NO": "SKT/49110", "SOKET_TIPI": "AC", "SOKET_TURU": "AC_TYPE2", "SOKET_GUCU_KW": "22" }, "geometry": { "type": "Point", "coordinates": [ 32.681026, 39.848585 ] } },
{ "type": "Feature", "properties": { "ID": 18805.0, "SIRA_NO": 350.0, "ISTASYON_NO": "ŞRJ/8971", "ISTASYON_ADI": "Bilkent Otel ve Konferans Merkezi, Çankaya", "HIZMET_SEKLI": "HALKA_ACIK", "MARKA": "eşarj", "MARKAADI": "Eşarj", "SARJ_AGI_ISLETMECISI": "EŞARJ ELEKTRİKLİ ARAÇLAR ŞARJ SİSTEMLERİ ANONİM ŞİRKETİ", "YESIL_SARJ_ISTASYONU_MU": "Evet", "ADRES": "Üniversiteler Mahallesi  No:6 Çankaya / ANKARA", "SOKET_NO": "SKT/20873", "SOKET_TIPI": "DC", "SOKET_TURU": "DC_CCS", "SOKET_GUCU_KW": "180" }, "geometry": { "type": "Point", "coordinates": [ 32.7627, 39.8751 ] } },
{ "type": "Feature", "properties": { "ID": 18806.0, "SIRA_NO": 350.0, "ISTASYON_NO": "ŞRJ/8971", "ISTASYON_ADI": "Bilkent Otel ve Konferans Merkezi, Çankaya", "HIZMET_SEKLI": "HALKA_ACIK", "MARKA": "eşarj", "MARKAADI": "Eşarj", "SARJ_AGI_ISLETMECISI": "EŞARJ ELEKTRİKLİ ARAÇLAR ŞARJ SİSTEMLERİ ANONİM ŞİRKETİ", "YESIL_SARJ_ISTASYONU_MU": "Evet", "ADRES": "Üniversiteler Mahallesi  No:6 Çankaya / ANKARA", "SOKET_NO": "SKT/20874", "SOKET_TIPI": "DC", "SOKET_TURU": "DC_CCS", "SOKET_GUCU_KW": "180" }, "geometry": { "type": "Point", "coordinates": [ 32.7627, 39.8751 ] } },
{ "type": "Feature", "properties": { "ID": 18807.0, "SIRA_NO": 350.0, "ISTASYON_NO": "ŞRJ/8971", "ISTASYON_ADI": "Bilkent Otel ve Konferans Merkezi, Çankaya", "HIZMET_SEKLI": "HALKA_ACIK", "MARKA": "eşarj", "MARKAADI": "Eşarj", "SARJ_AGI_ISLETMECISI": "EŞARJ ELEKTRİKLİ ARAÇLAR ŞARJ SİSTEMLERİ ANONİM ŞİRKETİ", "YESIL_SARJ_ISTASYONU_MU": "Evet", "ADRES": "Üniversiteler Mahallesi  No:6 Çankaya / ANKARA", "SOKET_NO": "SKT/20875", "SOKET_TIPI": "AC", "SOKET_TURU": "AC_TYPE2", "SOKET_GUCU_KW": "22" }, "geometry": { "type": "Point", "coordinates": [ 32.7627, 39.8751 ] } },
{ "type": "Feature", "properties": { "ID": 18808.0, "SIRA_NO": 350.0, "ISTASYON_NO": "ŞRJ/8971", "ISTASYON_ADI": "Bilkent Otel ve Konferans Merkezi, Çankaya", "HIZMET_SEKLI": "HALKA_ACIK", "MARKA": "eşarj", "MARKAADI": "Eşarj", "SARJ_AGI_ISLETMECISI": "EŞARJ ELEKTRİKLİ ARAÇLAR ŞARJ SİSTEMLERİ ANONİM ŞİRKETİ", "YESIL_SARJ_ISTASYONU_MU": "Evet", "ADRES": "Üniversiteler Mahallesi  No:6 Çankaya / ANKARA", "SOKET_NO": "SKT/20876", "SOKET_TIPI": "AC", "SOKET_TURU": "AC_TYPE2", "SOKET_GUCU_KW": "22" }, "geometry": { "type": "Point", "coordinates": [ 32.7627, 39.8751 ] } },
{ "type": "Feature", "properties": { "ID": 33346.0, "SIRA_NO": 306.0, "ISTASYON_NO": "ŞRJ/17116", "ISTASYON_ADI": "Ayarslan Gold Evleri, Çankaya AC 1, AC 2", "HIZMET_SEKLI": "OZEL", "MARKA": "Otopriz", "MARKAADI": "Otopriz", "SARJ_AGI_ISLETMECISI": "DİCLE KÖK ENERJİ YATIRIM ANONİM ŞİRKETİ", "YESIL_SARJ_ISTASYONU_MU": "", "ADRES": "Alacaatlı Mahallesi 3250. Caddesi  No:39 Çankaya / ANKARA", "SOKET_NO": "SKT/46650", "SOKET_TIPI": "AC", "SOKET_TURU": "AC_TYPE2", "SOKET_GUCU_KW": "22" }, "geometry": { "type": "Point", "coordinates": [ 32.637426, 39.852614 ] } },
{ "type": "Feature", "properties": { "ID": 33850.0, "SIRA_NO": 451.0, "ISTASYON_NO": "ŞRJ/1849", "ISTASYON_ADI": "Auto Club Çankaya", "HIZMET_SEKLI": "HALKA_ACIK", "MARKA": "zes", "MARKAADI": "Zes", "SARJ_AGI_ISLETMECISI": "ZES DİJİTAL TİCARET ANONİM ŞİRKETİ", "YESIL_SARJ_ISTASYONU_MU": "Evet", "ADRES": "Güzeltepe Mahallesi 747 Caddesi  No:A-1 Blok /3 E Çankaya / ANKARA", "SOKET_NO": "SKT/48989", "SOKET_TIPI": "AC", "SOKET_TURU": "AC_TYPE2", "SOKET_GUCU_KW": "22" }, "geometry": { "type": "Point", "coordinates": [ 32.846456, 39.884453 ] } },
{ "type": "Feature", "properties": { "ID": 33352.0, "SIRA_NO": 309.0, "ISTASYON_NO": "ŞRJ/17119", "ISTASYON_ADI": "Yıldız 87 Sitesi D Blok AC 1, AC 2 - E Blok AC 1, AC 2", "HIZMET_SEKLI": "OZEL", "MARKA": "Otopriz", "MARKAADI": "Otopriz", "SARJ_AGI_ISLETMECISI": "DİCLE KÖK ENERJİ YATIRIM ANONİM ŞİRKETİ", "YESIL_SARJ_ISTASYONU_MU": "", "ADRES": "Keklikpınarı Mahallesi 890 Sokağı  No:9 Çankaya / ANKARA", "SOKET_NO": "SKT/46656", "SOKET_TIPI": "AC", "SOKET_TURU": "AC_TYPE2", "SOKET_GUCU_KW": "22" }, "geometry": { "type": "Point", "coordinates": [ 32.822841, 39.860787 ] } },
{ "type": "Feature", "properties": { "ID": 24187.0, "SIRA_NO": 425.0, "ISTASYON_NO": "ŞRJ/16012", "ISTASYON_ADI": "KUZU EFFECT KONUTLARI", "HIZMET_SEKLI": "HALKA_ACIK", "MARKA": "POWER ELEKTRONİK SANAYİ VE TİCARET LİMİTED ŞİRKETİ", "MARKAADI": "Power", "SARJ_AGI_ISLETMECISI": "POWER ELEKTRONİK SANAYİ VE TİCARET ANONİM ŞİRKETİ", "YESIL_SARJ_ISTASYONU_MU": "", "ADRES": "Oran Mahallesi Zülfü Tiğrel Caddesi Çankaya / ANKARA", "SOKET_NO": "SKT/43059", "SOKET_TIPI": "AC", "SOKET_TURU": "AC_TYPE2", "SOKET_GUCU_KW": "11" }, "geometry": { "type": "Point", "coordinates": [ 32.828354, 39.845618 ] } },
{ "type": "Feature", "properties": { "ID": 24990.0, "SIRA_NO": 252.0, "ISTASYON_NO": "ŞRJ/10462", "ISTASYON_ADI": "Zeplin Havelsan Ankara", "HIZMET_SEKLI": "OZEL", "MARKA": "ZEPLİN CAR rental", "MARKAADI": "Zeplin", "SARJ_AGI_ISLETMECISI": "ZEPLİN TURİZM ARAÇ KİRALAMA MOBİLİTE VE ENERJİ YATIRIMLARI ANONİM ŞİRKETİ", "YESIL_SARJ_ISTASYONU_MU": "", "ADRES": "Mustafa Kemal Mahallesi Şehit Öğretmen Şenay Aybüke Yalçın Caddesi 39 Sokağı Çankaya / ANKARA", "SOKET_NO": "SKT/25468", "SOKET_TIPI": "AC", "SOKET_TURU": "AC_TYPE2", "SOKET_GUCU_KW": "20" }, "geometry": { "type": "Point", "coordinates": [ 32.776689, 39.91282 ] } },
{ "type": "Feature", "properties": { "ID": 24991.0, "SIRA_NO": 252.0, "ISTASYON_NO": "ŞRJ/10462", "ISTASYON_ADI": "Zeplin Havelsan Ankara", "HIZMET_SEKLI": "OZEL", "MARKA": "ZEPLİN CAR rental", "MARKAADI": "Zeplin", "SARJ_AGI_ISLETMECISI": "ZEPLİN TURİZM ARAÇ KİRALAMA MOBİLİTE VE ENERJİ YATIRIMLARI ANONİM ŞİRKETİ", "YESIL_SARJ_ISTASYONU_MU": "", "ADRES": "Mustafa Kemal Mahallesi Şehit Öğretmen Şenay Aybüke Yalçın Caddesi 39 Sokağı Çankaya / ANKARA", "SOKET_NO": "SKT/25469", "SOKET_TIPI": "AC", "SOKET_TURU": "AC_TYPE2", "SOKET_GUCU_KW": "20" }, "geometry": { "type": "Point", "coordinates": [ 32.776689, 39.91282 ] } },
{ "type": "Feature", "properties": { "ID": 24992.0, "SIRA_NO": 252.0, "ISTASYON_NO": "ŞRJ/10462", "ISTASYON_ADI": "Zeplin Havelsan Ankara", "HIZMET_SEKLI": "OZEL", "MARKA": "ZEPLİN CAR rental", "MARKAADI": "Zeplin", "SARJ_AGI_ISLETMECISI": "ZEPLİN TURİZM ARAÇ KİRALAMA MOBİLİTE VE ENERJİ YATIRIMLARI ANONİM ŞİRKETİ", "YESIL_SARJ_ISTASYONU_MU": "", "ADRES": "Mustafa Kemal Mahallesi Şehit Öğretmen Şenay Aybüke Yalçın Caddesi 39 Sokağı Çankaya / ANKARA", "SOKET_NO": "SKT/25470", "SOKET_TIPI": "AC", "SOKET_TURU": "AC_TYPE2", "SOKET_GUCU_KW": "20" }, "geometry": { "type": "Point", "coordinates": [ 32.776689, 39.91282 ] } },
{ "type": "Feature", "properties": { "ID": 24993.0, "SIRA_NO": 252.0, "ISTASYON_NO": "ŞRJ/10462", "ISTASYON_ADI": "Zeplin Havelsan Ankara", "HIZMET_SEKLI": "OZEL", "MARKA": "ZEPLİN CAR rental", "MARKAADI": "Zeplin", "SARJ_AGI_ISLETMECISI": "ZEPLİN TURİZM ARAÇ KİRALAMA MOBİLİTE VE ENERJİ YATIRIMLARI ANONİM ŞİRKETİ", "YESIL_SARJ_ISTASYONU_MU": "", "ADRES": "Mustafa Kemal Mahallesi Şehit Öğretmen Şenay Aybüke Yalçın Caddesi 39 Sokağı Çankaya / ANKARA", "SOKET_NO": "SKT/25471", "SOKET_TIPI": "AC", "SOKET_TURU": "AC_TYPE2", "SOKET_GUCU_KW": "20" }, "geometry": { "type": "Point", "coordinates": [ 32.776689, 39.91282 ] } },
{ "type": "Feature", "properties": { "ID": 24186.0, "SIRA_NO": 425.0, "ISTASYON_NO": "ŞRJ/16012", "ISTASYON_ADI": "KUZU EFFECT KONUTLARI", "HIZMET_SEKLI": "HALKA_ACIK", "MARKA": "POWER ELEKTRONİK SANAYİ VE TİCARET LİMİTED ŞİRKETİ", "MARKAADI": "Power", "SARJ_AGI_ISLETMECISI": "POWER ELEKTRONİK SANAYİ VE TİCARET ANONİM ŞİRKETİ", "YESIL_SARJ_ISTASYONU_MU": "", "ADRES": "Oran Mahallesi Zülfü Tiğrel Caddesi Çankaya / ANKARA", "SOKET_NO": "SKT/43057", "SOKET_TIPI": "AC", "SOKET_TURU": "AC_TYPE2", "SOKET_GUCU_KW": "22" }, "geometry": { "type": "Point", "coordinates": [ 32.828354, 39.845618 ] } },
{ "type": "Feature", "properties": { "ID": 24994.0, "SIRA_NO": 252.0, "ISTASYON_NO": "ŞRJ/10462", "ISTASYON_ADI": "Zeplin Havelsan Ankara", "HIZMET_SEKLI": "OZEL", "MARKA": "ZEPLİN CAR rental", "MARKAADI": "Zeplin", "SARJ_AGI_ISLETMECISI": "ZEPLİN TURİZM ARAÇ KİRALAMA MOBİLİTE VE ENERJİ YATIRIMLARI ANONİM ŞİRKETİ", "YESIL_SARJ_ISTASYONU_MU": "", "ADRES": "Mustafa Kemal Mahallesi Şehit Öğretmen Şenay Aybüke Yalçın Caddesi 39 Sokağı Çankaya / ANKARA", "SOKET_NO": "SKT/25472", "SOKET_TIPI": "DC", "SOKET_TURU": "DC_CCS", "SOKET_GUCU_KW": "60" }, "geometry": { "type": "Point", "coordinates": [ 32.776689, 39.91282 ] } },
{ "type": "Feature", "properties": { "ID": 14948.0, "SIRA_NO": 45.0, "ISTASYON_NO": "ŞRJ/5894", "ISTASYON_ADI": "TOBB İkizkule", "HIZMET_SEKLI": "HALKA_ACIK", "MARKA": "Trugo", "MARKAADI": "Trugo", "SARJ_AGI_ISLETMECISI": "TRUGO AKILLI ŞARJ ÇÖZÜMLERİ SANAYİ VE TİCARET ANONİM ŞİRKETİ", "YESIL_SARJ_ISTASYONU_MU": "Evet", "ADRES": "Mustafa Kemal Mahallesi  No:252 Çankaya / ANKARA", "SOKET_NO": "SKT/12835", "SOKET_TIPI": "DC", "SOKET_TURU": "DC_CCS", "SOKET_GUCU_KW": "180" }, "geometry": { "type": "Point", "coordinates": [ 32.76123, 39.908239 ] } },
{ "type": "Feature", "properties": { "ID": 33609.0, "SIRA_NO": 83.0, "ISTASYON_NO": "ŞRJ/17263", "ISTASYON_ADI": "Hacı Bayram Veli Üniversitesi Yücetepe, Çankaya - AC 1, AC 2", "HIZMET_SEKLI": "HALKA_ACIK", "MARKA": "Otopriz", "MARKAADI": "Otopriz", "SARJ_AGI_ISLETMECISI": "DİCLE KÖK ENERJİ YATIRIM ANONİM ŞİRKETİ", "YESIL_SARJ_ISTASYONU_MU": "", "ADRES": "Devlet Mahallesi 85 Sokağı  No:8  Bucak Merkez Çankaya / ANKARA", "SOKET_NO": "SKT/47183", "SOKET_TIPI": "AC", "SOKET_TURU": "AC_TYPE2", "SOKET_GUCU_KW": "22" }, "geometry": { "type": "Point", "coordinates": [ 32.843047, 39.917683 ] } },
{ "type": "Feature", "properties": { "ID": 34039.0, "SIRA_NO": 19.0, "ISTASYON_NO": "ŞRJ/17897", "ISTASYON_ADI": "ODTÜ Kültür Kongre Merkezi", "HIZMET_SEKLI": "OZEL", "MARKA": "wat mobilite", "MARKAADI": "WAT Mobilite", "SARJ_AGI_ISLETMECISI": "WAT MOBİLİTE ÇÖZÜMLERİ TEKNOLOJİ VE TİCARET ANONİM ŞİRKETİ", "YESIL_SARJ_ISTASYONU_MU": "Evet", "ADRES": "Kültür Mahallesi Kongre Merkezi Sokağı Çankaya / ANKARA", "SOKET_NO": "SKT/49232", "SOKET_TIPI": "DC", "SOKET_TURU": "DC_CCS", "SOKET_GUCU_KW": "180" }, "geometry": { "type": "Point", "coordinates": [ 32.786669, 39.893946 ] } },
{ "type": "Feature", "properties": { "ID": 34047.0, "SIRA_NO": 20.0, "ISTASYON_NO": "ŞRJ/17898", "ISTASYON_ADI": "ODTÜ Lisans Üstü Konuk Evi", "HIZMET_SEKLI": "OZEL", "MARKA": "wat mobilite", "MARKAADI": "WAT Mobilite", "SARJ_AGI_ISLETMECISI": "WAT MOBİLİTE ÇÖZÜMLERİ TEKNOLOJİ VE TİCARET ANONİM ŞİRKETİ", "YESIL_SARJ_ISTASYONU_MU": "Evet", "ADRES": "Üniversiteler Mahallesi Odtü Kampüsü Sokağı Çankaya / ANKARA", "SOKET_NO": "SKT/49240", "SOKET_TIPI": "AC", "SOKET_TURU": "AC_TYPE2", "SOKET_GUCU_KW": "22" }, "geometry": { "type": "Point", "coordinates": [ 32.777042, 39.889427 ] } },
{ "type": "Feature", "properties": { "ID": 34051.0, "SIRA_NO": 21.0, "ISTASYON_NO": "ŞRJ/17899", "ISTASYON_ADI": "ODTÜ Tenis Kortları Otopark", "HIZMET_SEKLI": "OZEL", "MARKA": "wat mobilite", "MARKAADI": "WAT Mobilite", "SARJ_AGI_ISLETMECISI": "WAT MOBİLİTE ÇÖZÜMLERİ TEKNOLOJİ VE TİCARET ANONİM ŞİRKETİ", "YESIL_SARJ_ISTASYONU_MU": "Evet", "ADRES": "Üniversiteler Mahallesi Odtü Kampüsü Sokak Sokağı Çankaya / ANKARA", "SOKET_NO": "SKT/49244", "SOKET_TIPI": "DC", "SOKET_TURU": "DC_CCS", "SOKET_GUCU_KW": "180" }, "geometry": { "type": "Point", "coordinates": [ 32.788826, 39.893249 ] } },
{ "type": "Feature", "properties": { "ID": 34860.0, "SIRA_NO": 434.0, "ISTASYON_NO": "ŞRJ/18167", "ISTASYON_ADI": "Dsi Genel Md. Şarj İstasyonu", "HIZMET_SEKLI": "HALKA_ACIK", "MARKA": "ÇELİKLER ENERJİ", "MARKAADI": "Çelikler Enerji", "SARJ_AGI_ISLETMECISI": "ÇELİKLER GLOBAL ENERJİ ŞARJ SİSTEMLERİ ANONİM ŞİRKETİ", "YESIL_SARJ_ISTASYONU_MU": "", "ADRES": "Mustafa Kemal Mahallesi İsmail Karakaya Sokağı  No:4 Çankaya / ANKARA", "SOKET_NO": "SKT/50120", "SOKET_TIPI": "DC", "SOKET_TURU": "DC_CCS", "SOKET_GUCU_KW": "120" }, "geometry": { "type": "Point", "coordinates": [ 32.784466, 39.913805 ] } },
{ "type": "Feature", "properties": { "ID": 11911.0, "SIRA_NO": 221.0, "ISTASYON_NO": "ŞRJ/7903", "ISTASYON_ADI": "Otojet - DOCO Konya Yolu", "HIZMET_SEKLI": "HALKA_ACIK", "MARKA": "Otojet", "MARKAADI": "Otojet", "SARJ_AGI_ISLETMECISI": "OTOJET ENERJİ SANAYİ VE TİCARET ANONİM ŞİRKETİ", "YESIL_SARJ_ISTASYONU_MU": "", "ADRES": "Kızılırmak Mahallesi Mevlana Sokağı  No:108/2 Çankaya / ANKARA", "SOKET_NO": "SKT/18009", "SOKET_TIPI": "DC", "SOKET_TURU": "DC_CCS", "SOKET_GUCU_KW": "150" }, "geometry": { "type": "Point", "coordinates": [ 32.814127, 39.907384 ] } },
{ "type": "Feature", "properties": { "ID": 24158.0, "SIRA_NO": 415.0, "ISTASYON_NO": "ŞRJ/7784", "ISTASYON_ADI": "HASAN KOLCUOĞLU RESTAURANT", "HIZMET_SEKLI": "HALKA_ACIK", "MARKA": "POWER ELEKTRONİK SANAYİ VE TİCARET LİMİTED ŞİRKETİ", "MARKAADI": "Power", "SARJ_AGI_ISLETMECISI": "POWER ELEKTRONİK SANAYİ VE TİCARET ANONİM ŞİRKETİ", "YESIL_SARJ_ISTASYONU_MU": "", "ADRES": "Pr. Ahmet Taner Kışlalı Mah. Mahallesi 2846 Sokağı  No:2 Çankaya / ANKARA", "SOKET_NO": "SKT/17736", "SOKET_TIPI": "AC", "SOKET_TURU": "AC_TYPE2", "SOKET_GUCU_KW": "22" }, "geometry": { "type": "Point", "coordinates": [ 32.687687, 39.870456 ] } },
{ "type": "Feature", "properties": { "ID": 33683.0, "SIRA_NO": 314.0, "ISTASYON_NO": "ŞRJ/17758", "ISTASYON_ADI": "Çelikler Atatürk Bulvarı 183 Otel-1", "HIZMET_SEKLI": "HALKA_ACIK", "MARKA": "ÇELİKLER ENERJİ", "MARKAADI": "Çelikler Enerji", "SARJ_AGI_ISLETMECISI": "ÇELİKLER GLOBAL ENERJİ ŞARJ SİSTEMLERİ ANONİM ŞİRKETİ", "YESIL_SARJ_ISTASYONU_MU": "", "ADRES": "Kavaklıdere Mahallesi Atatürk Sokağı  No:183 Çankaya / ANKARA", "SOKET_NO": "SKT/48701", "SOKET_TIPI": "DC", "SOKET_TURU": "DC_CCS", "SOKET_GUCU_KW": "180" }, "geometry": { "type": "Point", "coordinates": [ 32.855964, 39.910494 ] } },
{ "type": "Feature", "properties": { "ID": 33685.0, "SIRA_NO": 315.0, "ISTASYON_NO": "ŞRJ/17760", "ISTASYON_ADI": "Çelikler Atatürk Bulvarı 183 Otel-2", "HIZMET_SEKLI": "HALKA_ACIK", "MARKA": "ÇELİKLER ENERJİ", "MARKAADI": "Çelikler Enerji", "SARJ_AGI_ISLETMECISI": "ÇELİKLER GLOBAL ENERJİ ŞARJ SİSTEMLERİ ANONİM ŞİRKETİ", "YESIL_SARJ_ISTASYONU_MU": "", "ADRES": "Kavaklıdere Mahallesi Atatürk Sokağı  No:183 Çankaya / ANKARA", "SOKET_NO": "SKT/48703", "SOKET_TIPI": "DC", "SOKET_TURU": "DC_CCS", "SOKET_GUCU_KW": "120" }, "geometry": { "type": "Point", "coordinates": [ 32.85602, 39.910384 ] } },
{ "type": "Feature", "properties": { "ID": 18809.0, "SIRA_NO": 350.0, "ISTASYON_NO": "ŞRJ/8971", "ISTASYON_ADI": "Bilkent Otel ve Konferans Merkezi, Çankaya", "HIZMET_SEKLI": "HALKA_ACIK", "MARKA": "eşarj", "MARKAADI": "Eşarj", "SARJ_AGI_ISLETMECISI": "EŞARJ ELEKTRİKLİ ARAÇLAR ŞARJ SİSTEMLERİ ANONİM ŞİRKETİ", "YESIL_SARJ_ISTASYONU_MU": "Evet", "ADRES": "Üniversiteler Mahallesi  No:6 Çankaya / ANKARA", "SOKET_NO": "SKT/20877", "SOKET_TIPI": "AC", "SOKET_TURU": "AC_TYPE2", "SOKET_GUCU_KW": "22" }, "geometry": { "type": "Point", "coordinates": [ 32.7627, 39.8751 ] } },
{ "type": "Feature", "properties": { "ID": 18810.0, "SIRA_NO": 350.0, "ISTASYON_NO": "ŞRJ/8971", "ISTASYON_ADI": "Bilkent Otel ve Konferans Merkezi, Çankaya", "HIZMET_SEKLI": "HALKA_ACIK", "MARKA": "eşarj", "MARKAADI": "Eşarj", "SARJ_AGI_ISLETMECISI": "EŞARJ ELEKTRİKLİ ARAÇLAR ŞARJ SİSTEMLERİ ANONİM ŞİRKETİ", "YESIL_SARJ_ISTASYONU_MU": "Evet", "ADRES": "Üniversiteler Mahallesi  No:6 Çankaya / ANKARA", "SOKET_NO": "SKT/20878", "SOKET_TIPI": "AC", "SOKET_TURU": "AC_TYPE2", "SOKET_GUCU_KW": "22" }, "geometry": { "type": "Point", "coordinates": [ 32.7627, 39.8751 ] } },
{ "type": "Feature", "properties": { "ID": 33623.0, "SIRA_NO": 197.0, "ISTASYON_NO": "ŞRJ/17677", "ISTASYON_ADI": "Beko Kızılay Satış", "HIZMET_SEKLI": "OZEL", "MARKA": "wat mobilite", "MARKAADI": "WAT Mobilite", "SARJ_AGI_ISLETMECISI": "WAT MOBİLİTE ÇÖZÜMLERİ TEKNOLOJİ VE TİCARET ANONİM ŞİRKETİ", "YESIL_SARJ_ISTASYONU_MU": "Evet", "ADRES": "Korkutreis Mahallesi Yeşilırmak Sokağı  No:58/8 Çankaya / ANKARA", "SOKET_NO": "SKT/48366", "SOKET_TIPI": "AC", "SOKET_TURU": "AC_TYPE2", "SOKET_GUCU_KW": "11" }, "geometry": { "type": "Point", "coordinates": [ 32.849536, 39.923954 ] } },
{ "type": "Feature", "properties": { "ID": 12788.0, "SIRA_NO": 39.0, "ISTASYON_NO": "ŞRJ/7209", "ISTASYON_ADI": "ASTORŞARJ ELYA CENTER ELEKTRİKLİ ARAÇ ŞARJ İSTASYONU", "HIZMET_SEKLI": "HALKA_ACIK", "MARKA": "ASTOR", "MARKAADI": "Astor", "SARJ_AGI_ISLETMECISI": "ASTOR ENERJİ ANONİM ŞİRKETİ", "YESIL_SARJ_ISTASYONU_MU": "", "ADRES": "Konutkent Mahallesi Dumlupınar Sokağı  No:399 /182 Çankaya / ANKARA", "SOKET_NO": "SKT/16155", "SOKET_TIPI": "DC", "SOKET_TURU": "DC_CCS", "SOKET_GUCU_KW": "300" }, "geometry": { "type": "Point", "coordinates": [ 32.651416, 39.875975 ] } },
{ "type": "Feature", "properties": { "ID": 12822.0, "SIRA_NO": 54.0, "ISTASYON_NO": "ŞRJ/7864", "ISTASYON_ADI": "ASTORŞARJ VIA TWINS ELEKTRİKLİ ARAÇ ŞARJ İSTASYONU", "HIZMET_SEKLI": "HALKA_ACIK", "MARKA": "ASTOR", "MARKAADI": "Astor", "SARJ_AGI_ISLETMECISI": "ASTOR ENERJİ ANONİM ŞİRKETİ", "YESIL_SARJ_ISTASYONU_MU": "", "ADRES": "Söğütözü Mahallesi 2177 Sokağı Çankaya / ANKARA", "SOKET_NO": "SKT/17926", "SOKET_TIPI": "DC", "SOKET_TURU": "DC_CCS", "SOKET_GUCU_KW": "300" }, "geometry": { "type": "Point", "coordinates": [ 32.795539, 39.912265 ] } },
{ "type": "Feature", "properties": { "ID": 33566.0, "SIRA_NO": 484.0, "ISTASYON_NO": "ŞRJ/15450", "ISTASYON_ADI": "Mira Rezidans, Çankaya - AC 1, AC 2", "HIZMET_SEKLI": "OZEL", "MARKA": "Otopriz", "MARKAADI": "Otopriz", "SARJ_AGI_ISLETMECISI": "DİCLE KÖK ENERJİ YATIRIM ANONİM ŞİRKETİ", "YESIL_SARJ_ISTASYONU_MU": "", "ADRES": "Beytepe Mahallesi  No:67/A Çankaya / ANKARA", "SOKET_NO": "SKT/41245", "SOKET_TIPI": "AC", "SOKET_TURU": "AC_TYPE2", "SOKET_GUCU_KW": "21" }, "geometry": { "type": "Point", "coordinates": [ 32.713013, 39.862091 ] } },
{ "type": "Feature", "properties": { "ID": 33570.0, "SIRA_NO": 486.0, "ISTASYON_NO": "ŞRJ/15969", "ISTASYON_ADI": "Blu Mağaza, Çankaya - DC", "HIZMET_SEKLI": "HALKA_ACIK", "MARKA": "Otopriz", "MARKAADI": "Otopriz", "SARJ_AGI_ISLETMECISI": "DİCLE KÖK ENERJİ YATIRIM ANONİM ŞİRKETİ", "YESIL_SARJ_ISTASYONU_MU": "", "ADRES": "Yıldızevler Mahallesi  No:28 Çankaya / ANKARA", "SOKET_NO": "SKT/42942", "SOKET_TIPI": "DC", "SOKET_TURU": "DC_CCS", "SOKET_GUCU_KW": "120" }, "geometry": { "type": "Point", "coordinates": [ 32.859958, 39.880515 ] } },
{ "type": "Feature", "properties": { "ID": 33700.0, "SIRA_NO": 352.0, "ISTASYON_NO": "ŞRJ/17783", "ISTASYON_ADI": "ASTORŞARJ İNCEK PRESTİJ", "HIZMET_SEKLI": "HALKA_ACIK", "MARKA": "ASTOR", "MARKAADI": "Astor", "SARJ_AGI_ISLETMECISI": "ASTOR ENERJİ ANONİM ŞİRKETİ", "YESIL_SARJ_ISTASYONU_MU": "", "ADRES": "Alacaatlı Mahallesi 3341 Sokağı  No:1 Çankaya / ANKARA", "SOKET_NO": "SKT/48792", "SOKET_TIPI": "AC", "SOKET_TURU": "AC_TYPE2", "SOKET_GUCU_KW": "11" }, "geometry": { "type": "Point", "coordinates": [ 32.70304, 39.838319 ] } },
{ "type": "Feature", "properties": { "ID": 19056.0, "SIRA_NO": 434.0, "ISTASYON_NO": "ŞRJ/115", "ISTASYON_ADI": "Cepa AVM, Çankaya", "HIZMET_SEKLI": "HALKA_ACIK", "MARKA": "eşarj", "MARKAADI": "Eşarj", "SARJ_AGI_ISLETMECISI": "EŞARJ ELEKTRİKLİ ARAÇLAR ŞARJ SİSTEMLERİ ANONİM ŞİRKETİ", "YESIL_SARJ_ISTASYONU_MU": "Evet", "ADRES": "Mustafa Kemal Mahallesi 2123 Caddesi  No:2 Çankaya / ANKARA", "SOKET_NO": "SKT/25289", "SOKET_TIPI": "DC", "SOKET_TURU": "DC_CCS", "SOKET_GUCU_KW": "150" }, "geometry": { "type": "Point", "coordinates": [ 32.778867, 39.911618 ] } },
{ "type": "Feature", "properties": { "ID": 19057.0, "SIRA_NO": 434.0, "ISTASYON_NO": "ŞRJ/115", "ISTASYON_ADI": "Cepa AVM, Çankaya", "HIZMET_SEKLI": "HALKA_ACIK", "MARKA": "eşarj", "MARKAADI": "Eşarj", "SARJ_AGI_ISLETMECISI": "EŞARJ ELEKTRİKLİ ARAÇLAR ŞARJ SİSTEMLERİ ANONİM ŞİRKETİ", "YESIL_SARJ_ISTASYONU_MU": "Evet", "ADRES": "Mustafa Kemal Mahallesi 2123 Caddesi  No:2 Çankaya / ANKARA", "SOKET_NO": "SKT/25290", "SOKET_TIPI": "DC", "SOKET_TURU": "DC_CCS", "SOKET_GUCU_KW": "150" }, "geometry": { "type": "Point", "coordinates": [ 32.778867, 39.911618 ] } },
{ "type": "Feature", "properties": { "ID": 19058.0, "SIRA_NO": 434.0, "ISTASYON_NO": "ŞRJ/115", "ISTASYON_ADI": "Cepa AVM, Çankaya", "HIZMET_SEKLI": "HALKA_ACIK", "MARKA": "eşarj", "MARKAADI": "Eşarj", "SARJ_AGI_ISLETMECISI": "EŞARJ ELEKTRİKLİ ARAÇLAR ŞARJ SİSTEMLERİ ANONİM ŞİRKETİ", "YESIL_SARJ_ISTASYONU_MU": "Evet", "ADRES": "Mustafa Kemal Mahallesi 2123 Caddesi  No:2 Çankaya / ANKARA", "SOKET_NO": "SKT/25291", "SOKET_TIPI": "DC", "SOKET_TURU": "DC_CCS", "SOKET_GUCU_KW": "120" }, "geometry": { "type": "Point", "coordinates": [ 32.778867, 39.911618 ] } },
{ "type": "Feature", "properties": { "ID": 33375.0, "SIRA_NO": 315.0, "ISTASYON_NO": "ŞRJ/17126", "ISTASYON_ADI": "Akıncı 1 Kule, Çankaya DC", "HIZMET_SEKLI": "HALKA_ACIK", "MARKA": "Otopriz", "MARKAADI": "Otopriz", "SARJ_AGI_ISLETMECISI": "DİCLE KÖK ENERJİ YATIRIM ANONİM ŞİRKETİ", "YESIL_SARJ_ISTASYONU_MU": "", "ADRES": "Yaşamkent Mahallesi 3250 Caddesi  No:19/B Çankaya / ANKARA", "SOKET_NO": "SKT/46681", "SOKET_TIPI": "DC", "SOKET_TURU": "DC_CCS", "SOKET_GUCU_KW": "120" }, "geometry": { "type": "Point", "coordinates": [ 32.636746, 39.859903 ] } },
{ "type": "Feature", "properties": { "ID": 14951.0, "SIRA_NO": 46.0, "ISTASYON_NO": "ŞRJ/13445", "ISTASYON_ADI": "Tobb İkiz Kule Kapalı Otopark", "HIZMET_SEKLI": "HALKA_ACIK", "MARKA": "Trugo", "MARKAADI": "Trugo", "SARJ_AGI_ISLETMECISI": "TRUGO AKILLI ŞARJ ÇÖZÜMLERİ SANAYİ VE TİCARET ANONİM ŞİRKETİ", "YESIL_SARJ_ISTASYONU_MU": "Evet", "ADRES": "Mustafa Kemal Mahallesi Dumlupınar Sokağı Çankaya / ANKARA", "SOKET_NO": "SKT/34934", "SOKET_TIPI": "AC", "SOKET_TURU": "AC_TYPE2", "SOKET_GUCU_KW": "22" }, "geometry": { "type": "Point", "coordinates": [ 32.76001, 39.909928 ] } },
{ "type": "Feature", "properties": { "ID": 14955.0, "SIRA_NO": 47.0, "ISTASYON_NO": "ŞRJ/7954", "ISTASYON_ADI": "Bilkent Center", "HIZMET_SEKLI": "HALKA_ACIK", "MARKA": "Trugo", "MARKAADI": "Trugo", "SARJ_AGI_ISLETMECISI": "TRUGO AKILLI ŞARJ ÇÖZÜMLERİ SANAYİ VE TİCARET ANONİM ŞİRKETİ", "YESIL_SARJ_ISTASYONU_MU": "Evet", "ADRES": "Üniversiteler Mahallesi 1597 Caddesi  No:2 Çankaya / ANKARA", "SOKET_NO": "SKT/18140", "SOKET_TIPI": "DC", "SOKET_TURU": "DC_CCS", "SOKET_GUCU_KW": "180" }, "geometry": { "type": "Point", "coordinates": [ 32.759075, 39.883229 ] } },
{ "type": "Feature", "properties": { "ID": 35009.0, "SIRA_NO": 43.0, "ISTASYON_NO": "ŞRJ/18234", "ISTASYON_ADI": "DOĞANAY kONUTLARI", "HIZMET_SEKLI": "OZEL", "MARKA": "EPSIS", "MARKAADI": "Epsis", "SARJ_AGI_ISLETMECISI": "FORM ELEKTRİK İNŞAAT MÜHENDİSLİK ANONİM ŞİRKETİ", "YESIL_SARJ_ISTASYONU_MU": "", "ADRES": "Alacaatlı Mahallesi 3415 Sokağı  No:3 Altındağ / ANKARA", "SOKET_NO": "SKT/50297", "SOKET_TIPI": "AC", "SOKET_TURU": "AC_TYPE2", "SOKET_GUCU_KW": "22" }, "geometry": { "type": "Point", "coordinates": [ 32.631986, 39.85543 ] } },
{ "type": "Feature", "properties": { "ID": 35012.0, "SIRA_NO": 44.0, "ISTASYON_NO": "ŞRJ/18235", "ISTASYON_ADI": "MESA DORA EVLERİ", "HIZMET_SEKLI": "OZEL", "MARKA": "NEVA ŞARJ", "MARKAADI": "Neva Şarj", "SARJ_AGI_ISLETMECISI": "NEVA İÇ VE DIŞ TİCARET ANONİM ŞİRKETİ", "YESIL_SARJ_ISTASYONU_MU": "", "ADRES": "Harbiye Mahallesi Dikmen Caddesi  No:174-176 Çankaya / ANKARA", "SOKET_NO": "SKT/50300", "SOKET_TIPI": "AC", "SOKET_TURU": "AC_TYPE2", "SOKET_GUCU_KW": "22" }, "geometry": { "type": "Point", "coordinates": [ 32.839783, 39.888237 ] } },
{ "type": "Feature", "properties": { "ID": 13141.0, "SIRA_NO": 156.0, "ISTASYON_NO": "ŞRJ/15956", "ISTASYON_ADI": "ASTORŞARJ BEYTEPE GÜLPARK", "HIZMET_SEKLI": "HALKA_ACIK", "MARKA": "ASTOR", "MARKAADI": "Astor", "SARJ_AGI_ISLETMECISI": "ASTOR ENERJİ ANONİM ŞİRKETİ", "YESIL_SARJ_ISTASYONU_MU": "", "ADRES": "Beytepe Mahallesi 5387 Caddesi  No:13 Çankaya / ANKARA", "SOKET_NO": "SKT/42825", "SOKET_TIPI": "DC", "SOKET_TURU": "DC_CCS", "SOKET_GUCU_KW": "180" }, "geometry": { "type": "Point", "coordinates": [ 32.71111, 39.863086 ] } },
{ "type": "Feature", "properties": { "ID": 12539.0, "SIRA_NO": 441.0, "ISTASYON_NO": "ŞRJ/3030", "ISTASYON_ADI": "CV Charging - Capital Center / DC 120 kW+AC 22 kW", "HIZMET_SEKLI": "HALKA_ACIK", "MARKA": "CHARGING VEHICLES CV", "MARKAADI": "Cv Enerji", "SARJ_AGI_ISLETMECISI": "CW ENERJİ MÜHENDİSLİK TİCARET VE SANAYİ ANONİM ŞİRKETİ", "YESIL_SARJ_ISTASYONU_MU": "", "ADRES": "İşçi  Blokları Mahallesi 1500 Sokağı  No:9 Çankaya / ANKARA", "SOKET_NO": "SKT/5894", "SOKET_TIPI": "DC", "SOKET_TURU": "DC_CCS", "SOKET_GUCU_KW": "120" }, "geometry": { "type": "Point", "coordinates": [ 32.807736, 39.890911 ] } },
{ "type": "Feature", "properties": { "ID": 11565.0, "SIRA_NO": 106.0, "ISTASYON_NO": "ŞRJ/10509", "ISTASYON_ADI": "Maidan AVM Ankara", "HIZMET_SEKLI": "HALKA_ACIK", "MARKA": "zes", "MARKAADI": "Zes", "SARJ_AGI_ISLETMECISI": "ZES DİJİTAL TİCARET ANONİM ŞİRKETİ", "YESIL_SARJ_ISTASYONU_MU": "Evet", "ADRES": "Mustafa Kemal Mahallesi 2118 Sokağı  No:4 Çankaya / ANKARA", "SOKET_NO": "SKT/47940", "SOKET_TIPI": "DC", "SOKET_TURU": "DC_CCS", "SOKET_GUCU_KW": "180" }, "geometry": { "type": "Point", "coordinates": [ 32.76393, 39.909384 ] } },
{ "type": "Feature", "properties": { "ID": 33502.0, "SIRA_NO": 467.0, "ISTASYON_NO": "ŞRJ/7726", "ISTASYON_ADI": "Kule Evo, Çankaya - DC 1, DC 2", "HIZMET_SEKLI": "HALKA_ACIK", "MARKA": "Otopriz", "MARKAADI": "Otopriz", "SARJ_AGI_ISLETMECISI": "DİCLE KÖK ENERJİ YATIRIM ANONİM ŞİRKETİ", "YESIL_SARJ_ISTASYONU_MU": "", "ADRES": "Konutkent Mahallesi 3028 Sokağı  No:16 Çankaya / ANKARA", "SOKET_NO": "SKT/17589", "SOKET_TIPI": "DC", "SOKET_TURU": "DC_CCS", "SOKET_GUCU_KW": "120" }, "geometry": { "type": "Point", "coordinates": [ 32.649404, 39.873762 ] } },
{ "type": "Feature", "properties": { "ID": 33141.0, "SIRA_NO": 496.0, "ISTASYON_NO": "ŞRJ/15575", "ISTASYON_ADI": "ODTÜ Teknokent Bilim Açık Otopark", "HIZMET_SEKLI": "HALKA_ACIK", "MARKA": "KÖFTECİ YUSUF", "MARKAADI": "Köfteci Yusuf Şarj", "SARJ_AGI_ISLETMECISI": "KÖFTECİ YUSUF HAZIR YEMEK TEMİZLİK CANLI HAYVAN ET MAMÜLLERİ ENTEGRE GIDA İTHALAT İHRACAT SANAYİ VE TİCARET ANONİM ŞİRKETİ", "YESIL_SARJ_ISTASYONU_MU": "", "ADRES": "Mustafa Kemal Mahallesi Dumlupınar Sokağı  No:280/1 Çankaya / ANKARA", "SOKET_NO": "SKT/41605", "SOKET_TIPI": "AC", "SOKET_TURU": "AC_TYPE2", "SOKET_GUCU_KW": "22" }, "geometry": { "type": "Point", "coordinates": [ 32.75045, 39.908142 ] } },
{ "type": "Feature", "properties": { "ID": 34160.0, "SIRA_NO": 76.0, "ISTASYON_NO": "ŞRJ/17947", "ISTASYON_ADI": "ASTORŞARJ YARGITAY", "HIZMET_SEKLI": "OZEL", "MARKA": "ASTOR", "MARKAADI": "Astor", "SARJ_AGI_ISLETMECISI": "ASTOR ENERJİ ANONİM ŞİRKETİ", "YESIL_SARJ_ISTASYONU_MU": "", "ADRES": "Ahlatlıbel Mahallesi Şehit Savcı Mehmet Selim Kiraz Sokağı  No:4 Çankaya / ANKARA", "SOKET_NO": "SKT/49385", "SOKET_TIPI": "AC", "SOKET_TURU": "AC_TYPE2", "SOKET_GUCU_KW": "22" }, "geometry": { "type": "Point", "coordinates": [ 32.790676, 39.845165 ] } },
{ "type": "Feature", "properties": { "ID": 14640.0, "SIRA_NO": 409.0, "ISTASYON_NO": "ŞRJ/8350", "ISTASYON_ADI": "Shell Alacaatlı", "HIZMET_SEKLI": "HALKA_ACIK", "MARKA": "Trugo", "MARKAADI": "Trugo", "SARJ_AGI_ISLETMECISI": "TRUGO AKILLI ŞARJ ÇÖZÜMLERİ SANAYİ VE TİCARET ANONİM ŞİRKETİ", "YESIL_SARJ_ISTASYONU_MU": "Evet", "ADRES": "Alacaatlı Mahallesi Çankaya / ANKARA", "SOKET_NO": "SKT/19170", "SOKET_TIPI": "DC", "SOKET_TURU": "DC_CCS", "SOKET_GUCU_KW": "180" }, "geometry": { "type": "Point", "coordinates": [ 32.67509, 39.842132 ] } },
{ "type": "Feature", "properties": { "ID": 29599.0, "SIRA_NO": 471.0, "ISTASYON_NO": "ŞRJ/13591", "ISTASYON_ADI": "FİKRET PETROL ÇANKAYA 1", "HIZMET_SEKLI": "HALKA_ACIK", "MARKA": "ovolt", "MARKAADI": "Ovolt", "SARJ_AGI_ISLETMECISI": "OVOLT ŞARJ TEKNOLOJİLERİ SANAYİ VE TİCARET ANONİM ŞİRKETİ", "YESIL_SARJ_ISTASYONU_MU": "", "ADRES": "Fakülteler Mahallesi Cemal Gürsel Sokağı  No:27 Çankaya / ANKARA", "SOKET_NO": "SKT/35347", "SOKET_TIPI": "DC", "SOKET_TURU": "DC_CCS", "SOKET_GUCU_KW": "50" }, "geometry": { "type": "Point", "coordinates": [ 32.868177, 39.928502 ] } },
{ "type": "Feature", "properties": { "ID": 29607.0, "SIRA_NO": 475.0, "ISTASYON_NO": "ŞRJ/14106", "ISTASYON_ADI": "Uzaltaş Petrol", "HIZMET_SEKLI": "HALKA_ACIK", "MARKA": "ovolt", "MARKAADI": "Ovolt", "SARJ_AGI_ISLETMECISI": "OVOLT ŞARJ TEKNOLOJİLERİ SANAYİ VE TİCARET ANONİM ŞİRKETİ", "YESIL_SARJ_ISTASYONU_MU": "", "ADRES": "Emek Mahallesi Bişkek Caddesi  No:50 Çankaya / ANKARA", "SOKET_NO": "SKT/37030", "SOKET_TIPI": "DC", "SOKET_TURU": "DC_CCS", "SOKET_GUCU_KW": "60" }, "geometry": { "type": "Point", "coordinates": [ 32.817132, 39.921488 ] } },
{ "type": "Feature", "properties": { "ID": 33236.0, "SIRA_NO": 362.0, "ISTASYON_NO": "ŞRJ/16687", "ISTASYON_ADI": "Türeli Golf Park Sitesi,Çankaya-AC 1, AC 2, AC 3, AC4", "HIZMET_SEKLI": "OZEL", "MARKA": "Otopriz", "MARKAADI": "Otopriz", "SARJ_AGI_ISLETMECISI": "DİCLE KÖK ENERJİ YATIRIM ANONİM ŞİRKETİ", "YESIL_SARJ_ISTASYONU_MU": "", "ADRES": "Alacaatlı Mahallesi Şehit Hayrettin Eren Caddesi  No:29 Çankaya / ANKARA", "SOKET_NO": "SKT/45421", "SOKET_TIPI": "AC", "SOKET_TURU": "AC_TYPE2", "SOKET_GUCU_KW": "22" }, "geometry": { "type": "Point", "coordinates": [ 32.661956, 39.85238 ] } },
{ "type": "Feature", "properties": { "ID": 12110.0, "SIRA_NO": 302.0, "ISTASYON_NO": "ŞRJ/13085", "ISTASYON_ADI": "Otojet - One Tower AVM", "HIZMET_SEKLI": "HALKA_ACIK", "MARKA": "Otojet", "MARKAADI": "Otojet", "SARJ_AGI_ISLETMECISI": "OTOJET ENERJİ SANAYİ VE TİCARET ANONİM ŞİRKETİ", "YESIL_SARJ_ISTASYONU_MU": "", "ADRES": "Yukarıdikmen Mahallesi Kudüs Sokağı  No:6 Çankaya / ANKARA", "SOKET_NO": "SKT/33748", "SOKET_TIPI": "DC", "SOKET_TURU": "DC_CCS", "SOKET_GUCU_KW": "180" }, "geometry": { "type": "Point", "coordinates": [ 32.835356, 39.849666 ] } },
{ "type": "Feature", "properties": { "ID": 12111.0, "SIRA_NO": 302.0, "ISTASYON_NO": "ŞRJ/13085", "ISTASYON_ADI": "Otojet - One Tower AVM", "HIZMET_SEKLI": "HALKA_ACIK", "MARKA": "Otojet", "MARKAADI": "Otojet", "SARJ_AGI_ISLETMECISI": "OTOJET ENERJİ SANAYİ VE TİCARET ANONİM ŞİRKETİ", "YESIL_SARJ_ISTASYONU_MU": "", "ADRES": "Yukarıdikmen Mahallesi Kudüs Sokağı  No:6 Çankaya / ANKARA", "SOKET_NO": "SKT/33749", "SOKET_TIPI": "DC", "SOKET_TURU": "DC_CCS", "SOKET_GUCU_KW": "180" }, "geometry": { "type": "Point", "coordinates": [ 32.835356, 39.849666 ] } },
{ "type": "Feature", "properties": { "ID": 12112.0, "SIRA_NO": 302.0, "ISTASYON_NO": "ŞRJ/13085", "ISTASYON_ADI": "Otojet - One Tower AVM", "HIZMET_SEKLI": "HALKA_ACIK", "MARKA": "Otojet", "MARKAADI": "Otojet", "SARJ_AGI_ISLETMECISI": "OTOJET ENERJİ SANAYİ VE TİCARET ANONİM ŞİRKETİ", "YESIL_SARJ_ISTASYONU_MU": "", "ADRES": "Yukarıdikmen Mahallesi Kudüs Sokağı  No:6 Çankaya / ANKARA", "SOKET_NO": "SKT/33750", "SOKET_TIPI": "DC", "SOKET_TURU": "DC_CCS", "SOKET_GUCU_KW": "180" }, "geometry": { "type": "Point", "coordinates": [ 32.835356, 39.849666 ] } },
{ "type": "Feature", "properties": { "ID": 12113.0, "SIRA_NO": 302.0, "ISTASYON_NO": "ŞRJ/13085", "ISTASYON_ADI": "Otojet - One Tower AVM", "HIZMET_SEKLI": "HALKA_ACIK", "MARKA": "Otojet", "MARKAADI": "Otojet", "SARJ_AGI_ISLETMECISI": "OTOJET ENERJİ SANAYİ VE TİCARET ANONİM ŞİRKETİ", "YESIL_SARJ_ISTASYONU_MU": "", "ADRES": "Yukarıdikmen Mahallesi Kudüs Sokağı  No:6 Çankaya / ANKARA", "SOKET_NO": "SKT/33751", "SOKET_TIPI": "DC", "SOKET_TURU": "DC_CCS", "SOKET_GUCU_KW": "180" }, "geometry": { "type": "Point", "coordinates": [ 32.835356, 39.849666 ] } },
{ "type": "Feature", "properties": { "ID": 12114.0, "SIRA_NO": 302.0, "ISTASYON_NO": "ŞRJ/13085", "ISTASYON_ADI": "Otojet - One Tower AVM", "HIZMET_SEKLI": "HALKA_ACIK", "MARKA": "Otojet", "MARKAADI": "Otojet", "SARJ_AGI_ISLETMECISI": "OTOJET ENERJİ SANAYİ VE TİCARET ANONİM ŞİRKETİ", "YESIL_SARJ_ISTASYONU_MU": "", "ADRES": "Yukarıdikmen Mahallesi Kudüs Sokağı  No:6 Çankaya / ANKARA", "SOKET_NO": "SKT/33752", "SOKET_TIPI": "DC", "SOKET_TURU": "DC_CCS", "SOKET_GUCU_KW": "180" }, "geometry": { "type": "Point", "coordinates": [ 32.835356, 39.849666 ] } },
{ "type": "Feature", "properties": { "ID": 12115.0, "SIRA_NO": 302.0, "ISTASYON_NO": "ŞRJ/13085", "ISTASYON_ADI": "Otojet - One Tower AVM", "HIZMET_SEKLI": "HALKA_ACIK", "MARKA": "Otojet", "MARKAADI": "Otojet", "SARJ_AGI_ISLETMECISI": "OTOJET ENERJİ SANAYİ VE TİCARET ANONİM ŞİRKETİ", "YESIL_SARJ_ISTASYONU_MU": "", "ADRES": "Yukarıdikmen Mahallesi Kudüs Sokağı  No:6 Çankaya / ANKARA", "SOKET_NO": "SKT/33753", "SOKET_TIPI": "AC", "SOKET_TURU": "AC_TYPE2", "SOKET_GUCU_KW": "11" }, "geometry": { "type": "Point", "coordinates": [ 32.835356, 39.849666 ] } },
{ "type": "Feature", "properties": { "ID": 12116.0, "SIRA_NO": 302.0, "ISTASYON_NO": "ŞRJ/13085", "ISTASYON_ADI": "Otojet - One Tower AVM", "HIZMET_SEKLI": "HALKA_ACIK", "MARKA": "Otojet", "MARKAADI": "Otojet", "SARJ_AGI_ISLETMECISI": "OTOJET ENERJİ SANAYİ VE TİCARET ANONİM ŞİRKETİ", "YESIL_SARJ_ISTASYONU_MU": "", "ADRES": "Yukarıdikmen Mahallesi Kudüs Sokağı  No:6 Çankaya / ANKARA", "SOKET_NO": "SKT/33754", "SOKET_TIPI": "AC", "SOKET_TURU": "AC_TYPE2", "SOKET_GUCU_KW": "11" }, "geometry": { "type": "Point", "coordinates": [ 32.835356, 39.849666 ] } },
{ "type": "Feature", "properties": { "ID": 11397.0, "SIRA_NO": 51.0, "ISTASYON_NO": "ŞRJ/1851", "ISTASYON_ADI": "Metropolitan Hotels", "HIZMET_SEKLI": "HALKA_ACIK", "MARKA": "zes", "MARKAADI": "Zes", "SARJ_AGI_ISLETMECISI": "ZES DİJİTAL TİCARET ANONİM ŞİRKETİ", "YESIL_SARJ_ISTASYONU_MU": "Evet", "ADRES": "Oğuzlar Mahallesi 1377 Sokağı  No:28  Balgat Çankaya / ANKARA", "SOKET_NO": "SKT/27254", "SOKET_TIPI": "DC", "SOKET_TURU": "DC_CCS", "SOKET_GUCU_KW": "60" }, "geometry": { "type": "Point", "coordinates": [ 32.814818, 39.903772 ] } },
{ "type": "Feature", "properties": { "ID": 11398.0, "SIRA_NO": 51.0, "ISTASYON_NO": "ŞRJ/1851", "ISTASYON_ADI": "Metropolitan Hotels", "HIZMET_SEKLI": "HALKA_ACIK", "MARKA": "zes", "MARKAADI": "Zes", "SARJ_AGI_ISLETMECISI": "ZES DİJİTAL TİCARET ANONİM ŞİRKETİ", "YESIL_SARJ_ISTASYONU_MU": "Evet", "ADRES": "Oğuzlar Mahallesi 1377 Sokağı  No:28  Balgat Çankaya / ANKARA", "SOKET_NO": "SKT/27255", "SOKET_TIPI": "DC", "SOKET_TURU": "DC_CCS", "SOKET_GUCU_KW": "60" }, "geometry": { "type": "Point", "coordinates": [ 32.814818, 39.903772 ] } },
{ "type": "Feature", "properties": { "ID": 12119.0, "SIRA_NO": 304.0, "ISTASYON_NO": "ŞRJ/13102", "ISTASYON_ADI": "Otojet  Marriot Hotel Ankara", "HIZMET_SEKLI": "HALKA_ACIK", "MARKA": "Otojet", "MARKAADI": "Otojet", "SARJ_AGI_ISLETMECISI": "OTOJET ENERJİ SANAYİ VE TİCARET ANONİM ŞİRKETİ", "YESIL_SARJ_ISTASYONU_MU": "", "ADRES": "Çukurambar Mahallesi Muhsinyazacıoğlu Sokağı Çankaya / ANKARA", "SOKET_NO": "SKT/33785", "SOKET_TIPI": "DC", "SOKET_TURU": "DC_CCS", "SOKET_GUCU_KW": "180" }, "geometry": { "type": "Point", "coordinates": [ 32.80622, 39.909191 ] } },
{ "type": "Feature", "properties": { "ID": 12120.0, "SIRA_NO": 304.0, "ISTASYON_NO": "ŞRJ/13102", "ISTASYON_ADI": "Otojet  Marriot Hotel Ankara", "HIZMET_SEKLI": "HALKA_ACIK", "MARKA": "Otojet", "MARKAADI": "Otojet", "SARJ_AGI_ISLETMECISI": "OTOJET ENERJİ SANAYİ VE TİCARET ANONİM ŞİRKETİ", "YESIL_SARJ_ISTASYONU_MU": "", "ADRES": "Çukurambar Mahallesi Muhsinyazacıoğlu Sokağı Çankaya / ANKARA", "SOKET_NO": "SKT/33786", "SOKET_TIPI": "DC", "SOKET_TURU": "DC_CCS", "SOKET_GUCU_KW": "60" }, "geometry": { "type": "Point", "coordinates": [ 32.80622, 39.909191 ] } },
{ "type": "Feature", "properties": { "ID": 12121.0, "SIRA_NO": 304.0, "ISTASYON_NO": "ŞRJ/13102", "ISTASYON_ADI": "Otojet  Marriot Hotel Ankara", "HIZMET_SEKLI": "HALKA_ACIK", "MARKA": "Otojet", "MARKAADI": "Otojet", "SARJ_AGI_ISLETMECISI": "OTOJET ENERJİ SANAYİ VE TİCARET ANONİM ŞİRKETİ", "YESIL_SARJ_ISTASYONU_MU": "", "ADRES": "Çukurambar Mahallesi Muhsinyazacıoğlu Sokağı Çankaya / ANKARA", "SOKET_NO": "SKT/33787", "SOKET_TIPI": "DC", "SOKET_TURU": "DC_CCS", "SOKET_GUCU_KW": "60" }, "geometry": { "type": "Point", "coordinates": [ 32.80622, 39.909191 ] } },
{ "type": "Feature", "properties": { "ID": 33711.0, "SIRA_NO": 353.0, "ISTASYON_NO": "ŞRJ/17784", "ISTASYON_ADI": "ASTORSARJ YAŞAMKENT GÖZÜM PARK", "HIZMET_SEKLI": "HALKA_ACIK", "MARKA": "ASTOR", "MARKAADI": "Astor", "SARJ_AGI_ISLETMECISI": "ASTOR ENERJİ ANONİM ŞİRKETİ", "YESIL_SARJ_ISTASYONU_MU": "", "ADRES": "Yaşamkent Mahallesi 3297 Sokağı  No:1 Çankaya / ANKARA", "SOKET_NO": "SKT/48803", "SOKET_TIPI": "DC", "SOKET_TURU": "DC_CCS", "SOKET_GUCU_KW": "180" }, "geometry": { "type": "Point", "coordinates": [ 32.645376, 39.857694 ] } },
{ "type": "Feature", "properties": { "ID": 11790.0, "SIRA_NO": 157.0, "ISTASYON_NO": "ŞRJ/3332", "ISTASYON_ADI": "Otojet - Cihan Oto", "HIZMET_SEKLI": "HALKA_ACIK", "MARKA": "Otojet", "MARKAADI": "Otojet", "SARJ_AGI_ISLETMECISI": "OTOJET ENERJİ SANAYİ VE TİCARET ANONİM ŞİRKETİ", "YESIL_SARJ_ISTASYONU_MU": "", "ADRES": "Konya Yolu Mahallesi Fen Lisesi Kavşağı Caddesi  No:208 Çankaya / ANKARA", "SOKET_NO": "SKT/6522", "SOKET_TIPI": "DC", "SOKET_TURU": "DC_CCS", "SOKET_GUCU_KW": "150" }, "geometry": { "type": "Point", "coordinates": [ 32.811595, 39.884048 ] } },
{ "type": "Feature", "properties": { "ID": 33723.0, "SIRA_NO": 359.0, "ISTASYON_NO": "ŞRJ/17790", "ISTASYON_ADI": "ASTORŞARJ YILDIRIM BEYAZIT BİLKENT KAMPÜSÜ", "HIZMET_SEKLI": "HALKA_ACIK", "MARKA": "ASTOR", "MARKAADI": "Astor", "SARJ_AGI_ISLETMECISI": "ASTOR ENERJİ ANONİM ŞİRKETİ", "YESIL_SARJ_ISTASYONU_MU": "", "ADRES": "Üniversiteler Mahallesi İhsan Doğramacı Sokağı  No:6 Çankaya / ANKARA", "SOKET_NO": "SKT/48816", "SOKET_TIPI": "DC", "SOKET_TURU": "DC_CCS", "SOKET_GUCU_KW": "180" }, "geometry": { "type": "Point", "coordinates": [ 32.763435, 39.874873 ] } },
{ "type": "Feature", "properties": { "ID": 12596.0, "SIRA_NO": 468.0, "ISTASYON_NO": "ŞRJ/2291", "ISTASYON_ADI": "ASTORŞARJ KENTPARK AVM ELEKTRİKLİ ARAÇ ŞARJ İSTASYONU", "HIZMET_SEKLI": "HALKA_ACIK", "MARKA": "ASTOR", "MARKAADI": "Astor", "SARJ_AGI_ISLETMECISI": "ASTOR ENERJİ ANONİM ŞİRKETİ", "YESIL_SARJ_ISTASYONU_MU": "", "ADRES": "Mustafa Kemal Mahallesi Eskişehir Yolu 7.km Caddesi  No:164 Çankaya / ANKARA", "SOKET_NO": "SKT/4213", "SOKET_TIPI": "DC", "SOKET_TURU": "DC_CCS", "SOKET_GUCU_KW": "160" }, "geometry": { "type": "Point", "coordinates": [ 32.775904, 39.908742 ] } },
{ "type": "Feature", "properties": { "ID": 33101.0, "SIRA_NO": 441.0, "ISTASYON_NO": "ŞRJ/15339", "ISTASYON_ADI": "İlci, Çankaya - DC", "HIZMET_SEKLI": "HALKA_ACIK", "MARKA": "Otopriz", "MARKAADI": "Otopriz", "SARJ_AGI_ISLETMECISI": "DİCLE KÖK ENERJİ YATIRIM ANONİM ŞİRKETİ", "YESIL_SARJ_ISTASYONU_MU": "", "ADRES": "Anıttepe Mahallesi Mahallesi Çankaya / ANKARA", "SOKET_NO": "SKT/40918", "SOKET_TIPI": "DC", "SOKET_TURU": "DC_CCS", "SOKET_GUCU_KW": "60" }, "geometry": { "type": "Point", "coordinates": [ 32.840439, 39.933357 ] } },
{ "type": "Feature", "properties": { "ID": 12122.0, "SIRA_NO": 304.0, "ISTASYON_NO": "ŞRJ/13102", "ISTASYON_ADI": "Otojet  Marriot Hotel Ankara", "HIZMET_SEKLI": "HALKA_ACIK", "MARKA": "Otojet", "MARKAADI": "Otojet", "SARJ_AGI_ISLETMECISI": "OTOJET ENERJİ SANAYİ VE TİCARET ANONİM ŞİRKETİ", "YESIL_SARJ_ISTASYONU_MU": "", "ADRES": "Çukurambar Mahallesi Muhsinyazacıoğlu Sokağı Çankaya / ANKARA", "SOKET_NO": "SKT/33788", "SOKET_TIPI": "AC", "SOKET_TURU": "AC_TYPE2", "SOKET_GUCU_KW": "22" }, "geometry": { "type": "Point", "coordinates": [ 32.80622, 39.909191 ] } },
{ "type": "Feature", "properties": { "ID": 12123.0, "SIRA_NO": 304.0, "ISTASYON_NO": "ŞRJ/13102", "ISTASYON_ADI": "Otojet  Marriot Hotel Ankara", "HIZMET_SEKLI": "HALKA_ACIK", "MARKA": "Otojet", "MARKAADI": "Otojet", "SARJ_AGI_ISLETMECISI": "OTOJET ENERJİ SANAYİ VE TİCARET ANONİM ŞİRKETİ", "YESIL_SARJ_ISTASYONU_MU": "", "ADRES": "Çukurambar Mahallesi Muhsinyazacıoğlu Sokağı Çankaya / ANKARA", "SOKET_NO": "SKT/33789", "SOKET_TIPI": "AC", "SOKET_TURU": "AC_TYPE2", "SOKET_GUCU_KW": "22" }, "geometry": { "type": "Point", "coordinates": [ 32.80622, 39.909191 ] } },
{ "type": "Feature", "properties": { "ID": 12124.0, "SIRA_NO": 304.0, "ISTASYON_NO": "ŞRJ/13102", "ISTASYON_ADI": "Otojet  Marriot Hotel Ankara", "HIZMET_SEKLI": "HALKA_ACIK", "MARKA": "Otojet", "MARKAADI": "Otojet", "SARJ_AGI_ISLETMECISI": "OTOJET ENERJİ SANAYİ VE TİCARET ANONİM ŞİRKETİ", "YESIL_SARJ_ISTASYONU_MU": "", "ADRES": "Çukurambar Mahallesi Muhsinyazacıoğlu Sokağı Çankaya / ANKARA", "SOKET_NO": "SKT/33790", "SOKET_TIPI": "AC", "SOKET_TURU": "AC_TYPE2", "SOKET_GUCU_KW": "22" }, "geometry": { "type": "Point", "coordinates": [ 32.80622, 39.909191 ] } },
{ "type": "Feature", "properties": { "ID": 33026.0, "SIRA_NO": 305.0, "ISTASYON_NO": "ŞRJ/10801", "ISTASYON_ADI": "ATO, Çankaya - DC", "HIZMET_SEKLI": "HALKA_ACIK", "MARKA": "Otopriz", "MARKAADI": "Otopriz", "SARJ_AGI_ISLETMECISI": "DİCLE KÖK ENERJİ YATIRIM ANONİM ŞİRKETİ", "YESIL_SARJ_ISTASYONU_MU": "", "ADRES": "Söğütözü Mahallesi 2176 Caddesi  No:1/1 Çankaya / ANKARA", "SOKET_NO": "SKT/26397", "SOKET_TIPI": "DC", "SOKET_TURU": "DC_CCS", "SOKET_GUCU_KW": "120" }, "geometry": { "type": "Point", "coordinates": [ 32.800697, 39.910385 ] } },
{ "type": "Feature", "properties": { "ID": 11400.0, "SIRA_NO": 52.0, "ISTASYON_NO": "ŞRJ/2615", "ISTASYON_ADI": "Vivaldi Park Otel", "HIZMET_SEKLI": "HALKA_ACIK", "MARKA": "zes", "MARKAADI": "Zes", "SARJ_AGI_ISLETMECISI": "ZES DİJİTAL TİCARET ANONİM ŞİRKETİ", "YESIL_SARJ_ISTASYONU_MU": "Evet", "ADRES": "Birlik Mahallesi 408. Sokağı  No:1 Çankaya / ANKARA", "SOKET_NO": "SKT/4960", "SOKET_TIPI": "AC", "SOKET_TURU": "AC_TYPE2", "SOKET_GUCU_KW": "22" }, "geometry": { "type": "Point", "coordinates": [ 32.869846, 39.883199 ] } },
{ "type": "Feature", "properties": { "ID": 11401.0, "SIRA_NO": 52.0, "ISTASYON_NO": "ŞRJ/2615", "ISTASYON_ADI": "Vivaldi Park Otel", "HIZMET_SEKLI": "HALKA_ACIK", "MARKA": "zes", "MARKAADI": "Zes", "SARJ_AGI_ISLETMECISI": "ZES DİJİTAL TİCARET ANONİM ŞİRKETİ", "YESIL_SARJ_ISTASYONU_MU": "Evet", "ADRES": "Birlik Mahallesi 408. Sokağı  No:1 Çankaya / ANKARA", "SOKET_NO": "SKT/42005", "SOKET_TIPI": "DC", "SOKET_TURU": "DC_CCS", "SOKET_GUCU_KW": "60" }, "geometry": { "type": "Point", "coordinates": [ 32.869846, 39.883199 ] } },
{ "type": "Feature", "properties": { "ID": 11402.0, "SIRA_NO": 52.0, "ISTASYON_NO": "ŞRJ/2615", "ISTASYON_ADI": "Vivaldi Park Otel", "HIZMET_SEKLI": "HALKA_ACIK", "MARKA": "zes", "MARKAADI": "Zes", "SARJ_AGI_ISLETMECISI": "ZES DİJİTAL TİCARET ANONİM ŞİRKETİ", "YESIL_SARJ_ISTASYONU_MU": "Evet", "ADRES": "Birlik Mahallesi 408. Sokağı  No:1 Çankaya / ANKARA", "SOKET_NO": "SKT/42006", "SOKET_TIPI": "DC", "SOKET_TURU": "DC_CCS", "SOKET_GUCU_KW": "60" }, "geometry": { "type": "Point", "coordinates": [ 32.869846, 39.883199 ] } },
{ "type": "Feature", "properties": { "ID": 12597.0, "SIRA_NO": 468.0, "ISTASYON_NO": "ŞRJ/2291", "ISTASYON_ADI": "ASTORŞARJ KENTPARK AVM ELEKTRİKLİ ARAÇ ŞARJ İSTASYONU", "HIZMET_SEKLI": "HALKA_ACIK", "MARKA": "ASTOR", "MARKAADI": "Astor", "SARJ_AGI_ISLETMECISI": "ASTOR ENERJİ ANONİM ŞİRKETİ", "YESIL_SARJ_ISTASYONU_MU": "", "ADRES": "Mustafa Kemal Mahallesi Eskişehir Yolu 7.km Caddesi  No:164 Çankaya / ANKARA", "SOKET_NO": "SKT/4214", "SOKET_TIPI": "DC", "SOKET_TURU": "DC_CCS", "SOKET_GUCU_KW": "160" }, "geometry": { "type": "Point", "coordinates": [ 32.775904, 39.908742 ] } },
{ "type": "Feature", "properties": { "ID": 12598.0, "SIRA_NO": 468.0, "ISTASYON_NO": "ŞRJ/2291", "ISTASYON_ADI": "ASTORŞARJ KENTPARK AVM ELEKTRİKLİ ARAÇ ŞARJ İSTASYONU", "HIZMET_SEKLI": "HALKA_ACIK", "MARKA": "ASTOR", "MARKAADI": "Astor", "SARJ_AGI_ISLETMECISI": "ASTOR ENERJİ ANONİM ŞİRKETİ", "YESIL_SARJ_ISTASYONU_MU": "", "ADRES": "Mustafa Kemal Mahallesi Eskişehir Yolu 7.km Caddesi  No:164 Çankaya / ANKARA", "SOKET_NO": "SKT/4544", "SOKET_TIPI": "DC", "SOKET_TURU": "DC_CCS", "SOKET_GUCU_KW": "160" }, "geometry": { "type": "Point", "coordinates": [ 32.775904, 39.908742 ] } },
{ "type": "Feature", "properties": { "ID": 12540.0, "SIRA_NO": 441.0, "ISTASYON_NO": "ŞRJ/3030", "ISTASYON_ADI": "CV Charging - Capital Center / DC 120 kW+AC 22 kW", "HIZMET_SEKLI": "HALKA_ACIK", "MARKA": "CHARGING VEHICLES CV", "MARKAADI": "Cv Enerji", "SARJ_AGI_ISLETMECISI": "CW ENERJİ MÜHENDİSLİK TİCARET VE SANAYİ ANONİM ŞİRKETİ", "YESIL_SARJ_ISTASYONU_MU": "", "ADRES": "İşçi  Blokları Mahallesi 1500 Sokağı  No:9 Çankaya / ANKARA", "SOKET_NO": "SKT/5895", "SOKET_TIPI": "AC", "SOKET_TURU": "AC_TYPE2", "SOKET_GUCU_KW": "22" }, "geometry": { "type": "Point", "coordinates": [ 32.807736, 39.890911 ] } },
{ "type": "Feature", "properties": { "ID": 23589.0, "SIRA_NO": 198.0, "ISTASYON_NO": "ŞRJ/3103", "ISTASYON_ADI": "HORİZON LİFE B / BLOK", "HIZMET_SEKLI": "OZEL", "MARKA": "EPSIS", "MARKAADI": "Epsis", "SARJ_AGI_ISLETMECISI": "FORM ELEKTRİK İNŞAAT MÜHENDİSLİK ANONİM ŞİRKETİ", "YESIL_SARJ_ISTASYONU_MU": "", "ADRES": "Alacaatlı Mahallesi Alacaatlı Caddesi  No:1263/B Çankaya / ANKARA", "SOKET_NO": "SKT/41484", "SOKET_TIPI": "AC", "SOKET_TURU": "AC_TYPE2", "SOKET_GUCU_KW": "18" }, "geometry": { "type": "Point", "coordinates": [ 32.697124, 39.856682 ] } },
{ "type": "Feature", "properties": { "ID": 17506.0, "SIRA_NO": 347.0, "ISTASYON_NO": "ŞRJ/13611", "ISTASYON_ADI": "Park Vadi Evleri", "HIZMET_SEKLI": "OZEL", "MARKA": "NEVA ŞARJ", "MARKAADI": "Neva Şarj", "SARJ_AGI_ISLETMECISI": "NEVA İÇ VE DIŞ TİCARET ANONİM ŞİRKETİ", "YESIL_SARJ_ISTASYONU_MU": "", "ADRES": "Güzeltepe Mahallesi Hoşdere Caddesi  No:747/3 Çankaya / ANKARA", "SOKET_NO": "SKT/35419", "SOKET_TIPI": "AC", "SOKET_TURU": "AC_TYPE2", "SOKET_GUCU_KW": "22" }, "geometry": { "type": "Point", "coordinates": [ 32.846944, 39.884782 ] } },
{ "type": "Feature", "properties": { "ID": 17507.0, "SIRA_NO": 347.0, "ISTASYON_NO": "ŞRJ/13611", "ISTASYON_ADI": "Park Vadi Evleri", "HIZMET_SEKLI": "OZEL", "MARKA": "NEVA ŞARJ", "MARKAADI": "Neva Şarj", "SARJ_AGI_ISLETMECISI": "NEVA İÇ VE DIŞ TİCARET ANONİM ŞİRKETİ", "YESIL_SARJ_ISTASYONU_MU": "", "ADRES": "Güzeltepe Mahallesi Hoşdere Caddesi  No:747/3 Çankaya / ANKARA", "SOKET_NO": "SKT/35420", "SOKET_TIPI": "AC", "SOKET_TURU": "AC_TYPE2", "SOKET_GUCU_KW": "22" }, "geometry": { "type": "Point", "coordinates": [ 32.846944, 39.884782 ] } },
{ "type": "Feature", "properties": { "ID": 17508.0, "SIRA_NO": 347.0, "ISTASYON_NO": "ŞRJ/13611", "ISTASYON_ADI": "Park Vadi Evleri", "HIZMET_SEKLI": "OZEL", "MARKA": "NEVA ŞARJ", "MARKAADI": "Neva Şarj", "SARJ_AGI_ISLETMECISI": "NEVA İÇ VE DIŞ TİCARET ANONİM ŞİRKETİ", "YESIL_SARJ_ISTASYONU_MU": "", "ADRES": "Güzeltepe Mahallesi Hoşdere Caddesi  No:747/3 Çankaya / ANKARA", "SOKET_NO": "SKT/35421", "SOKET_TIPI": "AC", "SOKET_TURU": "AC_TYPE2", "SOKET_GUCU_KW": "22" }, "geometry": { "type": "Point", "coordinates": [ 32.846944, 39.884782 ] } },
{ "type": "Feature", "properties": { "ID": 17509.0, "SIRA_NO": 347.0, "ISTASYON_NO": "ŞRJ/13611", "ISTASYON_ADI": "Park Vadi Evleri", "HIZMET_SEKLI": "OZEL", "MARKA": "NEVA ŞARJ", "MARKAADI": "Neva Şarj", "SARJ_AGI_ISLETMECISI": "NEVA İÇ VE DIŞ TİCARET ANONİM ŞİRKETİ", "YESIL_SARJ_ISTASYONU_MU": "", "ADRES": "Güzeltepe Mahallesi Hoşdere Caddesi  No:747/3 Çankaya / ANKARA", "SOKET_NO": "SKT/35422", "SOKET_TIPI": "AC", "SOKET_TURU": "AC_TYPE2", "SOKET_GUCU_KW": "22" }, "geometry": { "type": "Point", "coordinates": [ 32.846944, 39.884782 ] } },
{ "type": "Feature", "properties": { "ID": 17510.0, "SIRA_NO": 347.0, "ISTASYON_NO": "ŞRJ/13611", "ISTASYON_ADI": "Park Vadi Evleri", "HIZMET_SEKLI": "OZEL", "MARKA": "NEVA ŞARJ", "MARKAADI": "Neva Şarj", "SARJ_AGI_ISLETMECISI": "NEVA İÇ VE DIŞ TİCARET ANONİM ŞİRKETİ", "YESIL_SARJ_ISTASYONU_MU": "", "ADRES": "Güzeltepe Mahallesi Hoşdere Caddesi  No:747/3 Çankaya / ANKARA", "SOKET_NO": "SKT/35423", "SOKET_TIPI": "DC", "SOKET_TURU": "DC_CCS", "SOKET_GUCU_KW": "120" }, "geometry": { "type": "Point", "coordinates": [ 32.846944, 39.884782 ] } },
{ "type": "Feature", "properties": { "ID": 17511.0, "SIRA_NO": 347.0, "ISTASYON_NO": "ŞRJ/13611", "ISTASYON_ADI": "Park Vadi Evleri", "HIZMET_SEKLI": "OZEL", "MARKA": "NEVA ŞARJ", "MARKAADI": "Neva Şarj", "SARJ_AGI_ISLETMECISI": "NEVA İÇ VE DIŞ TİCARET ANONİM ŞİRKETİ", "YESIL_SARJ_ISTASYONU_MU": "", "ADRES": "Güzeltepe Mahallesi Hoşdere Caddesi  No:747/3 Çankaya / ANKARA", "SOKET_NO": "SKT/35424", "SOKET_TIPI": "DC", "SOKET_TURU": "DC_CCS", "SOKET_GUCU_KW": "120" }, "geometry": { "type": "Point", "coordinates": [ 32.846944, 39.884782 ] } },
{ "type": "Feature", "properties": { "ID": 17481.0, "SIRA_NO": 343.0, "ISTASYON_NO": "ŞRJ/13116", "ISTASYON_ADI": "Panora AVM", "HIZMET_SEKLI": "HALKA_ACIK", "MARKA": "NEVA ŞARJ", "MARKAADI": "Neva Şarj", "SARJ_AGI_ISLETMECISI": "NEVA İÇ VE DIŞ TİCARET ANONİM ŞİRKETİ", "YESIL_SARJ_ISTASYONU_MU": "", "ADRES": "Oran Mahallesi Kudüs Caddesi  No:3 Çankaya / ANKARA", "SOKET_NO": "SKT/33835", "SOKET_TIPI": "DC", "SOKET_TURU": "DC_CCS", "SOKET_GUCU_KW": "120" }, "geometry": { "type": "Point", "coordinates": [ 32.833957, 39.848084 ] } },
{ "type": "Feature", "properties": { "ID": 17482.0, "SIRA_NO": 343.0, "ISTASYON_NO": "ŞRJ/13116", "ISTASYON_ADI": "Panora AVM", "HIZMET_SEKLI": "HALKA_ACIK", "MARKA": "NEVA ŞARJ", "MARKAADI": "Neva Şarj", "SARJ_AGI_ISLETMECISI": "NEVA İÇ VE DIŞ TİCARET ANONİM ŞİRKETİ", "YESIL_SARJ_ISTASYONU_MU": "", "ADRES": "Oran Mahallesi Kudüs Caddesi  No:3 Çankaya / ANKARA", "SOKET_NO": "SKT/33836", "SOKET_TIPI": "DC", "SOKET_TURU": "DC_CCS", "SOKET_GUCU_KW": "100" }, "geometry": { "type": "Point", "coordinates": [ 32.833957, 39.848084 ] } },
{ "type": "Feature", "properties": { "ID": 17483.0, "SIRA_NO": 343.0, "ISTASYON_NO": "ŞRJ/13116", "ISTASYON_ADI": "Panora AVM", "HIZMET_SEKLI": "HALKA_ACIK", "MARKA": "NEVA ŞARJ", "MARKAADI": "Neva Şarj", "SARJ_AGI_ISLETMECISI": "NEVA İÇ VE DIŞ TİCARET ANONİM ŞİRKETİ", "YESIL_SARJ_ISTASYONU_MU": "", "ADRES": "Oran Mahallesi Kudüs Caddesi  No:3 Çankaya / ANKARA", "SOKET_NO": "SKT/33837", "SOKET_TIPI": "DC", "SOKET_TURU": "DC_CCS", "SOKET_GUCU_KW": "100" }, "geometry": { "type": "Point", "coordinates": [ 32.833957, 39.848084 ] } },
{ "type": "Feature", "properties": { "ID": 15486.0, "SIRA_NO": 163.0, "ISTASYON_NO": "ŞRJ/15577", "ISTASYON_ADI": "ODTÜ Teknokent Titanyum", "HIZMET_SEKLI": "HALKA_ACIK", "MARKA": "Trugo", "MARKAADI": "Trugo", "SARJ_AGI_ISLETMECISI": "TRUGO AKILLI ŞARJ ÇÖZÜMLERİ SANAYİ VE TİCARET ANONİM ŞİRKETİ", "YESIL_SARJ_ISTASYONU_MU": "", "ADRES": "Mustafa Kemal Mahallesi Dumlupınar Sokağı  No:17/B Çankaya / ANKARA", "SOKET_NO": "SKT/41610", "SOKET_TIPI": "AC", "SOKET_TURU": "AC_TYPE2", "SOKET_GUCU_KW": "22" }, "geometry": { "type": "Point", "coordinates": [ 32.750546, 39.908069 ] } },
{ "type": "Feature", "properties": { "ID": 15489.0, "SIRA_NO": 164.0, "ISTASYON_NO": "ŞRJ/15578", "ISTASYON_ADI": "ODTÜ Teknokent Türk Telekom", "HIZMET_SEKLI": "HALKA_ACIK", "MARKA": "Trugo", "MARKAADI": "Trugo", "SARJ_AGI_ISLETMECISI": "TRUGO AKILLI ŞARJ ÇÖZÜMLERİ SANAYİ VE TİCARET ANONİM ŞİRKETİ", "YESIL_SARJ_ISTASYONU_MU": "Evet", "ADRES": "Mustafa Kemal Mahallesi Dumlupınar Sokağı  No:15/1 Çankaya / ANKARA", "SOKET_NO": "SKT/41613", "SOKET_TIPI": "AC", "SOKET_TURU": "AC_TYPE2", "SOKET_GUCU_KW": "22" }, "geometry": { "type": "Point", "coordinates": [ 32.750549, 39.908038 ] } },
{ "type": "Feature", "properties": { "ID": 23462.0, "SIRA_NO": 135.0, "ISTASYON_NO": "ŞRJ/12975", "ISTASYON_ADI": "EGE VADİSİ", "HIZMET_SEKLI": "HALKA_ACIK", "MARKA": "EPSIS", "MARKAADI": "Epsis", "SARJ_AGI_ISLETMECISI": "FORM ELEKTRİK İNŞAAT MÜHENDİSLİK ANONİM ŞİRKETİ", "YESIL_SARJ_ISTASYONU_MU": "", "ADRES": "Yukarı Dikmen Mahallesi 648 Caddesi  No:20/A Çankaya / ANKARA", "SOKET_NO": "SKT/33441", "SOKET_TIPI": "AC", "SOKET_TURU": "AC_TYPE2", "SOKET_GUCU_KW": "22" }, "geometry": { "type": "Point", "coordinates": [ 32.8455, 39.8556 ] } },
{ "type": "Feature", "properties": { "ID": 23463.0, "SIRA_NO": 135.0, "ISTASYON_NO": "ŞRJ/12975", "ISTASYON_ADI": "EGE VADİSİ", "HIZMET_SEKLI": "HALKA_ACIK", "MARKA": "EPSIS", "MARKAADI": "Epsis", "SARJ_AGI_ISLETMECISI": "FORM ELEKTRİK İNŞAAT MÜHENDİSLİK ANONİM ŞİRKETİ", "YESIL_SARJ_ISTASYONU_MU": "", "ADRES": "Yukarı Dikmen Mahallesi 648 Caddesi  No:20/A Çankaya / ANKARA", "SOKET_NO": "SKT/33442", "SOKET_TIPI": "AC", "SOKET_TURU": "AC_TYPE2", "SOKET_GUCU_KW": "22" }, "geometry": { "type": "Point", "coordinates": [ 32.8455, 39.8556 ] } },
{ "type": "Feature", "properties": { "ID": 17387.0, "SIRA_NO": 320.0, "ISTASYON_NO": "ŞRJ/2669", "ISTASYON_ADI": "Neva Şarj Genel Merkez", "HIZMET_SEKLI": "HALKA_ACIK", "MARKA": "NEVA ŞARJ", "MARKAADI": "Neva Şarj", "SARJ_AGI_ISLETMECISI": "NEVA İÇ VE DIŞ TİCARET ANONİM ŞİRKETİ", "YESIL_SARJ_ISTASYONU_MU": "", "ADRES": "Ümit Mahallesi 2532 Sokağı  No:4 Çankaya / ANKARA", "SOKET_NO": "SKT/8939", "SOKET_TIPI": "DC", "SOKET_TURU": "DC_CCS", "SOKET_GUCU_KW": "40" }, "geometry": { "type": "Point", "coordinates": [ 32.694731, 39.893896 ] } },
{ "type": "Feature", "properties": { "ID": 15757.0, "SIRA_NO": 261.0, "ISTASYON_NO": "ŞRJ/3167", "ISTASYON_ADI": "Damla Petrol", "HIZMET_SEKLI": "HALKA_ACIK", "MARKA": "Trugo", "MARKAADI": "Trugo", "SARJ_AGI_ISLETMECISI": "TRUGO AKILLI ŞARJ ÇÖZÜMLERİ SANAYİ VE TİCARET ANONİM ŞİRKETİ", "YESIL_SARJ_ISTASYONU_MU": "Evet", "ADRES": "Söğütözü Mahallesi  No:120 Çankaya / ANKARA", "SOKET_NO": "SKT/6130", "SOKET_TIPI": "DC", "SOKET_TURU": "DC_CCS", "SOKET_GUCU_KW": "120" }, "geometry": { "type": "Point", "coordinates": [ 32.791734, 39.909407 ] } },
{ "type": "Feature", "properties": { "ID": 24157.0, "SIRA_NO": 415.0, "ISTASYON_NO": "ŞRJ/7784", "ISTASYON_ADI": "HASAN KOLCUOĞLU RESTAURANT", "HIZMET_SEKLI": "HALKA_ACIK", "MARKA": "POWER ELEKTRONİK SANAYİ VE TİCARET LİMİTED ŞİRKETİ", "MARKAADI": "Power", "SARJ_AGI_ISLETMECISI": "POWER ELEKTRONİK SANAYİ VE TİCARET ANONİM ŞİRKETİ", "YESIL_SARJ_ISTASYONU_MU": "", "ADRES": "Pr. Ahmet Taner Kışlalı Mah. Mahallesi 2846 Sokağı  No:2 Çankaya / ANKARA", "SOKET_NO": "SKT/17735", "SOKET_TIPI": "DC", "SOKET_TURU": "DC_CCS", "SOKET_GUCU_KW": "120" }, "geometry": { "type": "Point", "coordinates": [ 32.687687, 39.870456 ] } },
{ "type": "Feature", "properties": { "ID": 18041.0, "SIRA_NO": 38.0, "ISTASYON_NO": "ŞRJ/2337", "ISTASYON_ADI": "Point Hotel, Ankara", "HIZMET_SEKLI": "HALKA_ACIK", "MARKA": "eşarj", "MARKAADI": "Eşarj", "SARJ_AGI_ISLETMECISI": "EŞARJ ELEKTRİKLİ ARAÇLAR ŞARJ SİSTEMLERİ ANONİM ŞİRKETİ", "YESIL_SARJ_ISTASYONU_MU": "Evet", "ADRES": "İşçi Blokları Mahallesi 1495 Sokağı  No:11 Çankaya / ANKARA", "SOKET_NO": "SKT/4302", "SOKET_TIPI": "DC", "SOKET_TURU": "DC_CCS", "SOKET_GUCU_KW": "120" }, "geometry": { "type": "Point", "coordinates": [ 32.80964, 39.895012 ] } },
{ "type": "Feature", "properties": { "ID": 23621.0, "SIRA_NO": 211.0, "ISTASYON_NO": "ŞRJ/10131", "ISTASYON_ADI": "ATABİLGE AKA KONUTLARI A1/BLOK", "HIZMET_SEKLI": "OZEL", "MARKA": "EPSIS", "MARKAADI": "Epsis", "SARJ_AGI_ISLETMECISI": "FORM ELEKTRİK İNŞAAT MÜHENDİSLİK ANONİM ŞİRKETİ", "YESIL_SARJ_ISTASYONU_MU": "", "ADRES": "Alacaatlı Mahallesi 4841 Sokağı  No:3/A Çankaya / ANKARA", "SOKET_NO": "SKT/24420", "SOKET_TIPI": "AC", "SOKET_TURU": "AC_TYPE2", "SOKET_GUCU_KW": "18" }, "geometry": { "type": "Point", "coordinates": [ 32.696573, 39.829679 ] } },
{ "type": "Feature", "properties": { "ID": 23416.0, "SIRA_NO": 117.0, "ISTASYON_NO": "ŞRJ/8095", "ISTASYON_ADI": "RENAPARK", "HIZMET_SEKLI": "OZEL", "MARKA": "EPSIS", "MARKAADI": "Epsis", "SARJ_AGI_ISLETMECISI": "FORM ELEKTRİK İNŞAAT MÜHENDİSLİK ANONİM ŞİRKETİ", "YESIL_SARJ_ISTASYONU_MU": "", "ADRES": "Beytepe Mahallesi Selçuklu Caddesi  No:4 Çankaya / ANKARA", "SOKET_NO": "SKT/30673", "SOKET_TIPI": "DC", "SOKET_TURU": "DC_CCS", "SOKET_GUCU_KW": "30" }, "geometry": { "type": "Point", "coordinates": [ 32.709988, 39.853079 ] } },
{ "type": "Feature", "properties": { "ID": 23469.0, "SIRA_NO": 137.0, "ISTASYON_NO": "ŞRJ/12977", "ISTASYON_ADI": "SİNPAŞ BOULEVARD C1/BLOK", "HIZMET_SEKLI": "OZEL", "MARKA": "EPSIS", "MARKAADI": "Epsis", "SARJ_AGI_ISLETMECISI": "FORM ELEKTRİK İNŞAAT MÜHENDİSLİK ANONİM ŞİRKETİ", "YESIL_SARJ_ISTASYONU_MU": "", "ADRES": "İlkbahar Mahallesi Güneypark Kmev. Sokağı  No:72-F Çankaya / ANKARA", "SOKET_NO": "SKT/33448", "SOKET_TIPI": "AC", "SOKET_TURU": "AC_TYPE2", "SOKET_GUCU_KW": "22" }, "geometry": { "type": "Point", "coordinates": [ 32.8533, 39.8452 ] } },
{ "type": "Feature", "properties": { "ID": 23470.0, "SIRA_NO": 137.0, "ISTASYON_NO": "ŞRJ/12977", "ISTASYON_ADI": "SİNPAŞ BOULEVARD C1/BLOK", "HIZMET_SEKLI": "OZEL", "MARKA": "EPSIS", "MARKAADI": "Epsis", "SARJ_AGI_ISLETMECISI": "FORM ELEKTRİK İNŞAAT MÜHENDİSLİK ANONİM ŞİRKETİ", "YESIL_SARJ_ISTASYONU_MU": "", "ADRES": "İlkbahar Mahallesi Güneypark Kmev. Sokağı  No:72-F Çankaya / ANKARA", "SOKET_NO": "SKT/33449", "SOKET_TIPI": "AC", "SOKET_TURU": "AC_TYPE2", "SOKET_GUCU_KW": "22" }, "geometry": { "type": "Point", "coordinates": [ 32.8533, 39.8452 ] } },
{ "type": "Feature", "properties": { "ID": 23417.0, "SIRA_NO": 117.0, "ISTASYON_NO": "ŞRJ/8095", "ISTASYON_ADI": "RENAPARK", "HIZMET_SEKLI": "OZEL", "MARKA": "EPSIS", "MARKAADI": "Epsis", "SARJ_AGI_ISLETMECISI": "FORM ELEKTRİK İNŞAAT MÜHENDİSLİK ANONİM ŞİRKETİ", "YESIL_SARJ_ISTASYONU_MU": "", "ADRES": "Beytepe Mahallesi Selçuklu Caddesi  No:4 Çankaya / ANKARA", "SOKET_NO": "SKT/30674", "SOKET_TIPI": "AC", "SOKET_TURU": "AC_TYPE2", "SOKET_GUCU_KW": "22" }, "geometry": { "type": "Point", "coordinates": [ 32.709988, 39.853079 ] } },
{ "type": "Feature", "properties": { "ID": 23627.0, "SIRA_NO": 213.0, "ISTASYON_NO": "ŞRJ/10133", "ISTASYON_ADI": "ATABİLGE AKA KONUTLARI A3/BLOK", "HIZMET_SEKLI": "OZEL", "MARKA": "EPSIS", "MARKAADI": "Epsis", "SARJ_AGI_ISLETMECISI": "FORM ELEKTRİK İNŞAAT MÜHENDİSLİK ANONİM ŞİRKETİ", "YESIL_SARJ_ISTASYONU_MU": "", "ADRES": "Alacaatlı Mahallesi 4841 Sokağı  No:3/C Çankaya / ANKARA", "SOKET_NO": "SKT/24426", "SOKET_TIPI": "AC", "SOKET_TURU": "AC_TYPE2", "SOKET_GUCU_KW": "18" }, "geometry": { "type": "Point", "coordinates": [ 32.696915, 39.830481 ] } },
{ "type": "Feature", "properties": { "ID": 23630.0, "SIRA_NO": 214.0, "ISTASYON_NO": "ŞRJ/10134", "ISTASYON_ADI": "ATABİLGE AKA KONUTLARI A4/BLOK", "HIZMET_SEKLI": "OZEL", "MARKA": "EPSIS", "MARKAADI": "Epsis", "SARJ_AGI_ISLETMECISI": "FORM ELEKTRİK İNŞAAT MÜHENDİSLİK ANONİM ŞİRKETİ", "YESIL_SARJ_ISTASYONU_MU": "", "ADRES": "Alacaatlı Mahallesi 4841 Sokağı  No:2 / D Çankaya / ANKARA", "SOKET_NO": "SKT/24429", "SOKET_TIPI": "AC", "SOKET_TURU": "AC_TYPE2", "SOKET_GUCU_KW": "18" }, "geometry": { "type": "Point", "coordinates": [ 32.698042, 39.831766 ] } },
{ "type": "Feature", "properties": { "ID": 23633.0, "SIRA_NO": 215.0, "ISTASYON_NO": "ŞRJ/10135", "ISTASYON_ADI": "ATABİLGE AKA KONUTLARI A5/BLOK", "HIZMET_SEKLI": "OZEL", "MARKA": "EPSIS", "MARKAADI": "Epsis", "SARJ_AGI_ISLETMECISI": "FORM ELEKTRİK İNŞAAT MÜHENDİSLİK ANONİM ŞİRKETİ", "YESIL_SARJ_ISTASYONU_MU": "", "ADRES": "Alacaatlı Mahallesi 4844 Sokağı  No:2 / E Çankaya / ANKARA", "SOKET_NO": "SKT/24432", "SOKET_TIPI": "AC", "SOKET_TURU": "AC_TYPE2", "SOKET_GUCU_KW": "18" }, "geometry": { "type": "Point", "coordinates": [ 32.698295, 39.831754 ] } },
{ "type": "Feature", "properties": { "ID": 19483.0, "SIRA_NO": 77.0, "ISTASYON_NO": "ŞRJ/13145", "ISTASYON_ADI": "Protokol Plaza", "HIZMET_SEKLI": "HALKA_ACIK", "MARKA": "eşarj", "MARKAADI": "Eşarj", "SARJ_AGI_ISLETMECISI": "EŞARJ ELEKTRİKLİ ARAÇLAR ŞARJ SİSTEMLERİ ANONİM ŞİRKETİ", "YESIL_SARJ_ISTASYONU_MU": "Evet", "ADRES": "Çukurambar Mahallesi Muhsin Yazıcıoğlu Caddesi  No:39 Çankaya / ANKARA", "SOKET_NO": "SKT/33953", "SOKET_TIPI": "DC", "SOKET_TURU": "DC_CCS", "SOKET_GUCU_KW": "120" }, "geometry": { "type": "Point", "coordinates": [ 32.810359, 39.897059 ] } },
{ "type": "Feature", "properties": { "ID": 17484.0, "SIRA_NO": 343.0, "ISTASYON_NO": "ŞRJ/13116", "ISTASYON_ADI": "Panora AVM", "HIZMET_SEKLI": "HALKA_ACIK", "MARKA": "NEVA ŞARJ", "MARKAADI": "Neva Şarj", "SARJ_AGI_ISLETMECISI": "NEVA İÇ VE DIŞ TİCARET ANONİM ŞİRKETİ", "YESIL_SARJ_ISTASYONU_MU": "", "ADRES": "Oran Mahallesi Kudüs Caddesi  No:3 Çankaya / ANKARA", "SOKET_NO": "SKT/33838", "SOKET_TIPI": "AC", "SOKET_TURU": "AC_TYPE2", "SOKET_GUCU_KW": "11" }, "geometry": { "type": "Point", "coordinates": [ 32.833957, 39.848084 ] } },
{ "type": "Feature", "properties": { "ID": 17485.0, "SIRA_NO": 343.0, "ISTASYON_NO": "ŞRJ/13116", "ISTASYON_ADI": "Panora AVM", "HIZMET_SEKLI": "HALKA_ACIK", "MARKA": "NEVA ŞARJ", "MARKAADI": "Neva Şarj", "SARJ_AGI_ISLETMECISI": "NEVA İÇ VE DIŞ TİCARET ANONİM ŞİRKETİ", "YESIL_SARJ_ISTASYONU_MU": "", "ADRES": "Oran Mahallesi Kudüs Caddesi  No:3 Çankaya / ANKARA", "SOKET_NO": "SKT/33839", "SOKET_TIPI": "AC", "SOKET_TURU": "AC_TYPE2", "SOKET_GUCU_KW": "11" }, "geometry": { "type": "Point", "coordinates": [ 32.833957, 39.848084 ] } },
{ "type": "Feature", "properties": { "ID": 15497.0, "SIRA_NO": 167.0, "ISTASYON_NO": "ŞRJ/15677", "ISTASYON_ADI": "ODTÜ Teknokent", "HIZMET_SEKLI": "HALKA_ACIK", "MARKA": "Trugo", "MARKAADI": "Trugo", "SARJ_AGI_ISLETMECISI": "TRUGO AKILLI ŞARJ ÇÖZÜMLERİ SANAYİ VE TİCARET ANONİM ŞİRKETİ", "YESIL_SARJ_ISTASYONU_MU": "Evet", "ADRES": "Üniversiteler Mahallesi Dumlupınar Sokağı  No:1/1 Çankaya / ANKARA", "SOKET_NO": "SKT/41949", "SOKET_TIPI": "DC", "SOKET_TURU": "DC_CCS", "SOKET_GUCU_KW": "180" }, "geometry": { "type": "Point", "coordinates": [ 32.774475, 39.897673 ] } },
{ "type": "Feature", "properties": { "ID": 17583.0, "SIRA_NO": 363.0, "ISTASYON_NO": "ŞRJ/9238", "ISTASYON_ADI": "KENTPARK", "HIZMET_SEKLI": "HALKA_ACIK", "MARKA": "NEVA ŞARJ", "MARKAADI": "Neva Şarj", "SARJ_AGI_ISLETMECISI": "NEVA İÇ VE DIŞ TİCARET ANONİM ŞİRKETİ", "YESIL_SARJ_ISTASYONU_MU": "", "ADRES": "Mustafa Kemal Mahallesi  Kentpark Avm Önü Çankaya / ANKARA", "SOKET_NO": "SKT/21663", "SOKET_TIPI": "DC", "SOKET_TURU": "DC_CCS", "SOKET_GUCU_KW": "120" }, "geometry": { "type": "Point", "coordinates": [ 32.777966, 39.909202 ] } },
{ "type": "Feature", "properties": { "ID": 17584.0, "SIRA_NO": 363.0, "ISTASYON_NO": "ŞRJ/9238", "ISTASYON_ADI": "KENTPARK", "HIZMET_SEKLI": "HALKA_ACIK", "MARKA": "NEVA ŞARJ", "MARKAADI": "Neva Şarj", "SARJ_AGI_ISLETMECISI": "NEVA İÇ VE DIŞ TİCARET ANONİM ŞİRKETİ", "YESIL_SARJ_ISTASYONU_MU": "", "ADRES": "Mustafa Kemal Mahallesi  Kentpark Avm Önü Çankaya / ANKARA", "SOKET_NO": "SKT/21664", "SOKET_TIPI": "DC", "SOKET_TURU": "DC_CCS", "SOKET_GUCU_KW": "120" }, "geometry": { "type": "Point", "coordinates": [ 32.777966, 39.909202 ] } },
{ "type": "Feature", "properties": { "ID": 17585.0, "SIRA_NO": 363.0, "ISTASYON_NO": "ŞRJ/9238", "ISTASYON_ADI": "KENTPARK", "HIZMET_SEKLI": "HALKA_ACIK", "MARKA": "NEVA ŞARJ", "MARKAADI": "Neva Şarj", "SARJ_AGI_ISLETMECISI": "NEVA İÇ VE DIŞ TİCARET ANONİM ŞİRKETİ", "YESIL_SARJ_ISTASYONU_MU": "", "ADRES": "Mustafa Kemal Mahallesi  Kentpark Avm Önü Çankaya / ANKARA", "SOKET_NO": "SKT/21665", "SOKET_TIPI": "DC", "SOKET_TURU": "DC_CCS", "SOKET_GUCU_KW": "120" }, "geometry": { "type": "Point", "coordinates": [ 32.777966, 39.909202 ] } },
{ "type": "Feature", "properties": { "ID": 17588.0, "SIRA_NO": 363.0, "ISTASYON_NO": "ŞRJ/9238", "ISTASYON_ADI": "KENTPARK", "HIZMET_SEKLI": "HALKA_ACIK", "MARKA": "NEVA ŞARJ", "MARKAADI": "Neva Şarj", "SARJ_AGI_ISLETMECISI": "NEVA İÇ VE DIŞ TİCARET ANONİM ŞİRKETİ", "YESIL_SARJ_ISTASYONU_MU": "", "ADRES": "Mustafa Kemal Mahallesi  Kentpark Avm Önü Çankaya / ANKARA", "SOKET_NO": "SKT/40251", "SOKET_TIPI": "DC", "SOKET_TURU": "DC_CCS", "SOKET_GUCU_KW": "120" }, "geometry": { "type": "Point", "coordinates": [ 32.777966, 39.909202 ] } },
{ "type": "Feature", "properties": { "ID": 17589.0, "SIRA_NO": 363.0, "ISTASYON_NO": "ŞRJ/9238", "ISTASYON_ADI": "KENTPARK", "HIZMET_SEKLI": "HALKA_ACIK", "MARKA": "NEVA ŞARJ", "MARKAADI": "Neva Şarj", "SARJ_AGI_ISLETMECISI": "NEVA İÇ VE DIŞ TİCARET ANONİM ŞİRKETİ", "YESIL_SARJ_ISTASYONU_MU": "", "ADRES": "Mustafa Kemal Mahallesi  Kentpark Avm Önü Çankaya / ANKARA", "SOKET_NO": "SKT/40252", "SOKET_TIPI": "DC", "SOKET_TURU": "DC_CCS", "SOKET_GUCU_KW": "120" }, "geometry": { "type": "Point", "coordinates": [ 32.777966, 39.909202 ] } },
{ "type": "Feature", "properties": { "ID": 23571.0, "SIRA_NO": 191.0, "ISTASYON_NO": "ŞRJ/15297", "ISTASYON_ADI": "BESA KARİNA EVLERİ", "HIZMET_SEKLI": "OZEL", "MARKA": "EPSIS", "MARKAADI": "Epsis", "SARJ_AGI_ISLETMECISI": "FORM ELEKTRİK İNŞAAT MÜHENDİSLİK ANONİM ŞİRKETİ", "YESIL_SARJ_ISTASYONU_MU": "", "ADRES": "Yaşamkent Mahallesi 3297 Sokağı  No:2 Çankaya / ANKARA", "SOKET_NO": "SKT/40785", "SOKET_TIPI": "AC", "SOKET_TURU": "AC_TYPE2", "SOKET_GUCU_KW": "22" }, "geometry": { "type": "Point", "coordinates": [ 32.646012, 39.857726 ] } },
{ "type": "Feature", "properties": { "ID": 23572.0, "SIRA_NO": 191.0, "ISTASYON_NO": "ŞRJ/15297", "ISTASYON_ADI": "BESA KARİNA EVLERİ", "HIZMET_SEKLI": "OZEL", "MARKA": "EPSIS", "MARKAADI": "Epsis", "SARJ_AGI_ISLETMECISI": "FORM ELEKTRİK İNŞAAT MÜHENDİSLİK ANONİM ŞİRKETİ", "YESIL_SARJ_ISTASYONU_MU": "", "ADRES": "Yaşamkent Mahallesi 3297 Sokağı  No:2 Çankaya / ANKARA", "SOKET_NO": "SKT/40786", "SOKET_TIPI": "AC", "SOKET_TURU": "AC_TYPE2", "SOKET_GUCU_KW": "22" }, "geometry": { "type": "Point", "coordinates": [ 32.646012, 39.857726 ] } },
{ "type": "Feature", "properties": { "ID": 23573.0, "SIRA_NO": 191.0, "ISTASYON_NO": "ŞRJ/15297", "ISTASYON_ADI": "BESA KARİNA EVLERİ", "HIZMET_SEKLI": "OZEL", "MARKA": "EPSIS", "MARKAADI": "Epsis", "SARJ_AGI_ISLETMECISI": "FORM ELEKTRİK İNŞAAT MÜHENDİSLİK ANONİM ŞİRKETİ", "YESIL_SARJ_ISTASYONU_MU": "", "ADRES": "Yaşamkent Mahallesi 3297 Sokağı  No:2 Çankaya / ANKARA", "SOKET_NO": "SKT/40787", "SOKET_TIPI": "AC", "SOKET_TURU": "AC_TYPE2", "SOKET_GUCU_KW": "22" }, "geometry": { "type": "Point", "coordinates": [ 32.646012, 39.857726 ] } },
{ "type": "Feature", "properties": { "ID": 17450.0, "SIRA_NO": 334.0, "ISTASYON_NO": "ŞRJ/11325", "ISTASYON_ADI": "Hayat Sebla Evleri", "HIZMET_SEKLI": "OZEL", "MARKA": "NEVA ŞARJ", "MARKAADI": "Neva Şarj", "SARJ_AGI_ISLETMECISI": "NEVA İÇ VE DIŞ TİCARET ANONİM ŞİRKETİ", "YESIL_SARJ_ISTASYONU_MU": "", "ADRES": "Kızılırmak Mahallesi Erol Yaşar Türkalp Caddesi  No:29  Hayat Sebla Evleri Çankaya / ANKARA", "SOKET_NO": "SKT/30779", "SOKET_TIPI": "AC", "SOKET_TURU": "AC_TYPE2", "SOKET_GUCU_KW": "22" }, "geometry": { "type": "Point", "coordinates": [ 32.8105, 39.9014 ] } },
{ "type": "Feature", "properties": { "ID": 23567.0, "SIRA_NO": 190.0, "ISTASYON_NO": "ŞRJ/15296", "ISTASYON_ADI": "ARMONİA SİTESİ", "HIZMET_SEKLI": "OZEL", "MARKA": "EPSIS", "MARKAADI": "Epsis", "SARJ_AGI_ISLETMECISI": "FORM ELEKTRİK İNŞAAT MÜHENDİSLİK ANONİM ŞİRKETİ", "YESIL_SARJ_ISTASYONU_MU": "", "ADRES": "Alacaatlı Mahallesi 5084 Caddesi  No:37 Çankaya / ANKARA", "SOKET_NO": "SKT/40779", "SOKET_TIPI": "AC", "SOKET_TURU": "AC_TYPE2", "SOKET_GUCU_KW": "22" }, "geometry": { "type": "Point", "coordinates": [ 32.648029, 39.853634 ] } },
{ "type": "Feature", "properties": { "ID": 23568.0, "SIRA_NO": 190.0, "ISTASYON_NO": "ŞRJ/15296", "ISTASYON_ADI": "ARMONİA SİTESİ", "HIZMET_SEKLI": "OZEL", "MARKA": "EPSIS", "MARKAADI": "Epsis", "SARJ_AGI_ISLETMECISI": "FORM ELEKTRİK İNŞAAT MÜHENDİSLİK ANONİM ŞİRKETİ", "YESIL_SARJ_ISTASYONU_MU": "", "ADRES": "Alacaatlı Mahallesi 5084 Caddesi  No:37 Çankaya / ANKARA", "SOKET_NO": "SKT/40780", "SOKET_TIPI": "AC", "SOKET_TURU": "AC_TYPE2", "SOKET_GUCU_KW": "22" }, "geometry": { "type": "Point", "coordinates": [ 32.648029, 39.853634 ] } },
{ "type": "Feature", "properties": { "ID": 18789.0, "SIRA_NO": 346.0, "ISTASYON_NO": "ŞRJ/8632", "ISTASYON_ADI": "Base Life Club, Ankara (2)", "HIZMET_SEKLI": "HALKA_ACIK", "MARKA": "eşarj", "MARKAADI": "Eşarj", "SARJ_AGI_ISLETMECISI": "EŞARJ ELEKTRİKLİ ARAÇLAR ŞARJ SİSTEMLERİ ANONİM ŞİRKETİ", "YESIL_SARJ_ISTASYONU_MU": "Evet", "ADRES": "Çayyolu Mahallesi S.saltoğlu Caddesi  Beysupark Avm Çankaya / ANKARA", "SOKET_NO": "SKT/19875", "SOKET_TIPI": "DC", "SOKET_TURU": "DC_CCS", "SOKET_GUCU_KW": "120" }, "geometry": { "type": "Point", "coordinates": [ 32.704844, 39.876941 ] } },
{ "type": "Feature", "properties": { "ID": 18803.0, "SIRA_NO": 350.0, "ISTASYON_NO": "ŞRJ/8971", "ISTASYON_ADI": "Bilkent Otel ve Konferans Merkezi, Çankaya", "HIZMET_SEKLI": "HALKA_ACIK", "MARKA": "eşarj", "MARKAADI": "Eşarj", "SARJ_AGI_ISLETMECISI": "EŞARJ ELEKTRİKLİ ARAÇLAR ŞARJ SİSTEMLERİ ANONİM ŞİRKETİ", "YESIL_SARJ_ISTASYONU_MU": "Evet", "ADRES": "Üniversiteler Mahallesi  No:6 Çankaya / ANKARA", "SOKET_NO": "SKT/20871", "SOKET_TIPI": "DC", "SOKET_TURU": "DC_CCS", "SOKET_GUCU_KW": "180" }, "geometry": { "type": "Point", "coordinates": [ 32.7627, 39.8751 ] } },
{ "type": "Feature", "properties": { "ID": 15594.0, "SIRA_NO": 204.0, "ISTASYON_NO": "ŞRJ/16393", "ISTASYON_ADI": "ODTÜ Teknokent Satgeb", "HIZMET_SEKLI": "HALKA_ACIK", "MARKA": "Trugo", "MARKAADI": "Trugo", "SARJ_AGI_ISLETMECISI": "TRUGO AKILLI ŞARJ ÇÖZÜMLERİ SANAYİ VE TİCARET ANONİM ŞİRKETİ", "YESIL_SARJ_ISTASYONU_MU": "Evet", "ADRES": "Üniversiteler Mahallesi İhsan Doğramacı Sokağı Çankaya / ANKARA", "SOKET_NO": "SKT/44483", "SOKET_TIPI": "AC", "SOKET_TURU": "AC_TYPE2", "SOKET_GUCU_KW": "22" }, "geometry": { "type": "Point", "coordinates": [ 32.774481, 39.897614 ] } },
{ "type": "Feature", "properties": { "ID": 23387.0, "SIRA_NO": 97.0, "ISTASYON_NO": "ŞRJ/8027", "ISTASYON_ADI": "TUNA PANORAMA", "HIZMET_SEKLI": "OZEL", "MARKA": "EPSIS", "MARKAADI": "Epsis", "SARJ_AGI_ISLETMECISI": "FORM ELEKTRİK İNŞAAT MÜHENDİSLİK ANONİM ŞİRKETİ", "YESIL_SARJ_ISTASYONU_MU": "", "ADRES": "Akpınar Mahallesi 820 Sokağı  No:1/A Çankaya / ANKARA", "SOKET_NO": "SKT/18319", "SOKET_TIPI": "AC", "SOKET_TURU": "AC_TYPE2", "SOKET_GUCU_KW": "18" }, "geometry": { "type": "Point", "coordinates": [ 32.810463, 39.855307 ] } },
{ "type": "Feature", "properties": { "ID": 23636.0, "SIRA_NO": 216.0, "ISTASYON_NO": "ŞRJ/10136", "ISTASYON_ADI": "ATABİLGE AKA KONUTLARI A6/BLOK", "HIZMET_SEKLI": "OZEL", "MARKA": "EPSIS", "MARKAADI": "Epsis", "SARJ_AGI_ISLETMECISI": "FORM ELEKTRİK İNŞAAT MÜHENDİSLİK ANONİM ŞİRKETİ", "YESIL_SARJ_ISTASYONU_MU": "", "ADRES": "Alacaatlı Mahallesi 4844 Sokağı  No:2 / F Çankaya / ANKARA", "SOKET_NO": "SKT/24435", "SOKET_TIPI": "AC", "SOKET_TURU": "AC_TYPE2", "SOKET_GUCU_KW": "18" }, "geometry": { "type": "Point", "coordinates": [ 32.691959, 39.832061 ] } },
{ "type": "Feature", "properties": { "ID": 23639.0, "SIRA_NO": 217.0, "ISTASYON_NO": "ŞRJ/10137", "ISTASYON_ADI": "ATABİLGE AKA KONUTLARI A7/BLOK", "HIZMET_SEKLI": "OZEL", "MARKA": "EPSIS", "MARKAADI": "Epsis", "SARJ_AGI_ISLETMECISI": "FORM ELEKTRİK İNŞAAT MÜHENDİSLİK ANONİM ŞİRKETİ", "YESIL_SARJ_ISTASYONU_MU": "", "ADRES": "Alacaatlı Mahallesi 4841 Sokağı  No:3 / A Çankaya / ANKARA", "SOKET_NO": "SKT/24442", "SOKET_TIPI": "AC", "SOKET_TURU": "AC_TYPE2", "SOKET_GUCU_KW": "18" }, "geometry": { "type": "Point", "coordinates": [ 32.697655, 39.831361 ] } },
{ "type": "Feature", "properties": { "ID": 23642.0, "SIRA_NO": 218.0, "ISTASYON_NO": "ŞRJ/12938", "ISTASYON_ADI": "DURU BEYTEPE A6/BLOK", "HIZMET_SEKLI": "OZEL", "MARKA": "EPSIS", "MARKAADI": "Epsis", "SARJ_AGI_ISLETMECISI": "FORM ELEKTRİK İNŞAAT MÜHENDİSLİK ANONİM ŞİRKETİ", "YESIL_SARJ_ISTASYONU_MU": "", "ADRES": "Ahlatlıbel Mahallesi Saltuk Buğra Sokağı  No:2/F Çankaya / ANKARA", "SOKET_NO": "SKT/33345", "SOKET_TIPI": "AC", "SOKET_TURU": "AC_TYPE2", "SOKET_GUCU_KW": "17" }, "geometry": { "type": "Point", "coordinates": [ 32.7305, 39.8374 ] } },
{ "type": "Feature", "properties": { "ID": 23643.0, "SIRA_NO": 218.0, "ISTASYON_NO": "ŞRJ/12938", "ISTASYON_ADI": "DURU BEYTEPE A6/BLOK", "HIZMET_SEKLI": "OZEL", "MARKA": "EPSIS", "MARKAADI": "Epsis", "SARJ_AGI_ISLETMECISI": "FORM ELEKTRİK İNŞAAT MÜHENDİSLİK ANONİM ŞİRKETİ", "YESIL_SARJ_ISTASYONU_MU": "", "ADRES": "Ahlatlıbel Mahallesi Saltuk Buğra Sokağı  No:2/F Çankaya / ANKARA", "SOKET_NO": "SKT/33346", "SOKET_TIPI": "AC", "SOKET_TURU": "AC_TYPE2", "SOKET_GUCU_KW": "17" }, "geometry": { "type": "Point", "coordinates": [ 32.7305, 39.8374 ] } },
{ "type": "Feature", "properties": { "ID": 23646.0, "SIRA_NO": 219.0, "ISTASYON_NO": "ŞRJ/12939", "ISTASYON_ADI": "DURU BEYTEPE A4/BLOK", "HIZMET_SEKLI": "OZEL", "MARKA": "EPSIS", "MARKAADI": "Epsis", "SARJ_AGI_ISLETMECISI": "FORM ELEKTRİK İNŞAAT MÜHENDİSLİK ANONİM ŞİRKETİ", "YESIL_SARJ_ISTASYONU_MU": "", "ADRES": "Ahlatlıbel Mahallesi Saltuk Buğra Sokağı  No:2/J Çankaya / ANKARA", "SOKET_NO": "SKT/33348", "SOKET_TIPI": "AC", "SOKET_TURU": "AC_TYPE2", "SOKET_GUCU_KW": "17" }, "geometry": { "type": "Point", "coordinates": [ 32.7302, 39.8368 ] } },
{ "type": "Feature", "properties": { "ID": 23647.0, "SIRA_NO": 219.0, "ISTASYON_NO": "ŞRJ/12939", "ISTASYON_ADI": "DURU BEYTEPE A4/BLOK", "HIZMET_SEKLI": "OZEL", "MARKA": "EPSIS", "MARKAADI": "Epsis", "SARJ_AGI_ISLETMECISI": "FORM ELEKTRİK İNŞAAT MÜHENDİSLİK ANONİM ŞİRKETİ", "YESIL_SARJ_ISTASYONU_MU": "", "ADRES": "Ahlatlıbel Mahallesi Saltuk Buğra Sokağı  No:2/J Çankaya / ANKARA", "SOKET_NO": "SKT/33349", "SOKET_TIPI": "AC", "SOKET_TURU": "AC_TYPE2", "SOKET_GUCU_KW": "17" }, "geometry": { "type": "Point", "coordinates": [ 32.7302, 39.8368 ] } },
{ "type": "Feature", "properties": { "ID": 17473.0, "SIRA_NO": 342.0, "ISTASYON_NO": "ŞRJ/12635", "ISTASYON_ADI": "Koz Oran Toplu Konut Sitesi", "HIZMET_SEKLI": "OZEL", "MARKA": "NEVA ŞARJ", "MARKAADI": "Neva Şarj", "SARJ_AGI_ISLETMECISI": "NEVA İÇ VE DIŞ TİCARET ANONİM ŞİRKETİ", "YESIL_SARJ_ISTASYONU_MU": "", "ADRES": "Yukarı Dikmen Mahallesi 786 Caddesi  No:145 Çankaya / ANKARA", "SOKET_NO": "SKT/32470", "SOKET_TIPI": "AC", "SOKET_TURU": "AC_TYPE2", "SOKET_GUCU_KW": "22" }, "geometry": { "type": "Point", "coordinates": [ 32.840851, 39.858579 ] } },
{ "type": "Feature", "properties": { "ID": 17474.0, "SIRA_NO": 342.0, "ISTASYON_NO": "ŞRJ/12635", "ISTASYON_ADI": "Koz Oran Toplu Konut Sitesi", "HIZMET_SEKLI": "OZEL", "MARKA": "NEVA ŞARJ", "MARKAADI": "Neva Şarj", "SARJ_AGI_ISLETMECISI": "NEVA İÇ VE DIŞ TİCARET ANONİM ŞİRKETİ", "YESIL_SARJ_ISTASYONU_MU": "", "ADRES": "Yukarı Dikmen Mahallesi 786 Caddesi  No:145 Çankaya / ANKARA", "SOKET_NO": "SKT/32471", "SOKET_TIPI": "AC", "SOKET_TURU": "AC_TYPE2", "SOKET_GUCU_KW": "22" }, "geometry": { "type": "Point", "coordinates": [ 32.840851, 39.858579 ] } },
{ "type": "Feature", "properties": { "ID": 17384.0, "SIRA_NO": 319.0, "ISTASYON_NO": "ŞRJ/3211", "ISTASYON_ADI": "Next Level Çayyolu Toplu Yapı Sitesi", "HIZMET_SEKLI": "OZEL", "MARKA": "NEVA ŞARJ", "MARKAADI": "Neva Şarj", "SARJ_AGI_ISLETMECISI": "NEVA İÇ VE DIŞ TİCARET ANONİM ŞİRKETİ", "YESIL_SARJ_ISTASYONU_MU": "", "ADRES": "Beytepe Mahallesi 5452 Sokağı  No:8 Çankaya / ANKARA", "SOKET_NO": "SKT/6222", "SOKET_TIPI": "AC", "SOKET_TURU": "AC_TYPE2", "SOKET_GUCU_KW": "22" }, "geometry": { "type": "Point", "coordinates": [ 32.702342, 39.856588 ] } },
{ "type": "Feature", "properties": { "ID": 17386.0, "SIRA_NO": 320.0, "ISTASYON_NO": "ŞRJ/2669", "ISTASYON_ADI": "Neva Şarj Genel Merkez", "HIZMET_SEKLI": "HALKA_ACIK", "MARKA": "NEVA ŞARJ", "MARKAADI": "Neva Şarj", "SARJ_AGI_ISLETMECISI": "NEVA İÇ VE DIŞ TİCARET ANONİM ŞİRKETİ", "YESIL_SARJ_ISTASYONU_MU": "", "ADRES": "Ümit Mahallesi 2532 Sokağı  No:4 Çankaya / ANKARA", "SOKET_NO": "SKT/8938", "SOKET_TIPI": "DC", "SOKET_TURU": "DC_CCS", "SOKET_GUCU_KW": "40" }, "geometry": { "type": "Point", "coordinates": [ 32.694731, 39.893896 ] } },
{ "type": "Feature", "properties": { "ID": 17389.0, "SIRA_NO": 321.0, "ISTASYON_NO": "ŞRJ/2471", "ISTASYON_ADI": "NEXT LEVEL AVM OFİS", "HIZMET_SEKLI": "OZEL", "MARKA": "NEVA ŞARJ", "MARKAADI": "Neva Şarj", "SARJ_AGI_ISLETMECISI": "NEVA İÇ VE DIŞ TİCARET ANONİM ŞİRKETİ", "YESIL_SARJ_ISTASYONU_MU": "", "ADRES": "Kızılırmak Mahallesi  No:3 /C1 Çankaya / ANKARA", "SOKET_NO": "SKT/4637", "SOKET_TIPI": "AC", "SOKET_TURU": "AC_TYPE2", "SOKET_GUCU_KW": "22" }, "geometry": { "type": "Point", "coordinates": [ 32.811876, 39.911564 ] } },
{ "type": "Feature", "properties": { "ID": 23648.0, "SIRA_NO": 219.0, "ISTASYON_NO": "ŞRJ/12939", "ISTASYON_ADI": "DURU BEYTEPE A4/BLOK", "HIZMET_SEKLI": "OZEL", "MARKA": "EPSIS", "MARKAADI": "Epsis", "SARJ_AGI_ISLETMECISI": "FORM ELEKTRİK İNŞAAT MÜHENDİSLİK ANONİM ŞİRKETİ", "YESIL_SARJ_ISTASYONU_MU": "", "ADRES": "Ahlatlıbel Mahallesi Saltuk Buğra Sokağı  No:2/J Çankaya / ANKARA", "SOKET_NO": "SKT/33350", "SOKET_TIPI": "AC", "SOKET_TURU": "AC_TYPE2", "SOKET_GUCU_KW": "17" }, "geometry": { "type": "Point", "coordinates": [ 32.7302, 39.8368 ] } },
{ "type": "Feature", "properties": { "ID": 19148.0, "SIRA_NO": 472.0, "ISTASYON_NO": "ŞRJ/110", "ISTASYON_ADI": "Base Life Club, Ankara", "HIZMET_SEKLI": "HALKA_ACIK", "MARKA": "eşarj", "MARKAADI": "Eşarj", "SARJ_AGI_ISLETMECISI": "EŞARJ ELEKTRİKLİ ARAÇLAR ŞARJ SİSTEMLERİ ANONİM ŞİRKETİ", "YESIL_SARJ_ISTASYONU_MU": "Evet", "ADRES": "Çayyolu Mahallesi Angora Caddesi  No:209/10 Çankaya / ANKARA", "SOKET_NO": "SKT/220", "SOKET_TIPI": "AC", "SOKET_TURU": "AC_TYPE2", "SOKET_GUCU_KW": "22" }, "geometry": { "type": "Point", "coordinates": [ 32.704817, 39.876959 ] } },
{ "type": "Feature", "properties": { "ID": 23446.0, "SIRA_NO": 127.0, "ISTASYON_NO": "ŞRJ/3283", "ISTASYON_ADI": "BENEVRE BEYTEPE", "HIZMET_SEKLI": "OZEL", "MARKA": "EPSIS", "MARKAADI": "Epsis", "SARJ_AGI_ISLETMECISI": "FORM ELEKTRİK İNŞAAT MÜHENDİSLİK ANONİM ŞİRKETİ", "YESIL_SARJ_ISTASYONU_MU": "", "ADRES": "5387 Caddesi  No:52/F  Benevre Sitesi Çankaya / ANKARA", "SOKET_NO": "SKT/6386", "SOKET_TIPI": "AC", "SOKET_TURU": "AC_TYPE2", "SOKET_GUCU_KW": "18" }, "geometry": { "type": "Point", "coordinates": [ 32.714119, 39.855293 ] } },
{ "type": "Feature", "properties": { "ID": 18047.0, "SIRA_NO": 41.0, "ISTASYON_NO": "ŞRJ/2340", "ISTASYON_ADI": "Hilton, Ankara", "HIZMET_SEKLI": "HALKA_ACIK", "MARKA": "eşarj", "MARKAADI": "Eşarj", "SARJ_AGI_ISLETMECISI": "EŞARJ ELEKTRİKLİ ARAÇLAR ŞARJ SİSTEMLERİ ANONİM ŞİRKETİ", "YESIL_SARJ_ISTASYONU_MU": "Evet", "ADRES": "Kavaklıdere Mahallesi Tahran Sokağı  No:12 Çankaya / ANKARA", "SOKET_NO": "SKT/4308", "SOKET_TIPI": "DC", "SOKET_TURU": "DC_CCS", "SOKET_GUCU_KW": "120" }, "geometry": { "type": "Point", "coordinates": [ 32.864289, 39.902004 ] } },
{ "type": "Feature", "properties": { "ID": 18043.0, "SIRA_NO": 39.0, "ISTASYON_NO": "ŞRJ/2338", "ISTASYON_ADI": "Koluman - Balgat, Ankara (2)", "HIZMET_SEKLI": "HALKA_ACIK", "MARKA": "eşarj", "MARKAADI": "Eşarj", "SARJ_AGI_ISLETMECISI": "EŞARJ ELEKTRİKLİ ARAÇLAR ŞARJ SİSTEMLERİ ANONİM ŞİRKETİ", "YESIL_SARJ_ISTASYONU_MU": "Evet", "ADRES": "Ehlibeyt Mahallesi Mevlana Sokağı  No:199 Çankaya / ANKARA", "SOKET_NO": "SKT/4304", "SOKET_TIPI": "DC", "SOKET_TURU": "DC_CCS", "SOKET_GUCU_KW": "120" }, "geometry": { "type": "Point", "coordinates": [ 32.813344, 39.889515 ] } },
{ "type": "Feature", "properties": { "ID": 19060.0, "SIRA_NO": 434.0, "ISTASYON_NO": "ŞRJ/115", "ISTASYON_ADI": "Cepa AVM, Çankaya", "HIZMET_SEKLI": "HALKA_ACIK", "MARKA": "eşarj", "MARKAADI": "Eşarj", "SARJ_AGI_ISLETMECISI": "EŞARJ ELEKTRİKLİ ARAÇLAR ŞARJ SİSTEMLERİ ANONİM ŞİRKETİ", "YESIL_SARJ_ISTASYONU_MU": "Evet", "ADRES": "Mustafa Kemal Mahallesi 2123 Caddesi  No:2 Çankaya / ANKARA", "SOKET_NO": "SKT/25293", "SOKET_TIPI": "AC", "SOKET_TURU": "AC_TYPE2", "SOKET_GUCU_KW": "22" }, "geometry": { "type": "Point", "coordinates": [ 32.778867, 39.911618 ] } },
{ "type": "Feature", "properties": { "ID": 17451.0, "SIRA_NO": 334.0, "ISTASYON_NO": "ŞRJ/11325", "ISTASYON_ADI": "Hayat Sebla Evleri", "HIZMET_SEKLI": "OZEL", "MARKA": "NEVA ŞARJ", "MARKAADI": "Neva Şarj", "SARJ_AGI_ISLETMECISI": "NEVA İÇ VE DIŞ TİCARET ANONİM ŞİRKETİ", "YESIL_SARJ_ISTASYONU_MU": "", "ADRES": "Kızılırmak Mahallesi Erol Yaşar Türkalp Caddesi  No:29  Hayat Sebla Evleri Çankaya / ANKARA", "SOKET_NO": "SKT/30780", "SOKET_TIPI": "AC", "SOKET_TURU": "AC_TYPE2", "SOKET_GUCU_KW": "22" }, "geometry": { "type": "Point", "coordinates": [ 32.8105, 39.9014 ] } },
{ "type": "Feature", "properties": { "ID": 17452.0, "SIRA_NO": 334.0, "ISTASYON_NO": "ŞRJ/11325", "ISTASYON_ADI": "Hayat Sebla Evleri", "HIZMET_SEKLI": "OZEL", "MARKA": "NEVA ŞARJ", "MARKAADI": "Neva Şarj", "SARJ_AGI_ISLETMECISI": "NEVA İÇ VE DIŞ TİCARET ANONİM ŞİRKETİ", "YESIL_SARJ_ISTASYONU_MU": "", "ADRES": "Kızılırmak Mahallesi Erol Yaşar Türkalp Caddesi  No:29  Hayat Sebla Evleri Çankaya / ANKARA", "SOKET_NO": "SKT/30781", "SOKET_TIPI": "AC", "SOKET_TURU": "AC_TYPE2", "SOKET_GUCU_KW": "22" }, "geometry": { "type": "Point", "coordinates": [ 32.8105, 39.9014 ] } },
{ "type": "Feature", "properties": { "ID": 17453.0, "SIRA_NO": 334.0, "ISTASYON_NO": "ŞRJ/11325", "ISTASYON_ADI": "Hayat Sebla Evleri", "HIZMET_SEKLI": "OZEL", "MARKA": "NEVA ŞARJ", "MARKAADI": "Neva Şarj", "SARJ_AGI_ISLETMECISI": "NEVA İÇ VE DIŞ TİCARET ANONİM ŞİRKETİ", "YESIL_SARJ_ISTASYONU_MU": "", "ADRES": "Kızılırmak Mahallesi Erol Yaşar Türkalp Caddesi  No:29  Hayat Sebla Evleri Çankaya / ANKARA", "SOKET_NO": "SKT/30782", "SOKET_TIPI": "AC", "SOKET_TURU": "AC_TYPE2", "SOKET_GUCU_KW": "22" }, "geometry": { "type": "Point", "coordinates": [ 32.8105, 39.9014 ] } },
{ "type": "Feature", "properties": { "ID": 17454.0, "SIRA_NO": 334.0, "ISTASYON_NO": "ŞRJ/11325", "ISTASYON_ADI": "Hayat Sebla Evleri", "HIZMET_SEKLI": "OZEL", "MARKA": "NEVA ŞARJ", "MARKAADI": "Neva Şarj", "SARJ_AGI_ISLETMECISI": "NEVA İÇ VE DIŞ TİCARET ANONİM ŞİRKETİ", "YESIL_SARJ_ISTASYONU_MU": "", "ADRES": "Kızılırmak Mahallesi Erol Yaşar Türkalp Caddesi  No:29  Hayat Sebla Evleri Çankaya / ANKARA", "SOKET_NO": "SKT/30783", "SOKET_TIPI": "AC", "SOKET_TURU": "AC_TYPE2", "SOKET_GUCU_KW": "22" }, "geometry": { "type": "Point", "coordinates": [ 32.8105, 39.9014 ] } },
{ "type": "Feature", "properties": { "ID": 24001.0, "SIRA_NO": 335.0, "ISTASYON_NO": "ŞRJ/5875", "ISTASYON_ADI": "TAURUS AVM", "HIZMET_SEKLI": "HALKA_ACIK", "MARKA": "getacharge", "MARKAADI": "Getacharge", "SARJ_AGI_ISLETMECISI": "PROŞARJ ARAÇ ŞARJ SİSTEMLERİ ENERJİ SANAYİ VE TİCARET ANONİM ŞİRKETİ", "YESIL_SARJ_ISTASYONU_MU": "", "ADRES": "İşçi Blokları Mah. Mahallesi  No:No:190/b Z-24 Çankaya / ANKARA", "SOKET_NO": "SKT/13179", "SOKET_TIPI": "DC", "SOKET_TURU": "DC_CCS", "SOKET_GUCU_KW": "120" }, "geometry": { "type": "Point", "coordinates": [ 32.811895, 39.887967 ] } },
{ "type": "Feature", "properties": { "ID": 17475.0, "SIRA_NO": 342.0, "ISTASYON_NO": "ŞRJ/12635", "ISTASYON_ADI": "Koz Oran Toplu Konut Sitesi", "HIZMET_SEKLI": "OZEL", "MARKA": "NEVA ŞARJ", "MARKAADI": "Neva Şarj", "SARJ_AGI_ISLETMECISI": "NEVA İÇ VE DIŞ TİCARET ANONİM ŞİRKETİ", "YESIL_SARJ_ISTASYONU_MU": "", "ADRES": "Yukarı Dikmen Mahallesi 786 Caddesi  No:145 Çankaya / ANKARA", "SOKET_NO": "SKT/32472", "SOKET_TIPI": "AC", "SOKET_TURU": "AC_TYPE2", "SOKET_GUCU_KW": "22" }, "geometry": { "type": "Point", "coordinates": [ 32.840851, 39.858579 ] } },
{ "type": "Feature", "properties": { "ID": 17477.0, "SIRA_NO": 342.0, "ISTASYON_NO": "ŞRJ/12635", "ISTASYON_ADI": "Koz Oran Toplu Konut Sitesi", "HIZMET_SEKLI": "OZEL", "MARKA": "NEVA ŞARJ", "MARKAADI": "Neva Şarj", "SARJ_AGI_ISLETMECISI": "NEVA İÇ VE DIŞ TİCARET ANONİM ŞİRKETİ", "YESIL_SARJ_ISTASYONU_MU": "", "ADRES": "Yukarı Dikmen Mahallesi 786 Caddesi  No:145 Çankaya / ANKARA", "SOKET_NO": "SKT/32474", "SOKET_TIPI": "AC", "SOKET_TURU": "AC_TYPE2", "SOKET_GUCU_KW": "22" }, "geometry": { "type": "Point", "coordinates": [ 32.840851, 39.858579 ] } },
{ "type": "Feature", "properties": { "ID": 17479.0, "SIRA_NO": 343.0, "ISTASYON_NO": "ŞRJ/13116", "ISTASYON_ADI": "Panora AVM", "HIZMET_SEKLI": "HALKA_ACIK", "MARKA": "NEVA ŞARJ", "MARKAADI": "Neva Şarj", "SARJ_AGI_ISLETMECISI": "NEVA İÇ VE DIŞ TİCARET ANONİM ŞİRKETİ", "YESIL_SARJ_ISTASYONU_MU": "", "ADRES": "Oran Mahallesi Kudüs Caddesi  No:3 Çankaya / ANKARA", "SOKET_NO": "SKT/33833", "SOKET_TIPI": "DC", "SOKET_TURU": "DC_CCS", "SOKET_GUCU_KW": "120" }, "geometry": { "type": "Point", "coordinates": [ 32.833957, 39.848084 ] } },
{ "type": "Feature", "properties": { "ID": 24733.0, "SIRA_NO": 111.0, "ISTASYON_NO": "ŞRJ/4822", "ISTASYON_ADI": "Zeplin Cankaya", "HIZMET_SEKLI": "HALKA_ACIK", "MARKA": "ZEPLİN CAR rental", "MARKAADI": "Zeplin", "SARJ_AGI_ISLETMECISI": "ZEPLİN TURİZM ARAÇ KİRALAMA MOBİLİTE VE ENERJİ YATIRIMLARI ANONİM ŞİRKETİ", "YESIL_SARJ_ISTASYONU_MU": "", "ADRES": "100.yıl Mahallesi Reşit Galip Caddesi  No:6 Çankaya / ANKARA", "SOKET_NO": "SKT/22288", "SOKET_TIPI": "AC", "SOKET_TURU": "AC_TYPE2", "SOKET_GUCU_KW": "22" }, "geometry": { "type": "Point", "coordinates": [ 32.868415, 39.904115 ] } },
{ "type": "Feature", "properties": { "ID": 23491.0, "SIRA_NO": 149.0, "ISTASYON_NO": "ŞRJ/10705", "ISTASYON_ADI": "SİNPAŞ ALTINORAN 5. BLOK KARŞISI", "HIZMET_SEKLI": "OZEL", "MARKA": "EPSIS", "MARKAADI": "Epsis", "SARJ_AGI_ISLETMECISI": "FORM ELEKTRİK İNŞAAT MÜHENDİSLİK ANONİM ŞİRKETİ", "YESIL_SARJ_ISTASYONU_MU": "", "ADRES": "İlkbahar Mah Mahallesi Güneypark Kmev Caddesi  No:54/1 Çankaya / ANKARA", "SOKET_NO": "SKT/38409", "SOKET_TIPI": "DC", "SOKET_TURU": "DC_CCS", "SOKET_GUCU_KW": "30" }, "geometry": { "type": "Point", "coordinates": [ 32.854523, 39.84815 ] } },
{ "type": "Feature", "properties": { "ID": 15733.0, "SIRA_NO": 249.0, "ISTASYON_NO": "ŞRJ/16989", "ISTASYON_ADI": "Çankaya File", "HIZMET_SEKLI": "HALKA_ACIK", "MARKA": "Trugo", "MARKAADI": "Trugo", "SARJ_AGI_ISLETMECISI": "TRUGO AKILLI ŞARJ ÇÖZÜMLERİ SANAYİ VE TİCARET ANONİM ŞİRKETİ", "YESIL_SARJ_ISTASYONU_MU": "Evet", "ADRES": "Yıldızevler Mahallesi Simon Bolivar Sokağı  No:32/A Çankaya / ANKARA", "SOKET_NO": "SKT/46216", "SOKET_TIPI": "DC", "SOKET_TURU": "DC_CCS", "SOKET_GUCU_KW": "60" }, "geometry": { "type": "Point", "coordinates": [ 32.861556, 39.879094 ] } },
{ "type": "Feature", "properties": { "ID": 23516.0, "SIRA_NO": 161.0, "ISTASYON_NO": "ŞRJ/5724", "ISTASYON_ADI": "TEONA ÜMİTKÖY SİTESİ B/BLOK", "HIZMET_SEKLI": "OZEL", "MARKA": "EPSIS", "MARKAADI": "Epsis", "SARJ_AGI_ISLETMECISI": "FORM ELEKTRİK İNŞAAT MÜHENDİSLİK ANONİM ŞİRKETİ", "YESIL_SARJ_ISTASYONU_MU": "", "ADRES": "Ümit Mahallesi 2555 Sokağı  No:1/B Çankaya / ANKARA", "SOKET_NO": "SKT/32417", "SOKET_TIPI": "AC", "SOKET_TURU": "AC_TYPE2", "SOKET_GUCU_KW": "18" }, "geometry": { "type": "Point", "coordinates": [ 32.696383, 39.891711 ] } },
{ "type": "Feature", "properties": { "ID": 23517.0, "SIRA_NO": 161.0, "ISTASYON_NO": "ŞRJ/5724", "ISTASYON_ADI": "TEONA ÜMİTKÖY SİTESİ B/BLOK", "HIZMET_SEKLI": "OZEL", "MARKA": "EPSIS", "MARKAADI": "Epsis", "SARJ_AGI_ISLETMECISI": "FORM ELEKTRİK İNŞAAT MÜHENDİSLİK ANONİM ŞİRKETİ", "YESIL_SARJ_ISTASYONU_MU": "", "ADRES": "Ümit Mahallesi 2555 Sokağı  No:1/B Çankaya / ANKARA", "SOKET_NO": "SKT/32418", "SOKET_TIPI": "DC", "SOKET_TURU": "DC_CCS", "SOKET_GUCU_KW": "30" }, "geometry": { "type": "Point", "coordinates": [ 32.696383, 39.891711 ] } },
{ "type": "Feature", "properties": { "ID": 18824.0, "SIRA_NO": 352.0, "ISTASYON_NO": "ŞRJ/8973", "ISTASYON_ADI": "Sports International Bilkent, Ankara", "HIZMET_SEKLI": "HALKA_ACIK", "MARKA": "eşarj", "MARKAADI": "Eşarj", "SARJ_AGI_ISLETMECISI": "EŞARJ ELEKTRİKLİ ARAÇLAR ŞARJ SİSTEMLERİ ANONİM ŞİRKETİ", "YESIL_SARJ_ISTASYONU_MU": "Evet", "ADRES": "Üniversiteler Mahallesi  No:1 Çankaya / ANKARA", "SOKET_NO": "SKT/20892", "SOKET_TIPI": "DC", "SOKET_TURU": "DC_CCS", "SOKET_GUCU_KW": "150" }, "geometry": { "type": "Point", "coordinates": [ 32.762832, 39.882099 ] } },
{ "type": "Feature", "properties": { "ID": 18825.0, "SIRA_NO": 352.0, "ISTASYON_NO": "ŞRJ/8973", "ISTASYON_ADI": "Sports International Bilkent, Ankara", "HIZMET_SEKLI": "HALKA_ACIK", "MARKA": "eşarj", "MARKAADI": "Eşarj", "SARJ_AGI_ISLETMECISI": "EŞARJ ELEKTRİKLİ ARAÇLAR ŞARJ SİSTEMLERİ ANONİM ŞİRKETİ", "YESIL_SARJ_ISTASYONU_MU": "Evet", "ADRES": "Üniversiteler Mahallesi  No:1 Çankaya / ANKARA", "SOKET_NO": "SKT/20893", "SOKET_TIPI": "DC", "SOKET_TURU": "DC_CCS", "SOKET_GUCU_KW": "120" }, "geometry": { "type": "Point", "coordinates": [ 32.762832, 39.882099 ] } },
{ "type": "Feature", "properties": { "ID": 19150.0, "SIRA_NO": 472.0, "ISTASYON_NO": "ŞRJ/110", "ISTASYON_ADI": "Base Life Club, Ankara", "HIZMET_SEKLI": "HALKA_ACIK", "MARKA": "eşarj", "MARKAADI": "Eşarj", "SARJ_AGI_ISLETMECISI": "EŞARJ ELEKTRİKLİ ARAÇLAR ŞARJ SİSTEMLERİ ANONİM ŞİRKETİ", "YESIL_SARJ_ISTASYONU_MU": "Evet", "ADRES": "Çayyolu Mahallesi Angora Caddesi  No:209/10 Çankaya / ANKARA", "SOKET_NO": "SKT/5337", "SOKET_TIPI": "DC", "SOKET_TURU": "DC_CCS", "SOKET_GUCU_KW": "120" }, "geometry": { "type": "Point", "coordinates": [ 32.704817, 39.876959 ] } },
{ "type": "Feature", "properties": { "ID": 19151.0, "SIRA_NO": 472.0, "ISTASYON_NO": "ŞRJ/110", "ISTASYON_ADI": "Base Life Club, Ankara", "HIZMET_SEKLI": "HALKA_ACIK", "MARKA": "eşarj", "MARKAADI": "Eşarj", "SARJ_AGI_ISLETMECISI": "EŞARJ ELEKTRİKLİ ARAÇLAR ŞARJ SİSTEMLERİ ANONİM ŞİRKETİ", "YESIL_SARJ_ISTASYONU_MU": "Evet", "ADRES": "Çayyolu Mahallesi Angora Caddesi  No:209/10 Çankaya / ANKARA", "SOKET_NO": "SKT/5338", "SOKET_TIPI": "DC", "SOKET_TURU": "DC_CCS", "SOKET_GUCU_KW": "120" }, "geometry": { "type": "Point", "coordinates": [ 32.704817, 39.876959 ] } },
{ "type": "Feature", "properties": { "ID": 17595.0, "SIRA_NO": 367.0, "ISTASYON_NO": "ŞRJ/15593", "ISTASYON_ADI": "PARK VADİ E2 BLOK", "HIZMET_SEKLI": "OZEL", "MARKA": "NEVA ŞARJ", "MARKAADI": "Neva Şarj", "SARJ_AGI_ISLETMECISI": "NEVA İÇ VE DIŞ TİCARET ANONİM ŞİRKETİ", "YESIL_SARJ_ISTASYONU_MU": "", "ADRES": "İlkadım Mahallesi 747 Sokağı  No:38 Çankaya / ANKARA", "SOKET_NO": "SKT/41652", "SOKET_TIPI": "AC", "SOKET_TURU": "AC_TYPE2", "SOKET_GUCU_KW": "22" }, "geometry": { "type": "Point", "coordinates": [ 32.849406, 39.876646 ] } },
{ "type": "Feature", "properties": { "ID": 17597.0, "SIRA_NO": 368.0, "ISTASYON_NO": "ŞRJ/13244", "ISTASYON_ADI": "Tavacı Recep Usta Dikmen", "HIZMET_SEKLI": "HALKA_ACIK", "MARKA": "NEVA ŞARJ", "MARKAADI": "Neva Şarj", "SARJ_AGI_ISLETMECISI": "NEVA İÇ VE DIŞ TİCARET ANONİM ŞİRKETİ", "YESIL_SARJ_ISTASYONU_MU": "", "ADRES": "Güzeltepe Mahallesi  No:2  Dikmen Vadisi 3.etap Çankaya / ANKARA", "SOKET_NO": "SKT/43110", "SOKET_TIPI": "AC", "SOKET_TURU": "AC_TYPE2", "SOKET_GUCU_KW": "22" }, "geometry": { "type": "Point", "coordinates": [ 32.845959, 39.87929 ] } },
{ "type": "Feature", "properties": { "ID": 17598.0, "SIRA_NO": 368.0, "ISTASYON_NO": "ŞRJ/13244", "ISTASYON_ADI": "Tavacı Recep Usta Dikmen", "HIZMET_SEKLI": "HALKA_ACIK", "MARKA": "NEVA ŞARJ", "MARKAADI": "Neva Şarj", "SARJ_AGI_ISLETMECISI": "NEVA İÇ VE DIŞ TİCARET ANONİM ŞİRKETİ", "YESIL_SARJ_ISTASYONU_MU": "", "ADRES": "Güzeltepe Mahallesi  No:2  Dikmen Vadisi 3.etap Çankaya / ANKARA", "SOKET_NO": "SKT/43111", "SOKET_TIPI": "AC", "SOKET_TURU": "AC_TYPE2", "SOKET_GUCU_KW": "22" }, "geometry": { "type": "Point", "coordinates": [ 32.845959, 39.87929 ] } },
{ "type": "Feature", "properties": { "ID": 23466.0, "SIRA_NO": 136.0, "ISTASYON_NO": "ŞRJ/12976", "ISTASYON_ADI": "SİNPAŞ BOULEVARD B1/BLOK", "HIZMET_SEKLI": "OZEL", "MARKA": "EPSIS", "MARKAADI": "Epsis", "SARJ_AGI_ISLETMECISI": "FORM ELEKTRİK İNŞAAT MÜHENDİSLİK ANONİM ŞİRKETİ", "YESIL_SARJ_ISTASYONU_MU": "", "ADRES": "İlkbahar Mahallesi Güneypark Kmev. Sokağı  No:72-C Çankaya / ANKARA", "SOKET_NO": "SKT/33445", "SOKET_TIPI": "AC", "SOKET_TURU": "AC_TYPE2", "SOKET_GUCU_KW": "22" }, "geometry": { "type": "Point", "coordinates": [ 32.8528, 39.8451 ] } },
{ "type": "Feature", "properties": { "ID": 23419.0, "SIRA_NO": 117.0, "ISTASYON_NO": "ŞRJ/8095", "ISTASYON_ADI": "RENAPARK", "HIZMET_SEKLI": "OZEL", "MARKA": "EPSIS", "MARKAADI": "Epsis", "SARJ_AGI_ISLETMECISI": "FORM ELEKTRİK İNŞAAT MÜHENDİSLİK ANONİM ŞİRKETİ", "YESIL_SARJ_ISTASYONU_MU": "", "ADRES": "Beytepe Mahallesi Selçuklu Caddesi  No:4 Çankaya / ANKARA", "SOKET_NO": "SKT/30676", "SOKET_TIPI": "AC", "SOKET_TURU": "AC_TYPE2", "SOKET_GUCU_KW": "22" }, "geometry": { "type": "Point", "coordinates": [ 32.709988, 39.853079 ] } },
{ "type": "Feature", "properties": { "ID": 17857.0, "SIRA_NO": 456.0, "ISTASYON_NO": "ŞRJ/111", "ISTASYON_ADI": "Taurus AVM, Ankara", "HIZMET_SEKLI": "HALKA_ACIK", "MARKA": "eşarj", "MARKAADI": "Eşarj", "SARJ_AGI_ISLETMECISI": "EŞARJ ELEKTRİKLİ ARAÇLAR ŞARJ SİSTEMLERİ ANONİM ŞİRKETİ", "YESIL_SARJ_ISTASYONU_MU": "Evet", "ADRES": "Balgat Mahallesi  No:109-b Çankaya / ANKARA", "SOKET_NO": "SKT/223", "SOKET_TIPI": "AC", "SOKET_TURU": "AC_TYPE2", "SOKET_GUCU_KW": "22" }, "geometry": { "type": "Point", "coordinates": [ 32.811733, 39.888345 ] } },
{ "type": "Feature", "properties": { "ID": 23590.0, "SIRA_NO": 198.0, "ISTASYON_NO": "ŞRJ/3103", "ISTASYON_ADI": "HORİZON LİFE B / BLOK", "HIZMET_SEKLI": "OZEL", "MARKA": "EPSIS", "MARKAADI": "Epsis", "SARJ_AGI_ISLETMECISI": "FORM ELEKTRİK İNŞAAT MÜHENDİSLİK ANONİM ŞİRKETİ", "YESIL_SARJ_ISTASYONU_MU": "", "ADRES": "Alacaatlı Mahallesi Alacaatlı Caddesi  No:1263/B Çankaya / ANKARA", "SOKET_NO": "SKT/41485", "SOKET_TIPI": "DC", "SOKET_TURU": "DC_CCS", "SOKET_GUCU_KW": "30" }, "geometry": { "type": "Point", "coordinates": [ 32.697124, 39.856682 ] } },
{ "type": "Feature", "properties": { "ID": 14850.0, "SIRA_NO": 1.0, "ISTASYON_NO": "ŞRJ/6135", "ISTASYON_ADI": "Taurus AVM", "HIZMET_SEKLI": "HALKA_ACIK", "MARKA": "Trugo", "MARKAADI": "Trugo", "SARJ_AGI_ISLETMECISI": "TRUGO AKILLI ŞARJ ÇÖZÜMLERİ SANAYİ VE TİCARET ANONİM ŞİRKETİ", "YESIL_SARJ_ISTASYONU_MU": "Evet", "ADRES": "İşçi Blokları Mahallesi  No:190/B Çankaya / ANKARA", "SOKET_NO": "SKT/13379", "SOKET_TIPI": "DC", "SOKET_TURU": "DC_CCS", "SOKET_GUCU_KW": "180" }, "geometry": { "type": "Point", "coordinates": [ 32.811839, 39.888344 ] } },
{ "type": "Feature", "properties": { "ID": 23489.0, "SIRA_NO": 149.0, "ISTASYON_NO": "ŞRJ/10705", "ISTASYON_ADI": "SİNPAŞ ALTINORAN 5. BLOK KARŞISI", "HIZMET_SEKLI": "OZEL", "MARKA": "EPSIS", "MARKAADI": "Epsis", "SARJ_AGI_ISLETMECISI": "FORM ELEKTRİK İNŞAAT MÜHENDİSLİK ANONİM ŞİRKETİ", "YESIL_SARJ_ISTASYONU_MU": "", "ADRES": "İlkbahar Mah Mahallesi Güneypark Kmev Caddesi  No:54/1 Çankaya / ANKARA", "SOKET_NO": "SKT/30690", "SOKET_TIPI": "AC", "SOKET_TURU": "AC_TYPE2", "SOKET_GUCU_KW": "22" }, "geometry": { "type": "Point", "coordinates": [ 32.854523, 39.84815 ] } },
{ "type": "Feature", "properties": { "ID": 18826.0, "SIRA_NO": 352.0, "ISTASYON_NO": "ŞRJ/8973", "ISTASYON_ADI": "Sports International Bilkent, Ankara", "HIZMET_SEKLI": "HALKA_ACIK", "MARKA": "eşarj", "MARKAADI": "Eşarj", "SARJ_AGI_ISLETMECISI": "EŞARJ ELEKTRİKLİ ARAÇLAR ŞARJ SİSTEMLERİ ANONİM ŞİRKETİ", "YESIL_SARJ_ISTASYONU_MU": "Evet", "ADRES": "Üniversiteler Mahallesi  No:1 Çankaya / ANKARA", "SOKET_NO": "SKT/20894", "SOKET_TIPI": "DC", "SOKET_TURU": "DC_CCS", "SOKET_GUCU_KW": "120" }, "geometry": { "type": "Point", "coordinates": [ 32.762832, 39.882099 ] } },
{ "type": "Feature", "properties": { "ID": 18827.0, "SIRA_NO": 352.0, "ISTASYON_NO": "ŞRJ/8973", "ISTASYON_ADI": "Sports International Bilkent, Ankara", "HIZMET_SEKLI": "HALKA_ACIK", "MARKA": "eşarj", "MARKAADI": "Eşarj", "SARJ_AGI_ISLETMECISI": "EŞARJ ELEKTRİKLİ ARAÇLAR ŞARJ SİSTEMLERİ ANONİM ŞİRKETİ", "YESIL_SARJ_ISTASYONU_MU": "Evet", "ADRES": "Üniversiteler Mahallesi  No:1 Çankaya / ANKARA", "SOKET_NO": "SKT/20895", "SOKET_TIPI": "AC", "SOKET_TURU": "AC_TYPE2", "SOKET_GUCU_KW": "22" }, "geometry": { "type": "Point", "coordinates": [ 32.762832, 39.882099 ] } },
{ "type": "Feature", "properties": { "ID": 18828.0, "SIRA_NO": 352.0, "ISTASYON_NO": "ŞRJ/8973", "ISTASYON_ADI": "Sports International Bilkent, Ankara", "HIZMET_SEKLI": "HALKA_ACIK", "MARKA": "eşarj", "MARKAADI": "Eşarj", "SARJ_AGI_ISLETMECISI": "EŞARJ ELEKTRİKLİ ARAÇLAR ŞARJ SİSTEMLERİ ANONİM ŞİRKETİ", "YESIL_SARJ_ISTASYONU_MU": "Evet", "ADRES": "Üniversiteler Mahallesi  No:1 Çankaya / ANKARA", "SOKET_NO": "SKT/20896", "SOKET_TIPI": "AC", "SOKET_TURU": "AC_TYPE2", "SOKET_GUCU_KW": "22" }, "geometry": { "type": "Point", "coordinates": [ 32.762832, 39.882099 ] } },
{ "type": "Feature", "properties": { "ID": 17335.0, "SIRA_NO": 303.0, "ISTASYON_NO": "ŞRJ/6983", "ISTASYON_ADI": "Next Level Çayoolu Toplu Konut Sitesi (Güney Ada)", "HIZMET_SEKLI": "OZEL", "MARKA": "NEVA ŞARJ", "MARKAADI": "Neva Şarj", "SARJ_AGI_ISLETMECISI": "NEVA İÇ VE DIŞ TİCARET ANONİM ŞİRKETİ", "YESIL_SARJ_ISTASYONU_MU": "", "ADRES": "Beytepe Mahallesi 5452 Sokağı  No:8 Çankaya / ANKARA", "SOKET_NO": "SKT/15595", "SOKET_TIPI": "AC", "SOKET_TURU": "AC_TYPE2", "SOKET_GUCU_KW": "22" }, "geometry": { "type": "Point", "coordinates": [ 32.703432, 39.855936 ] } },
{ "type": "Feature", "properties": { "ID": 17656.0, "SIRA_NO": 383.0, "ISTASYON_NO": "ŞRJ/6488", "ISTASYON_ADI": "Bahçelievler", "HIZMET_SEKLI": "HALKA_ACIK", "MARKA": "NEVA ŞARJ", "MARKAADI": "Neva Şarj", "SARJ_AGI_ISLETMECISI": "NEVA İÇ VE DIŞ TİCARET ANONİM ŞİRKETİ", "YESIL_SARJ_ISTASYONU_MU": "", "ADRES": "Emek Mahallesi Aşkabat Caddesi  Vakıfbank  Önü Çankaya / ANKARA", "SOKET_NO": "SKT/14198", "SOKET_TIPI": "DC", "SOKET_TURU": "DC_CCS", "SOKET_GUCU_KW": "120" }, "geometry": { "type": "Point", "coordinates": [ 32.827014, 39.920075 ] } },
{ "type": "Feature", "properties": { "ID": 17657.0, "SIRA_NO": 383.0, "ISTASYON_NO": "ŞRJ/6488", "ISTASYON_ADI": "Bahçelievler", "HIZMET_SEKLI": "HALKA_ACIK", "MARKA": "NEVA ŞARJ", "MARKAADI": "Neva Şarj", "SARJ_AGI_ISLETMECISI": "NEVA İÇ VE DIŞ TİCARET ANONİM ŞİRKETİ", "YESIL_SARJ_ISTASYONU_MU": "", "ADRES": "Emek Mahallesi Aşkabat Caddesi  Vakıfbank  Önü Çankaya / ANKARA", "SOKET_NO": "SKT/14199", "SOKET_TIPI": "DC", "SOKET_TURU": "DC_CCS", "SOKET_GUCU_KW": "120" }, "geometry": { "type": "Point", "coordinates": [ 32.827014, 39.920075 ] } },
{ "type": "Feature", "properties": { "ID": 17659.0, "SIRA_NO": 383.0, "ISTASYON_NO": "ŞRJ/6488", "ISTASYON_ADI": "Bahçelievler", "HIZMET_SEKLI": "HALKA_ACIK", "MARKA": "NEVA ŞARJ", "MARKAADI": "Neva Şarj", "SARJ_AGI_ISLETMECISI": "NEVA İÇ VE DIŞ TİCARET ANONİM ŞİRKETİ", "YESIL_SARJ_ISTASYONU_MU": "", "ADRES": "Emek Mahallesi Aşkabat Caddesi  Vakıfbank  Önü Çankaya / ANKARA", "SOKET_NO": "SKT/14202", "SOKET_TIPI": "AC", "SOKET_TURU": "AC_TYPE2", "SOKET_GUCU_KW": "22" }, "geometry": { "type": "Point", "coordinates": [ 32.827014, 39.920075 ] } },
{ "type": "Feature", "properties": { "ID": 19401.0, "SIRA_NO": 45.0, "ISTASYON_NO": "ŞRJ/12459", "ISTASYON_ADI": "Carrefoursa, Ümitköy, Ankara", "HIZMET_SEKLI": "HALKA_ACIK", "MARKA": "eşarj", "MARKAADI": "Eşarj", "SARJ_AGI_ISLETMECISI": "EŞARJ ELEKTRİKLİ ARAÇLAR ŞARJ SİSTEMLERİ ANONİM ŞİRKETİ", "YESIL_SARJ_ISTASYONU_MU": "Evet", "ADRES": "Ümit Mahallesi 2494. Sokağı  No:1 Çankaya / ANKARA", "SOKET_NO": "SKT/31955", "SOKET_TIPI": "DC", "SOKET_TURU": "DC_CCS", "SOKET_GUCU_KW": "120" }, "geometry": { "type": "Point", "coordinates": [ 32.701907, 39.895188 ] } },
{ "type": "Feature", "properties": { "ID": 19402.0, "SIRA_NO": 45.0, "ISTASYON_NO": "ŞRJ/12459", "ISTASYON_ADI": "Carrefoursa, Ümitköy, Ankara", "HIZMET_SEKLI": "HALKA_ACIK", "MARKA": "eşarj", "MARKAADI": "Eşarj", "SARJ_AGI_ISLETMECISI": "EŞARJ ELEKTRİKLİ ARAÇLAR ŞARJ SİSTEMLERİ ANONİM ŞİRKETİ", "YESIL_SARJ_ISTASYONU_MU": "Evet", "ADRES": "Ümit Mahallesi 2494. Sokağı  No:1 Çankaya / ANKARA", "SOKET_NO": "SKT/31956", "SOKET_TIPI": "DC", "SOKET_TURU": "DC_CCS", "SOKET_GUCU_KW": "120" }, "geometry": { "type": "Point", "coordinates": [ 32.701907, 39.895188 ] } },
{ "type": "Feature", "properties": { "ID": 34993.0, "SIRA_NO": 5.0, "ISTASYON_NO": "ŞRJ/18050", "ISTASYON_ADI": "Rönesans Sitesi", "HIZMET_SEKLI": "HALKA_ACIK", "MARKA": "GEL DOL", "MARKAADI": "Gel Dol", "SARJ_AGI_ISLETMECISI": "ER ELEKTRONİK SANAYİ VE TİCARET ANONİM ŞİRKETİ", "YESIL_SARJ_ISTASYONU_MU": "", "ADRES": "Prof.dr.ahmet Taner Kışlalı Mahallesi 2864 Sokağı  No:52A  Bucak Çankaya / ANKARA", "SOKET_NO": "SKT/49712", "SOKET_TIPI": "AC", "SOKET_TURU": "AC_TYPE2", "SOKET_GUCU_KW": "22" }, "geometry": { "type": "Point", "coordinates": [ 32.676615, 39.865523 ] } },
{ "type": "Feature", "properties": { "ID": 34743.0, "SIRA_NO": 363.0, "ISTASYON_NO": "ŞRJ/7724", "ISTASYON_ADI": "Via Green, Çankaya - DC,  AC 1, AC 2", "HIZMET_SEKLI": "HALKA_ACIK", "MARKA": "Otopriz", "MARKAADI": "Otopriz", "SARJ_AGI_ISLETMECISI": "DİCLE KÖK ENERJİ YATIRIM ANONİM ŞİRKETİ", "YESIL_SARJ_ISTASYONU_MU": "", "ADRES": "Mustafa Kemal Mahallesi 2079 Sokağı  No:2/A Çankaya / ANKARA", "SOKET_NO": "SKT/17580", "SOKET_TIPI": "DC", "SOKET_TURU": "DC_CCS", "SOKET_GUCU_KW": "120" }, "geometry": { "type": "Point", "coordinates": [ 32.7437, 39.908 ] } },
{ "type": "Feature", "properties": { "ID": 34454.0, "SIRA_NO": 212.0, "ISTASYON_NO": "ŞRJ/18048", "ISTASYON_ADI": "ODTÜ Araştırma Otoparkı", "HIZMET_SEKLI": "OZEL", "MARKA": "wat mobilite", "MARKAADI": "WAT Mobilite", "SARJ_AGI_ISLETMECISI": "WAT MOBİLİTE ÇÖZÜMLERİ TEKNOLOJİ VE TİCARET ANONİM ŞİRKETİ", "YESIL_SARJ_ISTASYONU_MU": "Evet", "ADRES": "Üniversiteler Mahallesi Odtü Araştırma Otopark Sokak - Sokağı Çankaya / ANKARA", "SOKET_NO": "SKT/49706", "SOKET_TIPI": "DC", "SOKET_TURU": "DC_CCS", "SOKET_GUCU_KW": "120" }, "geometry": { "type": "Point", "coordinates": [ 32.77162, 39.890749 ] } },
{ "type": "Feature", "properties": { "ID": 18757.0, "SIRA_NO": 338.0, "ISTASYON_NO": "ŞRJ/8626", "ISTASYON_ADI": "Liv Hospital, Ankara", "HIZMET_SEKLI": "HALKA_ACIK", "MARKA": "eşarj", "MARKAADI": "Eşarj", "SARJ_AGI_ISLETMECISI": "EŞARJ ELEKTRİKLİ ARAÇLAR ŞARJ SİSTEMLERİ ANONİM ŞİRKETİ", "YESIL_SARJ_ISTASYONU_MU": "Evet", "ADRES": "Kavaklıdere Mahallesi Bestekar Caddesi  No:8 Çankaya / ANKARA", "SOKET_NO": "SKT/19849", "SOKET_TIPI": "DC", "SOKET_TURU": "DC_CCS", "SOKET_GUCU_KW": "180" }, "geometry": { "type": "Point", "coordinates": [ 32.856816, 39.912071 ] } },
{ "type": "Feature", "properties": { "ID": 23585.0, "SIRA_NO": 197.0, "ISTASYON_NO": "ŞRJ/3102", "ISTASYON_ADI": "HORİZON LİFE A / BLOK", "HIZMET_SEKLI": "OZEL", "MARKA": "EPSIS", "MARKAADI": "Epsis", "SARJ_AGI_ISLETMECISI": "FORM ELEKTRİK İNŞAAT MÜHENDİSLİK ANONİM ŞİRKETİ", "YESIL_SARJ_ISTASYONU_MU": "", "ADRES": "Alacaatlı Mahallesi Alacaatlı Caddesi  No:1263 / A Çankaya / ANKARA", "SOKET_NO": "SKT/41480", "SOKET_TIPI": "AC", "SOKET_TURU": "AC_TYPE2", "SOKET_GUCU_KW": "18" }, "geometry": { "type": "Point", "coordinates": [ 32.698174, 39.857189 ] } },
{ "type": "Feature", "properties": { "ID": 23586.0, "SIRA_NO": 197.0, "ISTASYON_NO": "ŞRJ/3102", "ISTASYON_ADI": "HORİZON LİFE A / BLOK", "HIZMET_SEKLI": "OZEL", "MARKA": "EPSIS", "MARKAADI": "Epsis", "SARJ_AGI_ISLETMECISI": "FORM ELEKTRİK İNŞAAT MÜHENDİSLİK ANONİM ŞİRKETİ", "YESIL_SARJ_ISTASYONU_MU": "", "ADRES": "Alacaatlı Mahallesi Alacaatlı Caddesi  No:1263 / A Çankaya / ANKARA", "SOKET_NO": "SKT/41481", "SOKET_TIPI": "DC", "SOKET_TURU": "DC_CCS", "SOKET_GUCU_KW": "30" }, "geometry": { "type": "Point", "coordinates": [ 32.698174, 39.857189 ] } },
{ "type": "Feature", "properties": { "ID": 17435.0, "SIRA_NO": 330.0, "ISTASYON_NO": "ŞRJ/2468", "ISTASYON_ADI": "TAURUS AVM", "HIZMET_SEKLI": "HALKA_ACIK", "MARKA": "NEVA ŞARJ", "MARKAADI": "Neva Şarj", "SARJ_AGI_ISLETMECISI": "NEVA İÇ VE DIŞ TİCARET ANONİM ŞİRKETİ", "YESIL_SARJ_ISTASYONU_MU": "", "ADRES": "Muhsin Yazıcıoğlu Caddesi  No:190/B  İşçi Blokları Çankaya / ANKARA", "SOKET_NO": "SKT/4642", "SOKET_TIPI": "DC", "SOKET_TURU": "DC_CCS", "SOKET_GUCU_KW": "120" }, "geometry": { "type": "Point", "coordinates": [ 32.810431, 39.887593 ] } },
{ "type": "Feature", "properties": { "ID": 17436.0, "SIRA_NO": 330.0, "ISTASYON_NO": "ŞRJ/2468", "ISTASYON_ADI": "TAURUS AVM", "HIZMET_SEKLI": "HALKA_ACIK", "MARKA": "NEVA ŞARJ", "MARKAADI": "Neva Şarj", "SARJ_AGI_ISLETMECISI": "NEVA İÇ VE DIŞ TİCARET ANONİM ŞİRKETİ", "YESIL_SARJ_ISTASYONU_MU": "", "ADRES": "Muhsin Yazıcıoğlu Caddesi  No:190/B  İşçi Blokları Çankaya / ANKARA", "SOKET_NO": "SKT/4643", "SOKET_TIPI": "DC", "SOKET_TURU": "DC_CCS", "SOKET_GUCU_KW": "120" }, "geometry": { "type": "Point", "coordinates": [ 32.810431, 39.887593 ] } },
{ "type": "Feature", "properties": { "ID": 17441.0, "SIRA_NO": 333.0, "ISTASYON_NO": "ŞRJ/2467", "ISTASYON_ADI": "TAVACI RECEP USTA ÇAYYOLU", "HIZMET_SEKLI": "HALKA_ACIK", "MARKA": "NEVA ŞARJ", "MARKAADI": "Neva Şarj", "SARJ_AGI_ISLETMECISI": "NEVA İÇ VE DIŞ TİCARET ANONİM ŞİRKETİ", "YESIL_SARJ_ISTASYONU_MU": "", "ADRES": "Çayyolu Mahallesi Alacaatlı Caddesi  No:9 Çankaya / ANKARA", "SOKET_NO": "SKT/4630", "SOKET_TIPI": "AC", "SOKET_TURU": "AC_TYPE2", "SOKET_GUCU_KW": "22" }, "geometry": { "type": "Point", "coordinates": [ 32.688942, 39.871994 ] } },
{ "type": "Feature", "properties": { "ID": 17443.0, "SIRA_NO": 334.0, "ISTASYON_NO": "ŞRJ/11325", "ISTASYON_ADI": "Hayat Sebla Evleri", "HIZMET_SEKLI": "OZEL", "MARKA": "NEVA ŞARJ", "MARKAADI": "Neva Şarj", "SARJ_AGI_ISLETMECISI": "NEVA İÇ VE DIŞ TİCARET ANONİM ŞİRKETİ", "YESIL_SARJ_ISTASYONU_MU": "", "ADRES": "Kızılırmak Mahallesi Erol Yaşar Türkalp Caddesi  No:29  Hayat Sebla Evleri Çankaya / ANKARA", "SOKET_NO": "SKT/28023", "SOKET_TIPI": "AC", "SOKET_TURU": "AC_TYPE2", "SOKET_GUCU_KW": "22" }, "geometry": { "type": "Point", "coordinates": [ 32.8105, 39.9014 ] } },
{ "type": "Feature", "properties": { "ID": 17444.0, "SIRA_NO": 334.0, "ISTASYON_NO": "ŞRJ/11325", "ISTASYON_ADI": "Hayat Sebla Evleri", "HIZMET_SEKLI": "OZEL", "MARKA": "NEVA ŞARJ", "MARKAADI": "Neva Şarj", "SARJ_AGI_ISLETMECISI": "NEVA İÇ VE DIŞ TİCARET ANONİM ŞİRKETİ", "YESIL_SARJ_ISTASYONU_MU": "", "ADRES": "Kızılırmak Mahallesi Erol Yaşar Türkalp Caddesi  No:29  Hayat Sebla Evleri Çankaya / ANKARA", "SOKET_NO": "SKT/28024", "SOKET_TIPI": "AC", "SOKET_TURU": "AC_TYPE2", "SOKET_GUCU_KW": "22" }, "geometry": { "type": "Point", "coordinates": [ 32.8105, 39.9014 ] } },
{ "type": "Feature", "properties": { "ID": 17445.0, "SIRA_NO": 334.0, "ISTASYON_NO": "ŞRJ/11325", "ISTASYON_ADI": "Hayat Sebla Evleri", "HIZMET_SEKLI": "OZEL", "MARKA": "NEVA ŞARJ", "MARKAADI": "Neva Şarj", "SARJ_AGI_ISLETMECISI": "NEVA İÇ VE DIŞ TİCARET ANONİM ŞİRKETİ", "YESIL_SARJ_ISTASYONU_MU": "", "ADRES": "Kızılırmak Mahallesi Erol Yaşar Türkalp Caddesi  No:29  Hayat Sebla Evleri Çankaya / ANKARA", "SOKET_NO": "SKT/28025", "SOKET_TIPI": "AC", "SOKET_TURU": "AC_TYPE2", "SOKET_GUCU_KW": "22" }, "geometry": { "type": "Point", "coordinates": [ 32.8105, 39.9014 ] } },
{ "type": "Feature", "properties": { "ID": 17446.0, "SIRA_NO": 334.0, "ISTASYON_NO": "ŞRJ/11325", "ISTASYON_ADI": "Hayat Sebla Evleri", "HIZMET_SEKLI": "OZEL", "MARKA": "NEVA ŞARJ", "MARKAADI": "Neva Şarj", "SARJ_AGI_ISLETMECISI": "NEVA İÇ VE DIŞ TİCARET ANONİM ŞİRKETİ", "YESIL_SARJ_ISTASYONU_MU": "", "ADRES": "Kızılırmak Mahallesi Erol Yaşar Türkalp Caddesi  No:29  Hayat Sebla Evleri Çankaya / ANKARA", "SOKET_NO": "SKT/28026", "SOKET_TIPI": "AC", "SOKET_TURU": "AC_TYPE2", "SOKET_GUCU_KW": "22" }, "geometry": { "type": "Point", "coordinates": [ 32.8105, 39.9014 ] } },
{ "type": "Feature", "properties": { "ID": 17504.0, "SIRA_NO": 347.0, "ISTASYON_NO": "ŞRJ/13611", "ISTASYON_ADI": "Park Vadi Evleri", "HIZMET_SEKLI": "OZEL", "MARKA": "NEVA ŞARJ", "MARKAADI": "Neva Şarj", "SARJ_AGI_ISLETMECISI": "NEVA İÇ VE DIŞ TİCARET ANONİM ŞİRKETİ", "YESIL_SARJ_ISTASYONU_MU": "", "ADRES": "Güzeltepe Mahallesi Hoşdere Caddesi  No:747/3 Çankaya / ANKARA", "SOKET_NO": "SKT/35417", "SOKET_TIPI": "AC", "SOKET_TURU": "AC_TYPE2", "SOKET_GUCU_KW": "22" }, "geometry": { "type": "Point", "coordinates": [ 32.846944, 39.884782 ] } },
{ "type": "Feature", "properties": { "ID": 17505.0, "SIRA_NO": 347.0, "ISTASYON_NO": "ŞRJ/13611", "ISTASYON_ADI": "Park Vadi Evleri", "HIZMET_SEKLI": "OZEL", "MARKA": "NEVA ŞARJ", "MARKAADI": "Neva Şarj", "SARJ_AGI_ISLETMECISI": "NEVA İÇ VE DIŞ TİCARET ANONİM ŞİRKETİ", "YESIL_SARJ_ISTASYONU_MU": "", "ADRES": "Güzeltepe Mahallesi Hoşdere Caddesi  No:747/3 Çankaya / ANKARA", "SOKET_NO": "SKT/35418", "SOKET_TIPI": "AC", "SOKET_TURU": "AC_TYPE2", "SOKET_GUCU_KW": "22" }, "geometry": { "type": "Point", "coordinates": [ 32.846944, 39.884782 ] } },
{ "type": "Feature", "properties": { "ID": 13320.0, "SIRA_NO": 282.0, "ISTASYON_NO": "ŞRJ/1369", "ISTASYON_ADI": "GÜVENAY BUSINESS HOTEL", "HIZMET_SEKLI": "HALKA_ACIK", "MARKA": "SHARZ.NET", "MARKAADI": "Sharz", "SARJ_AGI_ISLETMECISI": "EVS ELEKTRİKLİ ŞARJ SİSTEMLERİ SAN.VE TİC.A.Ş.", "YESIL_SARJ_ISTASYONU_MU": "", "ADRES": "Anıttepe Mahallesi  No:139 Çankaya / ANKARA", "SOKET_NO": "SKT/2377", "SOKET_TIPI": "AC", "SOKET_TURU": "AC_TYPE2", "SOKET_GUCU_KW": "22" }, "geometry": { "type": "Point", "coordinates": [ 32.839934, 39.933437 ] } },
{ "type": "Feature", "properties": { "ID": 19485.0, "SIRA_NO": 77.0, "ISTASYON_NO": "ŞRJ/13145", "ISTASYON_ADI": "Protokol Plaza", "HIZMET_SEKLI": "HALKA_ACIK", "MARKA": "eşarj", "MARKAADI": "Eşarj", "SARJ_AGI_ISLETMECISI": "EŞARJ ELEKTRİKLİ ARAÇLAR ŞARJ SİSTEMLERİ ANONİM ŞİRKETİ", "YESIL_SARJ_ISTASYONU_MU": "Evet", "ADRES": "Çukurambar Mahallesi Muhsin Yazıcıoğlu Caddesi  No:39 Çankaya / ANKARA", "SOKET_NO": "SKT/33955", "SOKET_TIPI": "DC", "SOKET_TURU": "DC_CCS", "SOKET_GUCU_KW": "180" }, "geometry": { "type": "Point", "coordinates": [ 32.810359, 39.897059 ] } },
{ "type": "Feature", "properties": { "ID": 19486.0, "SIRA_NO": 77.0, "ISTASYON_NO": "ŞRJ/13145", "ISTASYON_ADI": "Protokol Plaza", "HIZMET_SEKLI": "HALKA_ACIK", "MARKA": "eşarj", "MARKAADI": "Eşarj", "SARJ_AGI_ISLETMECISI": "EŞARJ ELEKTRİKLİ ARAÇLAR ŞARJ SİSTEMLERİ ANONİM ŞİRKETİ", "YESIL_SARJ_ISTASYONU_MU": "Evet", "ADRES": "Çukurambar Mahallesi Muhsin Yazıcıoğlu Caddesi  No:39 Çankaya / ANKARA", "SOKET_NO": "SKT/33956", "SOKET_TIPI": "DC", "SOKET_TURU": "DC_CCS", "SOKET_GUCU_KW": "180" }, "geometry": { "type": "Point", "coordinates": [ 32.810359, 39.897059 ] } },
{ "type": "Feature", "properties": { "ID": 19487.0, "SIRA_NO": 77.0, "ISTASYON_NO": "ŞRJ/13145", "ISTASYON_ADI": "Protokol Plaza", "HIZMET_SEKLI": "HALKA_ACIK", "MARKA": "eşarj", "MARKAADI": "Eşarj", "SARJ_AGI_ISLETMECISI": "EŞARJ ELEKTRİKLİ ARAÇLAR ŞARJ SİSTEMLERİ ANONİM ŞİRKETİ", "YESIL_SARJ_ISTASYONU_MU": "Evet", "ADRES": "Çukurambar Mahallesi Muhsin Yazıcıoğlu Caddesi  No:39 Çankaya / ANKARA", "SOKET_NO": "SKT/33957", "SOKET_TIPI": "DC", "SOKET_TURU": "DC_CCS", "SOKET_GUCU_KW": "180" }, "geometry": { "type": "Point", "coordinates": [ 32.810359, 39.897059 ] } },
{ "type": "Feature", "properties": { "ID": 34325.0, "SIRA_NO": 160.0, "ISTASYON_NO": "ŞRJ/17999", "ISTASYON_ADI": "ASTORŞARJ ÇANKAYA YAŞAM HASTANESİ", "HIZMET_SEKLI": "HALKA_ACIK", "MARKA": "ASTOR", "MARKAADI": "Astor", "SARJ_AGI_ISLETMECISI": "ASTOR ENERJİ ANONİM ŞİRKETİ", "YESIL_SARJ_ISTASYONU_MU": "", "ADRES": "Birlik Mahallesi Kurbani Akboğa Sokağı  No:26 Çankaya / ANKARA", "SOKET_NO": "SKT/49540", "SOKET_TIPI": "AC", "SOKET_TURU": "AC_TYPE2", "SOKET_GUCU_KW": "22" }, "geometry": { "type": "Point", "coordinates": [ 32.871766, 39.882993 ] } },
{ "type": "Feature", "properties": { "ID": 34327.0, "SIRA_NO": 161.0, "ISTASYON_NO": "ŞRJ/18000", "ISTASYON_ADI": "ASTORŞARJ GORDİON KONUTLARI", "HIZMET_SEKLI": "OZEL", "MARKA": "ASTOR", "MARKAADI": "Astor", "SARJ_AGI_ISLETMECISI": "ASTOR ENERJİ ANONİM ŞİRKETİ", "YESIL_SARJ_ISTASYONU_MU": "", "ADRES": "Koru Mahallesi Ankaralılar Sokağı  No:18 Çankaya / ANKARA", "SOKET_NO": "SKT/49542", "SOKET_TIPI": "AC", "SOKET_TURU": "AC_TYPE2", "SOKET_GUCU_KW": "22" }, "geometry": { "type": "Point", "coordinates": [ 32.688622, 39.887762 ] } },
{ "type": "Feature", "properties": { "ID": 17573.0, "SIRA_NO": 363.0, "ISTASYON_NO": "ŞRJ/9238", "ISTASYON_ADI": "KENTPARK", "HIZMET_SEKLI": "HALKA_ACIK", "MARKA": "NEVA ŞARJ", "MARKAADI": "Neva Şarj", "SARJ_AGI_ISLETMECISI": "NEVA İÇ VE DIŞ TİCARET ANONİM ŞİRKETİ", "YESIL_SARJ_ISTASYONU_MU": "", "ADRES": "Mustafa Kemal Mahallesi  Kentpark Avm Önü Çankaya / ANKARA", "SOKET_NO": "SKT/21653", "SOKET_TIPI": "DC", "SOKET_TURU": "DC_CCS", "SOKET_GUCU_KW": "120" }, "geometry": { "type": "Point", "coordinates": [ 32.777966, 39.909202 ] } },
{ "type": "Feature", "properties": { "ID": 17574.0, "SIRA_NO": 363.0, "ISTASYON_NO": "ŞRJ/9238", "ISTASYON_ADI": "KENTPARK", "HIZMET_SEKLI": "HALKA_ACIK", "MARKA": "NEVA ŞARJ", "MARKAADI": "Neva Şarj", "SARJ_AGI_ISLETMECISI": "NEVA İÇ VE DIŞ TİCARET ANONİM ŞİRKETİ", "YESIL_SARJ_ISTASYONU_MU": "", "ADRES": "Mustafa Kemal Mahallesi  Kentpark Avm Önü Çankaya / ANKARA", "SOKET_NO": "SKT/21654", "SOKET_TIPI": "DC", "SOKET_TURU": "DC_CCS", "SOKET_GUCU_KW": "120" }, "geometry": { "type": "Point", "coordinates": [ 32.777966, 39.909202 ] } },
{ "type": "Feature", "properties": { "ID": 17577.0, "SIRA_NO": 363.0, "ISTASYON_NO": "ŞRJ/9238", "ISTASYON_ADI": "KENTPARK", "HIZMET_SEKLI": "HALKA_ACIK", "MARKA": "NEVA ŞARJ", "MARKAADI": "Neva Şarj", "SARJ_AGI_ISLETMECISI": "NEVA İÇ VE DIŞ TİCARET ANONİM ŞİRKETİ", "YESIL_SARJ_ISTASYONU_MU": "", "ADRES": "Mustafa Kemal Mahallesi  Kentpark Avm Önü Çankaya / ANKARA", "SOKET_NO": "SKT/21657", "SOKET_TIPI": "DC", "SOKET_TURU": "DC_CCS", "SOKET_GUCU_KW": "120" }, "geometry": { "type": "Point", "coordinates": [ 32.777966, 39.909202 ] } },
{ "type": "Feature", "properties": { "ID": 17578.0, "SIRA_NO": 363.0, "ISTASYON_NO": "ŞRJ/9238", "ISTASYON_ADI": "KENTPARK", "HIZMET_SEKLI": "HALKA_ACIK", "MARKA": "NEVA ŞARJ", "MARKAADI": "Neva Şarj", "SARJ_AGI_ISLETMECISI": "NEVA İÇ VE DIŞ TİCARET ANONİM ŞİRKETİ", "YESIL_SARJ_ISTASYONU_MU": "", "ADRES": "Mustafa Kemal Mahallesi  Kentpark Avm Önü Çankaya / ANKARA", "SOKET_NO": "SKT/21658", "SOKET_TIPI": "AC", "SOKET_TURU": "AC_TYPE2", "SOKET_GUCU_KW": "22" }, "geometry": { "type": "Point", "coordinates": [ 32.777966, 39.909202 ] } },
{ "type": "Feature", "properties": { "ID": 17579.0, "SIRA_NO": 363.0, "ISTASYON_NO": "ŞRJ/9238", "ISTASYON_ADI": "KENTPARK", "HIZMET_SEKLI": "HALKA_ACIK", "MARKA": "NEVA ŞARJ", "MARKAADI": "Neva Şarj", "SARJ_AGI_ISLETMECISI": "NEVA İÇ VE DIŞ TİCARET ANONİM ŞİRKETİ", "YESIL_SARJ_ISTASYONU_MU": "", "ADRES": "Mustafa Kemal Mahallesi  Kentpark Avm Önü Çankaya / ANKARA", "SOKET_NO": "SKT/21659", "SOKET_TIPI": "AC", "SOKET_TURU": "AC_TYPE2", "SOKET_GUCU_KW": "22" }, "geometry": { "type": "Point", "coordinates": [ 32.777966, 39.909202 ] } },
{ "type": "Feature", "properties": { "ID": 17580.0, "SIRA_NO": 363.0, "ISTASYON_NO": "ŞRJ/9238", "ISTASYON_ADI": "KENTPARK", "HIZMET_SEKLI": "HALKA_ACIK", "MARKA": "NEVA ŞARJ", "MARKAADI": "Neva Şarj", "SARJ_AGI_ISLETMECISI": "NEVA İÇ VE DIŞ TİCARET ANONİM ŞİRKETİ", "YESIL_SARJ_ISTASYONU_MU": "", "ADRES": "Mustafa Kemal Mahallesi  Kentpark Avm Önü Çankaya / ANKARA", "SOKET_NO": "SKT/21660", "SOKET_TIPI": "DC", "SOKET_TURU": "DC_CCS", "SOKET_GUCU_KW": "120" }, "geometry": { "type": "Point", "coordinates": [ 32.777966, 39.909202 ] } },
{ "type": "Feature", "properties": { "ID": 17581.0, "SIRA_NO": 363.0, "ISTASYON_NO": "ŞRJ/9238", "ISTASYON_ADI": "KENTPARK", "HIZMET_SEKLI": "HALKA_ACIK", "MARKA": "NEVA ŞARJ", "MARKAADI": "Neva Şarj", "SARJ_AGI_ISLETMECISI": "NEVA İÇ VE DIŞ TİCARET ANONİM ŞİRKETİ", "YESIL_SARJ_ISTASYONU_MU": "", "ADRES": "Mustafa Kemal Mahallesi  Kentpark Avm Önü Çankaya / ANKARA", "SOKET_NO": "SKT/21661", "SOKET_TIPI": "DC", "SOKET_TURU": "DC_CCS", "SOKET_GUCU_KW": "120" }, "geometry": { "type": "Point", "coordinates": [ 32.777966, 39.909202 ] } },
{ "type": "Feature", "properties": { "ID": 17582.0, "SIRA_NO": 363.0, "ISTASYON_NO": "ŞRJ/9238", "ISTASYON_ADI": "KENTPARK", "HIZMET_SEKLI": "HALKA_ACIK", "MARKA": "NEVA ŞARJ", "MARKAADI": "Neva Şarj", "SARJ_AGI_ISLETMECISI": "NEVA İÇ VE DIŞ TİCARET ANONİM ŞİRKETİ", "YESIL_SARJ_ISTASYONU_MU": "", "ADRES": "Mustafa Kemal Mahallesi  Kentpark Avm Önü Çankaya / ANKARA", "SOKET_NO": "SKT/21662", "SOKET_TIPI": "DC", "SOKET_TURU": "DC_CCS", "SOKET_GUCU_KW": "120" }, "geometry": { "type": "Point", "coordinates": [ 32.777966, 39.909202 ] } },
{ "type": "Feature", "properties": { "ID": 17575.0, "SIRA_NO": 363.0, "ISTASYON_NO": "ŞRJ/9238", "ISTASYON_ADI": "KENTPARK", "HIZMET_SEKLI": "HALKA_ACIK", "MARKA": "NEVA ŞARJ", "MARKAADI": "Neva Şarj", "SARJ_AGI_ISLETMECISI": "NEVA İÇ VE DIŞ TİCARET ANONİM ŞİRKETİ", "YESIL_SARJ_ISTASYONU_MU": "", "ADRES": "Mustafa Kemal Mahallesi  Kentpark Avm Önü Çankaya / ANKARA", "SOKET_NO": "SKT/21655", "SOKET_TIPI": "DC", "SOKET_TURU": "DC_CCS", "SOKET_GUCU_KW": "120" }, "geometry": { "type": "Point", "coordinates": [ 32.777966, 39.909202 ] } },
{ "type": "Feature", "properties": { "ID": 17576.0, "SIRA_NO": 363.0, "ISTASYON_NO": "ŞRJ/9238", "ISTASYON_ADI": "KENTPARK", "HIZMET_SEKLI": "HALKA_ACIK", "MARKA": "NEVA ŞARJ", "MARKAADI": "Neva Şarj", "SARJ_AGI_ISLETMECISI": "NEVA İÇ VE DIŞ TİCARET ANONİM ŞİRKETİ", "YESIL_SARJ_ISTASYONU_MU": "", "ADRES": "Mustafa Kemal Mahallesi  Kentpark Avm Önü Çankaya / ANKARA", "SOKET_NO": "SKT/21656", "SOKET_TIPI": "DC", "SOKET_TURU": "DC_CCS", "SOKET_GUCU_KW": "120" }, "geometry": { "type": "Point", "coordinates": [ 32.777966, 39.909202 ] } },
{ "type": "Feature", "properties": { "ID": 25002.0, "SIRA_NO": 252.0, "ISTASYON_NO": "ŞRJ/10462", "ISTASYON_ADI": "Zeplin Havelsan Ankara", "HIZMET_SEKLI": "OZEL", "MARKA": "ZEPLİN CAR rental", "MARKAADI": "Zeplin", "SARJ_AGI_ISLETMECISI": "ZEPLİN TURİZM ARAÇ KİRALAMA MOBİLİTE VE ENERJİ YATIRIMLARI ANONİM ŞİRKETİ", "YESIL_SARJ_ISTASYONU_MU": "", "ADRES": "Mustafa Kemal Mahallesi Şehit Öğretmen Şenay Aybüke Yalçın Caddesi 39 Sokağı Çankaya / ANKARA", "SOKET_NO": "SKT/38557", "SOKET_TIPI": "AC", "SOKET_TURU": "AC_TYPE2", "SOKET_GUCU_KW": "20" }, "geometry": { "type": "Point", "coordinates": [ 32.776689, 39.91282 ] } },
{ "type": "Feature", "properties": { "ID": 19770.0, "SIRA_NO": 169.0, "ISTASYON_NO": "ŞRJ/10158", "ISTASYON_ADI": "Bilkent Cyberpark, Ankara", "HIZMET_SEKLI": "HALKA_ACIK", "MARKA": "eşarj", "MARKAADI": "Eşarj", "SARJ_AGI_ISLETMECISI": "EŞARJ ELEKTRİKLİ ARAÇLAR ŞARJ SİSTEMLERİ ANONİM ŞİRKETİ", "YESIL_SARJ_ISTASYONU_MU": "Evet", "ADRES": "Üniversiteler Mahallesi 1606. Caddesi  No:11 Çankaya / ANKARA", "SOKET_NO": "SKT/24506", "SOKET_TIPI": "DC", "SOKET_TURU": "DC_CCS", "SOKET_GUCU_KW": "180" }, "geometry": { "type": "Point", "coordinates": [ 32.745754, 39.86954 ] } },
{ "type": "Feature", "properties": { "ID": 17455.0, "SIRA_NO": 334.0, "ISTASYON_NO": "ŞRJ/11325", "ISTASYON_ADI": "Hayat Sebla Evleri", "HIZMET_SEKLI": "OZEL", "MARKA": "NEVA ŞARJ", "MARKAADI": "Neva Şarj", "SARJ_AGI_ISLETMECISI": "NEVA İÇ VE DIŞ TİCARET ANONİM ŞİRKETİ", "YESIL_SARJ_ISTASYONU_MU": "", "ADRES": "Kızılırmak Mahallesi Erol Yaşar Türkalp Caddesi  No:29  Hayat Sebla Evleri Çankaya / ANKARA", "SOKET_NO": "SKT/30784", "SOKET_TIPI": "AC", "SOKET_TURU": "AC_TYPE2", "SOKET_GUCU_KW": "22" }, "geometry": { "type": "Point", "coordinates": [ 32.8105, 39.9014 ] } },
{ "type": "Feature", "properties": { "ID": 17476.0, "SIRA_NO": 342.0, "ISTASYON_NO": "ŞRJ/12635", "ISTASYON_ADI": "Koz Oran Toplu Konut Sitesi", "HIZMET_SEKLI": "OZEL", "MARKA": "NEVA ŞARJ", "MARKAADI": "Neva Şarj", "SARJ_AGI_ISLETMECISI": "NEVA İÇ VE DIŞ TİCARET ANONİM ŞİRKETİ", "YESIL_SARJ_ISTASYONU_MU": "", "ADRES": "Yukarı Dikmen Mahallesi 786 Caddesi  No:145 Çankaya / ANKARA", "SOKET_NO": "SKT/32473", "SOKET_TIPI": "AC", "SOKET_TURU": "AC_TYPE2", "SOKET_GUCU_KW": "22" }, "geometry": { "type": "Point", "coordinates": [ 32.840851, 39.858579 ] } },
{ "type": "Feature", "properties": { "ID": 17499.0, "SIRA_NO": 347.0, "ISTASYON_NO": "ŞRJ/13611", "ISTASYON_ADI": "Park Vadi Evleri", "HIZMET_SEKLI": "OZEL", "MARKA": "NEVA ŞARJ", "MARKAADI": "Neva Şarj", "SARJ_AGI_ISLETMECISI": "NEVA İÇ VE DIŞ TİCARET ANONİM ŞİRKETİ", "YESIL_SARJ_ISTASYONU_MU": "", "ADRES": "Güzeltepe Mahallesi Hoşdere Caddesi  No:747/3 Çankaya / ANKARA", "SOKET_NO": "SKT/35412", "SOKET_TIPI": "AC", "SOKET_TURU": "AC_TYPE2", "SOKET_GUCU_KW": "22" }, "geometry": { "type": "Point", "coordinates": [ 32.846944, 39.884782 ] } },
{ "type": "Feature", "properties": { "ID": 17658.0, "SIRA_NO": 383.0, "ISTASYON_NO": "ŞRJ/6488", "ISTASYON_ADI": "Bahçelievler", "HIZMET_SEKLI": "HALKA_ACIK", "MARKA": "NEVA ŞARJ", "MARKAADI": "Neva Şarj", "SARJ_AGI_ISLETMECISI": "NEVA İÇ VE DIŞ TİCARET ANONİM ŞİRKETİ", "YESIL_SARJ_ISTASYONU_MU": "", "ADRES": "Emek Mahallesi Aşkabat Caddesi  Vakıfbank  Önü Çankaya / ANKARA", "SOKET_NO": "SKT/14201", "SOKET_TIPI": "AC", "SOKET_TURU": "AC_TYPE2", "SOKET_GUCU_KW": "22" }, "geometry": { "type": "Point", "coordinates": [ 32.827014, 39.920075 ] } },
{ "type": "Feature", "properties": { "ID": 17345.0, "SIRA_NO": 306.0, "ISTASYON_NO": "ŞRJ/6992", "ISTASYON_ADI": "ABB Kocatepe Çok Katlı Kapalı Otoparkı", "HIZMET_SEKLI": "HALKA_ACIK", "MARKA": "NEVA ŞARJ", "MARKAADI": "Neva Şarj", "SARJ_AGI_ISLETMECISI": "NEVA İÇ VE DIŞ TİCARET ANONİM ŞİRKETİ", "YESIL_SARJ_ISTASYONU_MU": "", "ADRES": "Kültür Mahallesi Kızılırmak Caddesi  Abb Kocatepe Çok Katlı Kapalı Otopark Çankaya / ANKARA", "SOKET_NO": "SKT/15621", "SOKET_TIPI": "AC", "SOKET_TURU": "AC_TYPE2", "SOKET_GUCU_KW": "22" }, "geometry": { "type": "Point", "coordinates": [ 32.858442, 39.916338 ] } },
{ "type": "Feature", "properties": { "ID": 19059.0, "SIRA_NO": 434.0, "ISTASYON_NO": "ŞRJ/115", "ISTASYON_ADI": "Cepa AVM, Çankaya", "HIZMET_SEKLI": "HALKA_ACIK", "MARKA": "eşarj", "MARKAADI": "Eşarj", "SARJ_AGI_ISLETMECISI": "EŞARJ ELEKTRİKLİ ARAÇLAR ŞARJ SİSTEMLERİ ANONİM ŞİRKETİ", "YESIL_SARJ_ISTASYONU_MU": "Evet", "ADRES": "Mustafa Kemal Mahallesi 2123 Caddesi  No:2 Çankaya / ANKARA", "SOKET_NO": "SKT/25292", "SOKET_TIPI": "DC", "SOKET_TURU": "DC_CCS", "SOKET_GUCU_KW": "120" }, "geometry": { "type": "Point", "coordinates": [ 32.778867, 39.911618 ] } },
{ "type": "Feature", "properties": { "ID": 34660.0, "SIRA_NO": 317.0, "ISTASYON_NO": "ŞRJ/18110", "ISTASYON_ADI": "LOTUS BEYTEPE KULE", "HIZMET_SEKLI": "OZEL", "MARKA": "EPSIS", "MARKAADI": "Epsis", "SARJ_AGI_ISLETMECISI": "FORM ELEKTRİK İNŞAAT MÜHENDİSLİK ANONİM ŞİRKETİ", "YESIL_SARJ_ISTASYONU_MU": "", "ADRES": "Beytepe Mahallesi 5387 Caddesi  No:27 Çankaya / ANKARA", "SOKET_NO": "SKT/49911", "SOKET_TIPI": "AC", "SOKET_TURU": "AC_TYPE2", "SOKET_GUCU_KW": "22" }, "geometry": { "type": "Point", "coordinates": [ 32.712916, 39.856793 ] } },
{ "type": "Feature", "properties": { "ID": 17660.0, "SIRA_NO": 383.0, "ISTASYON_NO": "ŞRJ/6488", "ISTASYON_ADI": "Bahçelievler", "HIZMET_SEKLI": "HALKA_ACIK", "MARKA": "NEVA ŞARJ", "MARKAADI": "Neva Şarj", "SARJ_AGI_ISLETMECISI": "NEVA İÇ VE DIŞ TİCARET ANONİM ŞİRKETİ", "YESIL_SARJ_ISTASYONU_MU": "", "ADRES": "Emek Mahallesi Aşkabat Caddesi  Vakıfbank  Önü Çankaya / ANKARA", "SOKET_NO": "SKT/14203", "SOKET_TIPI": "AC", "SOKET_TURU": "AC_TYPE2", "SOKET_GUCU_KW": "22" }, "geometry": { "type": "Point", "coordinates": [ 32.827014, 39.920075 ] } },
{ "type": "Feature", "properties": { "ID": 17661.0, "SIRA_NO": 383.0, "ISTASYON_NO": "ŞRJ/6488", "ISTASYON_ADI": "Bahçelievler", "HIZMET_SEKLI": "HALKA_ACIK", "MARKA": "NEVA ŞARJ", "MARKAADI": "Neva Şarj", "SARJ_AGI_ISLETMECISI": "NEVA İÇ VE DIŞ TİCARET ANONİM ŞİRKETİ", "YESIL_SARJ_ISTASYONU_MU": "", "ADRES": "Emek Mahallesi Aşkabat Caddesi  Vakıfbank  Önü Çankaya / ANKARA", "SOKET_NO": "SKT/14204", "SOKET_TIPI": "AC", "SOKET_TURU": "AC_TYPE2", "SOKET_GUCU_KW": "22" }, "geometry": { "type": "Point", "coordinates": [ 32.827014, 39.920075 ] } },
{ "type": "Feature", "properties": { "ID": 18820.0, "SIRA_NO": 352.0, "ISTASYON_NO": "ŞRJ/8973", "ISTASYON_ADI": "Sports International Bilkent, Ankara", "HIZMET_SEKLI": "HALKA_ACIK", "MARKA": "eşarj", "MARKAADI": "Eşarj", "SARJ_AGI_ISLETMECISI": "EŞARJ ELEKTRİKLİ ARAÇLAR ŞARJ SİSTEMLERİ ANONİM ŞİRKETİ", "YESIL_SARJ_ISTASYONU_MU": "Evet", "ADRES": "Üniversiteler Mahallesi  No:1 Çankaya / ANKARA", "SOKET_NO": "SKT/20888", "SOKET_TIPI": "DC", "SOKET_TURU": "DC_CCS", "SOKET_GUCU_KW": "180" }, "geometry": { "type": "Point", "coordinates": [ 32.762832, 39.882099 ] } },
{ "type": "Feature", "properties": { "ID": 18821.0, "SIRA_NO": 352.0, "ISTASYON_NO": "ŞRJ/8973", "ISTASYON_ADI": "Sports International Bilkent, Ankara", "HIZMET_SEKLI": "HALKA_ACIK", "MARKA": "eşarj", "MARKAADI": "Eşarj", "SARJ_AGI_ISLETMECISI": "EŞARJ ELEKTRİKLİ ARAÇLAR ŞARJ SİSTEMLERİ ANONİM ŞİRKETİ", "YESIL_SARJ_ISTASYONU_MU": "Evet", "ADRES": "Üniversiteler Mahallesi  No:1 Çankaya / ANKARA", "SOKET_NO": "SKT/20889", "SOKET_TIPI": "DC", "SOKET_TURU": "DC_CCS", "SOKET_GUCU_KW": "150" }, "geometry": { "type": "Point", "coordinates": [ 32.762832, 39.882099 ] } },
{ "type": "Feature", "properties": { "ID": 15016.0, "SIRA_NO": 68.0, "ISTASYON_NO": "ŞRJ/8349", "ISTASYON_ADI": "Shell Ümitköy", "HIZMET_SEKLI": "HALKA_ACIK", "MARKA": "Trugo", "MARKAADI": "Trugo", "SARJ_AGI_ISLETMECISI": "TRUGO AKILLI ŞARJ ÇÖZÜMLERİ SANAYİ VE TİCARET ANONİM ŞİRKETİ", "YESIL_SARJ_ISTASYONU_MU": "Evet", "ADRES": "Çayyolu Mahallesi Çankaya / ANKARA", "SOKET_NO": "SKT/19166", "SOKET_TIPI": "DC", "SOKET_TURU": "DC_CCS", "SOKET_GUCU_KW": "180" }, "geometry": { "type": "Point", "coordinates": [ 32.702432, 39.894862 ] } },
{ "type": "Feature", "properties": { "ID": 18823.0, "SIRA_NO": 352.0, "ISTASYON_NO": "ŞRJ/8973", "ISTASYON_ADI": "Sports International Bilkent, Ankara", "HIZMET_SEKLI": "HALKA_ACIK", "MARKA": "eşarj", "MARKAADI": "Eşarj", "SARJ_AGI_ISLETMECISI": "EŞARJ ELEKTRİKLİ ARAÇLAR ŞARJ SİSTEMLERİ ANONİM ŞİRKETİ", "YESIL_SARJ_ISTASYONU_MU": "Evet", "ADRES": "Üniversiteler Mahallesi  No:1 Çankaya / ANKARA", "SOKET_NO": "SKT/20891", "SOKET_TIPI": "DC", "SOKET_TURU": "DC_CCS", "SOKET_GUCU_KW": "150" }, "geometry": { "type": "Point", "coordinates": [ 32.762832, 39.882099 ] } },
{ "type": "Feature", "properties": { "ID": 17999.0, "SIRA_NO": 19.0, "ISTASYON_NO": "ŞRJ/2021", "ISTASYON_ADI": "Point Hotel, Ankara", "HIZMET_SEKLI": "HALKA_ACIK", "MARKA": "eşarj", "MARKAADI": "Eşarj", "SARJ_AGI_ISLETMECISI": "EŞARJ ELEKTRİKLİ ARAÇLAR ŞARJ SİSTEMLERİ ANONİM ŞİRKETİ", "YESIL_SARJ_ISTASYONU_MU": "Evet", "ADRES": "İşçi Blokları Mahallesi 1495. Caddesi  No:11 Çankaya / ANKARA", "SOKET_NO": "SKT/3686", "SOKET_TIPI": "DC", "SOKET_TURU": "DC_CCS", "SOKET_GUCU_KW": "120" }, "geometry": { "type": "Point", "coordinates": [ 32.81286, 39.895767 ] } },
{ "type": "Feature", "properties": { "ID": 18819.0, "SIRA_NO": 352.0, "ISTASYON_NO": "ŞRJ/8973", "ISTASYON_ADI": "Sports International Bilkent, Ankara", "HIZMET_SEKLI": "HALKA_ACIK", "MARKA": "eşarj", "MARKAADI": "Eşarj", "SARJ_AGI_ISLETMECISI": "EŞARJ ELEKTRİKLİ ARAÇLAR ŞARJ SİSTEMLERİ ANONİM ŞİRKETİ", "YESIL_SARJ_ISTASYONU_MU": "Evet", "ADRES": "Üniversiteler Mahallesi  No:1 Çankaya / ANKARA", "SOKET_NO": "SKT/20887", "SOKET_TIPI": "DC", "SOKET_TURU": "DC_CCS", "SOKET_GUCU_KW": "180" }, "geometry": { "type": "Point", "coordinates": [ 32.762832, 39.882099 ] } },
{ "type": "Feature", "properties": { "ID": 24997.0, "SIRA_NO": 252.0, "ISTASYON_NO": "ŞRJ/10462", "ISTASYON_ADI": "Zeplin Havelsan Ankara", "HIZMET_SEKLI": "OZEL", "MARKA": "ZEPLİN CAR rental", "MARKAADI": "Zeplin", "SARJ_AGI_ISLETMECISI": "ZEPLİN TURİZM ARAÇ KİRALAMA MOBİLİTE VE ENERJİ YATIRIMLARI ANONİM ŞİRKETİ", "YESIL_SARJ_ISTASYONU_MU": "", "ADRES": "Mustafa Kemal Mahallesi Şehit Öğretmen Şenay Aybüke Yalçın Caddesi 39 Sokağı Çankaya / ANKARA", "SOKET_NO": "SKT/25475", "SOKET_TIPI": "DC", "SOKET_TURU": "DC_CCS", "SOKET_GUCU_KW": "60" }, "geometry": { "type": "Point", "coordinates": [ 32.776689, 39.91282 ] } },
{ "type": "Feature", "properties": { "ID": 34764.0, "SIRA_NO": 372.0, "ISTASYON_NO": "ŞRJ/18150", "ISTASYON_ADI": "ODTÜ Jeoloji Otoparkı", "HIZMET_SEKLI": "OZEL", "MARKA": "wat mobilite", "MARKAADI": "WAT Mobilite", "SARJ_AGI_ISLETMECISI": "WAT MOBİLİTE ÇÖZÜMLERİ TEKNOLOJİ VE TİCARET ANONİM ŞİRKETİ", "YESIL_SARJ_ISTASYONU_MU": "Evet", "ADRES": "Üniversiteler Mahallesi Odtü Jeoloji Otopark Sokak Sokağı Çankaya / ANKARA", "SOKET_NO": "SKT/50019", "SOKET_TIPI": "DC", "SOKET_TURU": "DC_CCS", "SOKET_GUCU_KW": "180" }, "geometry": { "type": "Point", "coordinates": [ 32.781439, 39.886682 ] } },
{ "type": "Feature", "properties": { "ID": 25003.0, "SIRA_NO": 252.0, "ISTASYON_NO": "ŞRJ/10462", "ISTASYON_ADI": "Zeplin Havelsan Ankara", "HIZMET_SEKLI": "OZEL", "MARKA": "ZEPLİN CAR rental", "MARKAADI": "Zeplin", "SARJ_AGI_ISLETMECISI": "ZEPLİN TURİZM ARAÇ KİRALAMA MOBİLİTE VE ENERJİ YATIRIMLARI ANONİM ŞİRKETİ", "YESIL_SARJ_ISTASYONU_MU": "", "ADRES": "Mustafa Kemal Mahallesi Şehit Öğretmen Şenay Aybüke Yalçın Caddesi 39 Sokağı Çankaya / ANKARA", "SOKET_NO": "SKT/38558", "SOKET_TIPI": "AC", "SOKET_TURU": "AC_TYPE2", "SOKET_GUCU_KW": "15" }, "geometry": { "type": "Point", "coordinates": [ 32.776689, 39.91282 ] } },
{ "type": "Feature", "properties": { "ID": 34772.0, "SIRA_NO": 375.0, "ISTASYON_NO": "ŞRJ/18152", "ISTASYON_ADI": "Panora AVM", "HIZMET_SEKLI": "HALKA_ACIK", "MARKA": "NEVA ŞARJ", "MARKAADI": "Neva Şarj", "SARJ_AGI_ISLETMECISI": "NEVA İÇ VE DIŞ TİCARET ANONİM ŞİRKETİ", "YESIL_SARJ_ISTASYONU_MU": "", "ADRES": "Oran Mahallesi Kudüs Caddesi  No:3 Çankaya / ANKARA", "SOKET_NO": "SKT/50025", "SOKET_TIPI": "DC", "SOKET_TURU": "DC_CCS", "SOKET_GUCU_KW": "120" }, "geometry": { "type": "Point", "coordinates": [ 32.833929, 39.848042 ] } },
{ "type": "Feature", "properties": { "ID": 24998.0, "SIRA_NO": 252.0, "ISTASYON_NO": "ŞRJ/10462", "ISTASYON_ADI": "Zeplin Havelsan Ankara", "HIZMET_SEKLI": "OZEL", "MARKA": "ZEPLİN CAR rental", "MARKAADI": "Zeplin", "SARJ_AGI_ISLETMECISI": "ZEPLİN TURİZM ARAÇ KİRALAMA MOBİLİTE VE ENERJİ YATIRIMLARI ANONİM ŞİRKETİ", "YESIL_SARJ_ISTASYONU_MU": "", "ADRES": "Mustafa Kemal Mahallesi Şehit Öğretmen Şenay Aybüke Yalçın Caddesi 39 Sokağı Çankaya / ANKARA", "SOKET_NO": "SKT/38553", "SOKET_TIPI": "AC", "SOKET_TURU": "AC_TYPE2", "SOKET_GUCU_KW": "20" }, "geometry": { "type": "Point", "coordinates": [ 32.776689, 39.91282 ] } },
{ "type": "Feature", "properties": { "ID": 24999.0, "SIRA_NO": 252.0, "ISTASYON_NO": "ŞRJ/10462", "ISTASYON_ADI": "Zeplin Havelsan Ankara", "HIZMET_SEKLI": "OZEL", "MARKA": "ZEPLİN CAR rental", "MARKAADI": "Zeplin", "SARJ_AGI_ISLETMECISI": "ZEPLİN TURİZM ARAÇ KİRALAMA MOBİLİTE VE ENERJİ YATIRIMLARI ANONİM ŞİRKETİ", "YESIL_SARJ_ISTASYONU_MU": "", "ADRES": "Mustafa Kemal Mahallesi Şehit Öğretmen Şenay Aybüke Yalçın Caddesi 39 Sokağı Çankaya / ANKARA", "SOKET_NO": "SKT/38554", "SOKET_TIPI": "AC", "SOKET_TURU": "AC_TYPE2", "SOKET_GUCU_KW": "20" }, "geometry": { "type": "Point", "coordinates": [ 32.776689, 39.91282 ] } },
{ "type": "Feature", "properties": { "ID": 25000.0, "SIRA_NO": 252.0, "ISTASYON_NO": "ŞRJ/10462", "ISTASYON_ADI": "Zeplin Havelsan Ankara", "HIZMET_SEKLI": "OZEL", "MARKA": "ZEPLİN CAR rental", "MARKAADI": "Zeplin", "SARJ_AGI_ISLETMECISI": "ZEPLİN TURİZM ARAÇ KİRALAMA MOBİLİTE VE ENERJİ YATIRIMLARI ANONİM ŞİRKETİ", "YESIL_SARJ_ISTASYONU_MU": "", "ADRES": "Mustafa Kemal Mahallesi Şehit Öğretmen Şenay Aybüke Yalçın Caddesi 39 Sokağı Çankaya / ANKARA", "SOKET_NO": "SKT/38555", "SOKET_TIPI": "AC", "SOKET_TURU": "AC_TYPE2", "SOKET_GUCU_KW": "20" }, "geometry": { "type": "Point", "coordinates": [ 32.776689, 39.91282 ] } },
{ "type": "Feature", "properties": { "ID": 25001.0, "SIRA_NO": 252.0, "ISTASYON_NO": "ŞRJ/10462", "ISTASYON_ADI": "Zeplin Havelsan Ankara", "HIZMET_SEKLI": "OZEL", "MARKA": "ZEPLİN CAR rental", "MARKAADI": "Zeplin", "SARJ_AGI_ISLETMECISI": "ZEPLİN TURİZM ARAÇ KİRALAMA MOBİLİTE VE ENERJİ YATIRIMLARI ANONİM ŞİRKETİ", "YESIL_SARJ_ISTASYONU_MU": "", "ADRES": "Mustafa Kemal Mahallesi Şehit Öğretmen Şenay Aybüke Yalçın Caddesi 39 Sokağı Çankaya / ANKARA", "SOKET_NO": "SKT/38556", "SOKET_TIPI": "AC", "SOKET_TURU": "AC_TYPE2", "SOKET_GUCU_KW": "20" }, "geometry": { "type": "Point", "coordinates": [ 32.776689, 39.91282 ] } },
{ "type": "Feature", "properties": { "ID": 19403.0, "SIRA_NO": 45.0, "ISTASYON_NO": "ŞRJ/12459", "ISTASYON_ADI": "Carrefoursa, Ümitköy, Ankara", "HIZMET_SEKLI": "HALKA_ACIK", "MARKA": "eşarj", "MARKAADI": "Eşarj", "SARJ_AGI_ISLETMECISI": "EŞARJ ELEKTRİKLİ ARAÇLAR ŞARJ SİSTEMLERİ ANONİM ŞİRKETİ", "YESIL_SARJ_ISTASYONU_MU": "Evet", "ADRES": "Ümit Mahallesi 2494. Sokağı  No:1 Çankaya / ANKARA", "SOKET_NO": "SKT/31957", "SOKET_TIPI": "DC", "SOKET_TURU": "DC_CCS", "SOKET_GUCU_KW": "30" }, "geometry": { "type": "Point", "coordinates": [ 32.701907, 39.895188 ] } },
{ "type": "Feature", "properties": { "ID": 34780.0, "SIRA_NO": 378.0, "ISTASYON_NO": "ŞRJ/18153", "ISTASYON_ADI": "ODTÜ A2 Otopark", "HIZMET_SEKLI": "OZEL", "MARKA": "wat mobilite", "MARKAADI": "WAT Mobilite", "SARJ_AGI_ISLETMECISI": "WAT MOBİLİTE ÇÖZÜMLERİ TEKNOLOJİ VE TİCARET ANONİM ŞİRKETİ", "YESIL_SARJ_ISTASYONU_MU": "", "ADRES": "Üniversiteler Mahallesi Odtu A2 Otoparkı Sokağı Çankaya / ANKARA", "SOKET_NO": "SKT/50031", "SOKET_TIPI": "AC", "SOKET_TURU": "AC_TYPE2", "SOKET_GUCU_KW": "22" }, "geometry": { "type": "Point", "coordinates": [ 32.766548, 39.906605 ] } },
{ "type": "Feature", "properties": { "ID": 20892.0, "SIRA_NO": 186.0, "ISTASYON_NO": "ŞRJ/4270", "ISTASYON_ADI": "Maidan AVM", "HIZMET_SEKLI": "HALKA_ACIK", "MARKA": "PLECO advertise.charge.", "MARKAADI": "Pleco", "SARJ_AGI_ISLETMECISI": "ÖZKA ENERJİ YATIRIMLARI ANONİM ŞİRKETİ", "YESIL_SARJ_ISTASYONU_MU": "", "ADRES": "Mustafa Kemal Mahallesi 2118. Caddesi  No:406510 Çankaya / ANKARA", "SOKET_NO": "SKT/8875", "SOKET_TIPI": "DC", "SOKET_TURU": "DC_CCS", "SOKET_GUCU_KW": "60" }, "geometry": { "type": "Point", "coordinates": [ 32.764832, 39.908739 ] } },
{ "type": "Feature", "properties": { "ID": 20190.0, "SIRA_NO": 353.0, "ISTASYON_NO": "ŞRJ/8328", "ISTASYON_ADI": "Çağdaş Market Alacaatlı-2 Şubesi", "HIZMET_SEKLI": "HALKA_ACIK", "MARKA": "ERC SİSTEM", "MARKAADI": "Erc Sistem", "SARJ_AGI_ISLETMECISI": "ERC SİSTEM ELEKTRİK MAKİNA İMALAT TAAHHÜT SANAYİ  VE TİCARET ANONİM ŞİRKETİ", "YESIL_SARJ_ISTASYONU_MU": "", "ADRES": "Prof. Dr. Ahmet Taner Kışlalı Mahallesi Alacaatlı Sokağı  No:48 Çankaya / ANKARA", "SOKET_NO": "SKT/19104", "SOKET_TIPI": "AC", "SOKET_TURU": "AC_TYPE2", "SOKET_GUCU_KW": "22" }, "geometry": { "type": "Point", "coordinates": [ 32.680061, 39.861243 ] } },
{ "type": "Feature", "properties": { "ID": 20942.0, "SIRA_NO": 205.0, "ISTASYON_NO": "ŞRJ/3760", "ISTASYON_ADI": "Ankara Tunus Caddesi Otopark", "HIZMET_SEKLI": "HALKA_ACIK", "MARKA": "PLECO advertise.charge.", "MARKAADI": "Pleco", "SARJ_AGI_ISLETMECISI": "ÖZKA ENERJİ YATIRIMLARI ANONİM ŞİRKETİ", "YESIL_SARJ_ISTASYONU_MU": "", "ADRES": "Kavaklıdere Mahallesi Tunus Cad. Caddesi  No:30 Çankaya / ANKARA", "SOKET_NO": "SKT/7584", "SOKET_TIPI": "AC", "SOKET_TURU": "AC_TYPE2", "SOKET_GUCU_KW": "22" }, "geometry": { "type": "Point", "coordinates": [ 32.857011, 39.90994 ] } },
{ "type": "Feature", "properties": { "ID": 18758.0, "SIRA_NO": 338.0, "ISTASYON_NO": "ŞRJ/8626", "ISTASYON_ADI": "Liv Hospital, Ankara", "HIZMET_SEKLI": "HALKA_ACIK", "MARKA": "eşarj", "MARKAADI": "Eşarj", "SARJ_AGI_ISLETMECISI": "EŞARJ ELEKTRİKLİ ARAÇLAR ŞARJ SİSTEMLERİ ANONİM ŞİRKETİ", "YESIL_SARJ_ISTASYONU_MU": "Evet", "ADRES": "Kavaklıdere Mahallesi Bestekar Caddesi  No:8 Çankaya / ANKARA", "SOKET_NO": "SKT/19850", "SOKET_TIPI": "DC", "SOKET_TURU": "DC_CCS", "SOKET_GUCU_KW": "180" }, "geometry": { "type": "Point", "coordinates": [ 32.856816, 39.912071 ] } },
{ "type": "Feature", "properties": { "ID": 18822.0, "SIRA_NO": 352.0, "ISTASYON_NO": "ŞRJ/8973", "ISTASYON_ADI": "Sports International Bilkent, Ankara", "HIZMET_SEKLI": "HALKA_ACIK", "MARKA": "eşarj", "MARKAADI": "Eşarj", "SARJ_AGI_ISLETMECISI": "EŞARJ ELEKTRİKLİ ARAÇLAR ŞARJ SİSTEMLERİ ANONİM ŞİRKETİ", "YESIL_SARJ_ISTASYONU_MU": "Evet", "ADRES": "Üniversiteler Mahallesi  No:1 Çankaya / ANKARA", "SOKET_NO": "SKT/20890", "SOKET_TIPI": "DC", "SOKET_TURU": "DC_CCS", "SOKET_GUCU_KW": "150" }, "geometry": { "type": "Point", "coordinates": [ 32.762832, 39.882099 ] } },
{ "type": "Feature", "properties": { "ID": 17336.0, "SIRA_NO": 304.0, "ISTASYON_NO": "ŞRJ/7672", "ISTASYON_ADI": "Next Level Çayyolu Kuzey Ada", "HIZMET_SEKLI": "OZEL", "MARKA": "NEVA ŞARJ", "MARKAADI": "Neva Şarj", "SARJ_AGI_ISLETMECISI": "NEVA İÇ VE DIŞ TİCARET ANONİM ŞİRKETİ", "YESIL_SARJ_ISTASYONU_MU": "", "ADRES": "Beytepe Mahallesi 5452 Sokağı  No:8 Çankaya / ANKARA", "SOKET_NO": "SKT/17478", "SOKET_TIPI": "AC", "SOKET_TURU": "AC_TYPE2", "SOKET_GUCU_KW": "22" }, "geometry": { "type": "Point", "coordinates": [ 32.702533, 39.856994 ] } },
{ "type": "Feature", "properties": { "ID": 17338.0, "SIRA_NO": 305.0, "ISTASYON_NO": "ŞRJ/7224", "ISTASYON_ADI": "Lodumlu Park", "HIZMET_SEKLI": "HALKA_ACIK", "MARKA": "NEVA ŞARJ", "MARKAADI": "Neva Şarj", "SARJ_AGI_ISLETMECISI": "NEVA İÇ VE DIŞ TİCARET ANONİM ŞİRKETİ", "YESIL_SARJ_ISTASYONU_MU": "", "ADRES": "Beytepe Mahallesi  Lodumlu Park Önü Cep Otopark Çankaya / ANKARA", "SOKET_NO": "SKT/16178", "SOKET_TIPI": "AC", "SOKET_TURU": "AC_TYPE2", "SOKET_GUCU_KW": "22" }, "geometry": { "type": "Point", "coordinates": [ 32.701846, 39.872783 ] } },
{ "type": "Feature", "properties": { "ID": 24192.0, "SIRA_NO": 425.0, "ISTASYON_NO": "ŞRJ/16012", "ISTASYON_ADI": "KUZU EFFECT KONUTLARI", "HIZMET_SEKLI": "HALKA_ACIK", "MARKA": "POWER ELEKTRONİK SANAYİ VE TİCARET LİMİTED ŞİRKETİ", "MARKAADI": "Power", "SARJ_AGI_ISLETMECISI": "POWER ELEKTRONİK SANAYİ VE TİCARET ANONİM ŞİRKETİ", "YESIL_SARJ_ISTASYONU_MU": "", "ADRES": "Oran Mahallesi Zülfü Tiğrel Caddesi Çankaya / ANKARA", "SOKET_NO": "SKT/43064", "SOKET_TIPI": "AC", "SOKET_TURU": "AC_TYPE2", "SOKET_GUCU_KW": "22" }, "geometry": { "type": "Point", "coordinates": [ 32.828354, 39.845618 ] } },
{ "type": "Feature", "properties": { "ID": 24193.0, "SIRA_NO": 425.0, "ISTASYON_NO": "ŞRJ/16012", "ISTASYON_ADI": "KUZU EFFECT KONUTLARI", "HIZMET_SEKLI": "HALKA_ACIK", "MARKA": "POWER ELEKTRONİK SANAYİ VE TİCARET LİMİTED ŞİRKETİ", "MARKAADI": "Power", "SARJ_AGI_ISLETMECISI": "POWER ELEKTRONİK SANAYİ VE TİCARET ANONİM ŞİRKETİ", "YESIL_SARJ_ISTASYONU_MU": "", "ADRES": "Oran Mahallesi Zülfü Tiğrel Caddesi Çankaya / ANKARA", "SOKET_NO": "SKT/43065", "SOKET_TIPI": "AC", "SOKET_TURU": "AC_TYPE2", "SOKET_GUCU_KW": "11" }, "geometry": { "type": "Point", "coordinates": [ 32.828354, 39.845618 ] } },
{ "type": "Feature", "properties": { "ID": 19488.0, "SIRA_NO": 77.0, "ISTASYON_NO": "ŞRJ/13145", "ISTASYON_ADI": "Protokol Plaza", "HIZMET_SEKLI": "HALKA_ACIK", "MARKA": "eşarj", "MARKAADI": "Eşarj", "SARJ_AGI_ISLETMECISI": "EŞARJ ELEKTRİKLİ ARAÇLAR ŞARJ SİSTEMLERİ ANONİM ŞİRKETİ", "YESIL_SARJ_ISTASYONU_MU": "Evet", "ADRES": "Çukurambar Mahallesi Muhsin Yazıcıoğlu Caddesi  No:39 Çankaya / ANKARA", "SOKET_NO": "SKT/33958", "SOKET_TIPI": "DC", "SOKET_TURU": "DC_CCS", "SOKET_GUCU_KW": "180" }, "geometry": { "type": "Point", "coordinates": [ 32.810359, 39.897059 ] } },
{ "type": "Feature", "properties": { "ID": 19489.0, "SIRA_NO": 77.0, "ISTASYON_NO": "ŞRJ/13145", "ISTASYON_ADI": "Protokol Plaza", "HIZMET_SEKLI": "HALKA_ACIK", "MARKA": "eşarj", "MARKAADI": "Eşarj", "SARJ_AGI_ISLETMECISI": "EŞARJ ELEKTRİKLİ ARAÇLAR ŞARJ SİSTEMLERİ ANONİM ŞİRKETİ", "YESIL_SARJ_ISTASYONU_MU": "Evet", "ADRES": "Çukurambar Mahallesi Muhsin Yazıcıoğlu Caddesi  No:39 Çankaya / ANKARA", "SOKET_NO": "SKT/33959", "SOKET_TIPI": "AC", "SOKET_TURU": "AC_TYPE2", "SOKET_GUCU_KW": "22" }, "geometry": { "type": "Point", "coordinates": [ 32.810359, 39.897059 ] } },
{ "type": "Feature", "properties": { "ID": 19490.0, "SIRA_NO": 77.0, "ISTASYON_NO": "ŞRJ/13145", "ISTASYON_ADI": "Protokol Plaza", "HIZMET_SEKLI": "HALKA_ACIK", "MARKA": "eşarj", "MARKAADI": "Eşarj", "SARJ_AGI_ISLETMECISI": "EŞARJ ELEKTRİKLİ ARAÇLAR ŞARJ SİSTEMLERİ ANONİM ŞİRKETİ", "YESIL_SARJ_ISTASYONU_MU": "Evet", "ADRES": "Çukurambar Mahallesi Muhsin Yazıcıoğlu Caddesi  No:39 Çankaya / ANKARA", "SOKET_NO": "SKT/33960", "SOKET_TIPI": "AC", "SOKET_TURU": "AC_TYPE2", "SOKET_GUCU_KW": "22" }, "geometry": { "type": "Point", "coordinates": [ 32.810359, 39.897059 ] } },
{ "type": "Feature", "properties": { "ID": 19491.0, "SIRA_NO": 77.0, "ISTASYON_NO": "ŞRJ/13145", "ISTASYON_ADI": "Protokol Plaza", "HIZMET_SEKLI": "HALKA_ACIK", "MARKA": "eşarj", "MARKAADI": "Eşarj", "SARJ_AGI_ISLETMECISI": "EŞARJ ELEKTRİKLİ ARAÇLAR ŞARJ SİSTEMLERİ ANONİM ŞİRKETİ", "YESIL_SARJ_ISTASYONU_MU": "Evet", "ADRES": "Çukurambar Mahallesi Muhsin Yazıcıoğlu Caddesi  No:39 Çankaya / ANKARA", "SOKET_NO": "SKT/33961", "SOKET_TIPI": "AC", "SOKET_TURU": "AC_TYPE2", "SOKET_GUCU_KW": "22" }, "geometry": { "type": "Point", "coordinates": [ 32.810359, 39.897059 ] } },
{ "type": "Feature", "properties": { "ID": 19492.0, "SIRA_NO": 77.0, "ISTASYON_NO": "ŞRJ/13145", "ISTASYON_ADI": "Protokol Plaza", "HIZMET_SEKLI": "HALKA_ACIK", "MARKA": "eşarj", "MARKAADI": "Eşarj", "SARJ_AGI_ISLETMECISI": "EŞARJ ELEKTRİKLİ ARAÇLAR ŞARJ SİSTEMLERİ ANONİM ŞİRKETİ", "YESIL_SARJ_ISTASYONU_MU": "Evet", "ADRES": "Çukurambar Mahallesi Muhsin Yazıcıoğlu Caddesi  No:39 Çankaya / ANKARA", "SOKET_NO": "SKT/33962", "SOKET_TIPI": "AC", "SOKET_TURU": "AC_TYPE2", "SOKET_GUCU_KW": "22" }, "geometry": { "type": "Point", "coordinates": [ 32.810359, 39.897059 ] } },
{ "type": "Feature", "properties": { "ID": 17340.0, "SIRA_NO": 305.0, "ISTASYON_NO": "ŞRJ/7224", "ISTASYON_ADI": "Lodumlu Park", "HIZMET_SEKLI": "HALKA_ACIK", "MARKA": "NEVA ŞARJ", "MARKAADI": "Neva Şarj", "SARJ_AGI_ISLETMECISI": "NEVA İÇ VE DIŞ TİCARET ANONİM ŞİRKETİ", "YESIL_SARJ_ISTASYONU_MU": "", "ADRES": "Beytepe Mahallesi  Lodumlu Park Önü Cep Otopark Çankaya / ANKARA", "SOKET_NO": "SKT/16180", "SOKET_TIPI": "AC", "SOKET_TURU": "AC_TYPE2", "SOKET_GUCU_KW": "22" }, "geometry": { "type": "Point", "coordinates": [ 32.701846, 39.872783 ] } },
{ "type": "Feature", "properties": { "ID": 34540.0, "SIRA_NO": 267.0, "ISTASYON_NO": "ŞRJ/18070", "ISTASYON_ADI": "Gordion AVM", "HIZMET_SEKLI": "HALKA_ACIK", "MARKA": "Trugo", "MARKAADI": "Trugo", "SARJ_AGI_ISLETMECISI": "TRUGO AKILLI ŞARJ ÇÖZÜMLERİ SANAYİ VE TİCARET ANONİM ŞİRKETİ", "YESIL_SARJ_ISTASYONU_MU": "Evet", "ADRES": "Koru Mahallesi Ankaralılar Sokağı  No:204/1 Çankaya / ANKARA", "SOKET_NO": "SKT/49789", "SOKET_TIPI": "DC", "SOKET_TURU": "DC_CCS", "SOKET_GUCU_KW": "60" }, "geometry": { "type": "Point", "coordinates": [ 32.691282, 39.899398 ] } },
{ "type": "Feature", "properties": { "ID": 17572.0, "SIRA_NO": 363.0, "ISTASYON_NO": "ŞRJ/9238", "ISTASYON_ADI": "KENTPARK", "HIZMET_SEKLI": "HALKA_ACIK", "MARKA": "NEVA ŞARJ", "MARKAADI": "Neva Şarj", "SARJ_AGI_ISLETMECISI": "NEVA İÇ VE DIŞ TİCARET ANONİM ŞİRKETİ", "YESIL_SARJ_ISTASYONU_MU": "", "ADRES": "Mustafa Kemal Mahallesi  Kentpark Avm Önü Çankaya / ANKARA", "SOKET_NO": "SKT/21652", "SOKET_TIPI": "DC", "SOKET_TURU": "DC_CCS", "SOKET_GUCU_KW": "120" }, "geometry": { "type": "Point", "coordinates": [ 32.777966, 39.909202 ] } },
{ "type": "Feature", "properties": { "ID": 17341.0, "SIRA_NO": 305.0, "ISTASYON_NO": "ŞRJ/7224", "ISTASYON_ADI": "Lodumlu Park", "HIZMET_SEKLI": "HALKA_ACIK", "MARKA": "NEVA ŞARJ", "MARKAADI": "Neva Şarj", "SARJ_AGI_ISLETMECISI": "NEVA İÇ VE DIŞ TİCARET ANONİM ŞİRKETİ", "YESIL_SARJ_ISTASYONU_MU": "", "ADRES": "Beytepe Mahallesi  Lodumlu Park Önü Cep Otopark Çankaya / ANKARA", "SOKET_NO": "SKT/16181", "SOKET_TIPI": "AC", "SOKET_TURU": "AC_TYPE2", "SOKET_GUCU_KW": "22" }, "geometry": { "type": "Point", "coordinates": [ 32.701846, 39.872783 ] } },
{ "type": "Feature", "properties": { "ID": 17342.0, "SIRA_NO": 306.0, "ISTASYON_NO": "ŞRJ/6992", "ISTASYON_ADI": "ABB Kocatepe Çok Katlı Kapalı Otoparkı", "HIZMET_SEKLI": "HALKA_ACIK", "MARKA": "NEVA ŞARJ", "MARKAADI": "Neva Şarj", "SARJ_AGI_ISLETMECISI": "NEVA İÇ VE DIŞ TİCARET ANONİM ŞİRKETİ", "YESIL_SARJ_ISTASYONU_MU": "", "ADRES": "Kültür Mahallesi Kızılırmak Caddesi  Abb Kocatepe Çok Katlı Kapalı Otopark Çankaya / ANKARA", "SOKET_NO": "SKT/15618", "SOKET_TIPI": "AC", "SOKET_TURU": "AC_TYPE2", "SOKET_GUCU_KW": "22" }, "geometry": { "type": "Point", "coordinates": [ 32.858442, 39.916338 ] } },
{ "type": "Feature", "properties": { "ID": 17343.0, "SIRA_NO": 306.0, "ISTASYON_NO": "ŞRJ/6992", "ISTASYON_ADI": "ABB Kocatepe Çok Katlı Kapalı Otoparkı", "HIZMET_SEKLI": "HALKA_ACIK", "MARKA": "NEVA ŞARJ", "MARKAADI": "Neva Şarj", "SARJ_AGI_ISLETMECISI": "NEVA İÇ VE DIŞ TİCARET ANONİM ŞİRKETİ", "YESIL_SARJ_ISTASYONU_MU": "", "ADRES": "Kültür Mahallesi Kızılırmak Caddesi  Abb Kocatepe Çok Katlı Kapalı Otopark Çankaya / ANKARA", "SOKET_NO": "SKT/15619", "SOKET_TIPI": "AC", "SOKET_TURU": "AC_TYPE2", "SOKET_GUCU_KW": "22" }, "geometry": { "type": "Point", "coordinates": [ 32.858442, 39.916338 ] } },
{ "type": "Feature", "properties": { "ID": 17344.0, "SIRA_NO": 306.0, "ISTASYON_NO": "ŞRJ/6992", "ISTASYON_ADI": "ABB Kocatepe Çok Katlı Kapalı Otoparkı", "HIZMET_SEKLI": "HALKA_ACIK", "MARKA": "NEVA ŞARJ", "MARKAADI": "Neva Şarj", "SARJ_AGI_ISLETMECISI": "NEVA İÇ VE DIŞ TİCARET ANONİM ŞİRKETİ", "YESIL_SARJ_ISTASYONU_MU": "", "ADRES": "Kültür Mahallesi Kızılırmak Caddesi  Abb Kocatepe Çok Katlı Kapalı Otopark Çankaya / ANKARA", "SOKET_NO": "SKT/15620", "SOKET_TIPI": "AC", "SOKET_TURU": "AC_TYPE2", "SOKET_GUCU_KW": "22" }, "geometry": { "type": "Point", "coordinates": [ 32.858442, 39.916338 ] } },
{ "type": "Feature", "properties": { "ID": 34784.0, "SIRA_NO": 379.0, "ISTASYON_NO": "ŞRJ/18155", "ISTASYON_ADI": "ODTÜ Rektörlük", "HIZMET_SEKLI": "OZEL", "MARKA": "wat mobilite", "MARKAADI": "WAT Mobilite", "SARJ_AGI_ISLETMECISI": "WAT MOBİLİTE ÇÖZÜMLERİ TEKNOLOJİ VE TİCARET ANONİM ŞİRKETİ", "YESIL_SARJ_ISTASYONU_MU": "Evet", "ADRES": "Üniversiteler Mahallesi Odtü Rektörlük S Sokağı Çankaya / ANKARA", "SOKET_NO": "SKT/50037", "SOKET_TIPI": "AC", "SOKET_TURU": "AC_TYPE2", "SOKET_GUCU_KW": "22" }, "geometry": { "type": "Point", "coordinates": [ 32.784328, 39.894876 ] } },
{ "type": "Feature", "properties": { "ID": 19493.0, "SIRA_NO": 77.0, "ISTASYON_NO": "ŞRJ/13145", "ISTASYON_ADI": "Protokol Plaza", "HIZMET_SEKLI": "HALKA_ACIK", "MARKA": "eşarj", "MARKAADI": "Eşarj", "SARJ_AGI_ISLETMECISI": "EŞARJ ELEKTRİKLİ ARAÇLAR ŞARJ SİSTEMLERİ ANONİM ŞİRKETİ", "YESIL_SARJ_ISTASYONU_MU": "Evet", "ADRES": "Çukurambar Mahallesi Muhsin Yazıcıoğlu Caddesi  No:39 Çankaya / ANKARA", "SOKET_NO": "SKT/33963", "SOKET_TIPI": "AC", "SOKET_TURU": "AC_TYPE2", "SOKET_GUCU_KW": "22" }, "geometry": { "type": "Point", "coordinates": [ 32.810359, 39.897059 ] } },
{ "type": "Feature", "properties": { "ID": 19494.0, "SIRA_NO": 77.0, "ISTASYON_NO": "ŞRJ/13145", "ISTASYON_ADI": "Protokol Plaza", "HIZMET_SEKLI": "HALKA_ACIK", "MARKA": "eşarj", "MARKAADI": "Eşarj", "SARJ_AGI_ISLETMECISI": "EŞARJ ELEKTRİKLİ ARAÇLAR ŞARJ SİSTEMLERİ ANONİM ŞİRKETİ", "YESIL_SARJ_ISTASYONU_MU": "Evet", "ADRES": "Çukurambar Mahallesi Muhsin Yazıcıoğlu Caddesi  No:39 Çankaya / ANKARA", "SOKET_NO": "SKT/33964", "SOKET_TIPI": "AC", "SOKET_TURU": "AC_TYPE2", "SOKET_GUCU_KW": "22" }, "geometry": { "type": "Point", "coordinates": [ 32.810359, 39.897059 ] } },
{ "type": "Feature", "properties": { "ID": 17463.0, "SIRA_NO": 340.0, "ISTASYON_NO": "ŞRJ/12632", "ISTASYON_ADI": "Neva Kurumsal Otomotiv AC 22 kW", "HIZMET_SEKLI": "HALKA_ACIK", "MARKA": "NEVA ŞARJ", "MARKAADI": "Neva Şarj", "SARJ_AGI_ISLETMECISI": "NEVA İÇ VE DIŞ TİCARET ANONİM ŞİRKETİ", "YESIL_SARJ_ISTASYONU_MU": "", "ADRES": "Birlik Mahallesi 448 Sokağı  No:69/C  Bucak Merkez Çankaya / ANKARA", "SOKET_NO": "SKT/32456", "SOKET_TIPI": "AC", "SOKET_TURU": "AC_TYPE2", "SOKET_GUCU_KW": "22" }, "geometry": { "type": "Point", "coordinates": [ 32.8799, 39.8786 ] } },
{ "type": "Feature", "properties": { "ID": 17470.0, "SIRA_NO": 342.0, "ISTASYON_NO": "ŞRJ/12635", "ISTASYON_ADI": "Koz Oran Toplu Konut Sitesi", "HIZMET_SEKLI": "OZEL", "MARKA": "NEVA ŞARJ", "MARKAADI": "Neva Şarj", "SARJ_AGI_ISLETMECISI": "NEVA İÇ VE DIŞ TİCARET ANONİM ŞİRKETİ", "YESIL_SARJ_ISTASYONU_MU": "", "ADRES": "Yukarı Dikmen Mahallesi 786 Caddesi  No:145 Çankaya / ANKARA", "SOKET_NO": "SKT/32467", "SOKET_TIPI": "AC", "SOKET_TURU": "AC_TYPE2", "SOKET_GUCU_KW": "22" }, "geometry": { "type": "Point", "coordinates": [ 32.840851, 39.858579 ] } },
{ "type": "Feature", "properties": { "ID": 17478.0, "SIRA_NO": 343.0, "ISTASYON_NO": "ŞRJ/13116", "ISTASYON_ADI": "Panora AVM", "HIZMET_SEKLI": "HALKA_ACIK", "MARKA": "NEVA ŞARJ", "MARKAADI": "Neva Şarj", "SARJ_AGI_ISLETMECISI": "NEVA İÇ VE DIŞ TİCARET ANONİM ŞİRKETİ", "YESIL_SARJ_ISTASYONU_MU": "", "ADRES": "Oran Mahallesi Kudüs Caddesi  No:3 Çankaya / ANKARA", "SOKET_NO": "SKT/33832", "SOKET_TIPI": "DC", "SOKET_TURU": "DC_CCS", "SOKET_GUCU_KW": "120" }, "geometry": { "type": "Point", "coordinates": [ 32.833957, 39.848084 ] } },
{ "type": "Feature", "properties": { "ID": 21948.0, "SIRA_NO": 84.0, "ISTASYON_NO": "ŞRJ/7313", "ISTASYON_ADI": "BURONSAN YAŞAMKENT", "HIZMET_SEKLI": "HALKA_ACIK", "MARKA": "Fast-Go", "MARKAADI": "Fast Go", "SARJ_AGI_ISLETMECISI": "YENİ MODEL YAPAY ZEKA VE ROBOTİK TEKNOLOJİ HİZMETLERİ ANONİM ŞİRKETİ", "YESIL_SARJ_ISTASYONU_MU": "", "ADRES": "Yaşamkent Mahallesi 3197 Sokağı  No:8 Çankaya / ANKARA", "SOKET_NO": "SKT/16424", "SOKET_TIPI": "AC", "SOKET_TURU": "AC_TYPE2", "SOKET_GUCU_KW": "22" }, "geometry": { "type": "Point", "coordinates": [ 32.647102, 39.86783 ] } },
{ "type": "Feature", "properties": { "ID": 23626.0, "SIRA_NO": 213.0, "ISTASYON_NO": "ŞRJ/10133", "ISTASYON_ADI": "ATABİLGE AKA KONUTLARI A3/BLOK", "HIZMET_SEKLI": "OZEL", "MARKA": "EPSIS", "MARKAADI": "Epsis", "SARJ_AGI_ISLETMECISI": "FORM ELEKTRİK İNŞAAT MÜHENDİSLİK ANONİM ŞİRKETİ", "YESIL_SARJ_ISTASYONU_MU": "", "ADRES": "Alacaatlı Mahallesi 4841 Sokağı  No:3/C Çankaya / ANKARA", "SOKET_NO": "SKT/24425", "SOKET_TIPI": "AC", "SOKET_TURU": "AC_TYPE2", "SOKET_GUCU_KW": "18" }, "geometry": { "type": "Point", "coordinates": [ 32.696915, 39.830481 ] } },
{ "type": "Feature", "properties": { "ID": 21437.0, "SIRA_NO": 386.0, "ISTASYON_NO": "ŞRJ/8960", "ISTASYON_ADI": "ANKARA TREN GARI DC-1, AC-1, AC-2, AC-3, AC-4", "HIZMET_SEKLI": "HALKA_ACIK", "MARKA": "beefull", "MARKAADI": "Beefull", "SARJ_AGI_ISLETMECISI": "BEEFULL ENERJİ TEKNOLOJİLERİ ANONİM ŞİRKETİ", "YESIL_SARJ_ISTASYONU_MU": "Evet", "ADRES": "Eti Mahallesi  No:78 Çankaya / ANKARA", "SOKET_NO": "SKT/20834", "SOKET_TIPI": "AC", "SOKET_TURU": "AC_TYPE2", "SOKET_GUCU_KW": "22" }, "geometry": { "type": "Point", "coordinates": [ 32.843131, 39.934514 ] } },
{ "type": "Feature", "properties": { "ID": 23625.0, "SIRA_NO": 213.0, "ISTASYON_NO": "ŞRJ/10133", "ISTASYON_ADI": "ATABİLGE AKA KONUTLARI A3/BLOK", "HIZMET_SEKLI": "OZEL", "MARKA": "EPSIS", "MARKAADI": "Epsis", "SARJ_AGI_ISLETMECISI": "FORM ELEKTRİK İNŞAAT MÜHENDİSLİK ANONİM ŞİRKETİ", "YESIL_SARJ_ISTASYONU_MU": "", "ADRES": "Alacaatlı Mahallesi 4841 Sokağı  No:3/C Çankaya / ANKARA", "SOKET_NO": "SKT/24424", "SOKET_TIPI": "AC", "SOKET_TURU": "AC_TYPE2", "SOKET_GUCU_KW": "18" }, "geometry": { "type": "Point", "coordinates": [ 32.696915, 39.830481 ] } },
{ "type": "Feature", "properties": { "ID": 23623.0, "SIRA_NO": 212.0, "ISTASYON_NO": "ŞRJ/10132", "ISTASYON_ADI": "ATABİLGE AKA KONUTLARI A2/BLOK", "HIZMET_SEKLI": "OZEL", "MARKA": "EPSIS", "MARKAADI": "Epsis", "SARJ_AGI_ISLETMECISI": "FORM ELEKTRİK İNŞAAT MÜHENDİSLİK ANONİM ŞİRKETİ", "YESIL_SARJ_ISTASYONU_MU": "", "ADRES": "Alacaatlı Mahallesi 4841 Sokağı  No:3/B Çankaya / ANKARA", "SOKET_NO": "SKT/24422", "SOKET_TIPI": "AC", "SOKET_TURU": "AC_TYPE2", "SOKET_GUCU_KW": "18" }, "geometry": { "type": "Point", "coordinates": [ 32.692629, 39.83136 ] } },
{ "type": "Feature", "properties": { "ID": 21054.0, "SIRA_NO": 242.0, "ISTASYON_NO": "ŞRJ/5689", "ISTASYON_ADI": "WEST GATE A BLOK", "HIZMET_SEKLI": "OZEL", "MARKA": "EVC CHARGE", "MARKAADI": "Evcil Mühendislik", "SARJ_AGI_ISLETMECISI": "EVCİL YATIRIM MÜHENDİSLİK MİMARLIK LİMİTED ŞİRKETİ", "YESIL_SARJ_ISTASYONU_MU": "", "ADRES": "Konutkent Mahallesi 3028 Caddesi  No:2 Çankaya / ANKARA", "SOKET_NO": "SKT/12353", "SOKET_TIPI": "AC", "SOKET_TURU": "AC_TYPE2", "SOKET_GUCU_KW": "22" }, "geometry": { "type": "Point", "coordinates": [ 32.658284, 39.878703 ] } },
{ "type": "Feature", "properties": { "ID": 21056.0, "SIRA_NO": 243.0, "ISTASYON_NO": "ŞRJ/5690", "ISTASYON_ADI": "WEST GATE B BLOK", "HIZMET_SEKLI": "OZEL", "MARKA": "EVC CHARGE", "MARKAADI": "Evcil Mühendislik", "SARJ_AGI_ISLETMECISI": "EVCİL YATIRIM MÜHENDİSLİK MİMARLIK LİMİTED ŞİRKETİ", "YESIL_SARJ_ISTASYONU_MU": "", "ADRES": "Konutkent Mahallesi 3028 Caddesi  No:2 Çankaya / ANKARA", "SOKET_NO": "SKT/12355", "SOKET_TIPI": "AC", "SOKET_TURU": "AC_TYPE2", "SOKET_GUCU_KW": "22" }, "geometry": { "type": "Point", "coordinates": [ 32.657009, 39.878838 ] } },
{ "type": "Feature", "properties": { "ID": 21058.0, "SIRA_NO": 244.0, "ISTASYON_NO": "ŞRJ/5691", "ISTASYON_ADI": "WEST GATE C BLOK", "HIZMET_SEKLI": "OZEL", "MARKA": "EVC CHARGE", "MARKAADI": "Evcil Mühendislik", "SARJ_AGI_ISLETMECISI": "EVCİL YATIRIM MÜHENDİSLİK MİMARLIK LİMİTED ŞİRKETİ", "YESIL_SARJ_ISTASYONU_MU": "", "ADRES": "Konutkent Mahallesi 3028 Caddesi  No:2 Çankaya / ANKARA", "SOKET_NO": "SKT/12357", "SOKET_TIPI": "AC", "SOKET_TURU": "AC_TYPE2", "SOKET_GUCU_KW": "22" }, "geometry": { "type": "Point", "coordinates": [ 32.657597, 39.878452 ] } },
{ "type": "Feature", "properties": { "ID": 21060.0, "SIRA_NO": 245.0, "ISTASYON_NO": "ŞRJ/14344", "ISTASYON_ADI": "CODE YILDIZ", "HIZMET_SEKLI": "OZEL", "MARKA": "EVC CHARGE", "MARKAADI": "Evcil Mühendislik", "SARJ_AGI_ISLETMECISI": "EVCİL YATIRIM MÜHENDİSLİK MİMARLIK LİMİTED ŞİRKETİ", "YESIL_SARJ_ISTASYONU_MU": "", "ADRES": "Hilal Mahallesi Şehit Aytekin Yavuz Caddesi  No:72 Çankaya / ANKARA", "SOKET_NO": "SKT/37773", "SOKET_TIPI": "AC", "SOKET_TURU": "AC_TYPE2", "SOKET_GUCU_KW": "22" }, "geometry": { "type": "Point", "coordinates": [ 32.853342, 39.863694 ] } },
{ "type": "Feature", "properties": { "ID": 18790.0, "SIRA_NO": 346.0, "ISTASYON_NO": "ŞRJ/8632", "ISTASYON_ADI": "Base Life Club, Ankara (2)", "HIZMET_SEKLI": "HALKA_ACIK", "MARKA": "eşarj", "MARKAADI": "Eşarj", "SARJ_AGI_ISLETMECISI": "EŞARJ ELEKTRİKLİ ARAÇLAR ŞARJ SİSTEMLERİ ANONİM ŞİRKETİ", "YESIL_SARJ_ISTASYONU_MU": "Evet", "ADRES": "Çayyolu Mahallesi S.saltoğlu Caddesi  Beysupark Avm Çankaya / ANKARA", "SOKET_NO": "SKT/19876", "SOKET_TIPI": "DC", "SOKET_TURU": "DC_CCS", "SOKET_GUCU_KW": "120" }, "geometry": { "type": "Point", "coordinates": [ 32.704844, 39.876941 ] } },
{ "type": "Feature", "properties": { "ID": 17856.0, "SIRA_NO": 456.0, "ISTASYON_NO": "ŞRJ/111", "ISTASYON_ADI": "Taurus AVM, Ankara", "HIZMET_SEKLI": "HALKA_ACIK", "MARKA": "eşarj", "MARKAADI": "Eşarj", "SARJ_AGI_ISLETMECISI": "EŞARJ ELEKTRİKLİ ARAÇLAR ŞARJ SİSTEMLERİ ANONİM ŞİRKETİ", "YESIL_SARJ_ISTASYONU_MU": "Evet", "ADRES": "Balgat Mahallesi  No:109-b Çankaya / ANKARA", "SOKET_NO": "SKT/222", "SOKET_TIPI": "AC", "SOKET_TURU": "AC_TYPE2", "SOKET_GUCU_KW": "22" }, "geometry": { "type": "Point", "coordinates": [ 32.811733, 39.888345 ] } },
{ "type": "Feature", "properties": { "ID": 21061.0, "SIRA_NO": 245.0, "ISTASYON_NO": "ŞRJ/14344", "ISTASYON_ADI": "CODE YILDIZ", "HIZMET_SEKLI": "OZEL", "MARKA": "EVC CHARGE", "MARKAADI": "Evcil Mühendislik", "SARJ_AGI_ISLETMECISI": "EVCİL YATIRIM MÜHENDİSLİK MİMARLIK LİMİTED ŞİRKETİ", "YESIL_SARJ_ISTASYONU_MU": "", "ADRES": "Hilal Mahallesi Şehit Aytekin Yavuz Caddesi  No:72 Çankaya / ANKARA", "SOKET_NO": "SKT/37774", "SOKET_TIPI": "AC", "SOKET_TURU": "AC_TYPE2", "SOKET_GUCU_KW": "22" }, "geometry": { "type": "Point", "coordinates": [ 32.853342, 39.863694 ] } },
{ "type": "Feature", "properties": { "ID": 21063.0, "SIRA_NO": 246.0, "ISTASYON_NO": "ŞRJ/14342", "ISTASYON_ADI": "BORDO MODERN", "HIZMET_SEKLI": "OZEL", "MARKA": "EVC CHARGE", "MARKAADI": "Evcil Mühendislik", "SARJ_AGI_ISLETMECISI": "EVCİL YATIRIM MÜHENDİSLİK MİMARLIK LİMİTED ŞİRKETİ", "YESIL_SARJ_ISTASYONU_MU": "", "ADRES": "Dodurga Mahallesi 4986 Sokağı  No:8 Çankaya / ANKARA", "SOKET_NO": "SKT/37768", "SOKET_TIPI": "AC", "SOKET_TURU": "AC_TYPE2", "SOKET_GUCU_KW": "22" }, "geometry": { "type": "Point", "coordinates": [ 32.650682, 39.838137 ] } },
{ "type": "Feature", "properties": { "ID": 23570.0, "SIRA_NO": 191.0, "ISTASYON_NO": "ŞRJ/15297", "ISTASYON_ADI": "BESA KARİNA EVLERİ", "HIZMET_SEKLI": "OZEL", "MARKA": "EPSIS", "MARKAADI": "Epsis", "SARJ_AGI_ISLETMECISI": "FORM ELEKTRİK İNŞAAT MÜHENDİSLİK ANONİM ŞİRKETİ", "YESIL_SARJ_ISTASYONU_MU": "", "ADRES": "Yaşamkent Mahallesi 3297 Sokağı  No:2 Çankaya / ANKARA", "SOKET_NO": "SKT/40784", "SOKET_TIPI": "AC", "SOKET_TURU": "AC_TYPE2", "SOKET_GUCU_KW": "22" }, "geometry": { "type": "Point", "coordinates": [ 32.646012, 39.857726 ] } },
{ "type": "Feature", "properties": { "ID": 21153.0, "SIRA_NO": 268.0, "ISTASYON_NO": "ŞRJ/9661", "ISTASYON_ADI": "Sınav Koleji", "HIZMET_SEKLI": "HALKA_ACIK", "MARKA": "AUTOŞARJ", "MARKAADI": "Autoşarj", "SARJ_AGI_ISLETMECISI": "SOLARPARK DANIŞMANLIK TURİZM MÜHENDİSLİK ENERJİ ÜRETİM İNŞAAT İTHALAT İHRACAT SANAYİ VE TİCARET LİMİTED ŞİRKETİ", "YESIL_SARJ_ISTASYONU_MU": "", "ADRES": "Mustafa Kemal Mah Mahallesi Çankaya / ANKARA", "SOKET_NO": "SKT/23073", "SOKET_TIPI": "DC", "SOKET_TURU": "DC_CCS", "SOKET_GUCU_KW": "120" }, "geometry": { "type": "Point", "coordinates": [ 32.739148, 39.910242 ] } },
{ "type": "Feature", "properties": { "ID": 21874.0, "SIRA_NO": 66.0, "ISTASYON_NO": "ŞRJ/6325", "ISTASYON_ADI": "KOZA EVLER", "HIZMET_SEKLI": "HALKA_ACIK", "MARKA": "Fast-Go", "MARKAADI": "Fast Go", "SARJ_AGI_ISLETMECISI": "YENİ MODEL YAPAY ZEKA VE ROBOTİK TEKNOLOJİ HİZMETLERİ ANONİM ŞİRKETİ", "YESIL_SARJ_ISTASYONU_MU": "", "ADRES": "Alacaatlı Mahallesi 3346 Caddesi  Koza Evler Çankaya / ANKARA", "SOKET_NO": "SKT/13790", "SOKET_TIPI": "AC", "SOKET_TURU": "AC_TYPE2", "SOKET_GUCU_KW": "22" }, "geometry": { "type": "Point", "coordinates": [ 32.68472, 39.84881 ] } },
{ "type": "Feature", "properties": { "ID": 21875.0, "SIRA_NO": 66.0, "ISTASYON_NO": "ŞRJ/6325", "ISTASYON_ADI": "KOZA EVLER", "HIZMET_SEKLI": "HALKA_ACIK", "MARKA": "Fast-Go", "MARKAADI": "Fast Go", "SARJ_AGI_ISLETMECISI": "YENİ MODEL YAPAY ZEKA VE ROBOTİK TEKNOLOJİ HİZMETLERİ ANONİM ŞİRKETİ", "YESIL_SARJ_ISTASYONU_MU": "", "ADRES": "Alacaatlı Mahallesi 3346 Caddesi  Koza Evler Çankaya / ANKARA", "SOKET_NO": "SKT/13791", "SOKET_TIPI": "AC", "SOKET_TURU": "AC_TYPE2", "SOKET_GUCU_KW": "22" }, "geometry": { "type": "Point", "coordinates": [ 32.68472, 39.84881 ] } },
{ "type": "Feature", "properties": { "ID": 21876.0, "SIRA_NO": 66.0, "ISTASYON_NO": "ŞRJ/6325", "ISTASYON_ADI": "KOZA EVLER", "HIZMET_SEKLI": "HALKA_ACIK", "MARKA": "Fast-Go", "MARKAADI": "Fast Go", "SARJ_AGI_ISLETMECISI": "YENİ MODEL YAPAY ZEKA VE ROBOTİK TEKNOLOJİ HİZMETLERİ ANONİM ŞİRKETİ", "YESIL_SARJ_ISTASYONU_MU": "", "ADRES": "Alacaatlı Mahallesi 3346 Caddesi  Koza Evler Çankaya / ANKARA", "SOKET_NO": "SKT/13792", "SOKET_TIPI": "AC", "SOKET_TURU": "AC_TYPE2", "SOKET_GUCU_KW": "22" }, "geometry": { "type": "Point", "coordinates": [ 32.68472, 39.84881 ] } },
{ "type": "Feature", "properties": { "ID": 21908.0, "SIRA_NO": 76.0, "ISTASYON_NO": "ŞRJ/11267", "ISTASYON_ADI": "BEYTEPE MANZARA ORMAN", "HIZMET_SEKLI": "HALKA_ACIK", "MARKA": "Fast-Go", "MARKAADI": "Fast Go", "SARJ_AGI_ISLETMECISI": "YENİ MODEL YAPAY ZEKA VE ROBOTİK TEKNOLOJİ HİZMETLERİ ANONİM ŞİRKETİ", "YESIL_SARJ_ISTASYONU_MU": "", "ADRES": "Beytepe Mahallesi 5386 Sokağı  No:2/A-B Çankaya / ANKARA", "SOKET_NO": "SKT/27883", "SOKET_TIPI": "AC", "SOKET_TURU": "AC_TYPE2", "SOKET_GUCU_KW": "22" }, "geometry": { "type": "Point", "coordinates": [ 32.721658, 39.866948 ] } },
{ "type": "Feature", "properties": { "ID": 21909.0, "SIRA_NO": 76.0, "ISTASYON_NO": "ŞRJ/11267", "ISTASYON_ADI": "BEYTEPE MANZARA ORMAN", "HIZMET_SEKLI": "HALKA_ACIK", "MARKA": "Fast-Go", "MARKAADI": "Fast Go", "SARJ_AGI_ISLETMECISI": "YENİ MODEL YAPAY ZEKA VE ROBOTİK TEKNOLOJİ HİZMETLERİ ANONİM ŞİRKETİ", "YESIL_SARJ_ISTASYONU_MU": "", "ADRES": "Beytepe Mahallesi 5386 Sokağı  No:2/A-B Çankaya / ANKARA", "SOKET_NO": "SKT/27884", "SOKET_TIPI": "AC", "SOKET_TURU": "AC_TYPE2", "SOKET_GUCU_KW": "22" }, "geometry": { "type": "Point", "coordinates": [ 32.721658, 39.866948 ] } },
{ "type": "Feature", "properties": { "ID": 18042.0, "SIRA_NO": 38.0, "ISTASYON_NO": "ŞRJ/2337", "ISTASYON_ADI": "Point Hotel, Ankara", "HIZMET_SEKLI": "HALKA_ACIK", "MARKA": "eşarj", "MARKAADI": "Eşarj", "SARJ_AGI_ISLETMECISI": "EŞARJ ELEKTRİKLİ ARAÇLAR ŞARJ SİSTEMLERİ ANONİM ŞİRKETİ", "YESIL_SARJ_ISTASYONU_MU": "Evet", "ADRES": "İşçi Blokları Mahallesi 1495 Sokağı  No:11 Çankaya / ANKARA", "SOKET_NO": "SKT/4303", "SOKET_TIPI": "DC", "SOKET_TURU": "DC_CCS", "SOKET_GUCU_KW": "120" }, "geometry": { "type": "Point", "coordinates": [ 32.80964, 39.895012 ] } },
{ "type": "Feature", "properties": { "ID": 18044.0, "SIRA_NO": 39.0, "ISTASYON_NO": "ŞRJ/2338", "ISTASYON_ADI": "Koluman - Balgat, Ankara (2)", "HIZMET_SEKLI": "HALKA_ACIK", "MARKA": "eşarj", "MARKAADI": "Eşarj", "SARJ_AGI_ISLETMECISI": "EŞARJ ELEKTRİKLİ ARAÇLAR ŞARJ SİSTEMLERİ ANONİM ŞİRKETİ", "YESIL_SARJ_ISTASYONU_MU": "Evet", "ADRES": "Ehlibeyt Mahallesi Mevlana Sokağı  No:199 Çankaya / ANKARA", "SOKET_NO": "SKT/4305", "SOKET_TIPI": "DC", "SOKET_TURU": "DC_CCS", "SOKET_GUCU_KW": "120" }, "geometry": { "type": "Point", "coordinates": [ 32.813344, 39.889515 ] } },
{ "type": "Feature", "properties": { "ID": 21064.0, "SIRA_NO": 246.0, "ISTASYON_NO": "ŞRJ/14342", "ISTASYON_ADI": "BORDO MODERN", "HIZMET_SEKLI": "OZEL", "MARKA": "EVC CHARGE", "MARKAADI": "Evcil Mühendislik", "SARJ_AGI_ISLETMECISI": "EVCİL YATIRIM MÜHENDİSLİK MİMARLIK LİMİTED ŞİRKETİ", "YESIL_SARJ_ISTASYONU_MU": "", "ADRES": "Dodurga Mahallesi 4986 Sokağı  No:8 Çankaya / ANKARA", "SOKET_NO": "SKT/38164", "SOKET_TIPI": "AC", "SOKET_TURU": "AC_TYPE2", "SOKET_GUCU_KW": "22" }, "geometry": { "type": "Point", "coordinates": [ 32.650682, 39.838137 ] } },
{ "type": "Feature", "properties": { "ID": 17497.0, "SIRA_NO": 347.0, "ISTASYON_NO": "ŞRJ/13611", "ISTASYON_ADI": "Park Vadi Evleri", "HIZMET_SEKLI": "OZEL", "MARKA": "NEVA ŞARJ", "MARKAADI": "Neva Şarj", "SARJ_AGI_ISLETMECISI": "NEVA İÇ VE DIŞ TİCARET ANONİM ŞİRKETİ", "YESIL_SARJ_ISTASYONU_MU": "", "ADRES": "Güzeltepe Mahallesi Hoşdere Caddesi  No:747/3 Çankaya / ANKARA", "SOKET_NO": "SKT/35410", "SOKET_TIPI": "AC", "SOKET_TURU": "AC_TYPE2", "SOKET_GUCU_KW": "22" }, "geometry": { "type": "Point", "coordinates": [ 32.846944, 39.884782 ] } },
{ "type": "Feature", "properties": { "ID": 18048.0, "SIRA_NO": 41.0, "ISTASYON_NO": "ŞRJ/2340", "ISTASYON_ADI": "Hilton, Ankara", "HIZMET_SEKLI": "HALKA_ACIK", "MARKA": "eşarj", "MARKAADI": "Eşarj", "SARJ_AGI_ISLETMECISI": "EŞARJ ELEKTRİKLİ ARAÇLAR ŞARJ SİSTEMLERİ ANONİM ŞİRKETİ", "YESIL_SARJ_ISTASYONU_MU": "Evet", "ADRES": "Kavaklıdere Mahallesi Tahran Sokağı  No:12 Çankaya / ANKARA", "SOKET_NO": "SKT/4309", "SOKET_TIPI": "DC", "SOKET_TURU": "DC_CCS", "SOKET_GUCU_KW": "120" }, "geometry": { "type": "Point", "coordinates": [ 32.864289, 39.902004 ] } },
{ "type": "Feature", "properties": { "ID": 17640.0, "SIRA_NO": 379.0, "ISTASYON_NO": "ŞRJ/17068", "ISTASYON_ADI": "Nişantaşı Pazarı", "HIZMET_SEKLI": "HALKA_ACIK", "MARKA": "NEVA ŞARJ", "MARKAADI": "Neva Şarj", "SARJ_AGI_ISLETMECISI": "NEVA İÇ VE DIŞ TİCARET ANONİM ŞİRKETİ", "YESIL_SARJ_ISTASYONU_MU": "", "ADRES": "Yıldızevler Mahallesi  No:4 Çankaya / ANKARA", "SOKET_NO": "SKT/46450", "SOKET_TIPI": "DC", "SOKET_TURU": "DC_CCS", "SOKET_GUCU_KW": "240" }, "geometry": { "type": "Point", "coordinates": [ 32.863882, 39.877373 ] } },
{ "type": "Feature", "properties": { "ID": 19149.0, "SIRA_NO": 472.0, "ISTASYON_NO": "ŞRJ/110", "ISTASYON_ADI": "Base Life Club, Ankara", "HIZMET_SEKLI": "HALKA_ACIK", "MARKA": "eşarj", "MARKAADI": "Eşarj", "SARJ_AGI_ISLETMECISI": "EŞARJ ELEKTRİKLİ ARAÇLAR ŞARJ SİSTEMLERİ ANONİM ŞİRKETİ", "YESIL_SARJ_ISTASYONU_MU": "Evet", "ADRES": "Çayyolu Mahallesi Angora Caddesi  No:209/10 Çankaya / ANKARA", "SOKET_NO": "SKT/221", "SOKET_TIPI": "AC", "SOKET_TURU": "AC_TYPE2", "SOKET_GUCU_KW": "22" }, "geometry": { "type": "Point", "coordinates": [ 32.704817, 39.876959 ] } },
{ "type": "Feature", "properties": { "ID": 23418.0, "SIRA_NO": 117.0, "ISTASYON_NO": "ŞRJ/8095", "ISTASYON_ADI": "RENAPARK", "HIZMET_SEKLI": "OZEL", "MARKA": "EPSIS", "MARKAADI": "Epsis", "SARJ_AGI_ISLETMECISI": "FORM ELEKTRİK İNŞAAT MÜHENDİSLİK ANONİM ŞİRKETİ", "YESIL_SARJ_ISTASYONU_MU": "", "ADRES": "Beytepe Mahallesi Selçuklu Caddesi  No:4 Çankaya / ANKARA", "SOKET_NO": "SKT/30675", "SOKET_TIPI": "AC", "SOKET_TURU": "AC_TYPE2", "SOKET_GUCU_KW": "22" }, "geometry": { "type": "Point", "coordinates": [ 32.709988, 39.853079 ] } },
{ "type": "Feature", "properties": { "ID": 17346.0, "SIRA_NO": 306.0, "ISTASYON_NO": "ŞRJ/6992", "ISTASYON_ADI": "ABB Kocatepe Çok Katlı Kapalı Otoparkı", "HIZMET_SEKLI": "HALKA_ACIK", "MARKA": "NEVA ŞARJ", "MARKAADI": "Neva Şarj", "SARJ_AGI_ISLETMECISI": "NEVA İÇ VE DIŞ TİCARET ANONİM ŞİRKETİ", "YESIL_SARJ_ISTASYONU_MU": "", "ADRES": "Kültür Mahallesi Kızılırmak Caddesi  Abb Kocatepe Çok Katlı Kapalı Otopark Çankaya / ANKARA", "SOKET_NO": "SKT/15622", "SOKET_TIPI": "AC", "SOKET_TURU": "AC_TYPE2", "SOKET_GUCU_KW": "22" }, "geometry": { "type": "Point", "coordinates": [ 32.858442, 39.916338 ] } },
{ "type": "Feature", "properties": { "ID": 35774.0, "SIRA_NO": 226.0, "ISTASYON_NO": "ŞRJ/18474", "ISTASYON_ADI": "EKAKNTSLDNSMANK-1", "HIZMET_SEKLI": "OZEL", "MARKA": "EKA -EMLAK KONUT ASANSÖR SİSTEMLERİ SAN. VE TİC. A.Ş.- EMLAK KONUT GYO A.Ş. KURULUŞUDUR", "MARKAADI": "Eka Enerji", "SARJ_AGI_ISLETMECISI": "EMLAK KONUT ASANSÖR SİSTEMLERİ SANAYİ VE TİCARET ANONİM ŞİRKETİ", "YESIL_SARJ_ISTASYONU_MU": "", "ADRES": "İşçi Blokları Mahallesi Muhsin Yazıcıoğlu Sokağı  No:51B Çankaya / ANKARA", "SOKET_NO": "SKT/51133", "SOKET_TIPI": "AC", "SOKET_TURU": "AC_TYPE2", "SOKET_GUCU_KW": "22" }, "geometry": { "type": "Point", "coordinates": [ 32.811033, 39.892968 ] } },
{ "type": "Feature", "properties": { "ID": 17866.0, "SIRA_NO": 462.0, "ISTASYON_NO": "ŞRJ/119", "ISTASYON_ADI": "Armada AVM, Ankara", "HIZMET_SEKLI": "HALKA_ACIK", "MARKA": "eşarj", "MARKAADI": "Eşarj", "SARJ_AGI_ISLETMECISI": "EŞARJ ELEKTRİKLİ ARAÇLAR ŞARJ SİSTEMLERİ ANONİM ŞİRKETİ", "YESIL_SARJ_ISTASYONU_MU": "Evet", "ADRES": "Beştepe Mahallesi  No:6 Yenimahalle / ANKARA", "SOKET_NO": "SKT/235", "SOKET_TIPI": "AC", "SOKET_TURU": "AC_TYPE2", "SOKET_GUCU_KW": "22" }, "geometry": { "type": "Point", "coordinates": [ 32.814092, 39.909271 ] } },
{ "type": "Feature", "properties": { "ID": 17877.0, "SIRA_NO": 467.0, "ISTASYON_NO": "ŞRJ/126", "ISTASYON_ADI": "Koluman - Balgat, Ankara", "HIZMET_SEKLI": "HALKA_ACIK", "MARKA": "eşarj", "MARKAADI": "Eşarj", "SARJ_AGI_ISLETMECISI": "EŞARJ ELEKTRİKLİ ARAÇLAR ŞARJ SİSTEMLERİ ANONİM ŞİRKETİ", "YESIL_SARJ_ISTASYONU_MU": "Evet", "ADRES": "Ehlibeyt Mahallesi  No:199/a Çankaya / ANKARA", "SOKET_NO": "SKT/249", "SOKET_TIPI": "DC", "SOKET_TURU": "DC_CHADEMO", "SOKET_GUCU_KW": "50" }, "geometry": { "type": "Point", "coordinates": [ 32.81336, 39.889597 ] } },
{ "type": "Feature", "properties": { "ID": 21354.0, "SIRA_NO": 363.0, "ISTASYON_NO": "ŞRJ/6583", "ISTASYON_ADI": "CONGRESİUM AC-1, CONGRESİUM AC-2 ve CONGRESİUM AC-3", "HIZMET_SEKLI": "HALKA_ACIK", "MARKA": "beefull", "MARKAADI": "Beefull", "SARJ_AGI_ISLETMECISI": "BEEFULL ENERJİ TEKNOLOJİLERİ ANONİM ŞİRKETİ", "YESIL_SARJ_ISTASYONU_MU": "Evet", "ADRES": "Söğütözü Mahallesi Söğütözü Caddesi  No:1 Çankaya / ANKARA", "SOKET_NO": "SKT/14462", "SOKET_TIPI": "AC", "SOKET_TURU": "AC_TYPE2", "SOKET_GUCU_KW": "22" }, "geometry": { "type": "Point", "coordinates": [ 32.803493, 39.911472 ] } },
{ "type": "Feature", "properties": { "ID": 23569.0, "SIRA_NO": 191.0, "ISTASYON_NO": "ŞRJ/15297", "ISTASYON_ADI": "BESA KARİNA EVLERİ", "HIZMET_SEKLI": "OZEL", "MARKA": "EPSIS", "MARKAADI": "Epsis", "SARJ_AGI_ISLETMECISI": "FORM ELEKTRİK İNŞAAT MÜHENDİSLİK ANONİM ŞİRKETİ", "YESIL_SARJ_ISTASYONU_MU": "", "ADRES": "Yaşamkent Mahallesi 3297 Sokağı  No:2 Çankaya / ANKARA", "SOKET_NO": "SKT/40783", "SOKET_TIPI": "AC", "SOKET_TURU": "AC_TYPE2", "SOKET_GUCU_KW": "30" }, "geometry": { "type": "Point", "coordinates": [ 32.646012, 39.857726 ] } },
{ "type": "Feature", "properties": { "ID": 19992.0, "SIRA_NO": 256.0, "ISTASYON_NO": "ŞRJ/116", "ISTASYON_ADI": "Cepa Ofis, Çankaya", "HIZMET_SEKLI": "HALKA_ACIK", "MARKA": "eşarj", "MARKAADI": "Eşarj", "SARJ_AGI_ISLETMECISI": "EŞARJ ELEKTRİKLİ ARAÇLAR ŞARJ SİSTEMLERİ ANONİM ŞİRKETİ", "YESIL_SARJ_ISTASYONU_MU": "Evet", "ADRES": "Mustafa Kemal Mahallesi 2123 Caddesi Çankaya / ANKARA", "SOKET_NO": "SKT/25284", "SOKET_TIPI": "DC", "SOKET_TURU": "DC_CCS", "SOKET_GUCU_KW": "120" }, "geometry": { "type": "Point", "coordinates": [ 32.77854, 39.910527 ] } },
{ "type": "Feature", "properties": { "ID": 19993.0, "SIRA_NO": 256.0, "ISTASYON_NO": "ŞRJ/116", "ISTASYON_ADI": "Cepa Ofis, Çankaya", "HIZMET_SEKLI": "HALKA_ACIK", "MARKA": "eşarj", "MARKAADI": "Eşarj", "SARJ_AGI_ISLETMECISI": "EŞARJ ELEKTRİKLİ ARAÇLAR ŞARJ SİSTEMLERİ ANONİM ŞİRKETİ", "YESIL_SARJ_ISTASYONU_MU": "Evet", "ADRES": "Mustafa Kemal Mahallesi 2123 Caddesi Çankaya / ANKARA", "SOKET_NO": "SKT/44431", "SOKET_TIPI": "AC", "SOKET_TURU": "AC_TYPE2", "SOKET_GUCU_KW": "22" }, "geometry": { "type": "Point", "coordinates": [ 32.77854, 39.910527 ] } },
{ "type": "Feature", "properties": { "ID": 21849.0, "SIRA_NO": 58.0, "ISTASYON_NO": "ŞRJ/4506", "ISTASYON_ADI": "ONE TOWER AVM", "HIZMET_SEKLI": "HALKA_ACIK", "MARKA": "Fast-Go", "MARKAADI": "Fast Go", "SARJ_AGI_ISLETMECISI": "YENİ MODEL YAPAY ZEKA VE ROBOTİK TEKNOLOJİ HİZMETLERİ ANONİM ŞİRKETİ", "YESIL_SARJ_ISTASYONU_MU": "", "ADRES": "Oran Mahallesi Kudüs Sokağı  No:6 Çankaya / ANKARA", "SOKET_NO": "SKT/9739", "SOKET_TIPI": "AC", "SOKET_TURU": "AC_TYPE2", "SOKET_GUCU_KW": "22" }, "geometry": { "type": "Point", "coordinates": [ 32.832858, 39.846463 ] } },
{ "type": "Feature", "properties": { "ID": 17592.0, "SIRA_NO": 365.0, "ISTASYON_NO": "ŞRJ/15501", "ISTASYON_ADI": "AK-HAN İş merkezi", "HIZMET_SEKLI": "HALKA_ACIK", "MARKA": "NEVA ŞARJ", "MARKAADI": "Neva Şarj", "SARJ_AGI_ISLETMECISI": "NEVA İÇ VE DIŞ TİCARET ANONİM ŞİRKETİ", "YESIL_SARJ_ISTASYONU_MU": "", "ADRES": "Eti Mahallesi Ali Suavi Sokağı  No:23 Çankaya / ANKARA", "SOKET_NO": "SKT/41390", "SOKET_TIPI": "AC", "SOKET_TURU": "AC_TYPE2", "SOKET_GUCU_KW": "22" }, "geometry": { "type": "Point", "coordinates": [ 32.847112, 39.928539 ] } },
{ "type": "Feature", "properties": { "ID": 18117.0, "SIRA_NO": 68.0, "ISTASYON_NO": "ŞRJ/2523", "ISTASYON_ADI": "The Green Park Hotel, Ankara", "HIZMET_SEKLI": "HALKA_ACIK", "MARKA": "eşarj", "MARKAADI": "Eşarj", "SARJ_AGI_ISLETMECISI": "EŞARJ ELEKTRİKLİ ARAÇLAR ŞARJ SİSTEMLERİ ANONİM ŞİRKETİ", "YESIL_SARJ_ISTASYONU_MU": "Evet", "ADRES": "Kızılırmak Mahallesi 1443 Caddesi  No:39 Çankaya / ANKARA", "SOKET_NO": "SKT/4773", "SOKET_TIPI": "DC", "SOKET_TURU": "DC_CCS", "SOKET_GUCU_KW": "120" }, "geometry": { "type": "Point", "coordinates": [ 32.812329, 39.903159 ] } },
{ "type": "Feature", "properties": { "ID": 18118.0, "SIRA_NO": 68.0, "ISTASYON_NO": "ŞRJ/2523", "ISTASYON_ADI": "The Green Park Hotel, Ankara", "HIZMET_SEKLI": "HALKA_ACIK", "MARKA": "eşarj", "MARKAADI": "Eşarj", "SARJ_AGI_ISLETMECISI": "EŞARJ ELEKTRİKLİ ARAÇLAR ŞARJ SİSTEMLERİ ANONİM ŞİRKETİ", "YESIL_SARJ_ISTASYONU_MU": "Evet", "ADRES": "Kızılırmak Mahallesi 1443 Caddesi  No:39 Çankaya / ANKARA", "SOKET_NO": "SKT/4774", "SOKET_TIPI": "DC", "SOKET_TURU": "DC_CCS", "SOKET_GUCU_KW": "120" }, "geometry": { "type": "Point", "coordinates": [ 32.812329, 39.903159 ] } },
{ "type": "Feature", "properties": { "ID": 18119.0, "SIRA_NO": 68.0, "ISTASYON_NO": "ŞRJ/2523", "ISTASYON_ADI": "The Green Park Hotel, Ankara", "HIZMET_SEKLI": "HALKA_ACIK", "MARKA": "eşarj", "MARKAADI": "Eşarj", "SARJ_AGI_ISLETMECISI": "EŞARJ ELEKTRİKLİ ARAÇLAR ŞARJ SİSTEMLERİ ANONİM ŞİRKETİ", "YESIL_SARJ_ISTASYONU_MU": "Evet", "ADRES": "Kızılırmak Mahallesi 1443 Caddesi  No:39 Çankaya / ANKARA", "SOKET_NO": "SKT/4775", "SOKET_TIPI": "DC", "SOKET_TURU": "DC_CCS", "SOKET_GUCU_KW": "120" }, "geometry": { "type": "Point", "coordinates": [ 32.812329, 39.903159 ] } },
{ "type": "Feature", "properties": { "ID": 22053.0, "SIRA_NO": 113.0, "ISTASYON_NO": "ŞRJ/11768", "ISTASYON_ADI": "ATASAYANLAR A BLOK", "HIZMET_SEKLI": "OZEL", "MARKA": "TORA", "MARKAADI": "Tora", "SARJ_AGI_ISLETMECISI": "TORA TEKNİK HİZMETLER İŞLETME ANONİM ŞİRKETİ", "YESIL_SARJ_ISTASYONU_MU": "", "ADRES": "Alacaatlı Mahallesi 5060 Sokağı  No:4 A Çankaya / ANKARA", "SOKET_NO": "SKT/29580", "SOKET_TIPI": "AC", "SOKET_TURU": "AC_TYPE2", "SOKET_GUCU_KW": "22" }, "geometry": { "type": "Point", "coordinates": [ 32.651874, 39.848376 ] } },
{ "type": "Feature", "properties": { "ID": 22055.0, "SIRA_NO": 114.0, "ISTASYON_NO": "ŞRJ/11770", "ISTASYON_ADI": "ATASAYANLAR B BLOK", "HIZMET_SEKLI": "OZEL", "MARKA": "TORA", "MARKAADI": "Tora", "SARJ_AGI_ISLETMECISI": "TORA TEKNİK HİZMETLER İŞLETME ANONİM ŞİRKETİ", "YESIL_SARJ_ISTASYONU_MU": "", "ADRES": "Alacaatlı Mahallesi 5060 Sokağı  No:4 B Çankaya / ANKARA", "SOKET_NO": "SKT/29583", "SOKET_TIPI": "AC", "SOKET_TURU": "AC_TYPE2", "SOKET_GUCU_KW": "22" }, "geometry": { "type": "Point", "coordinates": [ 32.651383, 39.848351 ] } },
{ "type": "Feature", "properties": { "ID": 23337.0, "SIRA_NO": 63.0, "ISTASYON_NO": "ŞRJ/2883", "ISTASYON_ADI": "OCCIDENTAL HOTEL", "HIZMET_SEKLI": "HALKA_ACIK", "MARKA": "EPSIS", "MARKAADI": "Epsis", "SARJ_AGI_ISLETMECISI": "FORM ELEKTRİK İNŞAAT MÜHENDİSLİK ANONİM ŞİRKETİ", "YESIL_SARJ_ISTASYONU_MU": "", "ADRES": "Barbaros Mah. Mahallesi Güniz Sokağı  No:42 Çankaya / ANKARA", "SOKET_NO": "SKT/5580", "SOKET_TIPI": "AC", "SOKET_TURU": "AC_TYPE2", "SOKET_GUCU_KW": "22" }, "geometry": { "type": "Point", "coordinates": [ 32.862028, 39.902646 ] } },
{ "type": "Feature", "properties": { "ID": 21850.0, "SIRA_NO": 58.0, "ISTASYON_NO": "ŞRJ/4506", "ISTASYON_ADI": "ONE TOWER AVM", "HIZMET_SEKLI": "HALKA_ACIK", "MARKA": "Fast-Go", "MARKAADI": "Fast Go", "SARJ_AGI_ISLETMECISI": "YENİ MODEL YAPAY ZEKA VE ROBOTİK TEKNOLOJİ HİZMETLERİ ANONİM ŞİRKETİ", "YESIL_SARJ_ISTASYONU_MU": "", "ADRES": "Oran Mahallesi Kudüs Sokağı  No:6 Çankaya / ANKARA", "SOKET_NO": "SKT/9740", "SOKET_TIPI": "AC", "SOKET_TURU": "AC_TYPE2", "SOKET_GUCU_KW": "22" }, "geometry": { "type": "Point", "coordinates": [ 32.832858, 39.846463 ] } },
{ "type": "Feature", "properties": { "ID": 17524.0, "SIRA_NO": 351.0, "ISTASYON_NO": "ŞRJ/14071", "ISTASYON_ADI": "Park Vadi Evleri C Blok", "HIZMET_SEKLI": "OZEL", "MARKA": "NEVA ŞARJ", "MARKAADI": "Neva Şarj", "SARJ_AGI_ISLETMECISI": "NEVA İÇ VE DIŞ TİCARET ANONİM ŞİRKETİ", "YESIL_SARJ_ISTASYONU_MU": "", "ADRES": "Güzeltepe Mahallesi Hoşdere Caddesi 747 Sokağı  Park Vadi Evleri C Blok Çankaya / ANKARA", "SOKET_NO": "SKT/36953", "SOKET_TIPI": "AC", "SOKET_TURU": "AC_TYPE2", "SOKET_GUCU_KW": "22" }, "geometry": { "type": "Point", "coordinates": [ 32.84674, 39.883269 ] } },
{ "type": "Feature", "properties": { "ID": 23438.0, "SIRA_NO": 122.0, "ISTASYON_NO": "ŞRJ/12545", "ISTASYON_ADI": "KUVARS KULE", "HIZMET_SEKLI": "OZEL", "MARKA": "EPSIS", "MARKAADI": "Epsis", "SARJ_AGI_ISLETMECISI": "FORM ELEKTRİK İNŞAAT MÜHENDİSLİK ANONİM ŞİRKETİ", "YESIL_SARJ_ISTASYONU_MU": "", "ADRES": "Bağcılar Mahallesi Mercan Sokağı  No:3 Çankaya / ANKARA", "SOKET_NO": "SKT/32175", "SOKET_TIPI": "DC", "SOKET_TURU": "DC_CCS", "SOKET_GUCU_KW": "30" }, "geometry": { "type": "Point", "coordinates": [ 32.881432, 39.895843 ] } },
{ "type": "Feature", "properties": { "ID": 17390.0, "SIRA_NO": 321.0, "ISTASYON_NO": "ŞRJ/2471", "ISTASYON_ADI": "NEXT LEVEL AVM OFİS", "HIZMET_SEKLI": "OZEL", "MARKA": "NEVA ŞARJ", "MARKAADI": "Neva Şarj", "SARJ_AGI_ISLETMECISI": "NEVA İÇ VE DIŞ TİCARET ANONİM ŞİRKETİ", "YESIL_SARJ_ISTASYONU_MU": "", "ADRES": "Kızılırmak Mahallesi  No:3 /C1 Çankaya / ANKARA", "SOKET_NO": "SKT/4638", "SOKET_TIPI": "AC", "SOKET_TURU": "AC_TYPE2", "SOKET_GUCU_KW": "22" }, "geometry": { "type": "Point", "coordinates": [ 32.811876, 39.911564 ] } },
{ "type": "Feature", "properties": { "ID": 17392.0, "SIRA_NO": 322.0, "ISTASYON_NO": "ŞRJ/2470", "ISTASYON_ADI": "NEXT LEVEL AVM OFİS", "HIZMET_SEKLI": "HALKA_ACIK", "MARKA": "NEVA ŞARJ", "MARKAADI": "Neva Şarj", "SARJ_AGI_ISLETMECISI": "NEVA İÇ VE DIŞ TİCARET ANONİM ŞİRKETİ", "YESIL_SARJ_ISTASYONU_MU": "", "ADRES": "Kızılırmak Mahallesi  No:3 /C1 Çankaya / ANKARA", "SOKET_NO": "SKT/4639", "SOKET_TIPI": "DC", "SOKET_TURU": "DC_CCS", "SOKET_GUCU_KW": "120" }, "geometry": { "type": "Point", "coordinates": [ 32.81204, 39.911494 ] } },
{ "type": "Feature", "properties": { "ID": 17393.0, "SIRA_NO": 322.0, "ISTASYON_NO": "ŞRJ/2470", "ISTASYON_ADI": "NEXT LEVEL AVM OFİS", "HIZMET_SEKLI": "HALKA_ACIK", "MARKA": "NEVA ŞARJ", "MARKAADI": "Neva Şarj", "SARJ_AGI_ISLETMECISI": "NEVA İÇ VE DIŞ TİCARET ANONİM ŞİRKETİ", "YESIL_SARJ_ISTASYONU_MU": "", "ADRES": "Kızılırmak Mahallesi  No:3 /C1 Çankaya / ANKARA", "SOKET_NO": "SKT/4640", "SOKET_TIPI": "AC", "SOKET_TURU": "AC_TYPE2", "SOKET_GUCU_KW": "22" }, "geometry": { "type": "Point", "coordinates": [ 32.81204, 39.911494 ] } },
{ "type": "Feature", "properties": { "ID": 21941.0, "SIRA_NO": 82.0, "ISTASYON_NO": "ŞRJ/13610", "ISTASYON_ADI": "BAŞKENT ÜNİVERSİTESİ HASTANESİ", "HIZMET_SEKLI": "HALKA_ACIK", "MARKA": "Fast-Go", "MARKAADI": "Fast Go", "SARJ_AGI_ISLETMECISI": "YENİ MODEL YAPAY ZEKA VE ROBOTİK TEKNOLOJİ HİZMETLERİ ANONİM ŞİRKETİ", "YESIL_SARJ_ISTASYONU_MU": "", "ADRES": "Yukarı Bahçelievler Mahallesi 82 Sokağı  No:26 Çankaya / ANKARA", "SOKET_NO": "SKT/35405", "SOKET_TIPI": "AC", "SOKET_TURU": "AC_TYPE2", "SOKET_GUCU_KW": "22" }, "geometry": { "type": "Point", "coordinates": [ 32.831909, 39.925324 ] } },
{ "type": "Feature", "properties": { "ID": 20943.0, "SIRA_NO": 205.0, "ISTASYON_NO": "ŞRJ/3760", "ISTASYON_ADI": "Ankara Tunus Caddesi Otopark", "HIZMET_SEKLI": "HALKA_ACIK", "MARKA": "PLECO advertise.charge.", "MARKAADI": "Pleco", "SARJ_AGI_ISLETMECISI": "ÖZKA ENERJİ YATIRIMLARI ANONİM ŞİRKETİ", "YESIL_SARJ_ISTASYONU_MU": "", "ADRES": "Kavaklıdere Mahallesi Tunus Cad. Caddesi  No:30 Çankaya / ANKARA", "SOKET_NO": "SKT/7845", "SOKET_TIPI": "AC", "SOKET_TURU": "AC_TYPE2", "SOKET_GUCU_KW": "22" }, "geometry": { "type": "Point", "coordinates": [ 32.857011, 39.90994 ] } },
{ "type": "Feature", "properties": { "ID": 19886.0, "SIRA_NO": 211.0, "ISTASYON_NO": "ŞRJ/15898", "ISTASYON_ADI": "Besa Kule İş Merkezi, Ankara", "HIZMET_SEKLI": "HALKA_ACIK", "MARKA": "eşarj", "MARKAADI": "Eşarj", "SARJ_AGI_ISLETMECISI": "EŞARJ ELEKTRİKLİ ARAÇLAR ŞARJ SİSTEMLERİ ANONİM ŞİRKETİ", "YESIL_SARJ_ISTASYONU_MU": "Evet", "ADRES": "Çukurambar Mahallesi 1480 Caddesi  No:2/B Çankaya / ANKARA", "SOKET_NO": "SKT/42662", "SOKET_TIPI": "DC", "SOKET_TURU": "DC_CCS", "SOKET_GUCU_KW": "120" }, "geometry": { "type": "Point", "coordinates": [ 32.804511, 39.909247 ] } },
{ "type": "Feature", "properties": { "ID": 17594.0, "SIRA_NO": 367.0, "ISTASYON_NO": "ŞRJ/15593", "ISTASYON_ADI": "PARK VADİ E2 BLOK", "HIZMET_SEKLI": "OZEL", "MARKA": "NEVA ŞARJ", "MARKAADI": "Neva Şarj", "SARJ_AGI_ISLETMECISI": "NEVA İÇ VE DIŞ TİCARET ANONİM ŞİRKETİ", "YESIL_SARJ_ISTASYONU_MU": "", "ADRES": "İlkadım Mahallesi 747 Sokağı  No:38 Çankaya / ANKARA", "SOKET_NO": "SKT/41651", "SOKET_TIPI": "AC", "SOKET_TURU": "AC_TYPE2", "SOKET_GUCU_KW": "22" }, "geometry": { "type": "Point", "coordinates": [ 32.849406, 39.876646 ] } },
{ "type": "Feature", "properties": { "ID": 17596.0, "SIRA_NO": 368.0, "ISTASYON_NO": "ŞRJ/13244", "ISTASYON_ADI": "Tavacı Recep Usta Dikmen", "HIZMET_SEKLI": "HALKA_ACIK", "MARKA": "NEVA ŞARJ", "MARKAADI": "Neva Şarj", "SARJ_AGI_ISLETMECISI": "NEVA İÇ VE DIŞ TİCARET ANONİM ŞİRKETİ", "YESIL_SARJ_ISTASYONU_MU": "", "ADRES": "Güzeltepe Mahallesi  No:2  Dikmen Vadisi 3.etap Çankaya / ANKARA", "SOKET_NO": "SKT/34423", "SOKET_TIPI": "AC", "SOKET_TURU": "AC_TYPE2", "SOKET_GUCU_KW": "22" }, "geometry": { "type": "Point", "coordinates": [ 32.845959, 39.87929 ] } },
{ "type": "Feature", "properties": { "ID": 17609.0, "SIRA_NO": 371.0, "ISTASYON_NO": "ŞRJ/16117", "ISTASYON_ADI": "BULVAR BEYTEPE", "HIZMET_SEKLI": "HALKA_ACIK", "MARKA": "NEVA ŞARJ", "MARKAADI": "Neva Şarj", "SARJ_AGI_ISLETMECISI": "NEVA İÇ VE DIŞ TİCARET ANONİM ŞİRKETİ", "YESIL_SARJ_ISTASYONU_MU": "", "ADRES": "Mutlukent Mahallesi Pınar Caddesi  No:14 Çankaya / ANKARA", "SOKET_NO": "SKT/43552", "SOKET_TIPI": "DC", "SOKET_TURU": "DC_CCS", "SOKET_GUCU_KW": "120" }, "geometry": { "type": "Point", "coordinates": [ 32.710917, 39.887138 ] } },
{ "type": "Feature", "properties": { "ID": 18804.0, "SIRA_NO": 350.0, "ISTASYON_NO": "ŞRJ/8971", "ISTASYON_ADI": "Bilkent Otel ve Konferans Merkezi, Çankaya", "HIZMET_SEKLI": "HALKA_ACIK", "MARKA": "eşarj", "MARKAADI": "Eşarj", "SARJ_AGI_ISLETMECISI": "EŞARJ ELEKTRİKLİ ARAÇLAR ŞARJ SİSTEMLERİ ANONİM ŞİRKETİ", "YESIL_SARJ_ISTASYONU_MU": "Evet", "ADRES": "Üniversiteler Mahallesi  No:6 Çankaya / ANKARA", "SOKET_NO": "SKT/20872", "SOKET_TIPI": "DC", "SOKET_TURU": "DC_CCS", "SOKET_GUCU_KW": "180" }, "geometry": { "type": "Point", "coordinates": [ 32.7627, 39.8751 ] } },
{ "type": "Feature", "properties": { "ID": 21906.0, "SIRA_NO": 76.0, "ISTASYON_NO": "ŞRJ/11267", "ISTASYON_ADI": "BEYTEPE MANZARA ORMAN", "HIZMET_SEKLI": "HALKA_ACIK", "MARKA": "Fast-Go", "MARKAADI": "Fast Go", "SARJ_AGI_ISLETMECISI": "YENİ MODEL YAPAY ZEKA VE ROBOTİK TEKNOLOJİ HİZMETLERİ ANONİM ŞİRKETİ", "YESIL_SARJ_ISTASYONU_MU": "", "ADRES": "Beytepe Mahallesi 5386 Sokağı  No:2/A-B Çankaya / ANKARA", "SOKET_NO": "SKT/27881", "SOKET_TIPI": "AC", "SOKET_TURU": "AC_TYPE2", "SOKET_GUCU_KW": "11" }, "geometry": { "type": "Point", "coordinates": [ 32.721658, 39.866948 ] } },
{ "type": "Feature", "properties": { "ID": 18120.0, "SIRA_NO": 68.0, "ISTASYON_NO": "ŞRJ/2523", "ISTASYON_ADI": "The Green Park Hotel, Ankara", "HIZMET_SEKLI": "HALKA_ACIK", "MARKA": "eşarj", "MARKAADI": "Eşarj", "SARJ_AGI_ISLETMECISI": "EŞARJ ELEKTRİKLİ ARAÇLAR ŞARJ SİSTEMLERİ ANONİM ŞİRKETİ", "YESIL_SARJ_ISTASYONU_MU": "Evet", "ADRES": "Kızılırmak Mahallesi 1443 Caddesi  No:39 Çankaya / ANKARA", "SOKET_NO": "SKT/4776", "SOKET_TIPI": "DC", "SOKET_TURU": "DC_CCS", "SOKET_GUCU_KW": "120" }, "geometry": { "type": "Point", "coordinates": [ 32.812329, 39.903159 ] } },
{ "type": "Feature", "properties": { "ID": 18121.0, "SIRA_NO": 68.0, "ISTASYON_NO": "ŞRJ/2523", "ISTASYON_ADI": "The Green Park Hotel, Ankara", "HIZMET_SEKLI": "HALKA_ACIK", "MARKA": "eşarj", "MARKAADI": "Eşarj", "SARJ_AGI_ISLETMECISI": "EŞARJ ELEKTRİKLİ ARAÇLAR ŞARJ SİSTEMLERİ ANONİM ŞİRKETİ", "YESIL_SARJ_ISTASYONU_MU": "Evet", "ADRES": "Kızılırmak Mahallesi 1443 Caddesi  No:39 Çankaya / ANKARA", "SOKET_NO": "SKT/4777", "SOKET_TIPI": "DC", "SOKET_TURU": "DC_CCS", "SOKET_GUCU_KW": "120" }, "geometry": { "type": "Point", "coordinates": [ 32.812329, 39.903159 ] } },
{ "type": "Feature", "properties": { "ID": 17334.0, "SIRA_NO": 303.0, "ISTASYON_NO": "ŞRJ/6983", "ISTASYON_ADI": "Next Level Çayoolu Toplu Konut Sitesi (Güney Ada)", "HIZMET_SEKLI": "OZEL", "MARKA": "NEVA ŞARJ", "MARKAADI": "Neva Şarj", "SARJ_AGI_ISLETMECISI": "NEVA İÇ VE DIŞ TİCARET ANONİM ŞİRKETİ", "YESIL_SARJ_ISTASYONU_MU": "", "ADRES": "Beytepe Mahallesi 5452 Sokağı  No:8 Çankaya / ANKARA", "SOKET_NO": "SKT/15594", "SOKET_TIPI": "AC", "SOKET_TURU": "AC_TYPE2", "SOKET_GUCU_KW": "22" }, "geometry": { "type": "Point", "coordinates": [ 32.703432, 39.855936 ] } },
{ "type": "Feature", "properties": { "ID": 21131.0, "SIRA_NO": 262.0, "ISTASYON_NO": "ŞRJ/9650", "ISTASYON_ADI": "Ahmet Hamdi Akseki Cami", "HIZMET_SEKLI": "HALKA_ACIK", "MARKA": "AUTOŞARJ", "MARKAADI": "Autoşarj", "SARJ_AGI_ISLETMECISI": "SOLARPARK DANIŞMANLIK TURİZM MÜHENDİSLİK ENERJİ ÜRETİM İNŞAAT İTHALAT İHRACAT SANAYİ VE TİCARET LİMİTED ŞİRKETİ", "YESIL_SARJ_ISTASYONU_MU": "", "ADRES": "Üniversiteler Mahallesi Çankaya / ANKARA", "SOKET_NO": "SKT/23033", "SOKET_TIPI": "DC", "SOKET_TURU": "DC_CCS", "SOKET_GUCU_KW": "200" }, "geometry": { "type": "Point", "coordinates": [ 32.763358, 39.905979 ] } },
{ "type": "Feature", "properties": { "ID": 21152.0, "SIRA_NO": 268.0, "ISTASYON_NO": "ŞRJ/9661", "ISTASYON_ADI": "Sınav Koleji", "HIZMET_SEKLI": "HALKA_ACIK", "MARKA": "AUTOŞARJ", "MARKAADI": "Autoşarj", "SARJ_AGI_ISLETMECISI": "SOLARPARK DANIŞMANLIK TURİZM MÜHENDİSLİK ENERJİ ÜRETİM İNŞAAT İTHALAT İHRACAT SANAYİ VE TİCARET LİMİTED ŞİRKETİ", "YESIL_SARJ_ISTASYONU_MU": "", "ADRES": "Mustafa Kemal Mah Mahallesi Çankaya / ANKARA", "SOKET_NO": "SKT/23072", "SOKET_TIPI": "DC", "SOKET_TURU": "DC_CCS", "SOKET_GUCU_KW": "120" }, "geometry": { "type": "Point", "coordinates": [ 32.739148, 39.910242 ] } },
{ "type": "Feature", "properties": { "ID": 21154.0, "SIRA_NO": 268.0, "ISTASYON_NO": "ŞRJ/9661", "ISTASYON_ADI": "Sınav Koleji", "HIZMET_SEKLI": "HALKA_ACIK", "MARKA": "AUTOŞARJ", "MARKAADI": "Autoşarj", "SARJ_AGI_ISLETMECISI": "SOLARPARK DANIŞMANLIK TURİZM MÜHENDİSLİK ENERJİ ÜRETİM İNŞAAT İTHALAT İHRACAT SANAYİ VE TİCARET LİMİTED ŞİRKETİ", "YESIL_SARJ_ISTASYONU_MU": "", "ADRES": "Mustafa Kemal Mah Mahallesi Çankaya / ANKARA", "SOKET_NO": "SKT/23074", "SOKET_TIPI": "DC", "SOKET_TURU": "DC_CCS", "SOKET_GUCU_KW": "120" }, "geometry": { "type": "Point", "coordinates": [ 32.739148, 39.910242 ] } },
{ "type": "Feature", "properties": { "ID": 17397.0, "SIRA_NO": 324.0, "ISTASYON_NO": "ŞRJ/2464", "ISTASYON_ADI": "ÇUKURAMBAR SAFA CAMİ OTOPARKI", "HIZMET_SEKLI": "HALKA_ACIK", "MARKA": "NEVA ŞARJ", "MARKAADI": "Neva Şarj", "SARJ_AGI_ISLETMECISI": "NEVA İÇ VE DIŞ TİCARET ANONİM ŞİRKETİ", "YESIL_SARJ_ISTASYONU_MU": "", "ADRES": "Kızılırmak Mahallesi Hasan Celal Güzel Caddesi  No:1/1  Cami Çankaya / ANKARA", "SOKET_NO": "SKT/4622", "SOKET_TIPI": "AC", "SOKET_TURU": "AC_TYPE2", "SOKET_GUCU_KW": "22" }, "geometry": { "type": "Point", "coordinates": [ 32.809611, 39.895738 ] } },
{ "type": "Feature", "properties": { "ID": 17537.0, "SIRA_NO": 355.0, "ISTASYON_NO": "ŞRJ/14584", "ISTASYON_ADI": "Next Level Loft", "HIZMET_SEKLI": "OZEL", "MARKA": "NEVA ŞARJ", "MARKAADI": "Neva Şarj", "SARJ_AGI_ISLETMECISI": "NEVA İÇ VE DIŞ TİCARET ANONİM ŞİRKETİ", "YESIL_SARJ_ISTASYONU_MU": "", "ADRES": "Kızılırmak Mahallesi Ufuk Üniversitesi Caddesi  No:4  Next Level Loft Çankaya / ANKARA", "SOKET_NO": "SKT/38399", "SOKET_TIPI": "AC", "SOKET_TURU": "AC_TYPE2", "SOKET_GUCU_KW": "22" }, "geometry": { "type": "Point", "coordinates": [ 32.811879, 39.909774 ] } },
{ "type": "Feature", "properties": { "ID": 21942.0, "SIRA_NO": 82.0, "ISTASYON_NO": "ŞRJ/13610", "ISTASYON_ADI": "BAŞKENT ÜNİVERSİTESİ HASTANESİ", "HIZMET_SEKLI": "HALKA_ACIK", "MARKA": "Fast-Go", "MARKAADI": "Fast Go", "SARJ_AGI_ISLETMECISI": "YENİ MODEL YAPAY ZEKA VE ROBOTİK TEKNOLOJİ HİZMETLERİ ANONİM ŞİRKETİ", "YESIL_SARJ_ISTASYONU_MU": "", "ADRES": "Yukarı Bahçelievler Mahallesi 82 Sokağı  No:26 Çankaya / ANKARA", "SOKET_NO": "SKT/35406", "SOKET_TIPI": "AC", "SOKET_TURU": "AC_TYPE2", "SOKET_GUCU_KW": "22" }, "geometry": { "type": "Point", "coordinates": [ 32.831909, 39.925324 ] } },
{ "type": "Feature", "properties": { "ID": 23606.0, "SIRA_NO": 206.0, "ISTASYON_NO": "ŞRJ/16531", "ISTASYON_ADI": "LOTUS BEYTEPE AVM", "HIZMET_SEKLI": "HALKA_ACIK", "MARKA": "EPSIS", "MARKAADI": "Epsis", "SARJ_AGI_ISLETMECISI": "FORM ELEKTRİK İNŞAAT MÜHENDİSLİK ANONİM ŞİRKETİ", "YESIL_SARJ_ISTASYONU_MU": "", "ADRES": "Beytepe Mahallesi 5387 Caddesi  No:27 Çankaya / ANKARA", "SOKET_NO": "SKT/44949", "SOKET_TIPI": "DC", "SOKET_TURU": "DC_CCS", "SOKET_GUCU_KW": "80" }, "geometry": { "type": "Point", "coordinates": [ 32.71236, 39.856038 ] } },
{ "type": "Feature", "properties": { "ID": 23619.0, "SIRA_NO": 211.0, "ISTASYON_NO": "ŞRJ/10131", "ISTASYON_ADI": "ATABİLGE AKA KONUTLARI A1/BLOK", "HIZMET_SEKLI": "OZEL", "MARKA": "EPSIS", "MARKAADI": "Epsis", "SARJ_AGI_ISLETMECISI": "FORM ELEKTRİK İNŞAAT MÜHENDİSLİK ANONİM ŞİRKETİ", "YESIL_SARJ_ISTASYONU_MU": "", "ADRES": "Alacaatlı Mahallesi 4841 Sokağı  No:3/A Çankaya / ANKARA", "SOKET_NO": "SKT/24418", "SOKET_TIPI": "AC", "SOKET_TURU": "AC_TYPE2", "SOKET_GUCU_KW": "18" }, "geometry": { "type": "Point", "coordinates": [ 32.696573, 39.829679 ] } },
{ "type": "Feature", "properties": { "ID": 20593.0, "SIRA_NO": 50.0, "ISTASYON_NO": "ŞRJ/16312", "ISTASYON_ADI": "Damşa Petrol DC-2", "HIZMET_SEKLI": "HALKA_ACIK", "MARKA": "Q Charge", "MARKAADI": "Q Charge", "SARJ_AGI_ISLETMECISI": "META MOBİLİTE ENERJİ ANONİM ŞİRKETİ", "YESIL_SARJ_ISTASYONU_MU": "", "ADRES": "Söğütözü Mahallesi  No:120 Çankaya / ANKARA", "SOKET_NO": "SKT/44200", "SOKET_TIPI": "DC", "SOKET_TURU": "DC_CCS", "SOKET_GUCU_KW": "120" }, "geometry": { "type": "Point", "coordinates": [ 32.791565, 39.909398 ] } },
{ "type": "Feature", "properties": { "ID": 20594.0, "SIRA_NO": 50.0, "ISTASYON_NO": "ŞRJ/16312", "ISTASYON_ADI": "Damşa Petrol DC-2", "HIZMET_SEKLI": "HALKA_ACIK", "MARKA": "Q Charge", "MARKAADI": "Q Charge", "SARJ_AGI_ISLETMECISI": "META MOBİLİTE ENERJİ ANONİM ŞİRKETİ", "YESIL_SARJ_ISTASYONU_MU": "", "ADRES": "Söğütözü Mahallesi  No:120 Çankaya / ANKARA", "SOKET_NO": "SKT/44201", "SOKET_TIPI": "DC", "SOKET_TURU": "DC_CCS", "SOKET_GUCU_KW": "120" }, "geometry": { "type": "Point", "coordinates": [ 32.791565, 39.909398 ] } },
{ "type": "Feature", "properties": { "ID": 20595.0, "SIRA_NO": 50.0, "ISTASYON_NO": "ŞRJ/16312", "ISTASYON_ADI": "Damşa Petrol DC-2", "HIZMET_SEKLI": "HALKA_ACIK", "MARKA": "Q Charge", "MARKAADI": "Q Charge", "SARJ_AGI_ISLETMECISI": "META MOBİLİTE ENERJİ ANONİM ŞİRKETİ", "YESIL_SARJ_ISTASYONU_MU": "", "ADRES": "Söğütözü Mahallesi  No:120 Çankaya / ANKARA", "SOKET_NO": "SKT/44202", "SOKET_TIPI": "DC", "SOKET_TURU": "DC_CCS", "SOKET_GUCU_KW": "120" }, "geometry": { "type": "Point", "coordinates": [ 32.791565, 39.909398 ] } },
{ "type": "Feature", "properties": { "ID": 20596.0, "SIRA_NO": 50.0, "ISTASYON_NO": "ŞRJ/16312", "ISTASYON_ADI": "Damşa Petrol DC-2", "HIZMET_SEKLI": "HALKA_ACIK", "MARKA": "Q Charge", "MARKAADI": "Q Charge", "SARJ_AGI_ISLETMECISI": "META MOBİLİTE ENERJİ ANONİM ŞİRKETİ", "YESIL_SARJ_ISTASYONU_MU": "", "ADRES": "Söğütözü Mahallesi  No:120 Çankaya / ANKARA", "SOKET_NO": "SKT/44203", "SOKET_TIPI": "DC", "SOKET_TURU": "DC_CCS", "SOKET_GUCU_KW": "120" }, "geometry": { "type": "Point", "coordinates": [ 32.791565, 39.909398 ] } },
{ "type": "Feature", "properties": { "ID": 17347.0, "SIRA_NO": 306.0, "ISTASYON_NO": "ŞRJ/6992", "ISTASYON_ADI": "ABB Kocatepe Çok Katlı Kapalı Otoparkı", "HIZMET_SEKLI": "HALKA_ACIK", "MARKA": "NEVA ŞARJ", "MARKAADI": "Neva Şarj", "SARJ_AGI_ISLETMECISI": "NEVA İÇ VE DIŞ TİCARET ANONİM ŞİRKETİ", "YESIL_SARJ_ISTASYONU_MU": "", "ADRES": "Kültür Mahallesi Kızılırmak Caddesi  Abb Kocatepe Çok Katlı Kapalı Otopark Çankaya / ANKARA", "SOKET_NO": "SKT/15623", "SOKET_TIPI": "AC", "SOKET_TURU": "AC_TYPE2", "SOKET_GUCU_KW": "22" }, "geometry": { "type": "Point", "coordinates": [ 32.858442, 39.916338 ] } },
{ "type": "Feature", "properties": { "ID": 17358.0, "SIRA_NO": 308.0, "ISTASYON_NO": "ŞRJ/7225", "ISTASYON_ADI": "Officium Beytepe", "HIZMET_SEKLI": "HALKA_ACIK", "MARKA": "NEVA ŞARJ", "MARKAADI": "Neva Şarj", "SARJ_AGI_ISLETMECISI": "NEVA İÇ VE DIŞ TİCARET ANONİM ŞİRKETİ", "YESIL_SARJ_ISTASYONU_MU": "", "ADRES": "Beytepe Mahallesi 5314 Caddesi  No:4  Officium Önü Çankaya / ANKARA", "SOKET_NO": "SKT/24216", "SOKET_TIPI": "DC", "SOKET_TURU": "DC_CCS", "SOKET_GUCU_KW": "120" }, "geometry": { "type": "Point", "coordinates": [ 32.710093, 39.866571 ] } },
{ "type": "Feature", "properties": { "ID": 17364.0, "SIRA_NO": 311.0, "ISTASYON_NO": "ŞRJ/6484", "ISTASYON_ADI": "Tunalı Hilmi", "HIZMET_SEKLI": "HALKA_ACIK", "MARKA": "NEVA ŞARJ", "MARKAADI": "Neva Şarj", "SARJ_AGI_ISLETMECISI": "NEVA İÇ VE DIŞ TİCARET ANONİM ŞİRKETİ", "YESIL_SARJ_ISTASYONU_MU": "", "ADRES": "Kavaklıdere Mahallesi Tunalı Hilmi Caddesi  Kuğulu İş Merkezi Önü Çankaya / ANKARA", "SOKET_NO": "SKT/14190", "SOKET_TIPI": "AC", "SOKET_TURU": "AC_TYPE2", "SOKET_GUCU_KW": "22" }, "geometry": { "type": "Point", "coordinates": [ 32.860687, 39.902733 ] } },
{ "type": "Feature", "properties": { "ID": 17365.0, "SIRA_NO": 311.0, "ISTASYON_NO": "ŞRJ/6484", "ISTASYON_ADI": "Tunalı Hilmi", "HIZMET_SEKLI": "HALKA_ACIK", "MARKA": "NEVA ŞARJ", "MARKAADI": "Neva Şarj", "SARJ_AGI_ISLETMECISI": "NEVA İÇ VE DIŞ TİCARET ANONİM ŞİRKETİ", "YESIL_SARJ_ISTASYONU_MU": "", "ADRES": "Kavaklıdere Mahallesi Tunalı Hilmi Caddesi  Kuğulu İş Merkezi Önü Çankaya / ANKARA", "SOKET_NO": "SKT/14191", "SOKET_TIPI": "AC", "SOKET_TURU": "AC_TYPE2", "SOKET_GUCU_KW": "22" }, "geometry": { "type": "Point", "coordinates": [ 32.860687, 39.902733 ] } },
{ "type": "Feature", "properties": { "ID": 17366.0, "SIRA_NO": 311.0, "ISTASYON_NO": "ŞRJ/6484", "ISTASYON_ADI": "Tunalı Hilmi", "HIZMET_SEKLI": "HALKA_ACIK", "MARKA": "NEVA ŞARJ", "MARKAADI": "Neva Şarj", "SARJ_AGI_ISLETMECISI": "NEVA İÇ VE DIŞ TİCARET ANONİM ŞİRKETİ", "YESIL_SARJ_ISTASYONU_MU": "", "ADRES": "Kavaklıdere Mahallesi Tunalı Hilmi Caddesi  Kuğulu İş Merkezi Önü Çankaya / ANKARA", "SOKET_NO": "SKT/14192", "SOKET_TIPI": "AC", "SOKET_TURU": "AC_TYPE2", "SOKET_GUCU_KW": "22" }, "geometry": { "type": "Point", "coordinates": [ 32.860687, 39.902733 ] } },
{ "type": "Feature", "properties": { "ID": 19484.0, "SIRA_NO": 77.0, "ISTASYON_NO": "ŞRJ/13145", "ISTASYON_ADI": "Protokol Plaza", "HIZMET_SEKLI": "HALKA_ACIK", "MARKA": "eşarj", "MARKAADI": "Eşarj", "SARJ_AGI_ISLETMECISI": "EŞARJ ELEKTRİKLİ ARAÇLAR ŞARJ SİSTEMLERİ ANONİM ŞİRKETİ", "YESIL_SARJ_ISTASYONU_MU": "Evet", "ADRES": "Çukurambar Mahallesi Muhsin Yazıcıoğlu Caddesi  No:39 Çankaya / ANKARA", "SOKET_NO": "SKT/33954", "SOKET_TIPI": "DC", "SOKET_TURU": "DC_CCS", "SOKET_GUCU_KW": "120" }, "geometry": { "type": "Point", "coordinates": [ 32.810359, 39.897059 ] } },
{ "type": "Feature", "properties": { "ID": 21943.0, "SIRA_NO": 82.0, "ISTASYON_NO": "ŞRJ/13610", "ISTASYON_ADI": "BAŞKENT ÜNİVERSİTESİ HASTANESİ", "HIZMET_SEKLI": "HALKA_ACIK", "MARKA": "Fast-Go", "MARKAADI": "Fast Go", "SARJ_AGI_ISLETMECISI": "YENİ MODEL YAPAY ZEKA VE ROBOTİK TEKNOLOJİ HİZMETLERİ ANONİM ŞİRKETİ", "YESIL_SARJ_ISTASYONU_MU": "", "ADRES": "Yukarı Bahçelievler Mahallesi 82 Sokağı  No:26 Çankaya / ANKARA", "SOKET_NO": "SKT/35407", "SOKET_TIPI": "AC", "SOKET_TURU": "AC_TYPE2", "SOKET_GUCU_KW": "22" }, "geometry": { "type": "Point", "coordinates": [ 32.831909, 39.925324 ] } },
{ "type": "Feature", "properties": { "ID": 21944.0, "SIRA_NO": 82.0, "ISTASYON_NO": "ŞRJ/13610", "ISTASYON_ADI": "BAŞKENT ÜNİVERSİTESİ HASTANESİ", "HIZMET_SEKLI": "HALKA_ACIK", "MARKA": "Fast-Go", "MARKAADI": "Fast Go", "SARJ_AGI_ISLETMECISI": "YENİ MODEL YAPAY ZEKA VE ROBOTİK TEKNOLOJİ HİZMETLERİ ANONİM ŞİRKETİ", "YESIL_SARJ_ISTASYONU_MU": "", "ADRES": "Yukarı Bahçelievler Mahallesi 82 Sokağı  No:26 Çankaya / ANKARA", "SOKET_NO": "SKT/35408", "SOKET_TIPI": "AC", "SOKET_TURU": "AC_TYPE2", "SOKET_GUCU_KW": "22" }, "geometry": { "type": "Point", "coordinates": [ 32.831909, 39.925324 ] } },
{ "type": "Feature", "properties": { "ID": 21945.0, "SIRA_NO": 82.0, "ISTASYON_NO": "ŞRJ/13610", "ISTASYON_ADI": "BAŞKENT ÜNİVERSİTESİ HASTANESİ", "HIZMET_SEKLI": "HALKA_ACIK", "MARKA": "Fast-Go", "MARKAADI": "Fast Go", "SARJ_AGI_ISLETMECISI": "YENİ MODEL YAPAY ZEKA VE ROBOTİK TEKNOLOJİ HİZMETLERİ ANONİM ŞİRKETİ", "YESIL_SARJ_ISTASYONU_MU": "", "ADRES": "Yukarı Bahçelievler Mahallesi 82 Sokağı  No:26 Çankaya / ANKARA", "SOKET_NO": "SKT/35409", "SOKET_TIPI": "AC", "SOKET_TURU": "AC_TYPE2", "SOKET_GUCU_KW": "22" }, "geometry": { "type": "Point", "coordinates": [ 32.831909, 39.925324 ] } },
{ "type": "Feature", "properties": { "ID": 21260.0, "SIRA_NO": 313.0, "ISTASYON_NO": "ŞRJ/2138", "ISTASYON_ADI": "BİLKENT CENTER", "HIZMET_SEKLI": "HALKA_ACIK", "MARKA": "beefull", "MARKAADI": "Beefull", "SARJ_AGI_ISLETMECISI": "BEEFULL ENERJİ TEKNOLOJİLERİ ANONİM ŞİRKETİ", "YESIL_SARJ_ISTASYONU_MU": "Evet", "ADRES": "Üniversiteler Mahallesi 1597 Caddesi  No:3 Çankaya / ANKARA", "SOKET_NO": "SKT/3895", "SOKET_TIPI": "DC", "SOKET_TURU": "DC_CCS", "SOKET_GUCU_KW": "80" }, "geometry": { "type": "Point", "coordinates": [ 32.758604, 39.884521 ] } },
{ "type": "Feature", "properties": { "ID": 20597.0, "SIRA_NO": 50.0, "ISTASYON_NO": "ŞRJ/16312", "ISTASYON_ADI": "Damşa Petrol DC-2", "HIZMET_SEKLI": "HALKA_ACIK", "MARKA": "Q Charge", "MARKAADI": "Q Charge", "SARJ_AGI_ISLETMECISI": "META MOBİLİTE ENERJİ ANONİM ŞİRKETİ", "YESIL_SARJ_ISTASYONU_MU": "", "ADRES": "Söğütözü Mahallesi  No:120 Çankaya / ANKARA", "SOKET_NO": "SKT/44204", "SOKET_TIPI": "DC", "SOKET_TURU": "DC_CCS", "SOKET_GUCU_KW": "120" }, "geometry": { "type": "Point", "coordinates": [ 32.791565, 39.909398 ] } },
{ "type": "Feature", "properties": { "ID": 20598.0, "SIRA_NO": 50.0, "ISTASYON_NO": "ŞRJ/16312", "ISTASYON_ADI": "Damşa Petrol DC-2", "HIZMET_SEKLI": "HALKA_ACIK", "MARKA": "Q Charge", "MARKAADI": "Q Charge", "SARJ_AGI_ISLETMECISI": "META MOBİLİTE ENERJİ ANONİM ŞİRKETİ", "YESIL_SARJ_ISTASYONU_MU": "", "ADRES": "Söğütözü Mahallesi  No:120 Çankaya / ANKARA", "SOKET_NO": "SKT/44205", "SOKET_TIPI": "DC", "SOKET_TURU": "DC_CCS", "SOKET_GUCU_KW": "180" }, "geometry": { "type": "Point", "coordinates": [ 32.791565, 39.909398 ] } },
{ "type": "Feature", "properties": { "ID": 20599.0, "SIRA_NO": 50.0, "ISTASYON_NO": "ŞRJ/16312", "ISTASYON_ADI": "Damşa Petrol DC-2", "HIZMET_SEKLI": "HALKA_ACIK", "MARKA": "Q Charge", "MARKAADI": "Q Charge", "SARJ_AGI_ISLETMECISI": "META MOBİLİTE ENERJİ ANONİM ŞİRKETİ", "YESIL_SARJ_ISTASYONU_MU": "", "ADRES": "Söğütözü Mahallesi  No:120 Çankaya / ANKARA", "SOKET_NO": "SKT/44206", "SOKET_TIPI": "DC", "SOKET_TURU": "DC_CCS", "SOKET_GUCU_KW": "180" }, "geometry": { "type": "Point", "coordinates": [ 32.791565, 39.909398 ] } },
{ "type": "Feature", "properties": { "ID": 20601.0, "SIRA_NO": 51.0, "ISTASYON_NO": "ŞRJ/13196", "ISTASYON_ADI": "AKINCI KULE", "HIZMET_SEKLI": "HALKA_ACIK", "MARKA": "Q Charge", "MARKAADI": "Q Charge", "SARJ_AGI_ISLETMECISI": "META MOBİLİTE ENERJİ ANONİM ŞİRKETİ", "YESIL_SARJ_ISTASYONU_MU": "", "ADRES": "Yaşamkent Mahallesi 3250 Caddesi  No:19/B Çankaya / ANKARA", "SOKET_NO": "SKT/34101", "SOKET_TIPI": "AC", "SOKET_TURU": "AC_TYPE2", "SOKET_GUCU_KW": "22" }, "geometry": { "type": "Point", "coordinates": [ 32.636745, 39.859791 ] } },
{ "type": "Feature", "properties": { "ID": 20602.0, "SIRA_NO": 51.0, "ISTASYON_NO": "ŞRJ/13196", "ISTASYON_ADI": "AKINCI KULE", "HIZMET_SEKLI": "HALKA_ACIK", "MARKA": "Q Charge", "MARKAADI": "Q Charge", "SARJ_AGI_ISLETMECISI": "META MOBİLİTE ENERJİ ANONİM ŞİRKETİ", "YESIL_SARJ_ISTASYONU_MU": "", "ADRES": "Yaşamkent Mahallesi 3250 Caddesi  No:19/B Çankaya / ANKARA", "SOKET_NO": "SKT/34102", "SOKET_TIPI": "DC", "SOKET_TURU": "DC_CCS", "SOKET_GUCU_KW": "120" }, "geometry": { "type": "Point", "coordinates": [ 32.636745, 39.859791 ] } },
{ "type": "Feature", "properties": { "ID": 23649.0, "SIRA_NO": 219.0, "ISTASYON_NO": "ŞRJ/12939", "ISTASYON_ADI": "DURU BEYTEPE A4/BLOK", "HIZMET_SEKLI": "OZEL", "MARKA": "EPSIS", "MARKAADI": "Epsis", "SARJ_AGI_ISLETMECISI": "FORM ELEKTRİK İNŞAAT MÜHENDİSLİK ANONİM ŞİRKETİ", "YESIL_SARJ_ISTASYONU_MU": "", "ADRES": "Ahlatlıbel Mahallesi Saltuk Buğra Sokağı  No:2/J Çankaya / ANKARA", "SOKET_NO": "SKT/47105", "SOKET_TIPI": "AC", "SOKET_TURU": "AC_TYPE2", "SOKET_GUCU_KW": "17" }, "geometry": { "type": "Point", "coordinates": [ 32.7302, 39.8368 ] } },
{ "type": "Feature", "properties": { "ID": 17627.0, "SIRA_NO": 376.0, "ISTASYON_NO": "ŞRJ/16953", "ISTASYON_ADI": "Ata Hyundai Plaza", "HIZMET_SEKLI": "HALKA_ACIK", "MARKA": "NEVA ŞARJ", "MARKAADI": "Neva Şarj", "SARJ_AGI_ISLETMECISI": "NEVA İÇ VE DIŞ TİCARET ANONİM ŞİRKETİ", "YESIL_SARJ_ISTASYONU_MU": "", "ADRES": "Kızılırmak Mahallesi  No:148 Çankaya / ANKARA", "SOKET_NO": "SKT/46149", "SOKET_TIPI": "DC", "SOKET_TURU": "DC_CCS", "SOKET_GUCU_KW": "120" }, "geometry": { "type": "Point", "coordinates": [ 32.813225, 39.89952 ] } },
{ "type": "Feature", "properties": { "ID": 23566.0, "SIRA_NO": 190.0, "ISTASYON_NO": "ŞRJ/15296", "ISTASYON_ADI": "ARMONİA SİTESİ", "HIZMET_SEKLI": "OZEL", "MARKA": "EPSIS", "MARKAADI": "Epsis", "SARJ_AGI_ISLETMECISI": "FORM ELEKTRİK İNŞAAT MÜHENDİSLİK ANONİM ŞİRKETİ", "YESIL_SARJ_ISTASYONU_MU": "", "ADRES": "Alacaatlı Mahallesi 5084 Caddesi  No:37 Çankaya / ANKARA", "SOKET_NO": "SKT/40778", "SOKET_TIPI": "AC", "SOKET_TURU": "AC_TYPE2", "SOKET_GUCU_KW": "22" }, "geometry": { "type": "Point", "coordinates": [ 32.648029, 39.853634 ] } },
{ "type": "Feature", "properties": { "ID": 23565.0, "SIRA_NO": 190.0, "ISTASYON_NO": "ŞRJ/15296", "ISTASYON_ADI": "ARMONİA SİTESİ", "HIZMET_SEKLI": "OZEL", "MARKA": "EPSIS", "MARKAADI": "Epsis", "SARJ_AGI_ISLETMECISI": "FORM ELEKTRİK İNŞAAT MÜHENDİSLİK ANONİM ŞİRKETİ", "YESIL_SARJ_ISTASYONU_MU": "", "ADRES": "Alacaatlı Mahallesi 5084 Caddesi  No:37 Çankaya / ANKARA", "SOKET_NO": "SKT/40777", "SOKET_TIPI": "AC", "SOKET_TURU": "AC_TYPE2", "SOKET_GUCU_KW": "22" }, "geometry": { "type": "Point", "coordinates": [ 32.648029, 39.853634 ] } },
{ "type": "Feature", "properties": { "ID": 21872.0, "SIRA_NO": 65.0, "ISTASYON_NO": "ŞRJ/4909", "ISTASYON_ADI": "PARK ORAN 2", "HIZMET_SEKLI": "HALKA_ACIK", "MARKA": "Fast-Go", "MARKAADI": "Fast Go", "SARJ_AGI_ISLETMECISI": "YENİ MODEL YAPAY ZEKA VE ROBOTİK TEKNOLOJİ HİZMETLERİ ANONİM ŞİRKETİ", "YESIL_SARJ_ISTASYONU_MU": "", "ADRES": "Oran Mahallesi Kudüs Caddesi  No:PARK ORAN SİTESİ Çankaya / ANKARA", "SOKET_NO": "SKT/10397", "SOKET_TIPI": "DC", "SOKET_TURU": "DC_CCS", "SOKET_GUCU_KW": "120" }, "geometry": { "type": "Point", "coordinates": [ 32.835982, 39.849714 ] } },
{ "type": "Feature", "properties": { "ID": 17538.0, "SIRA_NO": 355.0, "ISTASYON_NO": "ŞRJ/14584", "ISTASYON_ADI": "Next Level Loft", "HIZMET_SEKLI": "OZEL", "MARKA": "NEVA ŞARJ", "MARKAADI": "Neva Şarj", "SARJ_AGI_ISLETMECISI": "NEVA İÇ VE DIŞ TİCARET ANONİM ŞİRKETİ", "YESIL_SARJ_ISTASYONU_MU": "", "ADRES": "Kızılırmak Mahallesi Ufuk Üniversitesi Caddesi  No:4  Next Level Loft Çankaya / ANKARA", "SOKET_NO": "SKT/38400", "SOKET_TIPI": "AC", "SOKET_TURU": "AC_TYPE2", "SOKET_GUCU_KW": "22" }, "geometry": { "type": "Point", "coordinates": [ 32.811879, 39.909774 ] } },
{ "type": "Feature", "properties": { "ID": 17539.0, "SIRA_NO": 355.0, "ISTASYON_NO": "ŞRJ/14584", "ISTASYON_ADI": "Next Level Loft", "HIZMET_SEKLI": "OZEL", "MARKA": "NEVA ŞARJ", "MARKAADI": "Neva Şarj", "SARJ_AGI_ISLETMECISI": "NEVA İÇ VE DIŞ TİCARET ANONİM ŞİRKETİ", "YESIL_SARJ_ISTASYONU_MU": "", "ADRES": "Kızılırmak Mahallesi Ufuk Üniversitesi Caddesi  No:4  Next Level Loft Çankaya / ANKARA", "SOKET_NO": "SKT/38401", "SOKET_TIPI": "AC", "SOKET_TURU": "AC_TYPE2", "SOKET_GUCU_KW": "22" }, "geometry": { "type": "Point", "coordinates": [ 32.811879, 39.909774 ] } },
{ "type": "Feature", "properties": { "ID": 17540.0, "SIRA_NO": 355.0, "ISTASYON_NO": "ŞRJ/14584", "ISTASYON_ADI": "Next Level Loft", "HIZMET_SEKLI": "OZEL", "MARKA": "NEVA ŞARJ", "MARKAADI": "Neva Şarj", "SARJ_AGI_ISLETMECISI": "NEVA İÇ VE DIŞ TİCARET ANONİM ŞİRKETİ", "YESIL_SARJ_ISTASYONU_MU": "", "ADRES": "Kızılırmak Mahallesi Ufuk Üniversitesi Caddesi  No:4  Next Level Loft Çankaya / ANKARA", "SOKET_NO": "SKT/38402", "SOKET_TIPI": "AC", "SOKET_TURU": "AC_TYPE2", "SOKET_GUCU_KW": "22" }, "geometry": { "type": "Point", "coordinates": [ 32.811879, 39.909774 ] } },
{ "type": "Feature", "properties": { "ID": 17541.0, "SIRA_NO": 355.0, "ISTASYON_NO": "ŞRJ/14584", "ISTASYON_ADI": "Next Level Loft", "HIZMET_SEKLI": "OZEL", "MARKA": "NEVA ŞARJ", "MARKAADI": "Neva Şarj", "SARJ_AGI_ISLETMECISI": "NEVA İÇ VE DIŞ TİCARET ANONİM ŞİRKETİ", "YESIL_SARJ_ISTASYONU_MU": "", "ADRES": "Kızılırmak Mahallesi Ufuk Üniversitesi Caddesi  No:4  Next Level Loft Çankaya / ANKARA", "SOKET_NO": "SKT/38403", "SOKET_TIPI": "AC", "SOKET_TURU": "AC_TYPE2", "SOKET_GUCU_KW": "22" }, "geometry": { "type": "Point", "coordinates": [ 32.811879, 39.909774 ] } },
{ "type": "Feature", "properties": { "ID": 21857.0, "SIRA_NO": 61.0, "ISTASYON_NO": "ŞRJ/5437", "ISTASYON_ADI": "PARK ORAN 3", "HIZMET_SEKLI": "HALKA_ACIK", "MARKA": "Fast-Go", "MARKAADI": "Fast Go", "SARJ_AGI_ISLETMECISI": "YENİ MODEL YAPAY ZEKA VE ROBOTİK TEKNOLOJİ HİZMETLERİ ANONİM ŞİRKETİ", "YESIL_SARJ_ISTASYONU_MU": "", "ADRES": "Oran Mahallesi Kudüs Caddesi  No:PARK ORAN SİTESİ Çankaya / ANKARA", "SOKET_NO": "SKT/11809", "SOKET_TIPI": "AC", "SOKET_TURU": "AC_TYPE2", "SOKET_GUCU_KW": "22" }, "geometry": { "type": "Point", "coordinates": [ 32.831915, 39.846205 ] } },
{ "type": "Feature", "properties": { "ID": 21858.0, "SIRA_NO": 61.0, "ISTASYON_NO": "ŞRJ/5437", "ISTASYON_ADI": "PARK ORAN 3", "HIZMET_SEKLI": "HALKA_ACIK", "MARKA": "Fast-Go", "MARKAADI": "Fast Go", "SARJ_AGI_ISLETMECISI": "YENİ MODEL YAPAY ZEKA VE ROBOTİK TEKNOLOJİ HİZMETLERİ ANONİM ŞİRKETİ", "YESIL_SARJ_ISTASYONU_MU": "", "ADRES": "Oran Mahallesi Kudüs Caddesi  No:PARK ORAN SİTESİ Çankaya / ANKARA", "SOKET_NO": "SKT/11810", "SOKET_TIPI": "AC", "SOKET_TURU": "AC_TYPE2", "SOKET_GUCU_KW": "22" }, "geometry": { "type": "Point", "coordinates": [ 32.831915, 39.846205 ] } },
{ "type": "Feature", "properties": { "ID": 21860.0, "SIRA_NO": 62.0, "ISTASYON_NO": "ŞRJ/5549", "ISTASYON_ADI": "ODTÜ VİŞNELİK", "HIZMET_SEKLI": "HALKA_ACIK", "MARKA": "Fast-Go", "MARKAADI": "Fast Go", "SARJ_AGI_ISLETMECISI": "YENİ MODEL YAPAY ZEKA VE ROBOTİK TEKNOLOJİ HİZMETLERİ ANONİM ŞİRKETİ", "YESIL_SARJ_ISTASYONU_MU": "", "ADRES": "İşçi Blokları Mahallesi 1538 Caddesi  No:58 Çankaya / ANKARA", "SOKET_NO": "SKT/12057", "SOKET_TIPI": "AC", "SOKET_TURU": "AC_TYPE2", "SOKET_GUCU_KW": "22" }, "geometry": { "type": "Point", "coordinates": [ 32.792456, 39.896172 ] } },
{ "type": "Feature", "properties": { "ID": 21861.0, "SIRA_NO": 62.0, "ISTASYON_NO": "ŞRJ/5549", "ISTASYON_ADI": "ODTÜ VİŞNELİK", "HIZMET_SEKLI": "HALKA_ACIK", "MARKA": "Fast-Go", "MARKAADI": "Fast Go", "SARJ_AGI_ISLETMECISI": "YENİ MODEL YAPAY ZEKA VE ROBOTİK TEKNOLOJİ HİZMETLERİ ANONİM ŞİRKETİ", "YESIL_SARJ_ISTASYONU_MU": "", "ADRES": "İşçi Blokları Mahallesi 1538 Caddesi  No:58 Çankaya / ANKARA", "SOKET_NO": "SKT/12058", "SOKET_TIPI": "AC", "SOKET_TURU": "AC_TYPE2", "SOKET_GUCU_KW": "22" }, "geometry": { "type": "Point", "coordinates": [ 32.792456, 39.896172 ] } },
{ "type": "Feature", "properties": { "ID": 24185.0, "SIRA_NO": 425.0, "ISTASYON_NO": "ŞRJ/16012", "ISTASYON_ADI": "KUZU EFFECT KONUTLARI", "HIZMET_SEKLI": "HALKA_ACIK", "MARKA": "POWER ELEKTRONİK SANAYİ VE TİCARET LİMİTED ŞİRKETİ", "MARKAADI": "Power", "SARJ_AGI_ISLETMECISI": "POWER ELEKTRONİK SANAYİ VE TİCARET ANONİM ŞİRKETİ", "YESIL_SARJ_ISTASYONU_MU": "", "ADRES": "Oran Mahallesi Zülfü Tiğrel Caddesi Çankaya / ANKARA", "SOKET_NO": "SKT/43056", "SOKET_TIPI": "AC", "SOKET_TURU": "AC_TYPE2", "SOKET_GUCU_KW": "11" }, "geometry": { "type": "Point", "coordinates": [ 32.828354, 39.845618 ] } },
{ "type": "Feature", "properties": { "ID": 17434.0, "SIRA_NO": 330.0, "ISTASYON_NO": "ŞRJ/2468", "ISTASYON_ADI": "TAURUS AVM", "HIZMET_SEKLI": "HALKA_ACIK", "MARKA": "NEVA ŞARJ", "MARKAADI": "Neva Şarj", "SARJ_AGI_ISLETMECISI": "NEVA İÇ VE DIŞ TİCARET ANONİM ŞİRKETİ", "YESIL_SARJ_ISTASYONU_MU": "", "ADRES": "Muhsin Yazıcıoğlu Caddesi  No:190/B  İşçi Blokları Çankaya / ANKARA", "SOKET_NO": "SKT/4641", "SOKET_TIPI": "DC", "SOKET_TURU": "DC_CCS", "SOKET_GUCU_KW": "120" }, "geometry": { "type": "Point", "coordinates": [ 32.810431, 39.887593 ] } },
{ "type": "Feature", "properties": { "ID": 17391.0, "SIRA_NO": 322.0, "ISTASYON_NO": "ŞRJ/2470", "ISTASYON_ADI": "NEXT LEVEL AVM OFİS", "HIZMET_SEKLI": "HALKA_ACIK", "MARKA": "NEVA ŞARJ", "MARKAADI": "Neva Şarj", "SARJ_AGI_ISLETMECISI": "NEVA İÇ VE DIŞ TİCARET ANONİM ŞİRKETİ", "YESIL_SARJ_ISTASYONU_MU": "", "ADRES": "Kızılırmak Mahallesi  No:3 /C1 Çankaya / ANKARA", "SOKET_NO": "SKT/4634", "SOKET_TIPI": "DC", "SOKET_TURU": "DC_CCS", "SOKET_GUCU_KW": "120" }, "geometry": { "type": "Point", "coordinates": [ 32.81204, 39.911494 ] } },
{ "type": "Feature", "properties": { "ID": 17396.0, "SIRA_NO": 324.0, "ISTASYON_NO": "ŞRJ/2464", "ISTASYON_ADI": "ÇUKURAMBAR SAFA CAMİ OTOPARKI", "HIZMET_SEKLI": "HALKA_ACIK", "MARKA": "NEVA ŞARJ", "MARKAADI": "Neva Şarj", "SARJ_AGI_ISLETMECISI": "NEVA İÇ VE DIŞ TİCARET ANONİM ŞİRKETİ", "YESIL_SARJ_ISTASYONU_MU": "", "ADRES": "Kızılırmak Mahallesi Hasan Celal Güzel Caddesi  No:1/1  Cami Çankaya / ANKARA", "SOKET_NO": "SKT/4621", "SOKET_TIPI": "AC", "SOKET_TURU": "AC_TYPE2", "SOKET_GUCU_KW": "22" }, "geometry": { "type": "Point", "coordinates": [ 32.809611, 39.895738 ] } },
{ "type": "Feature", "properties": { "ID": 24989.0, "SIRA_NO": 252.0, "ISTASYON_NO": "ŞRJ/10462", "ISTASYON_ADI": "Zeplin Havelsan Ankara", "HIZMET_SEKLI": "OZEL", "MARKA": "ZEPLİN CAR rental", "MARKAADI": "Zeplin", "SARJ_AGI_ISLETMECISI": "ZEPLİN TURİZM ARAÇ KİRALAMA MOBİLİTE VE ENERJİ YATIRIMLARI ANONİM ŞİRKETİ", "YESIL_SARJ_ISTASYONU_MU": "", "ADRES": "Mustafa Kemal Mahallesi Şehit Öğretmen Şenay Aybüke Yalçın Caddesi 39 Sokağı Çankaya / ANKARA", "SOKET_NO": "SKT/25467", "SOKET_TIPI": "AC", "SOKET_TURU": "AC_TYPE2", "SOKET_GUCU_KW": "20" }, "geometry": { "type": "Point", "coordinates": [ 32.776689, 39.91282 ] } },
{ "type": "Feature", "properties": { "ID": 24483.0, "SIRA_NO": 29.0, "ISTASYON_NO": "ŞRJ/14656", "ISTASYON_ADI": "Hotel Midi", "HIZMET_SEKLI": "HALKA_ACIK", "MARKA": "tunçmatik", "MARKAADI": "Tunçmatik", "SARJ_AGI_ISLETMECISI": "TUNÇMATİK ŞARJ TEKNOLOJİLERİ ANONİM ŞİRKETİ", "YESIL_SARJ_ISTASYONU_MU": "", "ADRES": "Aziziye Mahallesi Andrey Karlov Sokağı  No:44 Çankaya / ANKARA", "SOKET_NO": "SKT/38750", "SOKET_TIPI": "DC", "SOKET_TURU": "DC_CCS", "SOKET_GUCU_KW": "120" }, "geometry": { "type": "Point", "coordinates": [ 32.852843, 39.891095 ] } },
{ "type": "Feature", "properties": { "ID": 17542.0, "SIRA_NO": 355.0, "ISTASYON_NO": "ŞRJ/14584", "ISTASYON_ADI": "Next Level Loft", "HIZMET_SEKLI": "OZEL", "MARKA": "NEVA ŞARJ", "MARKAADI": "Neva Şarj", "SARJ_AGI_ISLETMECISI": "NEVA İÇ VE DIŞ TİCARET ANONİM ŞİRKETİ", "YESIL_SARJ_ISTASYONU_MU": "", "ADRES": "Kızılırmak Mahallesi Ufuk Üniversitesi Caddesi  No:4  Next Level Loft Çankaya / ANKARA", "SOKET_NO": "SKT/38404", "SOKET_TIPI": "AC", "SOKET_TURU": "AC_TYPE2", "SOKET_GUCU_KW": "22" }, "geometry": { "type": "Point", "coordinates": [ 32.811879, 39.909774 ] } },
{ "type": "Feature", "properties": { "ID": 17543.0, "SIRA_NO": 355.0, "ISTASYON_NO": "ŞRJ/14584", "ISTASYON_ADI": "Next Level Loft", "HIZMET_SEKLI": "OZEL", "MARKA": "NEVA ŞARJ", "MARKAADI": "Neva Şarj", "SARJ_AGI_ISLETMECISI": "NEVA İÇ VE DIŞ TİCARET ANONİM ŞİRKETİ", "YESIL_SARJ_ISTASYONU_MU": "", "ADRES": "Kızılırmak Mahallesi Ufuk Üniversitesi Caddesi  No:4  Next Level Loft Çankaya / ANKARA", "SOKET_NO": "SKT/38405", "SOKET_TIPI": "DC", "SOKET_TURU": "DC_CCS", "SOKET_GUCU_KW": "120" }, "geometry": { "type": "Point", "coordinates": [ 32.811879, 39.909774 ] } },
{ "type": "Feature", "properties": { "ID": 17544.0, "SIRA_NO": 355.0, "ISTASYON_NO": "ŞRJ/14584", "ISTASYON_ADI": "Next Level Loft", "HIZMET_SEKLI": "OZEL", "MARKA": "NEVA ŞARJ", "MARKAADI": "Neva Şarj", "SARJ_AGI_ISLETMECISI": "NEVA İÇ VE DIŞ TİCARET ANONİM ŞİRKETİ", "YESIL_SARJ_ISTASYONU_MU": "", "ADRES": "Kızılırmak Mahallesi Ufuk Üniversitesi Caddesi  No:4  Next Level Loft Çankaya / ANKARA", "SOKET_NO": "SKT/38406", "SOKET_TIPI": "DC", "SOKET_TURU": "DC_CCS", "SOKET_GUCU_KW": "120" }, "geometry": { "type": "Point", "coordinates": [ 32.811879, 39.909774 ] } },
{ "type": "Feature", "properties": { "ID": 18000.0, "SIRA_NO": 19.0, "ISTASYON_NO": "ŞRJ/2021", "ISTASYON_ADI": "Point Hotel, Ankara", "HIZMET_SEKLI": "HALKA_ACIK", "MARKA": "eşarj", "MARKAADI": "Eşarj", "SARJ_AGI_ISLETMECISI": "EŞARJ ELEKTRİKLİ ARAÇLAR ŞARJ SİSTEMLERİ ANONİM ŞİRKETİ", "YESIL_SARJ_ISTASYONU_MU": "Evet", "ADRES": "İşçi Blokları Mahallesi 1495. Caddesi  No:11 Çankaya / ANKARA", "SOKET_NO": "SKT/3687", "SOKET_TIPI": "DC", "SOKET_TURU": "DC_CCS", "SOKET_GUCU_KW": "120" }, "geometry": { "type": "Point", "coordinates": [ 32.81286, 39.895767 ] } },
{ "type": "Feature", "properties": { "ID": 17440.0, "SIRA_NO": 333.0, "ISTASYON_NO": "ŞRJ/2467", "ISTASYON_ADI": "TAVACI RECEP USTA ÇAYYOLU", "HIZMET_SEKLI": "HALKA_ACIK", "MARKA": "NEVA ŞARJ", "MARKAADI": "Neva Şarj", "SARJ_AGI_ISLETMECISI": "NEVA İÇ VE DIŞ TİCARET ANONİM ŞİRKETİ", "YESIL_SARJ_ISTASYONU_MU": "", "ADRES": "Çayyolu Mahallesi Alacaatlı Caddesi  No:9 Çankaya / ANKARA", "SOKET_NO": "SKT/4629", "SOKET_TIPI": "AC", "SOKET_TURU": "AC_TYPE2", "SOKET_GUCU_KW": "22" }, "geometry": { "type": "Point", "coordinates": [ 32.688942, 39.871994 ] } },
{ "type": "Feature", "properties": { "ID": 17442.0, "SIRA_NO": 334.0, "ISTASYON_NO": "ŞRJ/11325", "ISTASYON_ADI": "Hayat Sebla Evleri", "HIZMET_SEKLI": "OZEL", "MARKA": "NEVA ŞARJ", "MARKAADI": "Neva Şarj", "SARJ_AGI_ISLETMECISI": "NEVA İÇ VE DIŞ TİCARET ANONİM ŞİRKETİ", "YESIL_SARJ_ISTASYONU_MU": "", "ADRES": "Kızılırmak Mahallesi Erol Yaşar Türkalp Caddesi  No:29  Hayat Sebla Evleri Çankaya / ANKARA", "SOKET_NO": "SKT/28022", "SOKET_TIPI": "AC", "SOKET_TURU": "AC_TYPE2", "SOKET_GUCU_KW": "22" }, "geometry": { "type": "Point", "coordinates": [ 32.8105, 39.9014 ] } },
{ "type": "Feature", "properties": { "ID": 15830.0, "SIRA_NO": 291.0, "ISTASYON_NO": "ŞRJ/11887", "ISTASYON_ADI": "Hada Oto", "HIZMET_SEKLI": "HALKA_ACIK", "MARKA": "Trugo", "MARKAADI": "Trugo", "SARJ_AGI_ISLETMECISI": "TRUGO AKILLI ŞARJ ÇÖZÜMLERİ SANAYİ VE TİCARET ANONİM ŞİRKETİ", "YESIL_SARJ_ISTASYONU_MU": "Evet", "ADRES": "Birlik Mahallesi 448. Sokağı  No:43/A/1 Çankaya / ANKARA", "SOKET_NO": "SKT/29927", "SOKET_TIPI": "DC", "SOKET_TURU": "DC_CCS", "SOKET_GUCU_KW": "98" }, "geometry": { "type": "Point", "coordinates": [ 32.881074, 39.880706 ] } },
{ "type": "Feature", "properties": { "ID": 17498.0, "SIRA_NO": 347.0, "ISTASYON_NO": "ŞRJ/13611", "ISTASYON_ADI": "Park Vadi Evleri", "HIZMET_SEKLI": "OZEL", "MARKA": "NEVA ŞARJ", "MARKAADI": "Neva Şarj", "SARJ_AGI_ISLETMECISI": "NEVA İÇ VE DIŞ TİCARET ANONİM ŞİRKETİ", "YESIL_SARJ_ISTASYONU_MU": "", "ADRES": "Güzeltepe Mahallesi Hoşdere Caddesi  No:747/3 Çankaya / ANKARA", "SOKET_NO": "SKT/35411", "SOKET_TIPI": "AC", "SOKET_TURU": "AC_TYPE2", "SOKET_GUCU_KW": "22" }, "geometry": { "type": "Point", "coordinates": [ 32.846944, 39.884782 ] } },
{ "type": "Feature", "properties": { "ID": 17337.0, "SIRA_NO": 304.0, "ISTASYON_NO": "ŞRJ/7672", "ISTASYON_ADI": "Next Level Çayyolu Kuzey Ada", "HIZMET_SEKLI": "OZEL", "MARKA": "NEVA ŞARJ", "MARKAADI": "Neva Şarj", "SARJ_AGI_ISLETMECISI": "NEVA İÇ VE DIŞ TİCARET ANONİM ŞİRKETİ", "YESIL_SARJ_ISTASYONU_MU": "", "ADRES": "Beytepe Mahallesi 5452 Sokağı  No:8 Çankaya / ANKARA", "SOKET_NO": "SKT/17479", "SOKET_TIPI": "AC", "SOKET_TURU": "AC_TYPE2", "SOKET_GUCU_KW": "22" }, "geometry": { "type": "Point", "coordinates": [ 32.702533, 39.856994 ] } },
{ "type": "Feature", "properties": { "ID": 17339.0, "SIRA_NO": 305.0, "ISTASYON_NO": "ŞRJ/7224", "ISTASYON_ADI": "Lodumlu Park", "HIZMET_SEKLI": "HALKA_ACIK", "MARKA": "NEVA ŞARJ", "MARKAADI": "Neva Şarj", "SARJ_AGI_ISLETMECISI": "NEVA İÇ VE DIŞ TİCARET ANONİM ŞİRKETİ", "YESIL_SARJ_ISTASYONU_MU": "", "ADRES": "Beytepe Mahallesi  Lodumlu Park Önü Cep Otopark Çankaya / ANKARA", "SOKET_NO": "SKT/16179", "SOKET_TIPI": "AC", "SOKET_TURU": "AC_TYPE2", "SOKET_GUCU_KW": "22" }, "geometry": { "type": "Point", "coordinates": [ 32.701846, 39.872783 ] } },
{ "type": "Feature", "properties": { "ID": 21863.0, "SIRA_NO": 63.0, "ISTASYON_NO": "ŞRJ/7197", "ISTASYON_ADI": "ANKARAMA RESİDENCE", "HIZMET_SEKLI": "HALKA_ACIK", "MARKA": "Fast-Go", "MARKAADI": "Fast Go", "SARJ_AGI_ISLETMECISI": "YENİ MODEL YAPAY ZEKA VE ROBOTİK TEKNOLOJİ HİZMETLERİ ANONİM ŞİRKETİ", "YESIL_SARJ_ISTASYONU_MU": "", "ADRES": "Kırkkonaklar Mahallesi 320 Sokağı  No:2 Çankaya / ANKARA", "SOKET_NO": "SKT/16117", "SOKET_TIPI": "AC", "SOKET_TURU": "AC_TYPE2", "SOKET_GUCU_KW": "22" }, "geometry": { "type": "Point", "coordinates": [ 32.88686, 39.88771 ] } },
{ "type": "Feature", "properties": { "ID": 21864.0, "SIRA_NO": 63.0, "ISTASYON_NO": "ŞRJ/7197", "ISTASYON_ADI": "ANKARAMA RESİDENCE", "HIZMET_SEKLI": "HALKA_ACIK", "MARKA": "Fast-Go", "MARKAADI": "Fast Go", "SARJ_AGI_ISLETMECISI": "YENİ MODEL YAPAY ZEKA VE ROBOTİK TEKNOLOJİ HİZMETLERİ ANONİM ŞİRKETİ", "YESIL_SARJ_ISTASYONU_MU": "", "ADRES": "Kırkkonaklar Mahallesi 320 Sokağı  No:2 Çankaya / ANKARA", "SOKET_NO": "SKT/16118", "SOKET_TIPI": "DC", "SOKET_TURU": "DC_CCS", "SOKET_GUCU_KW": "30" }, "geometry": { "type": "Point", "coordinates": [ 32.88686, 39.88771 ] } },
{ "type": "Feature", "properties": { "ID": 21866.0, "SIRA_NO": 64.0, "ISTASYON_NO": "ŞRJ/5270", "ISTASYON_ADI": "PARK ORAN 1", "HIZMET_SEKLI": "HALKA_ACIK", "MARKA": "Fast-Go", "MARKAADI": "Fast Go", "SARJ_AGI_ISLETMECISI": "YENİ MODEL YAPAY ZEKA VE ROBOTİK TEKNOLOJİ HİZMETLERİ ANONİM ŞİRKETİ", "YESIL_SARJ_ISTASYONU_MU": "", "ADRES": "Oran Mahallesi Kudüs Caddesi  No:PARK ORAN SİTESİ Çankaya / ANKARA", "SOKET_NO": "SKT/11356", "SOKET_TIPI": "DC", "SOKET_TURU": "DC_CCS", "SOKET_GUCU_KW": "120" }, "geometry": { "type": "Point", "coordinates": [ 32.834394, 39.846997 ] } },
{ "type": "Feature", "properties": { "ID": 21867.0, "SIRA_NO": 64.0, "ISTASYON_NO": "ŞRJ/5270", "ISTASYON_ADI": "PARK ORAN 1", "HIZMET_SEKLI": "HALKA_ACIK", "MARKA": "Fast-Go", "MARKAADI": "Fast Go", "SARJ_AGI_ISLETMECISI": "YENİ MODEL YAPAY ZEKA VE ROBOTİK TEKNOLOJİ HİZMETLERİ ANONİM ŞİRKETİ", "YESIL_SARJ_ISTASYONU_MU": "", "ADRES": "Oran Mahallesi Kudüs Caddesi  No:PARK ORAN SİTESİ Çankaya / ANKARA", "SOKET_NO": "SKT/11357", "SOKET_TIPI": "AC", "SOKET_TURU": "AC_TYPE2", "SOKET_GUCU_KW": "22" }, "geometry": { "type": "Point", "coordinates": [ 32.834394, 39.846997 ] } },
{ "type": "Feature", "properties": { "ID": 21868.0, "SIRA_NO": 64.0, "ISTASYON_NO": "ŞRJ/5270", "ISTASYON_ADI": "PARK ORAN 1", "HIZMET_SEKLI": "HALKA_ACIK", "MARKA": "Fast-Go", "MARKAADI": "Fast Go", "SARJ_AGI_ISLETMECISI": "YENİ MODEL YAPAY ZEKA VE ROBOTİK TEKNOLOJİ HİZMETLERİ ANONİM ŞİRKETİ", "YESIL_SARJ_ISTASYONU_MU": "", "ADRES": "Oran Mahallesi Kudüs Caddesi  No:PARK ORAN SİTESİ Çankaya / ANKARA", "SOKET_NO": "SKT/11359", "SOKET_TIPI": "AC", "SOKET_TURU": "AC_TYPE2", "SOKET_GUCU_KW": "22" }, "geometry": { "type": "Point", "coordinates": [ 32.834394, 39.846997 ] } },
{ "type": "Feature", "properties": { "ID": 17525.0, "SIRA_NO": 351.0, "ISTASYON_NO": "ŞRJ/14071", "ISTASYON_ADI": "Park Vadi Evleri C Blok", "HIZMET_SEKLI": "OZEL", "MARKA": "NEVA ŞARJ", "MARKAADI": "Neva Şarj", "SARJ_AGI_ISLETMECISI": "NEVA İÇ VE DIŞ TİCARET ANONİM ŞİRKETİ", "YESIL_SARJ_ISTASYONU_MU": "", "ADRES": "Güzeltepe Mahallesi Hoşdere Caddesi 747 Sokağı  Park Vadi Evleri C Blok Çankaya / ANKARA", "SOKET_NO": "SKT/36954", "SOKET_TIPI": "AC", "SOKET_TURU": "AC_TYPE2", "SOKET_GUCU_KW": "22" }, "geometry": { "type": "Point", "coordinates": [ 32.84674, 39.883269 ] } },
{ "type": "Feature", "properties": { "ID": 17526.0, "SIRA_NO": 351.0, "ISTASYON_NO": "ŞRJ/14071", "ISTASYON_ADI": "Park Vadi Evleri C Blok", "HIZMET_SEKLI": "OZEL", "MARKA": "NEVA ŞARJ", "MARKAADI": "Neva Şarj", "SARJ_AGI_ISLETMECISI": "NEVA İÇ VE DIŞ TİCARET ANONİM ŞİRKETİ", "YESIL_SARJ_ISTASYONU_MU": "", "ADRES": "Güzeltepe Mahallesi Hoşdere Caddesi 747 Sokağı  Park Vadi Evleri C Blok Çankaya / ANKARA", "SOKET_NO": "SKT/36955", "SOKET_TIPI": "AC", "SOKET_TURU": "AC_TYPE2", "SOKET_GUCU_KW": "22" }, "geometry": { "type": "Point", "coordinates": [ 32.84674, 39.883269 ] } },
{ "type": "Feature", "properties": { "ID": 17464.0, "SIRA_NO": 341.0, "ISTASYON_NO": "ŞRJ/12633", "ISTASYON_ADI": "Neva Şarj Konya Yolu", "HIZMET_SEKLI": "HALKA_ACIK", "MARKA": "NEVA ŞARJ", "MARKAADI": "Neva Şarj", "SARJ_AGI_ISLETMECISI": "NEVA İÇ VE DIŞ TİCARET ANONİM ŞİRKETİ", "YESIL_SARJ_ISTASYONU_MU": "", "ADRES": "Cevizlidere Mahallesi Çankaya / ANKARA", "SOKET_NO": "SKT/32457", "SOKET_TIPI": "DC", "SOKET_TURU": "DC_CCS", "SOKET_GUCU_KW": "120" }, "geometry": { "type": "Point", "coordinates": [ 32.812568, 39.882621 ] } },
{ "type": "Feature", "properties": { "ID": 21852.0, "SIRA_NO": 59.0, "ISTASYON_NO": "ŞRJ/4510", "ISTASYON_ADI": "ALDİNO OTEL", "HIZMET_SEKLI": "HALKA_ACIK", "MARKA": "Fast-Go", "MARKAADI": "Fast Go", "SARJ_AGI_ISLETMECISI": "YENİ MODEL YAPAY ZEKA VE ROBOTİK TEKNOLOJİ HİZMETLERİ ANONİM ŞİRKETİ", "YESIL_SARJ_ISTASYONU_MU": "", "ADRES": "Barbaros Mahallesi Bülten Sokağı Çankaya / ANKARA", "SOKET_NO": "SKT/9463", "SOKET_TIPI": "AC", "SOKET_TURU": "AC_TYPE2", "SOKET_GUCU_KW": "22" }, "geometry": { "type": "Point", "coordinates": [ 32.861996, 39.906501 ] } },
{ "type": "Feature", "properties": { "ID": 21856.0, "SIRA_NO": 61.0, "ISTASYON_NO": "ŞRJ/5437", "ISTASYON_ADI": "PARK ORAN 3", "HIZMET_SEKLI": "HALKA_ACIK", "MARKA": "Fast-Go", "MARKAADI": "Fast Go", "SARJ_AGI_ISLETMECISI": "YENİ MODEL YAPAY ZEKA VE ROBOTİK TEKNOLOJİ HİZMETLERİ ANONİM ŞİRKETİ", "YESIL_SARJ_ISTASYONU_MU": "", "ADRES": "Oran Mahallesi Kudüs Caddesi  No:PARK ORAN SİTESİ Çankaya / ANKARA", "SOKET_NO": "SKT/11808", "SOKET_TIPI": "DC", "SOKET_TURU": "DC_CCS", "SOKET_GUCU_KW": "120" }, "geometry": { "type": "Point", "coordinates": [ 32.831915, 39.846205 ] } },
{ "type": "Feature", "properties": { "ID": 17433.0, "SIRA_NO": 330.0, "ISTASYON_NO": "ŞRJ/2468", "ISTASYON_ADI": "TAURUS AVM", "HIZMET_SEKLI": "HALKA_ACIK", "MARKA": "NEVA ŞARJ", "MARKAADI": "Neva Şarj", "SARJ_AGI_ISLETMECISI": "NEVA İÇ VE DIŞ TİCARET ANONİM ŞİRKETİ", "YESIL_SARJ_ISTASYONU_MU": "", "ADRES": "Muhsin Yazıcıoğlu Caddesi  No:190/B  İşçi Blokları Çankaya / ANKARA", "SOKET_NO": "SKT/4631", "SOKET_TIPI": "DC", "SOKET_TURU": "DC_CCS", "SOKET_GUCU_KW": "120" }, "geometry": { "type": "Point", "coordinates": [ 32.810431, 39.887593 ] } },
{ "type": "Feature", "properties": { "ID": 17500.0, "SIRA_NO": 347.0, "ISTASYON_NO": "ŞRJ/13611", "ISTASYON_ADI": "Park Vadi Evleri", "HIZMET_SEKLI": "OZEL", "MARKA": "NEVA ŞARJ", "MARKAADI": "Neva Şarj", "SARJ_AGI_ISLETMECISI": "NEVA İÇ VE DIŞ TİCARET ANONİM ŞİRKETİ", "YESIL_SARJ_ISTASYONU_MU": "", "ADRES": "Güzeltepe Mahallesi Hoşdere Caddesi  No:747/3 Çankaya / ANKARA", "SOKET_NO": "SKT/35413", "SOKET_TIPI": "AC", "SOKET_TURU": "AC_TYPE2", "SOKET_GUCU_KW": "22" }, "geometry": { "type": "Point", "coordinates": [ 32.846944, 39.884782 ] } },
{ "type": "Feature", "properties": { "ID": 17501.0, "SIRA_NO": 347.0, "ISTASYON_NO": "ŞRJ/13611", "ISTASYON_ADI": "Park Vadi Evleri", "HIZMET_SEKLI": "OZEL", "MARKA": "NEVA ŞARJ", "MARKAADI": "Neva Şarj", "SARJ_AGI_ISLETMECISI": "NEVA İÇ VE DIŞ TİCARET ANONİM ŞİRKETİ", "YESIL_SARJ_ISTASYONU_MU": "", "ADRES": "Güzeltepe Mahallesi Hoşdere Caddesi  No:747/3 Çankaya / ANKARA", "SOKET_NO": "SKT/35414", "SOKET_TIPI": "AC", "SOKET_TURU": "AC_TYPE2", "SOKET_GUCU_KW": "22" }, "geometry": { "type": "Point", "coordinates": [ 32.846944, 39.884782 ] } },
{ "type": "Feature", "properties": { "ID": 17502.0, "SIRA_NO": 347.0, "ISTASYON_NO": "ŞRJ/13611", "ISTASYON_ADI": "Park Vadi Evleri", "HIZMET_SEKLI": "OZEL", "MARKA": "NEVA ŞARJ", "MARKAADI": "Neva Şarj", "SARJ_AGI_ISLETMECISI": "NEVA İÇ VE DIŞ TİCARET ANONİM ŞİRKETİ", "YESIL_SARJ_ISTASYONU_MU": "", "ADRES": "Güzeltepe Mahallesi Hoşdere Caddesi  No:747/3 Çankaya / ANKARA", "SOKET_NO": "SKT/35415", "SOKET_TIPI": "AC", "SOKET_TURU": "AC_TYPE2", "SOKET_GUCU_KW": "22" }, "geometry": { "type": "Point", "coordinates": [ 32.846944, 39.884782 ] } },
{ "type": "Feature", "properties": { "ID": 17503.0, "SIRA_NO": 347.0, "ISTASYON_NO": "ŞRJ/13611", "ISTASYON_ADI": "Park Vadi Evleri", "HIZMET_SEKLI": "OZEL", "MARKA": "NEVA ŞARJ", "MARKAADI": "Neva Şarj", "SARJ_AGI_ISLETMECISI": "NEVA İÇ VE DIŞ TİCARET ANONİM ŞİRKETİ", "YESIL_SARJ_ISTASYONU_MU": "", "ADRES": "Güzeltepe Mahallesi Hoşdere Caddesi  No:747/3 Çankaya / ANKARA", "SOKET_NO": "SKT/35416", "SOKET_TIPI": "AC", "SOKET_TURU": "AC_TYPE2", "SOKET_GUCU_KW": "22" }, "geometry": { "type": "Point", "coordinates": [ 32.846944, 39.884782 ] } },
{ "type": "Feature", "properties": { "ID": 17873.0, "SIRA_NO": 465.0, "ISTASYON_NO": "ŞRJ/123", "ISTASYON_ADI": "Tepe Prime, Ankara", "HIZMET_SEKLI": "HALKA_ACIK", "MARKA": "eşarj", "MARKAADI": "Eşarj", "SARJ_AGI_ISLETMECISI": "EŞARJ ELEKTRİKLİ ARAÇLAR ŞARJ SİSTEMLERİ ANONİM ŞİRKETİ", "YESIL_SARJ_ISTASYONU_MU": "Evet", "ADRES": "Mustafa Kemal Mahallesi  No:266 Çankaya / ANKARA", "SOKET_NO": "SKT/7459", "SOKET_TIPI": "DC", "SOKET_TURU": "DC_CCS", "SOKET_GUCU_KW": "120" }, "geometry": { "type": "Point", "coordinates": [ 32.754788, 39.910007 ] } },
{ "type": "Feature", "properties": { "ID": 17878.0, "SIRA_NO": 467.0, "ISTASYON_NO": "ŞRJ/126", "ISTASYON_ADI": "Koluman - Balgat, Ankara", "HIZMET_SEKLI": "HALKA_ACIK", "MARKA": "eşarj", "MARKAADI": "Eşarj", "SARJ_AGI_ISLETMECISI": "EŞARJ ELEKTRİKLİ ARAÇLAR ŞARJ SİSTEMLERİ ANONİM ŞİRKETİ", "YESIL_SARJ_ISTASYONU_MU": "Evet", "ADRES": "Ehlibeyt Mahallesi  No:199/a Çankaya / ANKARA", "SOKET_NO": "SKT/250", "SOKET_TIPI": "DC", "SOKET_TURU": "DC_CCS", "SOKET_GUCU_KW": "50" }, "geometry": { "type": "Point", "coordinates": [ 32.81336, 39.889597 ] } },
{ "type": "Feature", "properties": { "ID": 17879.0, "SIRA_NO": 467.0, "ISTASYON_NO": "ŞRJ/126", "ISTASYON_ADI": "Koluman - Balgat, Ankara", "HIZMET_SEKLI": "HALKA_ACIK", "MARKA": "eşarj", "MARKAADI": "Eşarj", "SARJ_AGI_ISLETMECISI": "EŞARJ ELEKTRİKLİ ARAÇLAR ŞARJ SİSTEMLERİ ANONİM ŞİRKETİ", "YESIL_SARJ_ISTASYONU_MU": "Evet", "ADRES": "Ehlibeyt Mahallesi  No:199/a Çankaya / ANKARA", "SOKET_NO": "SKT/251", "SOKET_TIPI": "AC", "SOKET_TURU": "AC_TYPE2", "SOKET_GUCU_KW": "22" }, "geometry": { "type": "Point", "coordinates": [ 32.81336, 39.889597 ] } },
{ "type": "Feature", "properties": { "ID": 17465.0, "SIRA_NO": 341.0, "ISTASYON_NO": "ŞRJ/12633", "ISTASYON_ADI": "Neva Şarj Konya Yolu", "HIZMET_SEKLI": "HALKA_ACIK", "MARKA": "NEVA ŞARJ", "MARKAADI": "Neva Şarj", "SARJ_AGI_ISLETMECISI": "NEVA İÇ VE DIŞ TİCARET ANONİM ŞİRKETİ", "YESIL_SARJ_ISTASYONU_MU": "", "ADRES": "Cevizlidere Mahallesi Çankaya / ANKARA", "SOKET_NO": "SKT/32458", "SOKET_TIPI": "DC", "SOKET_TURU": "DC_CCS", "SOKET_GUCU_KW": "120" }, "geometry": { "type": "Point", "coordinates": [ 32.812568, 39.882621 ] } },
{ "type": "Feature", "properties": { "ID": 17466.0, "SIRA_NO": 341.0, "ISTASYON_NO": "ŞRJ/12633", "ISTASYON_ADI": "Neva Şarj Konya Yolu", "HIZMET_SEKLI": "HALKA_ACIK", "MARKA": "NEVA ŞARJ", "MARKAADI": "Neva Şarj", "SARJ_AGI_ISLETMECISI": "NEVA İÇ VE DIŞ TİCARET ANONİM ŞİRKETİ", "YESIL_SARJ_ISTASYONU_MU": "", "ADRES": "Cevizlidere Mahallesi Çankaya / ANKARA", "SOKET_NO": "SKT/32459", "SOKET_TIPI": "DC", "SOKET_TURU": "DC_CCS", "SOKET_GUCU_KW": "120" }, "geometry": { "type": "Point", "coordinates": [ 32.812568, 39.882621 ] } },
{ "type": "Feature", "properties": { "ID": 17467.0, "SIRA_NO": 341.0, "ISTASYON_NO": "ŞRJ/12633", "ISTASYON_ADI": "Neva Şarj Konya Yolu", "HIZMET_SEKLI": "HALKA_ACIK", "MARKA": "NEVA ŞARJ", "MARKAADI": "Neva Şarj", "SARJ_AGI_ISLETMECISI": "NEVA İÇ VE DIŞ TİCARET ANONİM ŞİRKETİ", "YESIL_SARJ_ISTASYONU_MU": "", "ADRES": "Cevizlidere Mahallesi Çankaya / ANKARA", "SOKET_NO": "SKT/32460", "SOKET_TIPI": "DC", "SOKET_TURU": "DC_CCS", "SOKET_GUCU_KW": "120" }, "geometry": { "type": "Point", "coordinates": [ 32.812568, 39.882621 ] } },
{ "type": "Feature", "properties": { "ID": 17471.0, "SIRA_NO": 342.0, "ISTASYON_NO": "ŞRJ/12635", "ISTASYON_ADI": "Koz Oran Toplu Konut Sitesi", "HIZMET_SEKLI": "OZEL", "MARKA": "NEVA ŞARJ", "MARKAADI": "Neva Şarj", "SARJ_AGI_ISLETMECISI": "NEVA İÇ VE DIŞ TİCARET ANONİM ŞİRKETİ", "YESIL_SARJ_ISTASYONU_MU": "", "ADRES": "Yukarı Dikmen Mahallesi 786 Caddesi  No:145 Çankaya / ANKARA", "SOKET_NO": "SKT/32468", "SOKET_TIPI": "AC", "SOKET_TURU": "AC_TYPE2", "SOKET_GUCU_KW": "22" }, "geometry": { "type": "Point", "coordinates": [ 32.840851, 39.858579 ] } },
{ "type": "Feature", "properties": { "ID": 17357.0, "SIRA_NO": 308.0, "ISTASYON_NO": "ŞRJ/7225", "ISTASYON_ADI": "Officium Beytepe", "HIZMET_SEKLI": "HALKA_ACIK", "MARKA": "NEVA ŞARJ", "MARKAADI": "Neva Şarj", "SARJ_AGI_ISLETMECISI": "NEVA İÇ VE DIŞ TİCARET ANONİM ŞİRKETİ", "YESIL_SARJ_ISTASYONU_MU": "", "ADRES": "Beytepe Mahallesi 5314 Caddesi  No:4  Officium Önü Çankaya / ANKARA", "SOKET_NO": "SKT/24212", "SOKET_TIPI": "DC", "SOKET_TURU": "DC_CCS", "SOKET_GUCU_KW": "120" }, "geometry": { "type": "Point", "coordinates": [ 32.710093, 39.866571 ] } },
{ "type": "Feature", "properties": { "ID": 17363.0, "SIRA_NO": 311.0, "ISTASYON_NO": "ŞRJ/6484", "ISTASYON_ADI": "Tunalı Hilmi", "HIZMET_SEKLI": "HALKA_ACIK", "MARKA": "NEVA ŞARJ", "MARKAADI": "Neva Şarj", "SARJ_AGI_ISLETMECISI": "NEVA İÇ VE DIŞ TİCARET ANONİM ŞİRKETİ", "YESIL_SARJ_ISTASYONU_MU": "", "ADRES": "Kavaklıdere Mahallesi Tunalı Hilmi Caddesi  Kuğulu İş Merkezi Önü Çankaya / ANKARA", "SOKET_NO": "SKT/14189", "SOKET_TIPI": "AC", "SOKET_TURU": "AC_TYPE2", "SOKET_GUCU_KW": "22" }, "geometry": { "type": "Point", "coordinates": [ 32.860687, 39.902733 ] } },
{ "type": "Feature", "properties": { "ID": 17367.0, "SIRA_NO": 312.0, "ISTASYON_NO": "ŞRJ/6483", "ISTASYON_ADI": "Necatibey", "HIZMET_SEKLI": "HALKA_ACIK", "MARKA": "NEVA ŞARJ", "MARKAADI": "Neva Şarj", "SARJ_AGI_ISLETMECISI": "NEVA İÇ VE DIŞ TİCARET ANONİM ŞİRKETİ", "YESIL_SARJ_ISTASYONU_MU": "", "ADRES": "Korkutreis Mahallesi Necatibey Caddesi  Yapı Kredi Bankası Önü Çankaya / ANKARA", "SOKET_NO": "SKT/14185", "SOKET_TIPI": "AC", "SOKET_TURU": "AC_TYPE2", "SOKET_GUCU_KW": "22" }, "geometry": { "type": "Point", "coordinates": [ 32.851253, 39.924418 ] } },
{ "type": "Feature", "properties": { "ID": 21303.0, "SIRA_NO": 337.0, "ISTASYON_NO": "ŞRJ/3854", "ISTASYON_ADI": "BEYSUEVLERİ AC-1 ve BEYSUEVLERİ AC-2", "HIZMET_SEKLI": "OZEL", "MARKA": "beefull", "MARKAADI": "Beefull", "SARJ_AGI_ISLETMECISI": "BEEFULL ENERJİ TEKNOLOJİLERİ ANONİM ŞİRKETİ", "YESIL_SARJ_ISTASYONU_MU": "Evet", "ADRES": "Mutlukent Mahallesi 2004. Caddesi  No:5 Çankaya / ANKARA", "SOKET_NO": "SKT/7890", "SOKET_TIPI": "AC", "SOKET_TURU": "AC_TYPE2", "SOKET_GUCU_KW": "22" }, "geometry": { "type": "Point", "coordinates": [ 32.715448, 39.889355 ] } },
{ "type": "Feature", "properties": { "ID": 21870.0, "SIRA_NO": 65.0, "ISTASYON_NO": "ŞRJ/4909", "ISTASYON_ADI": "PARK ORAN 2", "HIZMET_SEKLI": "HALKA_ACIK", "MARKA": "Fast-Go", "MARKAADI": "Fast Go", "SARJ_AGI_ISLETMECISI": "YENİ MODEL YAPAY ZEKA VE ROBOTİK TEKNOLOJİ HİZMETLERİ ANONİM ŞİRKETİ", "YESIL_SARJ_ISTASYONU_MU": "", "ADRES": "Oran Mahallesi Kudüs Caddesi  No:PARK ORAN SİTESİ Çankaya / ANKARA", "SOKET_NO": "SKT/10393", "SOKET_TIPI": "AC", "SOKET_TURU": "AC_TYPE2", "SOKET_GUCU_KW": "22" }, "geometry": { "type": "Point", "coordinates": [ 32.835982, 39.849714 ] } },
{ "type": "Feature", "properties": { "ID": 16835.0, "SIRA_NO": 164.0, "ISTASYON_NO": "ŞRJ/9201", "ISTASYON_ADI": "Koç Kuleleri", "HIZMET_SEKLI": "HALKA_ACIK", "MARKA": "wat mobilite", "MARKAADI": "WAT Mobilite", "SARJ_AGI_ISLETMECISI": "WAT MOBİLİTE ÇÖZÜMLERİ TEKNOLOJİ VE TİCARET ANONİM ŞİRKETİ", "YESIL_SARJ_ISTASYONU_MU": "Evet", "ADRES": "Söğütözü Mahallesi Söğütözü Sokağı  No:2/0 Çankaya / ANKARA", "SOKET_NO": "SKT/21531", "SOKET_TIPI": "DC", "SOKET_TURU": "DC_CCS", "SOKET_GUCU_KW": "120" }, "geometry": { "type": "Point", "coordinates": [ 32.804284, 39.912358 ] } },
{ "type": "Feature", "properties": { "ID": 17447.0, "SIRA_NO": 334.0, "ISTASYON_NO": "ŞRJ/11325", "ISTASYON_ADI": "Hayat Sebla Evleri", "HIZMET_SEKLI": "OZEL", "MARKA": "NEVA ŞARJ", "MARKAADI": "Neva Şarj", "SARJ_AGI_ISLETMECISI": "NEVA İÇ VE DIŞ TİCARET ANONİM ŞİRKETİ", "YESIL_SARJ_ISTASYONU_MU": "", "ADRES": "Kızılırmak Mahallesi Erol Yaşar Türkalp Caddesi  No:29  Hayat Sebla Evleri Çankaya / ANKARA", "SOKET_NO": "SKT/28027", "SOKET_TIPI": "AC", "SOKET_TURU": "AC_TYPE2", "SOKET_GUCU_KW": "22" }, "geometry": { "type": "Point", "coordinates": [ 32.8105, 39.9014 ] } },
{ "type": "Feature", "properties": { "ID": 21816.0, "SIRA_NO": 42.0, "ISTASYON_NO": "ŞRJ/12836", "ISTASYON_ADI": "DAYS HOTEL ANKARA AC-1", "HIZMET_SEKLI": "HALKA_ACIK", "MARKA": "beefull", "MARKAADI": "Beefull", "SARJ_AGI_ISLETMECISI": "BEEFULL ENERJİ TEKNOLOJİLERİ ANONİM ŞİRKETİ", "YESIL_SARJ_ISTASYONU_MU": "Evet", "ADRES": "Güzeltepe Mahallesi 749 Sokağı  No:33 Çankaya / ANKARA", "SOKET_NO": "SKT/33117", "SOKET_TIPI": "AC", "SOKET_TURU": "AC_TYPE2", "SOKET_GUCU_KW": "22" }, "geometry": { "type": "Point", "coordinates": [ 32.8529, 39.8827 ] } },
{ "type": "Feature", "properties": { "ID": 17448.0, "SIRA_NO": 334.0, "ISTASYON_NO": "ŞRJ/11325", "ISTASYON_ADI": "Hayat Sebla Evleri", "HIZMET_SEKLI": "OZEL", "MARKA": "NEVA ŞARJ", "MARKAADI": "Neva Şarj", "SARJ_AGI_ISLETMECISI": "NEVA İÇ VE DIŞ TİCARET ANONİM ŞİRKETİ", "YESIL_SARJ_ISTASYONU_MU": "", "ADRES": "Kızılırmak Mahallesi Erol Yaşar Türkalp Caddesi  No:29  Hayat Sebla Evleri Çankaya / ANKARA", "SOKET_NO": "SKT/30777", "SOKET_TIPI": "AC", "SOKET_TURU": "AC_TYPE2", "SOKET_GUCU_KW": "22" }, "geometry": { "type": "Point", "coordinates": [ 32.8105, 39.9014 ] } },
{ "type": "Feature", "properties": { "ID": 17449.0, "SIRA_NO": 334.0, "ISTASYON_NO": "ŞRJ/11325", "ISTASYON_ADI": "Hayat Sebla Evleri", "HIZMET_SEKLI": "OZEL", "MARKA": "NEVA ŞARJ", "MARKAADI": "Neva Şarj", "SARJ_AGI_ISLETMECISI": "NEVA İÇ VE DIŞ TİCARET ANONİM ŞİRKETİ", "YESIL_SARJ_ISTASYONU_MU": "", "ADRES": "Kızılırmak Mahallesi Erol Yaşar Türkalp Caddesi  No:29  Hayat Sebla Evleri Çankaya / ANKARA", "SOKET_NO": "SKT/30778", "SOKET_TIPI": "AC", "SOKET_TURU": "AC_TYPE2", "SOKET_GUCU_KW": "22" }, "geometry": { "type": "Point", "coordinates": [ 32.8105, 39.9014 ] } },
{ "type": "Feature", "properties": { "ID": 17472.0, "SIRA_NO": 342.0, "ISTASYON_NO": "ŞRJ/12635", "ISTASYON_ADI": "Koz Oran Toplu Konut Sitesi", "HIZMET_SEKLI": "OZEL", "MARKA": "NEVA ŞARJ", "MARKAADI": "Neva Şarj", "SARJ_AGI_ISLETMECISI": "NEVA İÇ VE DIŞ TİCARET ANONİM ŞİRKETİ", "YESIL_SARJ_ISTASYONU_MU": "", "ADRES": "Yukarı Dikmen Mahallesi 786 Caddesi  No:145 Çankaya / ANKARA", "SOKET_NO": "SKT/32469", "SOKET_TIPI": "AC", "SOKET_TURU": "AC_TYPE2", "SOKET_GUCU_KW": "22" }, "geometry": { "type": "Point", "coordinates": [ 32.840851, 39.858579 ] } },
{ "type": "Feature", "properties": { "ID": 17527.0, "SIRA_NO": 351.0, "ISTASYON_NO": "ŞRJ/14071", "ISTASYON_ADI": "Park Vadi Evleri C Blok", "HIZMET_SEKLI": "OZEL", "MARKA": "NEVA ŞARJ", "MARKAADI": "Neva Şarj", "SARJ_AGI_ISLETMECISI": "NEVA İÇ VE DIŞ TİCARET ANONİM ŞİRKETİ", "YESIL_SARJ_ISTASYONU_MU": "", "ADRES": "Güzeltepe Mahallesi Hoşdere Caddesi 747 Sokağı  Park Vadi Evleri C Blok Çankaya / ANKARA", "SOKET_NO": "SKT/36956", "SOKET_TIPI": "AC", "SOKET_TURU": "AC_TYPE2", "SOKET_GUCU_KW": "22" }, "geometry": { "type": "Point", "coordinates": [ 32.84674, 39.883269 ] } },
{ "type": "Feature", "properties": { "ID": 17528.0, "SIRA_NO": 351.0, "ISTASYON_NO": "ŞRJ/14071", "ISTASYON_ADI": "Park Vadi Evleri C Blok", "HIZMET_SEKLI": "OZEL", "MARKA": "NEVA ŞARJ", "MARKAADI": "Neva Şarj", "SARJ_AGI_ISLETMECISI": "NEVA İÇ VE DIŞ TİCARET ANONİM ŞİRKETİ", "YESIL_SARJ_ISTASYONU_MU": "", "ADRES": "Güzeltepe Mahallesi Hoşdere Caddesi 747 Sokağı  Park Vadi Evleri C Blok Çankaya / ANKARA", "SOKET_NO": "SKT/36957", "SOKET_TIPI": "AC", "SOKET_TURU": "AC_TYPE2", "SOKET_GUCU_KW": "22" }, "geometry": { "type": "Point", "coordinates": [ 32.84674, 39.883269 ] } },
{ "type": "Feature", "properties": { "ID": 17381.0, "SIRA_NO": 317.0, "ISTASYON_NO": "ŞRJ/3213", "ISTASYON_ADI": "GMG Garage Beytepe", "HIZMET_SEKLI": "HALKA_ACIK", "MARKA": "NEVA ŞARJ", "MARKAADI": "Neva Şarj", "SARJ_AGI_ISLETMECISI": "NEVA İÇ VE DIŞ TİCARET ANONİM ŞİRKETİ", "YESIL_SARJ_ISTASYONU_MU": "", "ADRES": "Beytepe Mahallesi Ali Kuşçu Caddesi  No:2A/2 Çankaya / ANKARA", "SOKET_NO": "SKT/6224", "SOKET_TIPI": "AC", "SOKET_TURU": "AC_TYPE2", "SOKET_GUCU_KW": "22" }, "geometry": { "type": "Point", "coordinates": [ 32.712911, 39.860913 ] } },
{ "type": "Feature", "properties": { "ID": 17382.0, "SIRA_NO": 318.0, "ISTASYON_NO": "ŞRJ/3212", "ISTASYON_ADI": "GMG Garage Beytepe", "HIZMET_SEKLI": "OZEL", "MARKA": "NEVA ŞARJ", "MARKAADI": "Neva Şarj", "SARJ_AGI_ISLETMECISI": "NEVA İÇ VE DIŞ TİCARET ANONİM ŞİRKETİ", "YESIL_SARJ_ISTASYONU_MU": "", "ADRES": "Beytepe Mahallesi Ali Kuşçu Caddesi  No:2A/2 Çankaya / ANKARA", "SOKET_NO": "SKT/6223", "SOKET_TIPI": "AC", "SOKET_TURU": "AC_TYPE2", "SOKET_GUCU_KW": "22" }, "geometry": { "type": "Point", "coordinates": [ 32.712864, 39.86106 ] } },
{ "type": "Feature", "properties": { "ID": 17529.0, "SIRA_NO": 351.0, "ISTASYON_NO": "ŞRJ/14071", "ISTASYON_ADI": "Park Vadi Evleri C Blok", "HIZMET_SEKLI": "OZEL", "MARKA": "NEVA ŞARJ", "MARKAADI": "Neva Şarj", "SARJ_AGI_ISLETMECISI": "NEVA İÇ VE DIŞ TİCARET ANONİM ŞİRKETİ", "YESIL_SARJ_ISTASYONU_MU": "", "ADRES": "Güzeltepe Mahallesi Hoşdere Caddesi 747 Sokağı  Park Vadi Evleri C Blok Çankaya / ANKARA", "SOKET_NO": "SKT/36958", "SOKET_TIPI": "AC", "SOKET_TURU": "AC_TYPE2", "SOKET_GUCU_KW": "22" }, "geometry": { "type": "Point", "coordinates": [ 32.84674, 39.883269 ] } },
{ "type": "Feature", "properties": { "ID": 17530.0, "SIRA_NO": 351.0, "ISTASYON_NO": "ŞRJ/14071", "ISTASYON_ADI": "Park Vadi Evleri C Blok", "HIZMET_SEKLI": "OZEL", "MARKA": "NEVA ŞARJ", "MARKAADI": "Neva Şarj", "SARJ_AGI_ISLETMECISI": "NEVA İÇ VE DIŞ TİCARET ANONİM ŞİRKETİ", "YESIL_SARJ_ISTASYONU_MU": "", "ADRES": "Güzeltepe Mahallesi Hoşdere Caddesi 747 Sokağı  Park Vadi Evleri C Blok Çankaya / ANKARA", "SOKET_NO": "SKT/36959", "SOKET_TIPI": "AC", "SOKET_TURU": "AC_TYPE2", "SOKET_GUCU_KW": "22" }, "geometry": { "type": "Point", "coordinates": [ 32.84674, 39.883269 ] } },
{ "type": "Feature", "properties": { "ID": 17480.0, "SIRA_NO": 343.0, "ISTASYON_NO": "ŞRJ/13116", "ISTASYON_ADI": "Panora AVM", "HIZMET_SEKLI": "HALKA_ACIK", "MARKA": "NEVA ŞARJ", "MARKAADI": "Neva Şarj", "SARJ_AGI_ISLETMECISI": "NEVA İÇ VE DIŞ TİCARET ANONİM ŞİRKETİ", "YESIL_SARJ_ISTASYONU_MU": "", "ADRES": "Oran Mahallesi Kudüs Caddesi  No:3 Çankaya / ANKARA", "SOKET_NO": "SKT/33834", "SOKET_TIPI": "DC", "SOKET_TURU": "DC_CCS", "SOKET_GUCU_KW": "120" }, "geometry": { "type": "Point", "coordinates": [ 32.833957, 39.848084 ] } },
{ "type": "Feature", "properties": { "ID": 17368.0, "SIRA_NO": 312.0, "ISTASYON_NO": "ŞRJ/6483", "ISTASYON_ADI": "Necatibey", "HIZMET_SEKLI": "HALKA_ACIK", "MARKA": "NEVA ŞARJ", "MARKAADI": "Neva Şarj", "SARJ_AGI_ISLETMECISI": "NEVA İÇ VE DIŞ TİCARET ANONİM ŞİRKETİ", "YESIL_SARJ_ISTASYONU_MU": "", "ADRES": "Korkutreis Mahallesi Necatibey Caddesi  Yapı Kredi Bankası Önü Çankaya / ANKARA", "SOKET_NO": "SKT/14186", "SOKET_TIPI": "AC", "SOKET_TURU": "AC_TYPE2", "SOKET_GUCU_KW": "22" }, "geometry": { "type": "Point", "coordinates": [ 32.851253, 39.924418 ] } },
{ "type": "Feature", "properties": { "ID": 17383.0, "SIRA_NO": 319.0, "ISTASYON_NO": "ŞRJ/3211", "ISTASYON_ADI": "Next Level Çayyolu Toplu Yapı Sitesi", "HIZMET_SEKLI": "OZEL", "MARKA": "NEVA ŞARJ", "MARKAADI": "Neva Şarj", "SARJ_AGI_ISLETMECISI": "NEVA İÇ VE DIŞ TİCARET ANONİM ŞİRKETİ", "YESIL_SARJ_ISTASYONU_MU": "", "ADRES": "Beytepe Mahallesi 5452 Sokağı  No:8 Çankaya / ANKARA", "SOKET_NO": "SKT/6221", "SOKET_TIPI": "AC", "SOKET_TURU": "AC_TYPE2", "SOKET_GUCU_KW": "22" }, "geometry": { "type": "Point", "coordinates": [ 32.702342, 39.856588 ] } },
{ "type": "Feature", "properties": { "ID": 17385.0, "SIRA_NO": 320.0, "ISTASYON_NO": "ŞRJ/2669", "ISTASYON_ADI": "Neva Şarj Genel Merkez", "HIZMET_SEKLI": "HALKA_ACIK", "MARKA": "NEVA ŞARJ", "MARKAADI": "Neva Şarj", "SARJ_AGI_ISLETMECISI": "NEVA İÇ VE DIŞ TİCARET ANONİM ŞİRKETİ", "YESIL_SARJ_ISTASYONU_MU": "", "ADRES": "Ümit Mahallesi 2532 Sokağı  No:4 Çankaya / ANKARA", "SOKET_NO": "SKT/5081", "SOKET_TIPI": "AC", "SOKET_TURU": "AC_TYPE2", "SOKET_GUCU_KW": "22" }, "geometry": { "type": "Point", "coordinates": [ 32.694731, 39.893896 ] } },
{ "type": "Feature", "properties": { "ID": 17388.0, "SIRA_NO": 321.0, "ISTASYON_NO": "ŞRJ/2471", "ISTASYON_ADI": "NEXT LEVEL AVM OFİS", "HIZMET_SEKLI": "OZEL", "MARKA": "NEVA ŞARJ", "MARKAADI": "Neva Şarj", "SARJ_AGI_ISLETMECISI": "NEVA İÇ VE DIŞ TİCARET ANONİM ŞİRKETİ", "YESIL_SARJ_ISTASYONU_MU": "", "ADRES": "Kızılırmak Mahallesi  No:3 /C1 Çankaya / ANKARA", "SOKET_NO": "SKT/4636", "SOKET_TIPI": "AC", "SOKET_TURU": "AC_TYPE2", "SOKET_GUCU_KW": "22" }, "geometry": { "type": "Point", "coordinates": [ 32.811876, 39.911564 ] } },
{ "type": "Feature", "properties": { "ID": 21871.0, "SIRA_NO": 65.0, "ISTASYON_NO": "ŞRJ/4909", "ISTASYON_ADI": "PARK ORAN 2", "HIZMET_SEKLI": "HALKA_ACIK", "MARKA": "Fast-Go", "MARKAADI": "Fast Go", "SARJ_AGI_ISLETMECISI": "YENİ MODEL YAPAY ZEKA VE ROBOTİK TEKNOLOJİ HİZMETLERİ ANONİM ŞİRKETİ", "YESIL_SARJ_ISTASYONU_MU": "", "ADRES": "Oran Mahallesi Kudüs Caddesi  No:PARK ORAN SİTESİ Çankaya / ANKARA", "SOKET_NO": "SKT/10396", "SOKET_TIPI": "DC", "SOKET_TURU": "DC_CCS", "SOKET_GUCU_KW": "120" }, "geometry": { "type": "Point", "coordinates": [ 32.835982, 39.849714 ] } },
{ "type": "Feature", "properties": { "ID": 16852.0, "SIRA_NO": 167.0, "ISTASYON_NO": "ŞRJ/9204", "ISTASYON_ADI": "Divan Ankara", "HIZMET_SEKLI": "HALKA_ACIK", "MARKA": "wat mobilite", "MARKAADI": "WAT Mobilite", "SARJ_AGI_ISLETMECISI": "WAT MOBİLİTE ÇÖZÜMLERİ TEKNOLOJİ VE TİCARET ANONİM ŞİRKETİ", "YESIL_SARJ_ISTASYONU_MU": "Evet", "ADRES": "Yıldızevler Mahallesi Jose Marti Sokağı  No:2/0 Çankaya / ANKARA", "SOKET_NO": "SKT/21538", "SOKET_TIPI": "AC", "SOKET_TURU": "AC_TYPE2", "SOKET_GUCU_KW": "22" }, "geometry": { "type": "Point", "coordinates": [ 32.8589, 39.877759 ] } },
{ "type": "Feature", "properties": { "ID": 17369.0, "SIRA_NO": 312.0, "ISTASYON_NO": "ŞRJ/6483", "ISTASYON_ADI": "Necatibey", "HIZMET_SEKLI": "HALKA_ACIK", "MARKA": "NEVA ŞARJ", "MARKAADI": "Neva Şarj", "SARJ_AGI_ISLETMECISI": "NEVA İÇ VE DIŞ TİCARET ANONİM ŞİRKETİ", "YESIL_SARJ_ISTASYONU_MU": "", "ADRES": "Korkutreis Mahallesi Necatibey Caddesi  Yapı Kredi Bankası Önü Çankaya / ANKARA", "SOKET_NO": "SKT/14187", "SOKET_TIPI": "AC", "SOKET_TURU": "AC_TYPE2", "SOKET_GUCU_KW": "22" }, "geometry": { "type": "Point", "coordinates": [ 32.851253, 39.924418 ] } },
{ "type": "Feature", "properties": { "ID": 17370.0, "SIRA_NO": 312.0, "ISTASYON_NO": "ŞRJ/6483", "ISTASYON_ADI": "Necatibey", "HIZMET_SEKLI": "HALKA_ACIK", "MARKA": "NEVA ŞARJ", "MARKAADI": "Neva Şarj", "SARJ_AGI_ISLETMECISI": "NEVA İÇ VE DIŞ TİCARET ANONİM ŞİRKETİ", "YESIL_SARJ_ISTASYONU_MU": "", "ADRES": "Korkutreis Mahallesi Necatibey Caddesi  Yapı Kredi Bankası Önü Çankaya / ANKARA", "SOKET_NO": "SKT/14188", "SOKET_TIPI": "AC", "SOKET_TURU": "AC_TYPE2", "SOKET_GUCU_KW": "22" }, "geometry": { "type": "Point", "coordinates": [ 32.851253, 39.924418 ] } },
{ "type": "Feature", "properties": { "ID": 21155.0, "SIRA_NO": 268.0, "ISTASYON_NO": "ŞRJ/9661", "ISTASYON_ADI": "Sınav Koleji", "HIZMET_SEKLI": "HALKA_ACIK", "MARKA": "AUTOŞARJ", "MARKAADI": "Autoşarj", "SARJ_AGI_ISLETMECISI": "SOLARPARK DANIŞMANLIK TURİZM MÜHENDİSLİK ENERJİ ÜRETİM İNŞAAT İTHALAT İHRACAT SANAYİ VE TİCARET LİMİTED ŞİRKETİ", "YESIL_SARJ_ISTASYONU_MU": "", "ADRES": "Mustafa Kemal Mah Mahallesi Çankaya / ANKARA", "SOKET_NO": "SKT/23075", "SOKET_TIPI": "AC", "SOKET_TURU": "AC_TYPE2", "SOKET_GUCU_KW": "22" }, "geometry": { "type": "Point", "coordinates": [ 32.739148, 39.910242 ] } },
{ "type": "Feature", "properties": { "ID": 21156.0, "SIRA_NO": 268.0, "ISTASYON_NO": "ŞRJ/9661", "ISTASYON_ADI": "Sınav Koleji", "HIZMET_SEKLI": "HALKA_ACIK", "MARKA": "AUTOŞARJ", "MARKAADI": "Autoşarj", "SARJ_AGI_ISLETMECISI": "SOLARPARK DANIŞMANLIK TURİZM MÜHENDİSLİK ENERJİ ÜRETİM İNŞAAT İTHALAT İHRACAT SANAYİ VE TİCARET LİMİTED ŞİRKETİ", "YESIL_SARJ_ISTASYONU_MU": "", "ADRES": "Mustafa Kemal Mah Mahallesi Çankaya / ANKARA", "SOKET_NO": "SKT/23076", "SOKET_TIPI": "AC", "SOKET_TURU": "AC_TYPE2", "SOKET_GUCU_KW": "22" }, "geometry": { "type": "Point", "coordinates": [ 32.739148, 39.910242 ] } },
{ "type": "Feature", "properties": { "ID": 21157.0, "SIRA_NO": 268.0, "ISTASYON_NO": "ŞRJ/9661", "ISTASYON_ADI": "Sınav Koleji", "HIZMET_SEKLI": "HALKA_ACIK", "MARKA": "AUTOŞARJ", "MARKAADI": "Autoşarj", "SARJ_AGI_ISLETMECISI": "SOLARPARK DANIŞMANLIK TURİZM MÜHENDİSLİK ENERJİ ÜRETİM İNŞAAT İTHALAT İHRACAT SANAYİ VE TİCARET LİMİTED ŞİRKETİ", "YESIL_SARJ_ISTASYONU_MU": "", "ADRES": "Mustafa Kemal Mah Mahallesi Çankaya / ANKARA", "SOKET_NO": "SKT/23077", "SOKET_TIPI": "AC", "SOKET_TURU": "AC_TYPE2", "SOKET_GUCU_KW": "22" }, "geometry": { "type": "Point", "coordinates": [ 32.739148, 39.910242 ] } },
{ "type": "Feature", "properties": { "ID": 18116.0, "SIRA_NO": 68.0, "ISTASYON_NO": "ŞRJ/2523", "ISTASYON_ADI": "The Green Park Hotel, Ankara", "HIZMET_SEKLI": "HALKA_ACIK", "MARKA": "eşarj", "MARKAADI": "Eşarj", "SARJ_AGI_ISLETMECISI": "EŞARJ ELEKTRİKLİ ARAÇLAR ŞARJ SİSTEMLERİ ANONİM ŞİRKETİ", "YESIL_SARJ_ISTASYONU_MU": "Evet", "ADRES": "Kızılırmak Mahallesi 1443 Caddesi  No:39 Çankaya / ANKARA", "SOKET_NO": "SKT/4772", "SOKET_TIPI": "DC", "SOKET_TURU": "DC_CCS", "SOKET_GUCU_KW": "120" }, "geometry": { "type": "Point", "coordinates": [ 32.812329, 39.903159 ] } },
{ "type": "Feature", "properties": { "ID": 19774.0, "SIRA_NO": 169.0, "ISTASYON_NO": "ŞRJ/10158", "ISTASYON_ADI": "Bilkent Cyberpark, Ankara", "HIZMET_SEKLI": "HALKA_ACIK", "MARKA": "eşarj", "MARKAADI": "Eşarj", "SARJ_AGI_ISLETMECISI": "EŞARJ ELEKTRİKLİ ARAÇLAR ŞARJ SİSTEMLERİ ANONİM ŞİRKETİ", "YESIL_SARJ_ISTASYONU_MU": "Evet", "ADRES": "Üniversiteler Mahallesi 1606. Caddesi  No:11 Çankaya / ANKARA", "SOKET_NO": "SKT/25297", "SOKET_TIPI": "DC", "SOKET_TURU": "DC_CCS", "SOKET_GUCU_KW": "180" }, "geometry": { "type": "Point", "coordinates": [ 32.745754, 39.86954 ] } },
{ "type": "Feature", "properties": { "ID": 19775.0, "SIRA_NO": 169.0, "ISTASYON_NO": "ŞRJ/10158", "ISTASYON_ADI": "Bilkent Cyberpark, Ankara", "HIZMET_SEKLI": "HALKA_ACIK", "MARKA": "eşarj", "MARKAADI": "Eşarj", "SARJ_AGI_ISLETMECISI": "EŞARJ ELEKTRİKLİ ARAÇLAR ŞARJ SİSTEMLERİ ANONİM ŞİRKETİ", "YESIL_SARJ_ISTASYONU_MU": "Evet", "ADRES": "Üniversiteler Mahallesi 1606. Caddesi  No:11 Çankaya / ANKARA", "SOKET_NO": "SKT/40622", "SOKET_TIPI": "DC", "SOKET_TURU": "DC_CCS", "SOKET_GUCU_KW": "180" }, "geometry": { "type": "Point", "coordinates": [ 32.745754, 39.86954 ] } },
{ "type": "Feature", "properties": { "ID": 19776.0, "SIRA_NO": 169.0, "ISTASYON_NO": "ŞRJ/10158", "ISTASYON_ADI": "Bilkent Cyberpark, Ankara", "HIZMET_SEKLI": "HALKA_ACIK", "MARKA": "eşarj", "MARKAADI": "Eşarj", "SARJ_AGI_ISLETMECISI": "EŞARJ ELEKTRİKLİ ARAÇLAR ŞARJ SİSTEMLERİ ANONİM ŞİRKETİ", "YESIL_SARJ_ISTASYONU_MU": "Evet", "ADRES": "Üniversiteler Mahallesi 1606. Caddesi  No:11 Çankaya / ANKARA", "SOKET_NO": "SKT/40623", "SOKET_TIPI": "DC", "SOKET_TURU": "DC_CCS", "SOKET_GUCU_KW": "180" }, "geometry": { "type": "Point", "coordinates": [ 32.745754, 39.86954 ] } },
{ "type": "Feature", "properties": { "ID": 19777.0, "SIRA_NO": 169.0, "ISTASYON_NO": "ŞRJ/10158", "ISTASYON_ADI": "Bilkent Cyberpark, Ankara", "HIZMET_SEKLI": "HALKA_ACIK", "MARKA": "eşarj", "MARKAADI": "Eşarj", "SARJ_AGI_ISLETMECISI": "EŞARJ ELEKTRİKLİ ARAÇLAR ŞARJ SİSTEMLERİ ANONİM ŞİRKETİ", "YESIL_SARJ_ISTASYONU_MU": "Evet", "ADRES": "Üniversiteler Mahallesi 1606. Caddesi  No:11 Çankaya / ANKARA", "SOKET_NO": "SKT/40624", "SOKET_TIPI": "DC", "SOKET_TURU": "DC_CCS", "SOKET_GUCU_KW": "30" }, "geometry": { "type": "Point", "coordinates": [ 32.745754, 39.86954 ] } },
{ "type": "Feature", "properties": { "ID": 19778.0, "SIRA_NO": 169.0, "ISTASYON_NO": "ŞRJ/10158", "ISTASYON_ADI": "Bilkent Cyberpark, Ankara", "HIZMET_SEKLI": "HALKA_ACIK", "MARKA": "eşarj", "MARKAADI": "Eşarj", "SARJ_AGI_ISLETMECISI": "EŞARJ ELEKTRİKLİ ARAÇLAR ŞARJ SİSTEMLERİ ANONİM ŞİRKETİ", "YESIL_SARJ_ISTASYONU_MU": "Evet", "ADRES": "Üniversiteler Mahallesi 1606. Caddesi  No:11 Çankaya / ANKARA", "SOKET_NO": "SKT/40625", "SOKET_TIPI": "AC", "SOKET_TURU": "AC_TYPE2", "SOKET_GUCU_KW": "22" }, "geometry": { "type": "Point", "coordinates": [ 32.745754, 39.86954 ] } },
{ "type": "Feature", "properties": { "ID": 19779.0, "SIRA_NO": 169.0, "ISTASYON_NO": "ŞRJ/10158", "ISTASYON_ADI": "Bilkent Cyberpark, Ankara", "HIZMET_SEKLI": "HALKA_ACIK", "MARKA": "eşarj", "MARKAADI": "Eşarj", "SARJ_AGI_ISLETMECISI": "EŞARJ ELEKTRİKLİ ARAÇLAR ŞARJ SİSTEMLERİ ANONİM ŞİRKETİ", "YESIL_SARJ_ISTASYONU_MU": "Evet", "ADRES": "Üniversiteler Mahallesi 1606. Caddesi  No:11 Çankaya / ANKARA", "SOKET_NO": "SKT/40626", "SOKET_TIPI": "AC", "SOKET_TURU": "AC_TYPE2", "SOKET_GUCU_KW": "22" }, "geometry": { "type": "Point", "coordinates": [ 32.745754, 39.86954 ] } },
{ "type": "Feature", "properties": { "ID": 19780.0, "SIRA_NO": 169.0, "ISTASYON_NO": "ŞRJ/10158", "ISTASYON_ADI": "Bilkent Cyberpark, Ankara", "HIZMET_SEKLI": "HALKA_ACIK", "MARKA": "eşarj", "MARKAADI": "Eşarj", "SARJ_AGI_ISLETMECISI": "EŞARJ ELEKTRİKLİ ARAÇLAR ŞARJ SİSTEMLERİ ANONİM ŞİRKETİ", "YESIL_SARJ_ISTASYONU_MU": "Evet", "ADRES": "Üniversiteler Mahallesi 1606. Caddesi  No:11 Çankaya / ANKARA", "SOKET_NO": "SKT/40627", "SOKET_TIPI": "AC", "SOKET_TURU": "AC_TYPE2", "SOKET_GUCU_KW": "22" }, "geometry": { "type": "Point", "coordinates": [ 32.745754, 39.86954 ] } },
{ "type": "Feature", "properties": { "ID": 19781.0, "SIRA_NO": 169.0, "ISTASYON_NO": "ŞRJ/10158", "ISTASYON_ADI": "Bilkent Cyberpark, Ankara", "HIZMET_SEKLI": "HALKA_ACIK", "MARKA": "eşarj", "MARKAADI": "Eşarj", "SARJ_AGI_ISLETMECISI": "EŞARJ ELEKTRİKLİ ARAÇLAR ŞARJ SİSTEMLERİ ANONİM ŞİRKETİ", "YESIL_SARJ_ISTASYONU_MU": "Evet", "ADRES": "Üniversiteler Mahallesi 1606. Caddesi  No:11 Çankaya / ANKARA", "SOKET_NO": "SKT/40628", "SOKET_TIPI": "AC", "SOKET_TURU": "AC_TYPE2", "SOKET_GUCU_KW": "22" }, "geometry": { "type": "Point", "coordinates": [ 32.745754, 39.86954 ] } },
{ "type": "Feature", "properties": { "ID": 20931.0, "SIRA_NO": 200.0, "ISTASYON_NO": "ŞRJ/4301", "ISTASYON_ADI": "Ankara Yaşamkent", "HIZMET_SEKLI": "HALKA_ACIK", "MARKA": "PLECO advertise.charge.", "MARKAADI": "Pleco", "SARJ_AGI_ISLETMECISI": "ÖZKA ENERJİ YATIRIMLARI ANONİM ŞİRKETİ", "YESIL_SARJ_ISTASYONU_MU": "", "ADRES": "Dodurga Mah. Mahallesi 5144 Cad. Caddesi  No:1 Çankaya / ANKARA", "SOKET_NO": "SKT/8971", "SOKET_TIPI": "AC", "SOKET_TURU": "AC_TYPE2", "SOKET_GUCU_KW": "22" }, "geometry": { "type": "Point", "coordinates": [ 32.64935, 39.835107 ] } },
{ "type": "Feature", "properties": { "ID": 21019.0, "SIRA_NO": 231.0, "ISTASYON_NO": "ŞRJ/3730", "ISTASYON_ADI": "ÖZÇELİK-PELİT İŞ MERKEZİ", "HIZMET_SEKLI": "HALKA_ACIK", "MARKA": "EVC CHARGE", "MARKAADI": "Evcil Mühendislik", "SARJ_AGI_ISLETMECISI": "EVCİL YATIRIM MÜHENDİSLİK MİMARLIK LİMİTED ŞİRKETİ", "YESIL_SARJ_ISTASYONU_MU": "", "ADRES": "Prof.dr. Ahmet Taner Kışlalı Mahallesi  No:94 Çankaya / ANKARA", "SOKET_NO": "SKT/7517", "SOKET_TIPI": "AC", "SOKET_TURU": "AC_TYPE2", "SOKET_GUCU_KW": "22" }, "geometry": { "type": "Point", "coordinates": [ 32.685916, 39.869258 ] } },
{ "type": "Feature", "properties": { "ID": 23336.0, "SIRA_NO": 63.0, "ISTASYON_NO": "ŞRJ/2883", "ISTASYON_ADI": "OCCIDENTAL HOTEL", "HIZMET_SEKLI": "HALKA_ACIK", "MARKA": "EPSIS", "MARKAADI": "Epsis", "SARJ_AGI_ISLETMECISI": "FORM ELEKTRİK İNŞAAT MÜHENDİSLİK ANONİM ŞİRKETİ", "YESIL_SARJ_ISTASYONU_MU": "", "ADRES": "Barbaros Mah. Mahallesi Güniz Sokağı  No:42 Çankaya / ANKARA", "SOKET_NO": "SKT/5579", "SOKET_TIPI": "AC", "SOKET_TURU": "AC_TYPE2", "SOKET_GUCU_KW": "22" }, "geometry": { "type": "Point", "coordinates": [ 32.862028, 39.902646 ] } },
{ "type": "Feature", "properties": { "ID": 19203.0, "SIRA_NO": 481.0, "ISTASYON_NO": "ŞRJ/10816", "ISTASYON_ADI": "YDA Center, Ankara", "HIZMET_SEKLI": "HALKA_ACIK", "MARKA": "eşarj", "MARKAADI": "Eşarj", "SARJ_AGI_ISLETMECISI": "EŞARJ ELEKTRİKLİ ARAÇLAR ŞARJ SİSTEMLERİ ANONİM ŞİRKETİ", "YESIL_SARJ_ISTASYONU_MU": "Evet", "ADRES": "Kızılırmak Mahallesi  No:24 /A-5 Çankaya / ANKARA", "SOKET_NO": "SKT/26488", "SOKET_TIPI": "DC", "SOKET_TURU": "DC_CCS", "SOKET_GUCU_KW": "120" }, "geometry": { "type": "Point", "coordinates": [ 32.808679, 39.910694 ] } },
{ "type": "Feature", "properties": { "ID": 21261.0, "SIRA_NO": 313.0, "ISTASYON_NO": "ŞRJ/2138", "ISTASYON_ADI": "BİLKENT CENTER", "HIZMET_SEKLI": "HALKA_ACIK", "MARKA": "beefull", "MARKAADI": "Beefull", "SARJ_AGI_ISLETMECISI": "BEEFULL ENERJİ TEKNOLOJİLERİ ANONİM ŞİRKETİ", "YESIL_SARJ_ISTASYONU_MU": "Evet", "ADRES": "Üniversiteler Mahallesi 1597 Caddesi  No:3 Çankaya / ANKARA", "SOKET_NO": "SKT/5378", "SOKET_TIPI": "DC", "SOKET_TURU": "DC_CCS", "SOKET_GUCU_KW": "80" }, "geometry": { "type": "Point", "coordinates": [ 32.758604, 39.884521 ] } },
{ "type": "Feature", "properties": { "ID": 20940.0, "SIRA_NO": 204.0, "ISTASYON_NO": "ŞRJ/3762", "ISTASYON_ADI": "Ankara Santra", "HIZMET_SEKLI": "HALKA_ACIK", "MARKA": "PLECO advertise.charge.", "MARKAADI": "Pleco", "SARJ_AGI_ISLETMECISI": "ÖZKA ENERJİ YATIRIMLARI ANONİM ŞİRKETİ", "YESIL_SARJ_ISTASYONU_MU": "", "ADRES": "Çayyolu Mahallesi 2675 Sokağı  No:2a/mt Çankaya / ANKARA", "SOKET_NO": "SKT/7586", "SOKET_TIPI": "AC", "SOKET_TURU": "AC_TYPE2", "SOKET_GUCU_KW": "22" }, "geometry": { "type": "Point", "coordinates": [ 32.697622, 39.883234 ] } },
{ "type": "Feature", "properties": { "ID": 19885.0, "SIRA_NO": 211.0, "ISTASYON_NO": "ŞRJ/15898", "ISTASYON_ADI": "Besa Kule İş Merkezi, Ankara", "HIZMET_SEKLI": "HALKA_ACIK", "MARKA": "eşarj", "MARKAADI": "Eşarj", "SARJ_AGI_ISLETMECISI": "EŞARJ ELEKTRİKLİ ARAÇLAR ŞARJ SİSTEMLERİ ANONİM ŞİRKETİ", "YESIL_SARJ_ISTASYONU_MU": "Evet", "ADRES": "Çukurambar Mahallesi 1480 Caddesi  No:2/B Çankaya / ANKARA", "SOKET_NO": "SKT/42661", "SOKET_TIPI": "DC", "SOKET_TURU": "DC_CCS", "SOKET_GUCU_KW": "120" }, "geometry": { "type": "Point", "coordinates": [ 32.804511, 39.909247 ] } },
{ "type": "Feature", "properties": { "ID": 23406.0, "SIRA_NO": 109.0, "ISTASYON_NO": "ŞRJ/11487", "ISTASYON_ADI": "NATURA ALACAATLI", "HIZMET_SEKLI": "OZEL", "MARKA": "EPSIS", "MARKAADI": "Epsis", "SARJ_AGI_ISLETMECISI": "FORM ELEKTRİK İNŞAAT MÜHENDİSLİK ANONİM ŞİRKETİ", "YESIL_SARJ_ISTASYONU_MU": "", "ADRES": "Alacaatlı Mahallesi Alacaatlı Caddesi 1277 / B Sokağı Çankaya / ANKARA", "SOKET_NO": "SKT/28507", "SOKET_TIPI": "AC", "SOKET_TURU": "AC_TYPE2", "SOKET_GUCU_KW": "18" }, "geometry": { "type": "Point", "coordinates": [ 32.699091, 39.829234 ] } },
{ "type": "Feature", "properties": { "ID": 23415.0, "SIRA_NO": 117.0, "ISTASYON_NO": "ŞRJ/8095", "ISTASYON_ADI": "RENAPARK", "HIZMET_SEKLI": "OZEL", "MARKA": "EPSIS", "MARKAADI": "Epsis", "SARJ_AGI_ISLETMECISI": "FORM ELEKTRİK İNŞAAT MÜHENDİSLİK ANONİM ŞİRKETİ", "YESIL_SARJ_ISTASYONU_MU": "", "ADRES": "Beytepe Mahallesi Selçuklu Caddesi  No:4 Çankaya / ANKARA", "SOKET_NO": "SKT/30672", "SOKET_TIPI": "DC", "SOKET_TURU": "DC_CCS", "SOKET_GUCU_KW": "30" }, "geometry": { "type": "Point", "coordinates": [ 32.709988, 39.853079 ] } },
{ "type": "Feature", "properties": { "ID": 24732.0, "SIRA_NO": 111.0, "ISTASYON_NO": "ŞRJ/4822", "ISTASYON_ADI": "Zeplin Cankaya", "HIZMET_SEKLI": "HALKA_ACIK", "MARKA": "ZEPLİN CAR rental", "MARKAADI": "Zeplin", "SARJ_AGI_ISLETMECISI": "ZEPLİN TURİZM ARAÇ KİRALAMA MOBİLİTE VE ENERJİ YATIRIMLARI ANONİM ŞİRKETİ", "YESIL_SARJ_ISTASYONU_MU": "", "ADRES": "100.yıl Mahallesi Reşit Galip Caddesi  No:6 Çankaya / ANKARA", "SOKET_NO": "SKT/10225", "SOKET_TIPI": "AC", "SOKET_TURU": "AC_TYPE2", "SOKET_GUCU_KW": "22" }, "geometry": { "type": "Point", "coordinates": [ 32.868415, 39.904115 ] } },
{ "type": "Feature", "properties": { "ID": 21851.0, "SIRA_NO": 59.0, "ISTASYON_NO": "ŞRJ/4510", "ISTASYON_ADI": "ALDİNO OTEL", "HIZMET_SEKLI": "HALKA_ACIK", "MARKA": "Fast-Go", "MARKAADI": "Fast Go", "SARJ_AGI_ISLETMECISI": "YENİ MODEL YAPAY ZEKA VE ROBOTİK TEKNOLOJİ HİZMETLERİ ANONİM ŞİRKETİ", "YESIL_SARJ_ISTASYONU_MU": "", "ADRES": "Barbaros Mahallesi Bülten Sokağı Çankaya / ANKARA", "SOKET_NO": "SKT/9462", "SOKET_TIPI": "AC", "SOKET_TURU": "AC_TYPE2", "SOKET_GUCU_KW": "22" }, "geometry": { "type": "Point", "coordinates": [ 32.861996, 39.906501 ] } },
{ "type": "Feature", "properties": { "ID": 21855.0, "SIRA_NO": 61.0, "ISTASYON_NO": "ŞRJ/5437", "ISTASYON_ADI": "PARK ORAN 3", "HIZMET_SEKLI": "HALKA_ACIK", "MARKA": "Fast-Go", "MARKAADI": "Fast Go", "SARJ_AGI_ISLETMECISI": "YENİ MODEL YAPAY ZEKA VE ROBOTİK TEKNOLOJİ HİZMETLERİ ANONİM ŞİRKETİ", "YESIL_SARJ_ISTASYONU_MU": "", "ADRES": "Oran Mahallesi Kudüs Caddesi  No:PARK ORAN SİTESİ Çankaya / ANKARA", "SOKET_NO": "SKT/11807", "SOKET_TIPI": "DC", "SOKET_TURU": "DC_CCS", "SOKET_GUCU_KW": "120" }, "geometry": { "type": "Point", "coordinates": [ 32.831915, 39.846205 ] } },
{ "type": "Feature", "properties": { "ID": 21859.0, "SIRA_NO": 62.0, "ISTASYON_NO": "ŞRJ/5549", "ISTASYON_ADI": "ODTÜ VİŞNELİK", "HIZMET_SEKLI": "HALKA_ACIK", "MARKA": "Fast-Go", "MARKAADI": "Fast Go", "SARJ_AGI_ISLETMECISI": "YENİ MODEL YAPAY ZEKA VE ROBOTİK TEKNOLOJİ HİZMETLERİ ANONİM ŞİRKETİ", "YESIL_SARJ_ISTASYONU_MU": "", "ADRES": "İşçi Blokları Mahallesi 1538 Caddesi  No:58 Çankaya / ANKARA", "SOKET_NO": "SKT/12056", "SOKET_TIPI": "DC", "SOKET_TURU": "DC_CCS", "SOKET_GUCU_KW": "30" }, "geometry": { "type": "Point", "coordinates": [ 32.792456, 39.896172 ] } },
{ "type": "Feature", "properties": { "ID": 21862.0, "SIRA_NO": 63.0, "ISTASYON_NO": "ŞRJ/7197", "ISTASYON_ADI": "ANKARAMA RESİDENCE", "HIZMET_SEKLI": "HALKA_ACIK", "MARKA": "Fast-Go", "MARKAADI": "Fast Go", "SARJ_AGI_ISLETMECISI": "YENİ MODEL YAPAY ZEKA VE ROBOTİK TEKNOLOJİ HİZMETLERİ ANONİM ŞİRKETİ", "YESIL_SARJ_ISTASYONU_MU": "", "ADRES": "Kırkkonaklar Mahallesi 320 Sokağı  No:2 Çankaya / ANKARA", "SOKET_NO": "SKT/16116", "SOKET_TIPI": "AC", "SOKET_TURU": "AC_TYPE2", "SOKET_GUCU_KW": "20" }, "geometry": { "type": "Point", "coordinates": [ 32.88686, 39.88771 ] } },
{ "type": "Feature", "properties": { "ID": 21865.0, "SIRA_NO": 64.0, "ISTASYON_NO": "ŞRJ/5270", "ISTASYON_ADI": "PARK ORAN 1", "HIZMET_SEKLI": "HALKA_ACIK", "MARKA": "Fast-Go", "MARKAADI": "Fast Go", "SARJ_AGI_ISLETMECISI": "YENİ MODEL YAPAY ZEKA VE ROBOTİK TEKNOLOJİ HİZMETLERİ ANONİM ŞİRKETİ", "YESIL_SARJ_ISTASYONU_MU": "", "ADRES": "Oran Mahallesi Kudüs Caddesi  No:PARK ORAN SİTESİ Çankaya / ANKARA", "SOKET_NO": "SKT/11355", "SOKET_TIPI": "DC", "SOKET_TURU": "DC_CCS", "SOKET_GUCU_KW": "120" }, "geometry": { "type": "Point", "coordinates": [ 32.834394, 39.846997 ] } },
{ "type": "Feature", "properties": { "ID": 21869.0, "SIRA_NO": 65.0, "ISTASYON_NO": "ŞRJ/4909", "ISTASYON_ADI": "PARK ORAN 2", "HIZMET_SEKLI": "HALKA_ACIK", "MARKA": "Fast-Go", "MARKAADI": "Fast Go", "SARJ_AGI_ISLETMECISI": "YENİ MODEL YAPAY ZEKA VE ROBOTİK TEKNOLOJİ HİZMETLERİ ANONİM ŞİRKETİ", "YESIL_SARJ_ISTASYONU_MU": "", "ADRES": "Oran Mahallesi Kudüs Caddesi  No:PARK ORAN SİTESİ Çankaya / ANKARA", "SOKET_NO": "SKT/10392", "SOKET_TIPI": "AC", "SOKET_TURU": "AC_TYPE2", "SOKET_GUCU_KW": "22" }, "geometry": { "type": "Point", "coordinates": [ 32.835982, 39.849714 ] } },
{ "type": "Feature", "properties": { "ID": 21435.0, "SIRA_NO": 386.0, "ISTASYON_NO": "ŞRJ/8960", "ISTASYON_ADI": "ANKARA TREN GARI DC-1, AC-1, AC-2, AC-3, AC-4", "HIZMET_SEKLI": "HALKA_ACIK", "MARKA": "beefull", "MARKAADI": "Beefull", "SARJ_AGI_ISLETMECISI": "BEEFULL ENERJİ TEKNOLOJİLERİ ANONİM ŞİRKETİ", "YESIL_SARJ_ISTASYONU_MU": "Evet", "ADRES": "Eti Mahallesi  No:78 Çankaya / ANKARA", "SOKET_NO": "SKT/20832", "SOKET_TIPI": "AC", "SOKET_TURU": "AC_TYPE2", "SOKET_GUCU_KW": "22" }, "geometry": { "type": "Point", "coordinates": [ 32.843131, 39.934514 ] } },
{ "type": "Feature", "properties": { "ID": 21436.0, "SIRA_NO": 386.0, "ISTASYON_NO": "ŞRJ/8960", "ISTASYON_ADI": "ANKARA TREN GARI DC-1, AC-1, AC-2, AC-3, AC-4", "HIZMET_SEKLI": "HALKA_ACIK", "MARKA": "beefull", "MARKAADI": "Beefull", "SARJ_AGI_ISLETMECISI": "BEEFULL ENERJİ TEKNOLOJİLERİ ANONİM ŞİRKETİ", "YESIL_SARJ_ISTASYONU_MU": "Evet", "ADRES": "Eti Mahallesi  No:78 Çankaya / ANKARA", "SOKET_NO": "SKT/20833", "SOKET_TIPI": "AC", "SOKET_TURU": "AC_TYPE2", "SOKET_GUCU_KW": "22" }, "geometry": { "type": "Point", "coordinates": [ 32.843131, 39.934514 ] } },
{ "type": "Feature", "properties": { "ID": 21438.0, "SIRA_NO": 386.0, "ISTASYON_NO": "ŞRJ/8960", "ISTASYON_ADI": "ANKARA TREN GARI DC-1, AC-1, AC-2, AC-3, AC-4", "HIZMET_SEKLI": "HALKA_ACIK", "MARKA": "beefull", "MARKAADI": "Beefull", "SARJ_AGI_ISLETMECISI": "BEEFULL ENERJİ TEKNOLOJİLERİ ANONİM ŞİRKETİ", "YESIL_SARJ_ISTASYONU_MU": "Evet", "ADRES": "Eti Mahallesi  No:78 Çankaya / ANKARA", "SOKET_NO": "SKT/20835", "SOKET_TIPI": "AC", "SOKET_TURU": "AC_TYPE2", "SOKET_GUCU_KW": "22" }, "geometry": { "type": "Point", "coordinates": [ 32.843131, 39.934514 ] } },
{ "type": "Feature", "properties": { "ID": 21439.0, "SIRA_NO": 386.0, "ISTASYON_NO": "ŞRJ/8960", "ISTASYON_ADI": "ANKARA TREN GARI DC-1, AC-1, AC-2, AC-3, AC-4", "HIZMET_SEKLI": "HALKA_ACIK", "MARKA": "beefull", "MARKAADI": "Beefull", "SARJ_AGI_ISLETMECISI": "BEEFULL ENERJİ TEKNOLOJİLERİ ANONİM ŞİRKETİ", "YESIL_SARJ_ISTASYONU_MU": "Evet", "ADRES": "Eti Mahallesi  No:78 Çankaya / ANKARA", "SOKET_NO": "SKT/20836", "SOKET_TIPI": "AC", "SOKET_TURU": "AC_TYPE2", "SOKET_GUCU_KW": "22" }, "geometry": { "type": "Point", "coordinates": [ 32.843131, 39.934514 ] } },
{ "type": "Feature", "properties": { "ID": 20592.0, "SIRA_NO": 50.0, "ISTASYON_NO": "ŞRJ/16312", "ISTASYON_ADI": "Damşa Petrol DC-2", "HIZMET_SEKLI": "HALKA_ACIK", "MARKA": "Q Charge", "MARKAADI": "Q Charge", "SARJ_AGI_ISLETMECISI": "META MOBİLİTE ENERJİ ANONİM ŞİRKETİ", "YESIL_SARJ_ISTASYONU_MU": "", "ADRES": "Söğütözü Mahallesi  No:120 Çankaya / ANKARA", "SOKET_NO": "SKT/44199", "SOKET_TIPI": "DC", "SOKET_TURU": "DC_CCS", "SOKET_GUCU_KW": "120" }, "geometry": { "type": "Point", "coordinates": [ 32.791565, 39.909398 ] } },
{ "type": "Feature", "properties": { "ID": 20600.0, "SIRA_NO": 51.0, "ISTASYON_NO": "ŞRJ/13196", "ISTASYON_ADI": "AKINCI KULE", "HIZMET_SEKLI": "HALKA_ACIK", "MARKA": "Q Charge", "MARKAADI": "Q Charge", "SARJ_AGI_ISLETMECISI": "META MOBİLİTE ENERJİ ANONİM ŞİRKETİ", "YESIL_SARJ_ISTASYONU_MU": "", "ADRES": "Yaşamkent Mahallesi 3250 Caddesi  No:19/B Çankaya / ANKARA", "SOKET_NO": "SKT/34100", "SOKET_TIPI": "AC", "SOKET_TURU": "AC_TYPE2", "SOKET_GUCU_KW": "22" }, "geometry": { "type": "Point", "coordinates": [ 32.636745, 39.859791 ] } },
{ "type": "Feature", "properties": { "ID": 23437.0, "SIRA_NO": 122.0, "ISTASYON_NO": "ŞRJ/12545", "ISTASYON_ADI": "KUVARS KULE", "HIZMET_SEKLI": "OZEL", "MARKA": "EPSIS", "MARKAADI": "Epsis", "SARJ_AGI_ISLETMECISI": "FORM ELEKTRİK İNŞAAT MÜHENDİSLİK ANONİM ŞİRKETİ", "YESIL_SARJ_ISTASYONU_MU": "", "ADRES": "Bağcılar Mahallesi Mercan Sokağı  No:3 Çankaya / ANKARA", "SOKET_NO": "SKT/32174", "SOKET_TIPI": "DC", "SOKET_TURU": "DC_CCS", "SOKET_GUCU_KW": "30" }, "geometry": { "type": "Point", "coordinates": [ 32.881432, 39.895843 ] } },
{ "type": "Feature", "properties": { "ID": 20949.0, "SIRA_NO": 209.0, "ISTASYON_NO": "ŞRJ/2619", "ISTASYON_ADI": "OSMANLI CAFE", "HIZMET_SEKLI": "HALKA_ACIK", "MARKA": "EVC CHARGE", "MARKAADI": "Evcil Mühendislik", "SARJ_AGI_ISLETMECISI": "EVCİL YATIRIM MÜHENDİSLİK MİMARLIK LİMİTED ŞİRKETİ", "YESIL_SARJ_ISTASYONU_MU": "", "ADRES": "Oğuzlar Mahallesi Barış Manço Caddesi  No:28 Çankaya / ANKARA", "SOKET_NO": "SKT/4971", "SOKET_TIPI": "AC", "SOKET_TURU": "AC_TYPE2", "SOKET_GUCU_KW": "22" }, "geometry": { "type": "Point", "coordinates": [ 32.818322, 39.902079 ] } },
{ "type": "Feature", "properties": { "ID": 21151.0, "SIRA_NO": 268.0, "ISTASYON_NO": "ŞRJ/9661", "ISTASYON_ADI": "Sınav Koleji", "HIZMET_SEKLI": "HALKA_ACIK", "MARKA": "AUTOŞARJ", "MARKAADI": "Autoşarj", "SARJ_AGI_ISLETMECISI": "SOLARPARK DANIŞMANLIK TURİZM MÜHENDİSLİK ENERJİ ÜRETİM İNŞAAT İTHALAT İHRACAT SANAYİ VE TİCARET LİMİTED ŞİRKETİ", "YESIL_SARJ_ISTASYONU_MU": "", "ADRES": "Mustafa Kemal Mah Mahallesi Çankaya / ANKARA", "SOKET_NO": "SKT/23071", "SOKET_TIPI": "DC", "SOKET_TURU": "DC_CCS", "SOKET_GUCU_KW": "120" }, "geometry": { "type": "Point", "coordinates": [ 32.739148, 39.910242 ] } },
{ "type": "Feature", "properties": { "ID": 21440.0, "SIRA_NO": 387.0, "ISTASYON_NO": "ŞRJ/8961", "ISTASYON_ADI": "TRİA RESİDANCE AC-1", "HIZMET_SEKLI": "OZEL", "MARKA": "beefull", "MARKAADI": "Beefull", "SARJ_AGI_ISLETMECISI": "BEEFULL ENERJİ TEKNOLOJİLERİ ANONİM ŞİRKETİ", "YESIL_SARJ_ISTASYONU_MU": "Evet", "ADRES": "Yıldızevler Mahallesi 738 Sokağı  No:1 Çankaya / ANKARA", "SOKET_NO": "SKT/20837", "SOKET_TIPI": "AC", "SOKET_TURU": "AC_TYPE2", "SOKET_GUCU_KW": "22" }, "geometry": { "type": "Point", "coordinates": [ 32.8498, 39.880275 ] } },
{ "type": "Feature", "properties": { "ID": 20699.0, "SIRA_NO": 88.0, "ISTASYON_NO": "ŞRJ/7936", "ISTASYON_ADI": "YMY Ssangyong Şahsuvaroğlu Ankara", "HIZMET_SEKLI": "HALKA_ACIK", "MARKA": "POWERŞARJ", "MARKAADI": "Power Şarj", "SARJ_AGI_ISLETMECISI": "WHITE ROSE MOTOR SANAYİ VE OTOMASYON TİCARET LİMİTED ŞİRKETİ", "YESIL_SARJ_ISTASYONU_MU": "", "ADRES": "Işcı Blokları Mahallesi 162 Sokağı  No:1 Çankaya / ANKARA", "SOKET_NO": "SKT/18094", "SOKET_TIPI": "DC", "SOKET_TURU": "DC_CCS", "SOKET_GUCU_KW": "180" }, "geometry": { "type": "Point", "coordinates": [ 32.813084, 39.895572 ] } },
{ "type": "Feature", "properties": { "ID": 20603.0, "SIRA_NO": 51.0, "ISTASYON_NO": "ŞRJ/13196", "ISTASYON_ADI": "AKINCI KULE", "HIZMET_SEKLI": "HALKA_ACIK", "MARKA": "Q Charge", "MARKAADI": "Q Charge", "SARJ_AGI_ISLETMECISI": "META MOBİLİTE ENERJİ ANONİM ŞİRKETİ", "YESIL_SARJ_ISTASYONU_MU": "", "ADRES": "Yaşamkent Mahallesi 3250 Caddesi  No:19/B Çankaya / ANKARA", "SOKET_NO": "SKT/34103", "SOKET_TIPI": "DC", "SOKET_TURU": "DC_CCS", "SOKET_GUCU_KW": "120" }, "geometry": { "type": "Point", "coordinates": [ 32.636745, 39.859791 ] } },
{ "type": "Feature", "properties": { "ID": 20604.0, "SIRA_NO": 51.0, "ISTASYON_NO": "ŞRJ/13196", "ISTASYON_ADI": "AKINCI KULE", "HIZMET_SEKLI": "HALKA_ACIK", "MARKA": "Q Charge", "MARKAADI": "Q Charge", "SARJ_AGI_ISLETMECISI": "META MOBİLİTE ENERJİ ANONİM ŞİRKETİ", "YESIL_SARJ_ISTASYONU_MU": "", "ADRES": "Yaşamkent Mahallesi 3250 Caddesi  No:19/B Çankaya / ANKARA", "SOKET_NO": "SKT/34104", "SOKET_TIPI": "DC", "SOKET_TURU": "DC_CCS", "SOKET_GUCU_KW": "120" }, "geometry": { "type": "Point", "coordinates": [ 32.636745, 39.859791 ] } },
{ "type": "Feature", "properties": { "ID": 20605.0, "SIRA_NO": 51.0, "ISTASYON_NO": "ŞRJ/13196", "ISTASYON_ADI": "AKINCI KULE", "HIZMET_SEKLI": "HALKA_ACIK", "MARKA": "Q Charge", "MARKAADI": "Q Charge", "SARJ_AGI_ISLETMECISI": "META MOBİLİTE ENERJİ ANONİM ŞİRKETİ", "YESIL_SARJ_ISTASYONU_MU": "", "ADRES": "Yaşamkent Mahallesi 3250 Caddesi  No:19/B Çankaya / ANKARA", "SOKET_NO": "SKT/44207", "SOKET_TIPI": "DC", "SOKET_TURU": "DC_CCS", "SOKET_GUCU_KW": "120" }, "geometry": { "type": "Point", "coordinates": [ 32.636745, 39.859791 ] } },
{ "type": "Feature", "properties": { "ID": 21304.0, "SIRA_NO": 337.0, "ISTASYON_NO": "ŞRJ/3854", "ISTASYON_ADI": "BEYSUEVLERİ AC-1 ve BEYSUEVLERİ AC-2", "HIZMET_SEKLI": "OZEL", "MARKA": "beefull", "MARKAADI": "Beefull", "SARJ_AGI_ISLETMECISI": "BEEFULL ENERJİ TEKNOLOJİLERİ ANONİM ŞİRKETİ", "YESIL_SARJ_ISTASYONU_MU": "Evet", "ADRES": "Mutlukent Mahallesi 2004. Caddesi  No:5 Çankaya / ANKARA", "SOKET_NO": "SKT/7891", "SOKET_TIPI": "AC", "SOKET_TURU": "AC_TYPE2", "SOKET_GUCU_KW": "22" }, "geometry": { "type": "Point", "coordinates": [ 32.715448, 39.889355 ] } },
{ "type": "Feature", "properties": { "ID": 21046.0, "SIRA_NO": 239.0, "ISTASYON_NO": "ŞRJ/17163", "ISTASYON_ADI": "POİNT ÇAYYOLU", "HIZMET_SEKLI": "HALKA_ACIK", "MARKA": "EVC CHARGE", "MARKAADI": "Evcil Mühendislik", "SARJ_AGI_ISLETMECISI": "EVCİL YATIRIM MÜHENDİSLİK MİMARLIK LİMİTED ŞİRKETİ", "YESIL_SARJ_ISTASYONU_MU": "", "ADRES": "Çayyolu Mahallesi  No:22 Çankaya / ANKARA", "SOKET_NO": "SKT/46807", "SOKET_TIPI": "DC", "SOKET_TURU": "DC_CCS", "SOKET_GUCU_KW": "200" }, "geometry": { "type": "Point", "coordinates": [ 32.699762, 39.876033 ] } },
{ "type": "Feature", "properties": { "ID": 19204.0, "SIRA_NO": 481.0, "ISTASYON_NO": "ŞRJ/10816", "ISTASYON_ADI": "YDA Center, Ankara", "HIZMET_SEKLI": "HALKA_ACIK", "MARKA": "eşarj", "MARKAADI": "Eşarj", "SARJ_AGI_ISLETMECISI": "EŞARJ ELEKTRİKLİ ARAÇLAR ŞARJ SİSTEMLERİ ANONİM ŞİRKETİ", "YESIL_SARJ_ISTASYONU_MU": "Evet", "ADRES": "Kızılırmak Mahallesi  No:24 /A-5 Çankaya / ANKARA", "SOKET_NO": "SKT/26489", "SOKET_TIPI": "DC", "SOKET_TURU": "DC_CCS", "SOKET_GUCU_KW": "120" }, "geometry": { "type": "Point", "coordinates": [ 32.808679, 39.910694 ] } },
{ "type": "Feature", "properties": { "ID": 19205.0, "SIRA_NO": 481.0, "ISTASYON_NO": "ŞRJ/10816", "ISTASYON_ADI": "YDA Center, Ankara", "HIZMET_SEKLI": "HALKA_ACIK", "MARKA": "eşarj", "MARKAADI": "Eşarj", "SARJ_AGI_ISLETMECISI": "EŞARJ ELEKTRİKLİ ARAÇLAR ŞARJ SİSTEMLERİ ANONİM ŞİRKETİ", "YESIL_SARJ_ISTASYONU_MU": "Evet", "ADRES": "Kızılırmak Mahallesi  No:24 /A-5 Çankaya / ANKARA", "SOKET_NO": "SKT/26490", "SOKET_TIPI": "DC", "SOKET_TURU": "DC_CCS", "SOKET_GUCU_KW": "120" }, "geometry": { "type": "Point", "coordinates": [ 32.808679, 39.910694 ] } },
{ "type": "Feature", "properties": { "ID": 19206.0, "SIRA_NO": 481.0, "ISTASYON_NO": "ŞRJ/10816", "ISTASYON_ADI": "YDA Center, Ankara", "HIZMET_SEKLI": "HALKA_ACIK", "MARKA": "eşarj", "MARKAADI": "Eşarj", "SARJ_AGI_ISLETMECISI": "EŞARJ ELEKTRİKLİ ARAÇLAR ŞARJ SİSTEMLERİ ANONİM ŞİRKETİ", "YESIL_SARJ_ISTASYONU_MU": "Evet", "ADRES": "Kızılırmak Mahallesi  No:24 /A-5 Çankaya / ANKARA", "SOKET_NO": "SKT/26491", "SOKET_TIPI": "DC", "SOKET_TURU": "DC_CCS", "SOKET_GUCU_KW": "120" }, "geometry": { "type": "Point", "coordinates": [ 32.808679, 39.910694 ] } },
{ "type": "Feature", "properties": { "ID": 19207.0, "SIRA_NO": 481.0, "ISTASYON_NO": "ŞRJ/10816", "ISTASYON_ADI": "YDA Center, Ankara", "HIZMET_SEKLI": "HALKA_ACIK", "MARKA": "eşarj", "MARKAADI": "Eşarj", "SARJ_AGI_ISLETMECISI": "EŞARJ ELEKTRİKLİ ARAÇLAR ŞARJ SİSTEMLERİ ANONİM ŞİRKETİ", "YESIL_SARJ_ISTASYONU_MU": "Evet", "ADRES": "Kızılırmak Mahallesi  No:24 /A-5 Çankaya / ANKARA", "SOKET_NO": "SKT/26492", "SOKET_TIPI": "DC", "SOKET_TURU": "DC_CCS", "SOKET_GUCU_KW": "120" }, "geometry": { "type": "Point", "coordinates": [ 32.808679, 39.910694 ] } },
{ "type": "Feature", "properties": { "ID": 20163.0, "SIRA_NO": 336.0, "ISTASYON_NO": "ŞRJ/6465", "ISTASYON_ADI": "Çağdaş Market Atabilge Şubesi", "HIZMET_SEKLI": "HALKA_ACIK", "MARKA": "ERC SİSTEM", "MARKAADI": "Erc Sistem", "SARJ_AGI_ISLETMECISI": "ERC SİSTEM ELEKTRİK MAKİNA İMALAT TAAHHÜT SANAYİ  VE TİCARET ANONİM ŞİRKETİ", "YESIL_SARJ_ISTASYONU_MU": "", "ADRES": "Alacaatlı Mahallesi 3346 Caddesi Çankaya / ANKARA", "SOKET_NO": "SKT/14150", "SOKET_TIPI": "AC", "SOKET_TURU": "AC_TYPE2", "SOKET_GUCU_KW": "22" }, "geometry": { "type": "Point", "coordinates": [ 32.698618, 39.831956 ] } },
{ "type": "Feature", "properties": { "ID": 20165.0, "SIRA_NO": 337.0, "ISTASYON_NO": "ŞRJ/6476", "ISTASYON_ADI": "Çağdaş Market Yukarı Öveçler-6 Şubesi", "HIZMET_SEKLI": "HALKA_ACIK", "MARKA": "ERC SİSTEM", "MARKAADI": "Erc Sistem", "SARJ_AGI_ISLETMECISI": "ERC SİSTEM ELEKTRİK MAKİNA İMALAT TAAHHÜT SANAYİ  VE TİCARET ANONİM ŞİRKETİ", "YESIL_SARJ_ISTASYONU_MU": "", "ADRES": "Yukarı Öveçler Mahallesi 1066 Caddesi  No:20/A Çankaya / ANKARA", "SOKET_NO": "SKT/14172", "SOKET_TIPI": "AC", "SOKET_TURU": "AC_TYPE2", "SOKET_GUCU_KW": "22" }, "geometry": { "type": "Point", "coordinates": [ 32.823111, 39.883374 ] } },
{ "type": "Feature", "properties": { "ID": 20167.0, "SIRA_NO": 338.0, "ISTASYON_NO": "ŞRJ/6478", "ISTASYON_ADI": "Çağdaş Market Yaşamkent-3 Şubesi", "HIZMET_SEKLI": "HALKA_ACIK", "MARKA": "ERC SİSTEM", "MARKAADI": "Erc Sistem", "SARJ_AGI_ISLETMECISI": "ERC SİSTEM ELEKTRİK MAKİNA İMALAT TAAHHÜT SANAYİ  VE TİCARET ANONİM ŞİRKETİ", "YESIL_SARJ_ISTASYONU_MU": "", "ADRES": "Alacaatlı Mahallesi 3372 Caddesi  No:1 Çankaya / ANKARA", "SOKET_NO": "SKT/14176", "SOKET_TIPI": "AC", "SOKET_TURU": "AC_TYPE2", "SOKET_GUCU_KW": "22" }, "geometry": { "type": "Point", "coordinates": [ 32.698711, 39.831909 ] } },
{ "type": "Feature", "properties": { "ID": 19991.0, "SIRA_NO": 256.0, "ISTASYON_NO": "ŞRJ/116", "ISTASYON_ADI": "Cepa Ofis, Çankaya", "HIZMET_SEKLI": "HALKA_ACIK", "MARKA": "eşarj", "MARKAADI": "Eşarj", "SARJ_AGI_ISLETMECISI": "EŞARJ ELEKTRİKLİ ARAÇLAR ŞARJ SİSTEMLERİ ANONİM ŞİRKETİ", "YESIL_SARJ_ISTASYONU_MU": "Evet", "ADRES": "Mustafa Kemal Mahallesi 2123 Caddesi Çankaya / ANKARA", "SOKET_NO": "SKT/25283", "SOKET_TIPI": "DC", "SOKET_TURU": "DC_CCS", "SOKET_GUCU_KW": "120" }, "geometry": { "type": "Point", "coordinates": [ 32.77854, 39.910527 ] } },
{ "type": "Feature", "properties": { "ID": 20979.0, "SIRA_NO": 219.0, "ISTASYON_NO": "ŞRJ/7817", "ISTASYON_ADI": "BİLKENT NAZENDE", "HIZMET_SEKLI": "OZEL", "MARKA": "EVC CHARGE", "MARKAADI": "Evcil Mühendislik", "SARJ_AGI_ISLETMECISI": "EVCİL YATIRIM MÜHENDİSLİK MİMARLIK LİMİTED ŞİRKETİ", "YESIL_SARJ_ISTASYONU_MU": "", "ADRES": "Beytepe Mahallesi 1637 Caddesi  No:16 Çankaya / ANKARA", "SOKET_NO": "SKT/17806", "SOKET_TIPI": "DC", "SOKET_TURU": "DC_CCS", "SOKET_GUCU_KW": "120" }, "geometry": { "type": "Point", "coordinates": [ 32.758954, 39.851953 ] } },
{ "type": "Feature", "properties": { "ID": 23354.0, "SIRA_NO": 75.0, "ISTASYON_NO": "ŞRJ/4662", "ISTASYON_ADI": "AVEND NEFES", "HIZMET_SEKLI": "OZEL", "MARKA": "EPSIS", "MARKAADI": "Epsis", "SARJ_AGI_ISLETMECISI": "FORM ELEKTRİK İNŞAAT MÜHENDİSLİK ANONİM ŞİRKETİ", "YESIL_SARJ_ISTASYONU_MU": "", "ADRES": "Beytepe Mahallesi 5366 Sokağı  No:10/1 Çankaya / ANKARA", "SOKET_NO": "SKT/9899", "SOKET_TIPI": "AC", "SOKET_TURU": "AC_TYPE2", "SOKET_GUCU_KW": "18" }, "geometry": { "type": "Point", "coordinates": [ 32.716647, 39.860484 ] } },
{ "type": "Feature", "properties": { "ID": 23358.0, "SIRA_NO": 77.0, "ISTASYON_NO": "ŞRJ/5721", "ISTASYON_ADI": "İNCEK İCON A/BLOK", "HIZMET_SEKLI": "OZEL", "MARKA": "EPSIS", "MARKAADI": "Epsis", "SARJ_AGI_ISLETMECISI": "FORM ELEKTRİK İNŞAAT MÜHENDİSLİK ANONİM ŞİRKETİ", "YESIL_SARJ_ISTASYONU_MU": "", "ADRES": "Alacaatlı Mahallesi 4835 Sokağı  No:8/A Çankaya / ANKARA", "SOKET_NO": "SKT/12426", "SOKET_TIPI": "AC", "SOKET_TURU": "AC_TYPE2", "SOKET_GUCU_KW": "18" }, "geometry": { "type": "Point", "coordinates": [ 32.69906, 39.830382 ] } },
{ "type": "Feature", "properties": { "ID": 23360.0, "SIRA_NO": 78.0, "ISTASYON_NO": "ŞRJ/5722", "ISTASYON_ADI": "İNCEK İCON B/BLOK", "HIZMET_SEKLI": "OZEL", "MARKA": "EPSIS", "MARKAADI": "Epsis", "SARJ_AGI_ISLETMECISI": "FORM ELEKTRİK İNŞAAT MÜHENDİSLİK ANONİM ŞİRKETİ", "YESIL_SARJ_ISTASYONU_MU": "", "ADRES": "Alacaatlı Mahallesi 4835 Sokağı  No:8/B Çankaya / ANKARA", "SOKET_NO": "SKT/12432", "SOKET_TIPI": "AC", "SOKET_TURU": "AC_TYPE2", "SOKET_GUCU_KW": "18" }, "geometry": { "type": "Point", "coordinates": [ 32.696979, 39.82936 ] } },
{ "type": "Feature", "properties": { "ID": 19633.0, "SIRA_NO": 118.0, "ISTASYON_NO": "ŞRJ/14174", "ISTASYON_ADI": "Carrefoursa, Mutlukent, Ankara", "HIZMET_SEKLI": "HALKA_ACIK", "MARKA": "eşarj", "MARKAADI": "Eşarj", "SARJ_AGI_ISLETMECISI": "EŞARJ ELEKTRİKLİ ARAÇLAR ŞARJ SİSTEMLERİ ANONİM ŞİRKETİ", "YESIL_SARJ_ISTASYONU_MU": "Evet", "ADRES": "Mutlukent Mahallesi 1960. Caddesi  No:19/1 D:1A Çankaya / ANKARA", "SOKET_NO": "SKT/37247", "SOKET_TIPI": "DC", "SOKET_TURU": "DC_CCS", "SOKET_GUCU_KW": "30" }, "geometry": { "type": "Point", "coordinates": [ 32.708438, 39.896539 ] } },
{ "type": "Feature", "properties": { "ID": 23731.0, "SIRA_NO": 245.0, "ISTASYON_NO": "ŞRJ/3588", "ISTASYON_ADI": "SİNPAŞ ALTINORAN", "HIZMET_SEKLI": "OZEL", "MARKA": "ESTASYON", "MARKAADI": "Estasyon", "SARJ_AGI_ISLETMECISI": "İSTASYON ŞARJ HİZMETLERİ ANONİM ŞİRKETİ", "YESIL_SARJ_ISTASYONU_MU": "", "ADRES": "İlkbahar Mahallesi Galip Erdem Sokağı  No:19 ( Ada: - , Pafta: - , Parsel: - )", "SOKET_NO": "SKT/7195", "SOKET_TIPI": "AC", "SOKET_TURU": "AC_TYPE2", "SOKET_GUCU_KW": "22" }, "geometry": { "type": "Point", "coordinates": [ 32.855213, 39.848811 ] } },
{ "type": "Feature", "properties": { "ID": 21135.0, "SIRA_NO": 263.0, "ISTASYON_NO": "ŞRJ/9653", "ISTASYON_ADI": "Balıkçıköy Fahri", "HIZMET_SEKLI": "HALKA_ACIK", "MARKA": "AUTOŞARJ", "MARKAADI": "Autoşarj", "SARJ_AGI_ISLETMECISI": "SOLARPARK DANIŞMANLIK TURİZM MÜHENDİSLİK ENERJİ ÜRETİM İNŞAAT İTHALAT İHRACAT SANAYİ VE TİCARET LİMİTED ŞİRKETİ", "YESIL_SARJ_ISTASYONU_MU": "", "ADRES": "Prof.dr.ahmet Taner Kışlalı Mahallesi Çankaya / ANKARA", "SOKET_NO": "SKT/23041", "SOKET_TIPI": "AC", "SOKET_TURU": "AC_TYPE2", "SOKET_GUCU_KW": "22" }, "geometry": { "type": "Point", "coordinates": [ 32.68425, 39.873913 ] } },
{ "type": "Feature", "properties": { "ID": 20186.0, "SIRA_NO": 350.0, "ISTASYON_NO": "ŞRJ/8550", "ISTASYON_ADI": "Çağdaş Market Ümitköy Şubesi", "HIZMET_SEKLI": "HALKA_ACIK", "MARKA": "ERC SİSTEM", "MARKAADI": "Erc Sistem", "SARJ_AGI_ISLETMECISI": "ERC SİSTEM ELEKTRİK MAKİNA İMALAT TAAHHÜT SANAYİ  VE TİCARET ANONİM ŞİRKETİ", "YESIL_SARJ_ISTASYONU_MU": "", "ADRES": "Ümit Mahallesi 2432 Sokağı  No:36/1-2-3 Çankaya / ANKARA", "SOKET_NO": "SKT/19629", "SOKET_TIPI": "AC", "SOKET_TURU": "AC_TYPE2", "SOKET_GUCU_KW": "22" }, "geometry": { "type": "Point", "coordinates": [ 32.706003, 39.899288 ] } },
{ "type": "Feature", "properties": { "ID": 21473.0, "SIRA_NO": 404.0, "ISTASYON_NO": "ŞRJ/9496", "ISTASYON_ADI": "OTEL NO 19 DC-1", "HIZMET_SEKLI": "HALKA_ACIK", "MARKA": "beefull", "MARKAADI": "Beefull", "SARJ_AGI_ISLETMECISI": "BEEFULL ENERJİ TEKNOLOJİLERİ ANONİM ŞİRKETİ", "YESIL_SARJ_ISTASYONU_MU": "Evet", "ADRES": "Birlik Mahallesi 457 Sokağı  No:19/A Çankaya / ANKARA", "SOKET_NO": "SKT/22466", "SOKET_TIPI": "DC", "SOKET_TURU": "DC_CCS", "SOKET_GUCU_KW": "60" }, "geometry": { "type": "Point", "coordinates": [ 32.877609, 39.877244 ] } },
{ "type": "Feature", "properties": { "ID": 18595.0, "SIRA_NO": 280.0, "ISTASYON_NO": "ŞRJ/7155", "ISTASYON_ADI": "Metropolitan Hotels, Ankara", "HIZMET_SEKLI": "HALKA_ACIK", "MARKA": "eşarj", "MARKAADI": "Eşarj", "SARJ_AGI_ISLETMECISI": "EŞARJ ELEKTRİKLİ ARAÇLAR ŞARJ SİSTEMLERİ ANONİM ŞİRKETİ", "YESIL_SARJ_ISTASYONU_MU": "Evet", "ADRES": "Oğuzlar Mahallesi 1377. Sokağı  No:28 Çankaya / ANKARA", "SOKET_NO": "SKT/16010", "SOKET_TIPI": "DC", "SOKET_TURU": "DC_CCS", "SOKET_GUCU_KW": "180" }, "geometry": { "type": "Point", "coordinates": [ 32.814572, 39.902541 ] } },
{ "type": "Feature", "properties": { "ID": 18596.0, "SIRA_NO": 280.0, "ISTASYON_NO": "ŞRJ/7155", "ISTASYON_ADI": "Metropolitan Hotels, Ankara", "HIZMET_SEKLI": "HALKA_ACIK", "MARKA": "eşarj", "MARKAADI": "Eşarj", "SARJ_AGI_ISLETMECISI": "EŞARJ ELEKTRİKLİ ARAÇLAR ŞARJ SİSTEMLERİ ANONİM ŞİRKETİ", "YESIL_SARJ_ISTASYONU_MU": "Evet", "ADRES": "Oğuzlar Mahallesi 1377. Sokağı  No:28 Çankaya / ANKARA", "SOKET_NO": "SKT/16012", "SOKET_TIPI": "DC", "SOKET_TURU": "DC_CCS", "SOKET_GUCU_KW": "180" }, "geometry": { "type": "Point", "coordinates": [ 32.814572, 39.902541 ] } },
{ "type": "Feature", "properties": { "ID": 23444.0, "SIRA_NO": 127.0, "ISTASYON_NO": "ŞRJ/3283", "ISTASYON_ADI": "BENEVRE BEYTEPE", "HIZMET_SEKLI": "OZEL", "MARKA": "EPSIS", "MARKAADI": "Epsis", "SARJ_AGI_ISLETMECISI": "FORM ELEKTRİK İNŞAAT MÜHENDİSLİK ANONİM ŞİRKETİ", "YESIL_SARJ_ISTASYONU_MU": "", "ADRES": "5387 Caddesi  No:52/F  Benevre Sitesi Çankaya / ANKARA", "SOKET_NO": "SKT/6384", "SOKET_TIPI": "AC", "SOKET_TURU": "AC_TYPE2", "SOKET_GUCU_KW": "18" }, "geometry": { "type": "Point", "coordinates": [ 32.714119, 39.855293 ] } },
{ "type": "Feature", "properties": { "ID": 23448.0, "SIRA_NO": 129.0, "ISTASYON_NO": "ŞRJ/10119", "ISTASYON_ADI": "SİNPAŞ ALTINORAN 45.BLOK YANI", "HIZMET_SEKLI": "OZEL", "MARKA": "EPSIS", "MARKAADI": "Epsis", "SARJ_AGI_ISLETMECISI": "FORM ELEKTRİK İNŞAAT MÜHENDİSLİK ANONİM ŞİRKETİ", "YESIL_SARJ_ISTASYONU_MU": "", "ADRES": "İlkbahar Mahallesi  No:19B  Güneypark Kmev. Çankaya / ANKARA", "SOKET_NO": "SKT/30679", "SOKET_TIPI": "AC", "SOKET_TURU": "AC_TYPE2", "SOKET_GUCU_KW": "22" }, "geometry": { "type": "Point", "coordinates": [ 32.855187, 39.847698 ] } },
{ "type": "Feature", "properties": { "ID": 21053.0, "SIRA_NO": 242.0, "ISTASYON_NO": "ŞRJ/5689", "ISTASYON_ADI": "WEST GATE A BLOK", "HIZMET_SEKLI": "OZEL", "MARKA": "EVC CHARGE", "MARKAADI": "Evcil Mühendislik", "SARJ_AGI_ISLETMECISI": "EVCİL YATIRIM MÜHENDİSLİK MİMARLIK LİMİTED ŞİRKETİ", "YESIL_SARJ_ISTASYONU_MU": "", "ADRES": "Konutkent Mahallesi 3028 Caddesi  No:2 Çankaya / ANKARA", "SOKET_NO": "SKT/12352", "SOKET_TIPI": "AC", "SOKET_TURU": "AC_TYPE2", "SOKET_GUCU_KW": "22" }, "geometry": { "type": "Point", "coordinates": [ 32.658284, 39.878703 ] } },
{ "type": "Feature", "properties": { "ID": 21055.0, "SIRA_NO": 243.0, "ISTASYON_NO": "ŞRJ/5690", "ISTASYON_ADI": "WEST GATE B BLOK", "HIZMET_SEKLI": "OZEL", "MARKA": "EVC CHARGE", "MARKAADI": "Evcil Mühendislik", "SARJ_AGI_ISLETMECISI": "EVCİL YATIRIM MÜHENDİSLİK MİMARLIK LİMİTED ŞİRKETİ", "YESIL_SARJ_ISTASYONU_MU": "", "ADRES": "Konutkent Mahallesi 3028 Caddesi  No:2 Çankaya / ANKARA", "SOKET_NO": "SKT/12354", "SOKET_TIPI": "AC", "SOKET_TURU": "AC_TYPE2", "SOKET_GUCU_KW": "22" }, "geometry": { "type": "Point", "coordinates": [ 32.657009, 39.878838 ] } },
{ "type": "Feature", "properties": { "ID": 21057.0, "SIRA_NO": 244.0, "ISTASYON_NO": "ŞRJ/5691", "ISTASYON_ADI": "WEST GATE C BLOK", "HIZMET_SEKLI": "OZEL", "MARKA": "EVC CHARGE", "MARKAADI": "Evcil Mühendislik", "SARJ_AGI_ISLETMECISI": "EVCİL YATIRIM MÜHENDİSLİK MİMARLIK LİMİTED ŞİRKETİ", "YESIL_SARJ_ISTASYONU_MU": "", "ADRES": "Konutkent Mahallesi 3028 Caddesi  No:2 Çankaya / ANKARA", "SOKET_NO": "SKT/12356", "SOKET_TIPI": "AC", "SOKET_TURU": "AC_TYPE2", "SOKET_GUCU_KW": "22" }, "geometry": { "type": "Point", "coordinates": [ 32.657597, 39.878452 ] } },
{ "type": "Feature", "properties": { "ID": 21059.0, "SIRA_NO": 245.0, "ISTASYON_NO": "ŞRJ/14344", "ISTASYON_ADI": "CODE YILDIZ", "HIZMET_SEKLI": "OZEL", "MARKA": "EVC CHARGE", "MARKAADI": "Evcil Mühendislik", "SARJ_AGI_ISLETMECISI": "EVCİL YATIRIM MÜHENDİSLİK MİMARLIK LİMİTED ŞİRKETİ", "YESIL_SARJ_ISTASYONU_MU": "", "ADRES": "Hilal Mahallesi Şehit Aytekin Yavuz Caddesi  No:72 Çankaya / ANKARA", "SOKET_NO": "SKT/37772", "SOKET_TIPI": "AC", "SOKET_TURU": "AC_TYPE2", "SOKET_GUCU_KW": "22" }, "geometry": { "type": "Point", "coordinates": [ 32.853342, 39.863694 ] } },
{ "type": "Feature", "properties": { "ID": 21062.0, "SIRA_NO": 246.0, "ISTASYON_NO": "ŞRJ/14342", "ISTASYON_ADI": "BORDO MODERN", "HIZMET_SEKLI": "OZEL", "MARKA": "EVC CHARGE", "MARKAADI": "Evcil Mühendislik", "SARJ_AGI_ISLETMECISI": "EVCİL YATIRIM MÜHENDİSLİK MİMARLIK LİMİTED ŞİRKETİ", "YESIL_SARJ_ISTASYONU_MU": "", "ADRES": "Dodurga Mahallesi 4986 Sokağı  No:8 Çankaya / ANKARA", "SOKET_NO": "SKT/37767", "SOKET_TIPI": "AC", "SOKET_TURU": "AC_TYPE2", "SOKET_GUCU_KW": "22" }, "geometry": { "type": "Point", "coordinates": [ 32.650682, 39.838137 ] } },
{ "type": "Feature", "properties": { "ID": 21068.0, "SIRA_NO": 248.0, "ISTASYON_NO": "ŞRJ/16242", "ISTASYON_ADI": "BULVAR BEYTEPE 1.ETAP", "HIZMET_SEKLI": "OZEL", "MARKA": "EVC CHARGE", "MARKAADI": "Evcil Mühendislik", "SARJ_AGI_ISLETMECISI": "EVCİL YATIRIM MÜHENDİSLİK MİMARLIK LİMİTED ŞİRKETİ", "YESIL_SARJ_ISTASYONU_MU": "", "ADRES": "Beytepe Mahallesi 5492 Caddesi  No:1 Çankaya / ANKARA", "SOKET_NO": "SKT/43983", "SOKET_TIPI": "AC", "SOKET_TURU": "AC_TYPE2", "SOKET_GUCU_KW": "11" }, "geometry": { "type": "Point", "coordinates": [ 32.709485, 39.851551 ] } },
{ "type": "Feature", "properties": { "ID": 21071.0, "SIRA_NO": 249.0, "ISTASYON_NO": "ŞRJ/16271", "ISTASYON_ADI": "BULVAR BEYTEPE 2.ETAP", "HIZMET_SEKLI": "OZEL", "MARKA": "EVC CHARGE", "MARKAADI": "Evcil Mühendislik", "SARJ_AGI_ISLETMECISI": "EVCİL YATIRIM MÜHENDİSLİK MİMARLIK LİMİTED ŞİRKETİ", "YESIL_SARJ_ISTASYONU_MU": "", "ADRES": "Beytepe Mahallesi 5387 Caddesi  No:35 Çankaya / ANKARA", "SOKET_NO": "SKT/44086", "SOKET_TIPI": "AC", "SOKET_TURU": "AC_TYPE2", "SOKET_GUCU_KW": "11" }, "geometry": { "type": "Point", "coordinates": [ 32.71, 39.852441 ] } },
{ "type": "Feature", "properties": { "ID": 21073.0, "SIRA_NO": 250.0, "ISTASYON_NO": "ŞRJ/16811", "ISTASYON_ADI": "PARK JOVEN KONUTLARI", "HIZMET_SEKLI": "OZEL", "MARKA": "EVC CHARGE", "MARKAADI": "Evcil Mühendislik", "SARJ_AGI_ISLETMECISI": "EVCİL YATIRIM MÜHENDİSLİK MİMARLIK LİMİTED ŞİRKETİ", "YESIL_SARJ_ISTASYONU_MU": "", "ADRES": "Üniversiteler Mahallesi 1634 Caddesi  No:11 Çankaya / ANKARA", "SOKET_NO": "SKT/45728", "SOKET_TIPI": "AC", "SOKET_TURU": "AC_TYPE2", "SOKET_GUCU_KW": "22" }, "geometry": { "type": "Point", "coordinates": [ 32.765474, 39.857125 ] } },
{ "type": "Feature", "properties": { "ID": 20172.0, "SIRA_NO": 340.0, "ISTASYON_NO": "ŞRJ/2472", "ISTASYON_ADI": "Çağdaş Market Alacaatlı-1 Şubesi", "HIZMET_SEKLI": "HALKA_ACIK", "MARKA": "ERC SİSTEM", "MARKAADI": "Erc Sistem", "SARJ_AGI_ISLETMECISI": "ERC SİSTEM ELEKTRİK MAKİNA İMALAT TAAHHÜT SANAYİ  VE TİCARET ANONİM ŞİRKETİ", "YESIL_SARJ_ISTASYONU_MU": "", "ADRES": "Prof. Dr. Ahmet Taner Kışlalı Mahallesi Alacaatlı Caddesi  No:12A Çankaya / ANKARA", "SOKET_NO": "SKT/4703", "SOKET_TIPI": "AC", "SOKET_TURU": "AC_TYPE2", "SOKET_GUCU_KW": "22" }, "geometry": { "type": "Point", "coordinates": [ 32.686354, 39.870151 ] } },
{ "type": "Feature", "properties": { "ID": 18619.0, "SIRA_NO": 291.0, "ISTASYON_NO": "ŞRJ/7310", "ISTASYON_ADI": "Toyota Plaza Toyan, Ankara", "HIZMET_SEKLI": "HALKA_ACIK", "MARKA": "eşarj", "MARKAADI": "Eşarj", "SARJ_AGI_ISLETMECISI": "EŞARJ ELEKTRİKLİ ARAÇLAR ŞARJ SİSTEMLERİ ANONİM ŞİRKETİ", "YESIL_SARJ_ISTASYONU_MU": "Evet", "ADRES": "Yukarı Öveçler Mahallesi  No:75 Çankaya / ANKARA", "SOKET_NO": "SKT/16417", "SOKET_TIPI": "DC", "SOKET_TURU": "DC_CCS", "SOKET_GUCU_KW": "120" }, "geometry": { "type": "Point", "coordinates": [ 32.823726, 39.894611 ] } },
{ "type": "Feature", "properties": { "ID": 24482.0, "SIRA_NO": 29.0, "ISTASYON_NO": "ŞRJ/14656", "ISTASYON_ADI": "Hotel Midi", "HIZMET_SEKLI": "HALKA_ACIK", "MARKA": "tunçmatik", "MARKAADI": "Tunçmatik", "SARJ_AGI_ISLETMECISI": "TUNÇMATİK ŞARJ TEKNOLOJİLERİ ANONİM ŞİRKETİ", "YESIL_SARJ_ISTASYONU_MU": "", "ADRES": "Aziziye Mahallesi Andrey Karlov Sokağı  No:44 Çankaya / ANKARA", "SOKET_NO": "SKT/38749", "SOKET_TIPI": "DC", "SOKET_TURU": "DC_CCS", "SOKET_GUCU_KW": "120" }, "geometry": { "type": "Point", "coordinates": [ 32.852843, 39.891095 ] } },
{ "type": "Feature", "properties": { "ID": 20161.0, "SIRA_NO": 335.0, "ISTASYON_NO": "ŞRJ/6464", "ISTASYON_ADI": "Çağdaş Market İlker-1 Şubesi", "HIZMET_SEKLI": "HALKA_ACIK", "MARKA": "ERC SİSTEM", "MARKAADI": "Erc Sistem", "SARJ_AGI_ISLETMECISI": "ERC SİSTEM ELEKTRİK MAKİNA İMALAT TAAHHÜT SANAYİ  VE TİCARET ANONİM ŞİRKETİ", "YESIL_SARJ_ISTASYONU_MU": "", "ADRES": "Naci Çakır Mahallesi Dikmen Caddesi  No:271 Çankaya / ANKARA", "SOKET_NO": "SKT/14148", "SOKET_TIPI": "AC", "SOKET_TURU": "AC_TYPE2", "SOKET_GUCU_KW": "22" }, "geometry": { "type": "Point", "coordinates": [ 32.837592, 39.877756 ] } },
{ "type": "Feature", "properties": { "ID": 20191.0, "SIRA_NO": 353.0, "ISTASYON_NO": "ŞRJ/8328", "ISTASYON_ADI": "Çağdaş Market Alacaatlı-2 Şubesi", "HIZMET_SEKLI": "HALKA_ACIK", "MARKA": "ERC SİSTEM", "MARKAADI": "Erc Sistem", "SARJ_AGI_ISLETMECISI": "ERC SİSTEM ELEKTRİK MAKİNA İMALAT TAAHHÜT SANAYİ  VE TİCARET ANONİM ŞİRKETİ", "YESIL_SARJ_ISTASYONU_MU": "", "ADRES": "Prof. Dr. Ahmet Taner Kışlalı Mahallesi Alacaatlı Sokağı  No:48 Çankaya / ANKARA", "SOKET_NO": "SKT/19105", "SOKET_TIPI": "DC", "SOKET_TURU": "DC_CCS", "SOKET_GUCU_KW": "100" }, "geometry": { "type": "Point", "coordinates": [ 32.680061, 39.861243 ] } },
{ "type": "Feature", "properties": { "ID": 21907.0, "SIRA_NO": 76.0, "ISTASYON_NO": "ŞRJ/11267", "ISTASYON_ADI": "BEYTEPE MANZARA ORMAN", "HIZMET_SEKLI": "HALKA_ACIK", "MARKA": "Fast-Go", "MARKAADI": "Fast Go", "SARJ_AGI_ISLETMECISI": "YENİ MODEL YAPAY ZEKA VE ROBOTİK TEKNOLOJİ HİZMETLERİ ANONİM ŞİRKETİ", "YESIL_SARJ_ISTASYONU_MU": "", "ADRES": "Beytepe Mahallesi 5386 Sokağı  No:2/A-B Çankaya / ANKARA", "SOKET_NO": "SKT/27882", "SOKET_TIPI": "AC", "SOKET_TURU": "AC_TYPE2", "SOKET_GUCU_KW": "11" }, "geometry": { "type": "Point", "coordinates": [ 32.721658, 39.866948 ] } },
{ "type": "Feature", "properties": { "ID": 24156.0, "SIRA_NO": 415.0, "ISTASYON_NO": "ŞRJ/7784", "ISTASYON_ADI": "HASAN KOLCUOĞLU RESTAURANT", "HIZMET_SEKLI": "HALKA_ACIK", "MARKA": "POWER ELEKTRONİK SANAYİ VE TİCARET LİMİTED ŞİRKETİ", "MARKAADI": "Power", "SARJ_AGI_ISLETMECISI": "POWER ELEKTRONİK SANAYİ VE TİCARET ANONİM ŞİRKETİ", "YESIL_SARJ_ISTASYONU_MU": "", "ADRES": "Pr. Ahmet Taner Kışlalı Mah. Mahallesi 2846 Sokağı  No:2 Çankaya / ANKARA", "SOKET_NO": "SKT/17734", "SOKET_TIPI": "DC", "SOKET_TURU": "DC_CCS", "SOKET_GUCU_KW": "120" }, "geometry": { "type": "Point", "coordinates": [ 32.687687, 39.870456 ] } },
{ "type": "Feature", "properties": { "ID": 17872.0, "SIRA_NO": 465.0, "ISTASYON_NO": "ŞRJ/123", "ISTASYON_ADI": "Tepe Prime, Ankara", "HIZMET_SEKLI": "HALKA_ACIK", "MARKA": "eşarj", "MARKAADI": "Eşarj", "SARJ_AGI_ISLETMECISI": "EŞARJ ELEKTRİKLİ ARAÇLAR ŞARJ SİSTEMLERİ ANONİM ŞİRKETİ", "YESIL_SARJ_ISTASYONU_MU": "Evet", "ADRES": "Mustafa Kemal Mahallesi  No:266 Çankaya / ANKARA", "SOKET_NO": "SKT/7458", "SOKET_TIPI": "DC", "SOKET_TURU": "DC_CCS", "SOKET_GUCU_KW": "120" }, "geometry": { "type": "Point", "coordinates": [ 32.754788, 39.910007 ] } },
{ "type": "Feature", "properties": { "ID": 23454.0, "SIRA_NO": 132.0, "ISTASYON_NO": "ŞRJ/11073", "ISTASYON_ADI": "ANKA MEYDAN 2", "HIZMET_SEKLI": "OZEL", "MARKA": "EPSIS", "MARKAADI": "Epsis", "SARJ_AGI_ISLETMECISI": "FORM ELEKTRİK İNŞAAT MÜHENDİSLİK ANONİM ŞİRKETİ", "YESIL_SARJ_ISTASYONU_MU": "", "ADRES": "Yaşamkent Mahallesi 3284 Sokağı  No:2 Çankaya / ANKARA", "SOKET_NO": "SKT/30685", "SOKET_TIPI": "DC", "SOKET_TURU": "DC_CCS", "SOKET_GUCU_KW": "30" }, "geometry": { "type": "Point", "coordinates": [ 32.636219, 39.858081 ] } },
{ "type": "Feature", "properties": { "ID": 23458.0, "SIRA_NO": 134.0, "ISTASYON_NO": "ŞRJ/12845", "ISTASYON_ADI": "ALLORA BEYTEPE SİTESİ A/BLOK", "HIZMET_SEKLI": "OZEL", "MARKA": "EPSIS", "MARKAADI": "Epsis", "SARJ_AGI_ISLETMECISI": "FORM ELEKTRİK İNŞAAT MÜHENDİSLİK ANONİM ŞİRKETİ", "YESIL_SARJ_ISTASYONU_MU": "", "ADRES": "Beytepe Mahallesi Kanuni Sultan Süleyman Sokağı  No:63 / A Çankaya / ANKARA", "SOKET_NO": "SKT/33140", "SOKET_TIPI": "AC", "SOKET_TURU": "AC_TYPE2", "SOKET_GUCU_KW": "18" }, "geometry": { "type": "Point", "coordinates": [ 32.7123, 39.8646 ] } },
{ "type": "Feature", "properties": { "ID": 23460.0, "SIRA_NO": 135.0, "ISTASYON_NO": "ŞRJ/12975", "ISTASYON_ADI": "EGE VADİSİ", "HIZMET_SEKLI": "HALKA_ACIK", "MARKA": "EPSIS", "MARKAADI": "Epsis", "SARJ_AGI_ISLETMECISI": "FORM ELEKTRİK İNŞAAT MÜHENDİSLİK ANONİM ŞİRKETİ", "YESIL_SARJ_ISTASYONU_MU": "", "ADRES": "Yukarı Dikmen Mahallesi 648 Caddesi  No:20/A Çankaya / ANKARA", "SOKET_NO": "SKT/33439", "SOKET_TIPI": "DC", "SOKET_TURU": "DC_CCS", "SOKET_GUCU_KW": "30" }, "geometry": { "type": "Point", "coordinates": [ 32.8455, 39.8556 ] } },
{ "type": "Feature", "properties": { "ID": 23464.0, "SIRA_NO": 136.0, "ISTASYON_NO": "ŞRJ/12976", "ISTASYON_ADI": "SİNPAŞ BOULEVARD B1/BLOK", "HIZMET_SEKLI": "OZEL", "MARKA": "EPSIS", "MARKAADI": "Epsis", "SARJ_AGI_ISLETMECISI": "FORM ELEKTRİK İNŞAAT MÜHENDİSLİK ANONİM ŞİRKETİ", "YESIL_SARJ_ISTASYONU_MU": "", "ADRES": "İlkbahar Mahallesi Güneypark Kmev. Sokağı  No:72-C Çankaya / ANKARA", "SOKET_NO": "SKT/33443", "SOKET_TIPI": "DC", "SOKET_TURU": "DC_CCS", "SOKET_GUCU_KW": "30" }, "geometry": { "type": "Point", "coordinates": [ 32.8528, 39.8451 ] } },
{ "type": "Feature", "properties": { "ID": 21128.0, "SIRA_NO": 262.0, "ISTASYON_NO": "ŞRJ/9650", "ISTASYON_ADI": "Ahmet Hamdi Akseki Cami", "HIZMET_SEKLI": "HALKA_ACIK", "MARKA": "AUTOŞARJ", "MARKAADI": "Autoşarj", "SARJ_AGI_ISLETMECISI": "SOLARPARK DANIŞMANLIK TURİZM MÜHENDİSLİK ENERJİ ÜRETİM İNŞAAT İTHALAT İHRACAT SANAYİ VE TİCARET LİMİTED ŞİRKETİ", "YESIL_SARJ_ISTASYONU_MU": "", "ADRES": "Üniversiteler Mahallesi Çankaya / ANKARA", "SOKET_NO": "SKT/23030", "SOKET_TIPI": "AC", "SOKET_TURU": "AC_TYPE2", "SOKET_GUCU_KW": "22" }, "geometry": { "type": "Point", "coordinates": [ 32.763358, 39.905979 ] } },
{ "type": "Feature", "properties": { "ID": 21134.0, "SIRA_NO": 263.0, "ISTASYON_NO": "ŞRJ/9653", "ISTASYON_ADI": "Balıkçıköy Fahri", "HIZMET_SEKLI": "HALKA_ACIK", "MARKA": "AUTOŞARJ", "MARKAADI": "Autoşarj", "SARJ_AGI_ISLETMECISI": "SOLARPARK DANIŞMANLIK TURİZM MÜHENDİSLİK ENERJİ ÜRETİM İNŞAAT İTHALAT İHRACAT SANAYİ VE TİCARET LİMİTED ŞİRKETİ", "YESIL_SARJ_ISTASYONU_MU": "", "ADRES": "Prof.dr.ahmet Taner Kışlalı Mahallesi Çankaya / ANKARA", "SOKET_NO": "SKT/23040", "SOKET_TIPI": "AC", "SOKET_TURU": "AC_TYPE2", "SOKET_GUCU_KW": "22" }, "geometry": { "type": "Point", "coordinates": [ 32.68425, 39.873913 ] } },
{ "type": "Feature", "properties": { "ID": 21817.0, "SIRA_NO": 42.0, "ISTASYON_NO": "ŞRJ/12836", "ISTASYON_ADI": "DAYS HOTEL ANKARA AC-1", "HIZMET_SEKLI": "HALKA_ACIK", "MARKA": "beefull", "MARKAADI": "Beefull", "SARJ_AGI_ISLETMECISI": "BEEFULL ENERJİ TEKNOLOJİLERİ ANONİM ŞİRKETİ", "YESIL_SARJ_ISTASYONU_MU": "Evet", "ADRES": "Güzeltepe Mahallesi 749 Sokağı  No:33 Çankaya / ANKARA", "SOKET_NO": "SKT/48628", "SOKET_TIPI": "DC", "SOKET_TURU": "DC_CCS", "SOKET_GUCU_KW": "40" }, "geometry": { "type": "Point", "coordinates": [ 32.8529, 39.8827 ] } },
{ "type": "Feature", "properties": { "ID": 19318.0, "SIRA_NO": 20.0, "ISTASYON_NO": "ŞRJ/10943", "ISTASYON_ADI": "Natural Yaşamkent Sitesi, Ankara", "HIZMET_SEKLI": "OZEL", "MARKA": "eşarj", "MARKAADI": "Eşarj", "SARJ_AGI_ISLETMECISI": "EŞARJ ELEKTRİKLİ ARAÇLAR ŞARJ SİSTEMLERİ ANONİM ŞİRKETİ", "YESIL_SARJ_ISTASYONU_MU": "Evet", "ADRES": "Alacaatlı Mahallesi 5088 Sokağı  No:1 Çankaya / ANKARA", "SOKET_NO": "SKT/26836", "SOKET_TIPI": "AC", "SOKET_TURU": "AC_TYPE2", "SOKET_GUCU_KW": "22" }, "geometry": { "type": "Point", "coordinates": [ 32.648306, 39.835936 ] } },
{ "type": "Feature", "properties": { "ID": 18383.0, "SIRA_NO": 192.0, "ISTASYON_NO": "ŞRJ/5973", "ISTASYON_ADI": "Başkent Kule, Ankara", "HIZMET_SEKLI": "HALKA_ACIK", "MARKA": "eşarj", "MARKAADI": "Eşarj", "SARJ_AGI_ISLETMECISI": "EŞARJ ELEKTRİKLİ ARAÇLAR ŞARJ SİSTEMLERİ ANONİM ŞİRKETİ", "YESIL_SARJ_ISTASYONU_MU": "Evet", "ADRES": "Kızılırmak Mahallesi Ufuk Üniversitesi Caddesi  No:1 Çankaya / ANKARA", "SOKET_NO": "SKT/13040", "SOKET_TIPI": "DC", "SOKET_TURU": "DC_CCS", "SOKET_GUCU_KW": "120" }, "geometry": { "type": "Point", "coordinates": [ 32.8141, 39.909214 ] } },
{ "type": "Feature", "properties": { "ID": 18384.0, "SIRA_NO": 192.0, "ISTASYON_NO": "ŞRJ/5973", "ISTASYON_ADI": "Başkent Kule, Ankara", "HIZMET_SEKLI": "HALKA_ACIK", "MARKA": "eşarj", "MARKAADI": "Eşarj", "SARJ_AGI_ISLETMECISI": "EŞARJ ELEKTRİKLİ ARAÇLAR ŞARJ SİSTEMLERİ ANONİM ŞİRKETİ", "YESIL_SARJ_ISTASYONU_MU": "Evet", "ADRES": "Kızılırmak Mahallesi Ufuk Üniversitesi Caddesi  No:1 Çankaya / ANKARA", "SOKET_NO": "SKT/13041", "SOKET_TIPI": "DC", "SOKET_TURU": "DC_CCS", "SOKET_GUCU_KW": "120" }, "geometry": { "type": "Point", "coordinates": [ 32.8141, 39.909214 ] } },
{ "type": "Feature", "properties": { "ID": 18385.0, "SIRA_NO": 192.0, "ISTASYON_NO": "ŞRJ/5973", "ISTASYON_ADI": "Başkent Kule, Ankara", "HIZMET_SEKLI": "HALKA_ACIK", "MARKA": "eşarj", "MARKAADI": "Eşarj", "SARJ_AGI_ISLETMECISI": "EŞARJ ELEKTRİKLİ ARAÇLAR ŞARJ SİSTEMLERİ ANONİM ŞİRKETİ", "YESIL_SARJ_ISTASYONU_MU": "Evet", "ADRES": "Kızılırmak Mahallesi Ufuk Üniversitesi Caddesi  No:1 Çankaya / ANKARA", "SOKET_NO": "SKT/13042", "SOKET_TIPI": "DC", "SOKET_TURU": "DC_CCS", "SOKET_GUCU_KW": "120" }, "geometry": { "type": "Point", "coordinates": [ 32.8141, 39.909214 ] } },
{ "type": "Feature", "properties": { "ID": 23450.0, "SIRA_NO": 130.0, "ISTASYON_NO": "ŞRJ/10118", "ISTASYON_ADI": "SİNPAŞ ALTINORAN 29.BLOK KARŞISI", "HIZMET_SEKLI": "OZEL", "MARKA": "EPSIS", "MARKAADI": "Epsis", "SARJ_AGI_ISLETMECISI": "FORM ELEKTRİK İNŞAAT MÜHENDİSLİK ANONİM ŞİRKETİ", "YESIL_SARJ_ISTASYONU_MU": "", "ADRES": "İlkbahar Mahallesi  No:54  Güneypark Kmev Çankaya / ANKARA", "SOKET_NO": "SKT/30683", "SOKET_TIPI": "AC", "SOKET_TURU": "AC_TYPE2", "SOKET_GUCU_KW": "22" }, "geometry": { "type": "Point", "coordinates": [ 32.856762, 39.847213 ] } },
{ "type": "Feature", "properties": { "ID": 23452.0, "SIRA_NO": 131.0, "ISTASYON_NO": "ŞRJ/10120", "ISTASYON_ADI": "SİNPAŞ MARİNA", "HIZMET_SEKLI": "OZEL", "MARKA": "EPSIS", "MARKAADI": "Epsis", "SARJ_AGI_ISLETMECISI": "FORM ELEKTRİK İNŞAAT MÜHENDİSLİK ANONİM ŞİRKETİ", "YESIL_SARJ_ISTASYONU_MU": "", "ADRES": "İlkbahar Mah. Mahallesi  No:72  Güneypark Kmev. Çankaya / ANKARA", "SOKET_NO": "SKT/30681", "SOKET_TIPI": "AC", "SOKET_TURU": "AC_TYPE2", "SOKET_GUCU_KW": "22" }, "geometry": { "type": "Point", "coordinates": [ 32.852223, 39.844058 ] } },
{ "type": "Feature", "properties": { "ID": 20891.0, "SIRA_NO": 186.0, "ISTASYON_NO": "ŞRJ/4270", "ISTASYON_ADI": "Maidan AVM", "HIZMET_SEKLI": "HALKA_ACIK", "MARKA": "PLECO advertise.charge.", "MARKAADI": "Pleco", "SARJ_AGI_ISLETMECISI": "ÖZKA ENERJİ YATIRIMLARI ANONİM ŞİRKETİ", "YESIL_SARJ_ISTASYONU_MU": "", "ADRES": "Mustafa Kemal Mahallesi 2118. Caddesi  No:406510 Çankaya / ANKARA", "SOKET_NO": "SKT/8874", "SOKET_TIPI": "DC", "SOKET_TURU": "DC_CCS", "SOKET_GUCU_KW": "60" }, "geometry": { "type": "Point", "coordinates": [ 32.764832, 39.908739 ] } },
{ "type": "Feature", "properties": { "ID": 20893.0, "SIRA_NO": 186.0, "ISTASYON_NO": "ŞRJ/4270", "ISTASYON_ADI": "Maidan AVM", "HIZMET_SEKLI": "HALKA_ACIK", "MARKA": "PLECO advertise.charge.", "MARKAADI": "Pleco", "SARJ_AGI_ISLETMECISI": "ÖZKA ENERJİ YATIRIMLARI ANONİM ŞİRKETİ", "YESIL_SARJ_ISTASYONU_MU": "", "ADRES": "Mustafa Kemal Mahallesi 2118. Caddesi  No:406510 Çankaya / ANKARA", "SOKET_NO": "SKT/8876", "SOKET_TIPI": "AC", "SOKET_TURU": "AC_TYPE2", "SOKET_GUCU_KW": "22" }, "geometry": { "type": "Point", "coordinates": [ 32.764832, 39.908739 ] } },
{ "type": "Feature", "properties": { "ID": 20894.0, "SIRA_NO": 186.0, "ISTASYON_NO": "ŞRJ/4270", "ISTASYON_ADI": "Maidan AVM", "HIZMET_SEKLI": "HALKA_ACIK", "MARKA": "PLECO advertise.charge.", "MARKAADI": "Pleco", "SARJ_AGI_ISLETMECISI": "ÖZKA ENERJİ YATIRIMLARI ANONİM ŞİRKETİ", "YESIL_SARJ_ISTASYONU_MU": "", "ADRES": "Mustafa Kemal Mahallesi 2118. Caddesi  No:406510 Çankaya / ANKARA", "SOKET_NO": "SKT/8877", "SOKET_TIPI": "AC", "SOKET_TURU": "AC_TYPE2", "SOKET_GUCU_KW": "22" }, "geometry": { "type": "Point", "coordinates": [ 32.764832, 39.908739 ] } },
{ "type": "Feature", "properties": { "ID": 21434.0, "SIRA_NO": 386.0, "ISTASYON_NO": "ŞRJ/8960", "ISTASYON_ADI": "ANKARA TREN GARI DC-1, AC-1, AC-2, AC-3, AC-4", "HIZMET_SEKLI": "HALKA_ACIK", "MARKA": "beefull", "MARKAADI": "Beefull", "SARJ_AGI_ISLETMECISI": "BEEFULL ENERJİ TEKNOLOJİLERİ ANONİM ŞİRKETİ", "YESIL_SARJ_ISTASYONU_MU": "Evet", "ADRES": "Eti Mahallesi  No:78 Çankaya / ANKARA", "SOKET_NO": "SKT/20829", "SOKET_TIPI": "DC", "SOKET_TURU": "DC_CCS", "SOKET_GUCU_KW": "60" }, "geometry": { "type": "Point", "coordinates": [ 32.843131, 39.934514 ] } },
{ "type": "Feature", "properties": { "ID": 18594.0, "SIRA_NO": 280.0, "ISTASYON_NO": "ŞRJ/7155", "ISTASYON_ADI": "Metropolitan Hotels, Ankara", "HIZMET_SEKLI": "HALKA_ACIK", "MARKA": "eşarj", "MARKAADI": "Eşarj", "SARJ_AGI_ISLETMECISI": "EŞARJ ELEKTRİKLİ ARAÇLAR ŞARJ SİSTEMLERİ ANONİM ŞİRKETİ", "YESIL_SARJ_ISTASYONU_MU": "Evet", "ADRES": "Oğuzlar Mahallesi 1377. Sokağı  No:28 Çankaya / ANKARA", "SOKET_NO": "SKT/16009", "SOKET_TIPI": "DC", "SOKET_TURU": "DC_CCS", "SOKET_GUCU_KW": "180" }, "geometry": { "type": "Point", "coordinates": [ 32.814572, 39.902541 ] } },
{ "type": "Feature", "properties": { "ID": 21848.0, "SIRA_NO": 58.0, "ISTASYON_NO": "ŞRJ/4506", "ISTASYON_ADI": "ONE TOWER AVM", "HIZMET_SEKLI": "HALKA_ACIK", "MARKA": "Fast-Go", "MARKAADI": "Fast Go", "SARJ_AGI_ISLETMECISI": "YENİ MODEL YAPAY ZEKA VE ROBOTİK TEKNOLOJİ HİZMETLERİ ANONİM ŞİRKETİ", "YESIL_SARJ_ISTASYONU_MU": "", "ADRES": "Oran Mahallesi Kudüs Sokağı  No:6 Çankaya / ANKARA", "SOKET_NO": "SKT/9452", "SOKET_TIPI": "DC", "SOKET_TURU": "DC_CCS", "SOKET_GUCU_KW": "120" }, "geometry": { "type": "Point", "coordinates": [ 32.832858, 39.846463 ] } },
{ "type": "Feature", "properties": { "ID": 21474.0, "SIRA_NO": 404.0, "ISTASYON_NO": "ŞRJ/9496", "ISTASYON_ADI": "OTEL NO 19 DC-1", "HIZMET_SEKLI": "HALKA_ACIK", "MARKA": "beefull", "MARKAADI": "Beefull", "SARJ_AGI_ISLETMECISI": "BEEFULL ENERJİ TEKNOLOJİLERİ ANONİM ŞİRKETİ", "YESIL_SARJ_ISTASYONU_MU": "Evet", "ADRES": "Birlik Mahallesi 457 Sokağı  No:19/A Çankaya / ANKARA", "SOKET_NO": "SKT/22467", "SOKET_TIPI": "AC", "SOKET_TURU": "AC_TYPE2", "SOKET_GUCU_KW": "22" }, "geometry": { "type": "Point", "coordinates": [ 32.877609, 39.877244 ] } },
{ "type": "Feature", "properties": { "ID": 23461.0, "SIRA_NO": 135.0, "ISTASYON_NO": "ŞRJ/12975", "ISTASYON_ADI": "EGE VADİSİ", "HIZMET_SEKLI": "HALKA_ACIK", "MARKA": "EPSIS", "MARKAADI": "Epsis", "SARJ_AGI_ISLETMECISI": "FORM ELEKTRİK İNŞAAT MÜHENDİSLİK ANONİM ŞİRKETİ", "YESIL_SARJ_ISTASYONU_MU": "", "ADRES": "Yukarı Dikmen Mahallesi 648 Caddesi  No:20/A Çankaya / ANKARA", "SOKET_NO": "SKT/33440", "SOKET_TIPI": "AC", "SOKET_TURU": "AC_TYPE2", "SOKET_GUCU_KW": "22" }, "geometry": { "type": "Point", "coordinates": [ 32.8455, 39.8556 ] } },
{ "type": "Feature", "properties": { "ID": 18618.0, "SIRA_NO": 291.0, "ISTASYON_NO": "ŞRJ/7310", "ISTASYON_ADI": "Toyota Plaza Toyan, Ankara", "HIZMET_SEKLI": "HALKA_ACIK", "MARKA": "eşarj", "MARKAADI": "Eşarj", "SARJ_AGI_ISLETMECISI": "EŞARJ ELEKTRİKLİ ARAÇLAR ŞARJ SİSTEMLERİ ANONİM ŞİRKETİ", "YESIL_SARJ_ISTASYONU_MU": "Evet", "ADRES": "Yukarı Öveçler Mahallesi  No:75 Çankaya / ANKARA", "SOKET_NO": "SKT/16416", "SOKET_TIPI": "DC", "SOKET_TURU": "DC_CCS", "SOKET_GUCU_KW": "120" }, "geometry": { "type": "Point", "coordinates": [ 32.823726, 39.894611 ] } },
{ "type": "Feature", "properties": { "ID": 23728.0, "SIRA_NO": 243.0, "ISTASYON_NO": "ŞRJ/3586", "ISTASYON_ADI": "SİNPAŞ EGE VADİSİ", "HIZMET_SEKLI": "OZEL", "MARKA": "ESTASYON", "MARKAADI": "Estasyon", "SARJ_AGI_ISLETMECISI": "İSTASYON ŞARJ HİZMETLERİ ANONİM ŞİRKETİ", "YESIL_SARJ_ISTASYONU_MU": "", "ADRES": "Yukarı Dikmen Mahallesi 648 Sokağı  No:20 ( Ada: - , Pafta: - , Parsel: - )", "SOKET_NO": "SKT/7192", "SOKET_TIPI": "AC", "SOKET_TURU": "AC_TYPE2", "SOKET_GUCU_KW": "22" }, "geometry": { "type": "Point", "coordinates": [ 32.84374, 39.856258 ] } },
{ "type": "Feature", "properties": { "ID": 19202.0, "SIRA_NO": 481.0, "ISTASYON_NO": "ŞRJ/10816", "ISTASYON_ADI": "YDA Center, Ankara", "HIZMET_SEKLI": "HALKA_ACIK", "MARKA": "eşarj", "MARKAADI": "Eşarj", "SARJ_AGI_ISLETMECISI": "EŞARJ ELEKTRİKLİ ARAÇLAR ŞARJ SİSTEMLERİ ANONİM ŞİRKETİ", "YESIL_SARJ_ISTASYONU_MU": "Evet", "ADRES": "Kızılırmak Mahallesi  No:24 /A-5 Çankaya / ANKARA", "SOKET_NO": "SKT/26487", "SOKET_TIPI": "DC", "SOKET_TURU": "DC_CCS", "SOKET_GUCU_KW": "120" }, "geometry": { "type": "Point", "coordinates": [ 32.808679, 39.910694 ] } },
{ "type": "Feature", "properties": { "ID": 23628.0, "SIRA_NO": 214.0, "ISTASYON_NO": "ŞRJ/10134", "ISTASYON_ADI": "ATABİLGE AKA KONUTLARI A4/BLOK", "HIZMET_SEKLI": "OZEL", "MARKA": "EPSIS", "MARKAADI": "Epsis", "SARJ_AGI_ISLETMECISI": "FORM ELEKTRİK İNŞAAT MÜHENDİSLİK ANONİM ŞİRKETİ", "YESIL_SARJ_ISTASYONU_MU": "", "ADRES": "Alacaatlı Mahallesi 4841 Sokağı  No:2 / D Çankaya / ANKARA", "SOKET_NO": "SKT/24427", "SOKET_TIPI": "AC", "SOKET_TURU": "AC_TYPE2", "SOKET_GUCU_KW": "18" }, "geometry": { "type": "Point", "coordinates": [ 32.698042, 39.831766 ] } },
{ "type": "Feature", "properties": { "ID": 23631.0, "SIRA_NO": 215.0, "ISTASYON_NO": "ŞRJ/10135", "ISTASYON_ADI": "ATABİLGE AKA KONUTLARI A5/BLOK", "HIZMET_SEKLI": "OZEL", "MARKA": "EPSIS", "MARKAADI": "Epsis", "SARJ_AGI_ISLETMECISI": "FORM ELEKTRİK İNŞAAT MÜHENDİSLİK ANONİM ŞİRKETİ", "YESIL_SARJ_ISTASYONU_MU": "", "ADRES": "Alacaatlı Mahallesi 4844 Sokağı  No:2 / E Çankaya / ANKARA", "SOKET_NO": "SKT/24430", "SOKET_TIPI": "AC", "SOKET_TURU": "AC_TYPE2", "SOKET_GUCU_KW": "18" }, "geometry": { "type": "Point", "coordinates": [ 32.698295, 39.831754 ] } },
{ "type": "Feature", "properties": { "ID": 23445.0, "SIRA_NO": 127.0, "ISTASYON_NO": "ŞRJ/3283", "ISTASYON_ADI": "BENEVRE BEYTEPE", "HIZMET_SEKLI": "OZEL", "MARKA": "EPSIS", "MARKAADI": "Epsis", "SARJ_AGI_ISLETMECISI": "FORM ELEKTRİK İNŞAAT MÜHENDİSLİK ANONİM ŞİRKETİ", "YESIL_SARJ_ISTASYONU_MU": "", "ADRES": "5387 Caddesi  No:52/F  Benevre Sitesi Çankaya / ANKARA", "SOKET_NO": "SKT/6385", "SOKET_TIPI": "AC", "SOKET_TURU": "AC_TYPE2", "SOKET_GUCU_KW": "18" }, "geometry": { "type": "Point", "coordinates": [ 32.714119, 39.855293 ] } },
{ "type": "Feature", "properties": { "ID": 18382.0, "SIRA_NO": 192.0, "ISTASYON_NO": "ŞRJ/5973", "ISTASYON_ADI": "Başkent Kule, Ankara", "HIZMET_SEKLI": "HALKA_ACIK", "MARKA": "eşarj", "MARKAADI": "Eşarj", "SARJ_AGI_ISLETMECISI": "EŞARJ ELEKTRİKLİ ARAÇLAR ŞARJ SİSTEMLERİ ANONİM ŞİRKETİ", "YESIL_SARJ_ISTASYONU_MU": "Evet", "ADRES": "Kızılırmak Mahallesi Ufuk Üniversitesi Caddesi  No:1 Çankaya / ANKARA", "SOKET_NO": "SKT/13039", "SOKET_TIPI": "DC", "SOKET_TURU": "DC_CCS", "SOKET_GUCU_KW": "120" }, "geometry": { "type": "Point", "coordinates": [ 32.8141, 39.909214 ] } },
{ "type": "Feature", "properties": { "ID": 20980.0, "SIRA_NO": 219.0, "ISTASYON_NO": "ŞRJ/7817", "ISTASYON_ADI": "BİLKENT NAZENDE", "HIZMET_SEKLI": "OZEL", "MARKA": "EVC CHARGE", "MARKAADI": "Evcil Mühendislik", "SARJ_AGI_ISLETMECISI": "EVCİL YATIRIM MÜHENDİSLİK MİMARLIK LİMİTED ŞİRKETİ", "YESIL_SARJ_ISTASYONU_MU": "", "ADRES": "Beytepe Mahallesi 1637 Caddesi  No:16 Çankaya / ANKARA", "SOKET_NO": "SKT/17807", "SOKET_TIPI": "DC", "SOKET_TURU": "DC_CCS", "SOKET_GUCU_KW": "120" }, "geometry": { "type": "Point", "coordinates": [ 32.758954, 39.851953 ] } },
{ "type": "Feature", "properties": { "ID": 20981.0, "SIRA_NO": 219.0, "ISTASYON_NO": "ŞRJ/7817", "ISTASYON_ADI": "BİLKENT NAZENDE", "HIZMET_SEKLI": "OZEL", "MARKA": "EVC CHARGE", "MARKAADI": "Evcil Mühendislik", "SARJ_AGI_ISLETMECISI": "EVCİL YATIRIM MÜHENDİSLİK MİMARLIK LİMİTED ŞİRKETİ", "YESIL_SARJ_ISTASYONU_MU": "", "ADRES": "Beytepe Mahallesi 1637 Caddesi  No:16 Çankaya / ANKARA", "SOKET_NO": "SKT/17808", "SOKET_TIPI": "DC", "SOKET_TURU": "DC_CCS", "SOKET_GUCU_KW": "120" }, "geometry": { "type": "Point", "coordinates": [ 32.758954, 39.851953 ] } },
{ "type": "Feature", "properties": { "ID": 20982.0, "SIRA_NO": 219.0, "ISTASYON_NO": "ŞRJ/7817", "ISTASYON_ADI": "BİLKENT NAZENDE", "HIZMET_SEKLI": "OZEL", "MARKA": "EVC CHARGE", "MARKAADI": "Evcil Mühendislik", "SARJ_AGI_ISLETMECISI": "EVCİL YATIRIM MÜHENDİSLİK MİMARLIK LİMİTED ŞİRKETİ", "YESIL_SARJ_ISTASYONU_MU": "", "ADRES": "Beytepe Mahallesi 1637 Caddesi  No:16 Çankaya / ANKARA", "SOKET_NO": "SKT/17809", "SOKET_TIPI": "DC", "SOKET_TURU": "DC_CCS", "SOKET_GUCU_KW": "120" }, "geometry": { "type": "Point", "coordinates": [ 32.758954, 39.851953 ] } },
{ "type": "Feature", "properties": { "ID": 23449.0, "SIRA_NO": 129.0, "ISTASYON_NO": "ŞRJ/10119", "ISTASYON_ADI": "SİNPAŞ ALTINORAN 45.BLOK YANI", "HIZMET_SEKLI": "OZEL", "MARKA": "EPSIS", "MARKAADI": "Epsis", "SARJ_AGI_ISLETMECISI": "FORM ELEKTRİK İNŞAAT MÜHENDİSLİK ANONİM ŞİRKETİ", "YESIL_SARJ_ISTASYONU_MU": "", "ADRES": "İlkbahar Mahallesi  No:19B  Güneypark Kmev. Çankaya / ANKARA", "SOKET_NO": "SKT/30680", "SOKET_TIPI": "AC", "SOKET_TURU": "AC_TYPE2", "SOKET_GUCU_KW": "22" }, "geometry": { "type": "Point", "coordinates": [ 32.855187, 39.847698 ] } },
{ "type": "Feature", "properties": { "ID": 23451.0, "SIRA_NO": 130.0, "ISTASYON_NO": "ŞRJ/10118", "ISTASYON_ADI": "SİNPAŞ ALTINORAN 29.BLOK KARŞISI", "HIZMET_SEKLI": "OZEL", "MARKA": "EPSIS", "MARKAADI": "Epsis", "SARJ_AGI_ISLETMECISI": "FORM ELEKTRİK İNŞAAT MÜHENDİSLİK ANONİM ŞİRKETİ", "YESIL_SARJ_ISTASYONU_MU": "", "ADRES": "İlkbahar Mahallesi  No:54  Güneypark Kmev Çankaya / ANKARA", "SOKET_NO": "SKT/30684", "SOKET_TIPI": "AC", "SOKET_TURU": "AC_TYPE2", "SOKET_GUCU_KW": "22" }, "geometry": { "type": "Point", "coordinates": [ 32.856762, 39.847213 ] } },
{ "type": "Feature", "properties": { "ID": 23453.0, "SIRA_NO": 131.0, "ISTASYON_NO": "ŞRJ/10120", "ISTASYON_ADI": "SİNPAŞ MARİNA", "HIZMET_SEKLI": "OZEL", "MARKA": "EPSIS", "MARKAADI": "Epsis", "SARJ_AGI_ISLETMECISI": "FORM ELEKTRİK İNŞAAT MÜHENDİSLİK ANONİM ŞİRKETİ", "YESIL_SARJ_ISTASYONU_MU": "", "ADRES": "İlkbahar Mah. Mahallesi  No:72  Güneypark Kmev. Çankaya / ANKARA", "SOKET_NO": "SKT/30682", "SOKET_TIPI": "AC", "SOKET_TURU": "AC_TYPE2", "SOKET_GUCU_KW": "22" }, "geometry": { "type": "Point", "coordinates": [ 32.852223, 39.844058 ] } },
{ "type": "Feature", "properties": { "ID": 23455.0, "SIRA_NO": 132.0, "ISTASYON_NO": "ŞRJ/11073", "ISTASYON_ADI": "ANKA MEYDAN 2", "HIZMET_SEKLI": "OZEL", "MARKA": "EPSIS", "MARKAADI": "Epsis", "SARJ_AGI_ISLETMECISI": "FORM ELEKTRİK İNŞAAT MÜHENDİSLİK ANONİM ŞİRKETİ", "YESIL_SARJ_ISTASYONU_MU": "", "ADRES": "Yaşamkent Mahallesi 3284 Sokağı  No:2 Çankaya / ANKARA", "SOKET_NO": "SKT/30686", "SOKET_TIPI": "DC", "SOKET_TURU": "DC_CCS", "SOKET_GUCU_KW": "30" }, "geometry": { "type": "Point", "coordinates": [ 32.636219, 39.858081 ] } },
{ "type": "Feature", "properties": { "ID": 23459.0, "SIRA_NO": 134.0, "ISTASYON_NO": "ŞRJ/12845", "ISTASYON_ADI": "ALLORA BEYTEPE SİTESİ A/BLOK", "HIZMET_SEKLI": "OZEL", "MARKA": "EPSIS", "MARKAADI": "Epsis", "SARJ_AGI_ISLETMECISI": "FORM ELEKTRİK İNŞAAT MÜHENDİSLİK ANONİM ŞİRKETİ", "YESIL_SARJ_ISTASYONU_MU": "", "ADRES": "Beytepe Mahallesi Kanuni Sultan Süleyman Sokağı  No:63 / A Çankaya / ANKARA", "SOKET_NO": "SKT/33141", "SOKET_TIPI": "AC", "SOKET_TURU": "AC_TYPE2", "SOKET_GUCU_KW": "18" }, "geometry": { "type": "Point", "coordinates": [ 32.7123, 39.8646 ] } },
{ "type": "Feature", "properties": { "ID": 19632.0, "SIRA_NO": 118.0, "ISTASYON_NO": "ŞRJ/14174", "ISTASYON_ADI": "Carrefoursa, Mutlukent, Ankara", "HIZMET_SEKLI": "HALKA_ACIK", "MARKA": "eşarj", "MARKAADI": "Eşarj", "SARJ_AGI_ISLETMECISI": "EŞARJ ELEKTRİKLİ ARAÇLAR ŞARJ SİSTEMLERİ ANONİM ŞİRKETİ", "YESIL_SARJ_ISTASYONU_MU": "Evet", "ADRES": "Mutlukent Mahallesi 1960. Caddesi  No:19/1 D:1A Çankaya / ANKARA", "SOKET_NO": "SKT/37246", "SOKET_TIPI": "DC", "SOKET_TURU": "DC_CCS", "SOKET_GUCU_KW": "30" }, "geometry": { "type": "Point", "coordinates": [ 32.708438, 39.896539 ] } },
{ "type": "Feature", "properties": { "ID": 19772.0, "SIRA_NO": 169.0, "ISTASYON_NO": "ŞRJ/10158", "ISTASYON_ADI": "Bilkent Cyberpark, Ankara", "HIZMET_SEKLI": "HALKA_ACIK", "MARKA": "eşarj", "MARKAADI": "Eşarj", "SARJ_AGI_ISLETMECISI": "EŞARJ ELEKTRİKLİ ARAÇLAR ŞARJ SİSTEMLERİ ANONİM ŞİRKETİ", "YESIL_SARJ_ISTASYONU_MU": "Evet", "ADRES": "Üniversiteler Mahallesi 1606. Caddesi  No:11 Çankaya / ANKARA", "SOKET_NO": "SKT/24509", "SOKET_TIPI": "AC", "SOKET_TURU": "AC_TYPE2", "SOKET_GUCU_KW": "22" }, "geometry": { "type": "Point", "coordinates": [ 32.745754, 39.86954 ] } },
{ "type": "Feature", "properties": { "ID": 19773.0, "SIRA_NO": 169.0, "ISTASYON_NO": "ŞRJ/10158", "ISTASYON_ADI": "Bilkent Cyberpark, Ankara", "HIZMET_SEKLI": "HALKA_ACIK", "MARKA": "eşarj", "MARKAADI": "Eşarj", "SARJ_AGI_ISLETMECISI": "EŞARJ ELEKTRİKLİ ARAÇLAR ŞARJ SİSTEMLERİ ANONİM ŞİRKETİ", "YESIL_SARJ_ISTASYONU_MU": "Evet", "ADRES": "Üniversiteler Mahallesi 1606. Caddesi  No:11 Çankaya / ANKARA", "SOKET_NO": "SKT/25296", "SOKET_TIPI": "DC", "SOKET_TURU": "DC_CCS", "SOKET_GUCU_KW": "180" }, "geometry": { "type": "Point", "coordinates": [ 32.745754, 39.86954 ] } },
{ "type": "Feature", "properties": { "ID": 19875.0, "SIRA_NO": 206.0, "ISTASYON_NO": "ŞRJ/15892", "ISTASYON_ADI": "Bilkent Center, Ankara", "HIZMET_SEKLI": "HALKA_ACIK", "MARKA": "eşarj", "MARKAADI": "Eşarj", "SARJ_AGI_ISLETMECISI": "EŞARJ ELEKTRİKLİ ARAÇLAR ŞARJ SİSTEMLERİ ANONİM ŞİRKETİ", "YESIL_SARJ_ISTASYONU_MU": "Evet", "ADRES": "Üniversiteler Mahallesi 1597 Sokağı  No:3 Çankaya / ANKARA", "SOKET_NO": "SKT/42646", "SOKET_TIPI": "AC", "SOKET_TURU": "AC_TYPE2", "SOKET_GUCU_KW": "22" }, "geometry": { "type": "Point", "coordinates": [ 32.757549, 39.883251 ] } },
{ "type": "Feature", "properties": { "ID": 23383.0, "SIRA_NO": 96.0, "ISTASYON_NO": "ŞRJ/8026", "ISTASYON_ADI": "TEONA ÜMİTKÖY SİTESİ/D BLOK", "HIZMET_SEKLI": "OZEL", "MARKA": "EPSIS", "MARKAADI": "Epsis", "SARJ_AGI_ISLETMECISI": "FORM ELEKTRİK İNŞAAT MÜHENDİSLİK ANONİM ŞİRKETİ", "YESIL_SARJ_ISTASYONU_MU": "", "ADRES": "Ümit Mahallesi 2547 Sokağı  No:3/A Çankaya / ANKARA", "SOKET_NO": "SKT/18315", "SOKET_TIPI": "AC", "SOKET_TURU": "AC_TYPE2", "SOKET_GUCU_KW": "18" }, "geometry": { "type": "Point", "coordinates": [ 32.698081, 39.891114 ] } },
{ "type": "Feature", "properties": { "ID": 23385.0, "SIRA_NO": 97.0, "ISTASYON_NO": "ŞRJ/8027", "ISTASYON_ADI": "TUNA PANORAMA", "HIZMET_SEKLI": "OZEL", "MARKA": "EPSIS", "MARKAADI": "Epsis", "SARJ_AGI_ISLETMECISI": "FORM ELEKTRİK İNŞAAT MÜHENDİSLİK ANONİM ŞİRKETİ", "YESIL_SARJ_ISTASYONU_MU": "", "ADRES": "Akpınar Mahallesi 820 Sokağı  No:1/A Çankaya / ANKARA", "SOKET_NO": "SKT/18317", "SOKET_TIPI": "AC", "SOKET_TURU": "AC_TYPE2", "SOKET_GUCU_KW": "18" }, "geometry": { "type": "Point", "coordinates": [ 32.810463, 39.855307 ] } },
{ "type": "Feature", "properties": { "ID": 20202.0, "SIRA_NO": 360.0, "ISTASYON_NO": "ŞRJ/8644", "ISTASYON_ADI": "Çağdaş Market Kırkkonaklar Şubesi", "HIZMET_SEKLI": "HALKA_ACIK", "MARKA": "ERC SİSTEM", "MARKAADI": "Erc Sistem", "SARJ_AGI_ISLETMECISI": "ERC SİSTEM ELEKTRİK MAKİNA İMALAT TAAHHÜT SANAYİ  VE TİCARET ANONİM ŞİRKETİ", "YESIL_SARJ_ISTASYONU_MU": "", "ADRES": "Kırkkonaklar Mahallesi 316 Caddesi  No:8 Çankaya / ANKARA", "SOKET_NO": "SKT/19903", "SOKET_TIPI": "AC", "SOKET_TURU": "AC_TYPE2", "SOKET_GUCU_KW": "22" }, "geometry": { "type": "Point", "coordinates": [ 32.886736, 39.88612 ] } },
{ "type": "Feature", "properties": { "ID": 23515.0, "SIRA_NO": 161.0, "ISTASYON_NO": "ŞRJ/5724", "ISTASYON_ADI": "TEONA ÜMİTKÖY SİTESİ B/BLOK", "HIZMET_SEKLI": "OZEL", "MARKA": "EPSIS", "MARKAADI": "Epsis", "SARJ_AGI_ISLETMECISI": "FORM ELEKTRİK İNŞAAT MÜHENDİSLİK ANONİM ŞİRKETİ", "YESIL_SARJ_ISTASYONU_MU": "", "ADRES": "Ümit Mahallesi 2555 Sokağı  No:1/B Çankaya / ANKARA", "SOKET_NO": "SKT/32416", "SOKET_TIPI": "AC", "SOKET_TURU": "AC_TYPE2", "SOKET_GUCU_KW": "18" }, "geometry": { "type": "Point", "coordinates": [ 32.696383, 39.891711 ] } },
{ "type": "Feature", "properties": { "ID": 23520.0, "SIRA_NO": 163.0, "ISTASYON_NO": "ŞRJ/2868", "ISTASYON_ADI": "ANKA CADDE", "HIZMET_SEKLI": "HALKA_ACIK", "MARKA": "EPSIS", "MARKAADI": "Epsis", "SARJ_AGI_ISLETMECISI": "FORM ELEKTRİK İNŞAAT MÜHENDİSLİK ANONİM ŞİRKETİ", "YESIL_SARJ_ISTASYONU_MU": "", "ADRES": "Yaşamkent Mahallesi 3256 Sokağı Çankaya / ANKARA", "SOKET_NO": "SKT/21477", "SOKET_TIPI": "DC", "SOKET_TURU": "DC_CCS", "SOKET_GUCU_KW": "30" }, "geometry": { "type": "Point", "coordinates": [ 32.636229, 39.857979 ] } },
{ "type": "Feature", "properties": { "ID": 23519.0, "SIRA_NO": 163.0, "ISTASYON_NO": "ŞRJ/2868", "ISTASYON_ADI": "ANKA CADDE", "HIZMET_SEKLI": "HALKA_ACIK", "MARKA": "EPSIS", "MARKAADI": "Epsis", "SARJ_AGI_ISLETMECISI": "FORM ELEKTRİK İNŞAAT MÜHENDİSLİK ANONİM ŞİRKETİ", "YESIL_SARJ_ISTASYONU_MU": "", "ADRES": "Yaşamkent Mahallesi 3256 Sokağı Çankaya / ANKARA", "SOKET_NO": "SKT/5553", "SOKET_TIPI": "AC", "SOKET_TURU": "AC_TYPE2", "SOKET_GUCU_KW": "18" }, "geometry": { "type": "Point", "coordinates": [ 32.636229, 39.857979 ] } },
{ "type": "Feature", "properties": { "ID": 23528.0, "SIRA_NO": 169.0, "ISTASYON_NO": "ŞRJ/5156", "ISTASYON_ADI": "HİLL TOWERS", "HIZMET_SEKLI": "HALKA_ACIK", "MARKA": "EPSIS", "MARKAADI": "Epsis", "SARJ_AGI_ISLETMECISI": "FORM ELEKTRİK İNŞAAT MÜHENDİSLİK ANONİM ŞİRKETİ", "YESIL_SARJ_ISTASYONU_MU": "", "ADRES": "Akpınar Mahallesi 845 Sokağı  No:4/B Çankaya / ANKARA", "SOKET_NO": "SKT/11009", "SOKET_TIPI": "AC", "SOKET_TURU": "AC_TYPE2", "SOKET_GUCU_KW": "18" }, "geometry": { "type": "Point", "coordinates": [ 32.812009, 39.860647 ] } },
{ "type": "Feature", "properties": { "ID": 20160.0, "SIRA_NO": 335.0, "ISTASYON_NO": "ŞRJ/6464", "ISTASYON_ADI": "Çağdaş Market İlker-1 Şubesi", "HIZMET_SEKLI": "HALKA_ACIK", "MARKA": "ERC SİSTEM", "MARKAADI": "Erc Sistem", "SARJ_AGI_ISLETMECISI": "ERC SİSTEM ELEKTRİK MAKİNA İMALAT TAAHHÜT SANAYİ  VE TİCARET ANONİM ŞİRKETİ", "YESIL_SARJ_ISTASYONU_MU": "", "ADRES": "Naci Çakır Mahallesi Dikmen Caddesi  No:271 Çankaya / ANKARA", "SOKET_NO": "SKT/14147", "SOKET_TIPI": "AC", "SOKET_TURU": "AC_TYPE2", "SOKET_GUCU_KW": "22" }, "geometry": { "type": "Point", "coordinates": [ 32.837592, 39.877756 ] } },
{ "type": "Feature", "properties": { "ID": 20162.0, "SIRA_NO": 336.0, "ISTASYON_NO": "ŞRJ/6465", "ISTASYON_ADI": "Çağdaş Market Atabilge Şubesi", "HIZMET_SEKLI": "HALKA_ACIK", "MARKA": "ERC SİSTEM", "MARKAADI": "Erc Sistem", "SARJ_AGI_ISLETMECISI": "ERC SİSTEM ELEKTRİK MAKİNA İMALAT TAAHHÜT SANAYİ  VE TİCARET ANONİM ŞİRKETİ", "YESIL_SARJ_ISTASYONU_MU": "", "ADRES": "Alacaatlı Mahallesi 3346 Caddesi Çankaya / ANKARA", "SOKET_NO": "SKT/14149", "SOKET_TIPI": "AC", "SOKET_TURU": "AC_TYPE2", "SOKET_GUCU_KW": "22" }, "geometry": { "type": "Point", "coordinates": [ 32.698618, 39.831956 ] } },
{ "type": "Feature", "properties": { "ID": 20164.0, "SIRA_NO": 337.0, "ISTASYON_NO": "ŞRJ/6476", "ISTASYON_ADI": "Çağdaş Market Yukarı Öveçler-6 Şubesi", "HIZMET_SEKLI": "HALKA_ACIK", "MARKA": "ERC SİSTEM", "MARKAADI": "Erc Sistem", "SARJ_AGI_ISLETMECISI": "ERC SİSTEM ELEKTRİK MAKİNA İMALAT TAAHHÜT SANAYİ  VE TİCARET ANONİM ŞİRKETİ", "YESIL_SARJ_ISTASYONU_MU": "", "ADRES": "Yukarı Öveçler Mahallesi 1066 Caddesi  No:20/A Çankaya / ANKARA", "SOKET_NO": "SKT/14171", "SOKET_TIPI": "AC", "SOKET_TURU": "AC_TYPE2", "SOKET_GUCU_KW": "22" }, "geometry": { "type": "Point", "coordinates": [ 32.823111, 39.883374 ] } },
{ "type": "Feature", "properties": { "ID": 23582.0, "SIRA_NO": 196.0, "ISTASYON_NO": "ŞRJ/15529", "ISTASYON_ADI": "344 MEHMET USTA", "HIZMET_SEKLI": "HALKA_ACIK", "MARKA": "EPSIS", "MARKAADI": "Epsis", "SARJ_AGI_ISLETMECISI": "FORM ELEKTRİK İNŞAAT MÜHENDİSLİK ANONİM ŞİRKETİ", "YESIL_SARJ_ISTASYONU_MU": "", "ADRES": "Alacaatlı Mahallesi 5084 Caddesi  No:37 Çankaya / ANKARA", "SOKET_NO": "SKT/41477", "SOKET_TIPI": "DC", "SOKET_TURU": "DC_CCS", "SOKET_GUCU_KW": "80" }, "geometry": { "type": "Point", "coordinates": [ 32.647837, 39.853425 ] } },
{ "type": "Feature", "properties": { "ID": 23584.0, "SIRA_NO": 197.0, "ISTASYON_NO": "ŞRJ/3102", "ISTASYON_ADI": "HORİZON LİFE A / BLOK", "HIZMET_SEKLI": "OZEL", "MARKA": "EPSIS", "MARKAADI": "Epsis", "SARJ_AGI_ISLETMECISI": "FORM ELEKTRİK İNŞAAT MÜHENDİSLİK ANONİM ŞİRKETİ", "YESIL_SARJ_ISTASYONU_MU": "", "ADRES": "Alacaatlı Mahallesi Alacaatlı Caddesi  No:1263 / A Çankaya / ANKARA", "SOKET_NO": "SKT/41479", "SOKET_TIPI": "AC", "SOKET_TURU": "AC_TYPE2", "SOKET_GUCU_KW": "18" }, "geometry": { "type": "Point", "coordinates": [ 32.698174, 39.857189 ] } },
{ "type": "Feature", "properties": { "ID": 23607.0, "SIRA_NO": 206.0, "ISTASYON_NO": "ŞRJ/16531", "ISTASYON_ADI": "LOTUS BEYTEPE AVM", "HIZMET_SEKLI": "HALKA_ACIK", "MARKA": "EPSIS", "MARKAADI": "Epsis", "SARJ_AGI_ISLETMECISI": "FORM ELEKTRİK İNŞAAT MÜHENDİSLİK ANONİM ŞİRKETİ", "YESIL_SARJ_ISTASYONU_MU": "", "ADRES": "Beytepe Mahallesi 5387 Caddesi  No:27 Çankaya / ANKARA", "SOKET_NO": "SKT/44950", "SOKET_TIPI": "DC", "SOKET_TURU": "DC_CCS", "SOKET_GUCU_KW": "80" }, "geometry": { "type": "Point", "coordinates": [ 32.71236, 39.856038 ] } },
{ "type": "Feature", "properties": { "ID": 23514.0, "SIRA_NO": 161.0, "ISTASYON_NO": "ŞRJ/5724", "ISTASYON_ADI": "TEONA ÜMİTKÖY SİTESİ B/BLOK", "HIZMET_SEKLI": "OZEL", "MARKA": "EPSIS", "MARKAADI": "Epsis", "SARJ_AGI_ISLETMECISI": "FORM ELEKTRİK İNŞAAT MÜHENDİSLİK ANONİM ŞİRKETİ", "YESIL_SARJ_ISTASYONU_MU": "", "ADRES": "Ümit Mahallesi 2555 Sokağı  No:1/B Çankaya / ANKARA", "SOKET_NO": "SKT/32415", "SOKET_TIPI": "AC", "SOKET_TURU": "AC_TYPE2", "SOKET_GUCU_KW": "18" }, "geometry": { "type": "Point", "coordinates": [ 32.696383, 39.891711 ] } },
{ "type": "Feature", "properties": { "ID": 23634.0, "SIRA_NO": 216.0, "ISTASYON_NO": "ŞRJ/10136", "ISTASYON_ADI": "ATABİLGE AKA KONUTLARI A6/BLOK", "HIZMET_SEKLI": "OZEL", "MARKA": "EPSIS", "MARKAADI": "Epsis", "SARJ_AGI_ISLETMECISI": "FORM ELEKTRİK İNŞAAT MÜHENDİSLİK ANONİM ŞİRKETİ", "YESIL_SARJ_ISTASYONU_MU": "", "ADRES": "Alacaatlı Mahallesi 4844 Sokağı  No:2 / F Çankaya / ANKARA", "SOKET_NO": "SKT/24433", "SOKET_TIPI": "AC", "SOKET_TURU": "AC_TYPE2", "SOKET_GUCU_KW": "18" }, "geometry": { "type": "Point", "coordinates": [ 32.691959, 39.832061 ] } },
{ "type": "Feature", "properties": { "ID": 23637.0, "SIRA_NO": 217.0, "ISTASYON_NO": "ŞRJ/10137", "ISTASYON_ADI": "ATABİLGE AKA KONUTLARI A7/BLOK", "HIZMET_SEKLI": "OZEL", "MARKA": "EPSIS", "MARKAADI": "Epsis", "SARJ_AGI_ISLETMECISI": "FORM ELEKTRİK İNŞAAT MÜHENDİSLİK ANONİM ŞİRKETİ", "YESIL_SARJ_ISTASYONU_MU": "", "ADRES": "Alacaatlı Mahallesi 4841 Sokağı  No:3 / A Çankaya / ANKARA", "SOKET_NO": "SKT/24438", "SOKET_TIPI": "AC", "SOKET_TURU": "AC_TYPE2", "SOKET_GUCU_KW": "18" }, "geometry": { "type": "Point", "coordinates": [ 32.697655, 39.831361 ] } },
{ "type": "Feature", "properties": { "ID": 20166.0, "SIRA_NO": 338.0, "ISTASYON_NO": "ŞRJ/6478", "ISTASYON_ADI": "Çağdaş Market Yaşamkent-3 Şubesi", "HIZMET_SEKLI": "HALKA_ACIK", "MARKA": "ERC SİSTEM", "MARKAADI": "Erc Sistem", "SARJ_AGI_ISLETMECISI": "ERC SİSTEM ELEKTRİK MAKİNA İMALAT TAAHHÜT SANAYİ  VE TİCARET ANONİM ŞİRKETİ", "YESIL_SARJ_ISTASYONU_MU": "", "ADRES": "Alacaatlı Mahallesi 3372 Caddesi  No:1 Çankaya / ANKARA", "SOKET_NO": "SKT/14175", "SOKET_TIPI": "AC", "SOKET_TURU": "AC_TYPE2", "SOKET_GUCU_KW": "22" }, "geometry": { "type": "Point", "coordinates": [ 32.698711, 39.831909 ] } },
{ "type": "Feature", "properties": { "ID": 20171.0, "SIRA_NO": 340.0, "ISTASYON_NO": "ŞRJ/2472", "ISTASYON_ADI": "Çağdaş Market Alacaatlı-1 Şubesi", "HIZMET_SEKLI": "HALKA_ACIK", "MARKA": "ERC SİSTEM", "MARKAADI": "Erc Sistem", "SARJ_AGI_ISLETMECISI": "ERC SİSTEM ELEKTRİK MAKİNA İMALAT TAAHHÜT SANAYİ  VE TİCARET ANONİM ŞİRKETİ", "YESIL_SARJ_ISTASYONU_MU": "", "ADRES": "Prof. Dr. Ahmet Taner Kışlalı Mahallesi Alacaatlı Caddesi  No:12A Çankaya / ANKARA", "SOKET_NO": "SKT/4644", "SOKET_TIPI": "AC", "SOKET_TURU": "AC_TYPE2", "SOKET_GUCU_KW": "22" }, "geometry": { "type": "Point", "coordinates": [ 32.686354, 39.870151 ] } },
{ "type": "Feature", "properties": { "ID": 23640.0, "SIRA_NO": 218.0, "ISTASYON_NO": "ŞRJ/12938", "ISTASYON_ADI": "DURU BEYTEPE A6/BLOK", "HIZMET_SEKLI": "OZEL", "MARKA": "EPSIS", "MARKAADI": "Epsis", "SARJ_AGI_ISLETMECISI": "FORM ELEKTRİK İNŞAAT MÜHENDİSLİK ANONİM ŞİRKETİ", "YESIL_SARJ_ISTASYONU_MU": "", "ADRES": "Ahlatlıbel Mahallesi Saltuk Buğra Sokağı  No:2/F Çankaya / ANKARA", "SOKET_NO": "SKT/33343", "SOKET_TIPI": "AC", "SOKET_TURU": "AC_TYPE2", "SOKET_GUCU_KW": "17" }, "geometry": { "type": "Point", "coordinates": [ 32.7305, 39.8374 ] } },
{ "type": "Feature", "properties": { "ID": 23645.0, "SIRA_NO": 219.0, "ISTASYON_NO": "ŞRJ/12939", "ISTASYON_ADI": "DURU BEYTEPE A4/BLOK", "HIZMET_SEKLI": "OZEL", "MARKA": "EPSIS", "MARKAADI": "Epsis", "SARJ_AGI_ISLETMECISI": "FORM ELEKTRİK İNŞAAT MÜHENDİSLİK ANONİM ŞİRKETİ", "YESIL_SARJ_ISTASYONU_MU": "", "ADRES": "Ahlatlıbel Mahallesi Saltuk Buğra Sokağı  No:2/J Çankaya / ANKARA", "SOKET_NO": "SKT/33347", "SOKET_TIPI": "AC", "SOKET_TURU": "AC_TYPE2", "SOKET_GUCU_KW": "17" }, "geometry": { "type": "Point", "coordinates": [ 32.7302, 39.8368 ] } },
{ "type": "Feature", "properties": { "ID": 21065.0, "SIRA_NO": 246.0, "ISTASYON_NO": "ŞRJ/14342", "ISTASYON_ADI": "BORDO MODERN", "HIZMET_SEKLI": "OZEL", "MARKA": "EVC CHARGE", "MARKAADI": "Evcil Mühendislik", "SARJ_AGI_ISLETMECISI": "EVCİL YATIRIM MÜHENDİSLİK MİMARLIK LİMİTED ŞİRKETİ", "YESIL_SARJ_ISTASYONU_MU": "", "ADRES": "Dodurga Mahallesi 4986 Sokağı  No:8 Çankaya / ANKARA", "SOKET_NO": "SKT/38165", "SOKET_TIPI": "AC", "SOKET_TURU": "AC_TYPE2", "SOKET_GUCU_KW": "22" }, "geometry": { "type": "Point", "coordinates": [ 32.650682, 39.838137 ] } },
{ "type": "Feature", "properties": { "ID": 19317.0, "SIRA_NO": 20.0, "ISTASYON_NO": "ŞRJ/10943", "ISTASYON_ADI": "Natural Yaşamkent Sitesi, Ankara", "HIZMET_SEKLI": "OZEL", "MARKA": "eşarj", "MARKAADI": "Eşarj", "SARJ_AGI_ISLETMECISI": "EŞARJ ELEKTRİKLİ ARAÇLAR ŞARJ SİSTEMLERİ ANONİM ŞİRKETİ", "YESIL_SARJ_ISTASYONU_MU": "Evet", "ADRES": "Alacaatlı Mahallesi 5088 Sokağı  No:1 Çankaya / ANKARA", "SOKET_NO": "SKT/26835", "SOKET_TIPI": "AC", "SOKET_TURU": "AC_TYPE2", "SOKET_GUCU_KW": "22" }, "geometry": { "type": "Point", "coordinates": [ 32.648306, 39.835936 ] } },
{ "type": "Feature", "properties": { "ID": 23465.0, "SIRA_NO": 136.0, "ISTASYON_NO": "ŞRJ/12976", "ISTASYON_ADI": "SİNPAŞ BOULEVARD B1/BLOK", "HIZMET_SEKLI": "OZEL", "MARKA": "EPSIS", "MARKAADI": "Epsis", "SARJ_AGI_ISLETMECISI": "FORM ELEKTRİK İNŞAAT MÜHENDİSLİK ANONİM ŞİRKETİ", "YESIL_SARJ_ISTASYONU_MU": "", "ADRES": "İlkbahar Mahallesi Güneypark Kmev. Sokağı  No:72-C Çankaya / ANKARA", "SOKET_NO": "SKT/33444", "SOKET_TIPI": "AC", "SOKET_TURU": "AC_TYPE2", "SOKET_GUCU_KW": "22" }, "geometry": { "type": "Point", "coordinates": [ 32.8528, 39.8451 ] } },
{ "type": "Feature", "properties": { "ID": 23468.0, "SIRA_NO": 137.0, "ISTASYON_NO": "ŞRJ/12977", "ISTASYON_ADI": "SİNPAŞ BOULEVARD C1/BLOK", "HIZMET_SEKLI": "OZEL", "MARKA": "EPSIS", "MARKAADI": "Epsis", "SARJ_AGI_ISLETMECISI": "FORM ELEKTRİK İNŞAAT MÜHENDİSLİK ANONİM ŞİRKETİ", "YESIL_SARJ_ISTASYONU_MU": "", "ADRES": "İlkbahar Mahallesi Güneypark Kmev. Sokağı  No:72-F Çankaya / ANKARA", "SOKET_NO": "SKT/33447", "SOKET_TIPI": "AC", "SOKET_TURU": "AC_TYPE2", "SOKET_GUCU_KW": "22" }, "geometry": { "type": "Point", "coordinates": [ 32.8533, 39.8452 ] } },
{ "type": "Feature", "properties": { "ID": 23488.0, "SIRA_NO": 149.0, "ISTASYON_NO": "ŞRJ/10705", "ISTASYON_ADI": "SİNPAŞ ALTINORAN 5. BLOK KARŞISI", "HIZMET_SEKLI": "OZEL", "MARKA": "EPSIS", "MARKAADI": "Epsis", "SARJ_AGI_ISLETMECISI": "FORM ELEKTRİK İNŞAAT MÜHENDİSLİK ANONİM ŞİRKETİ", "YESIL_SARJ_ISTASYONU_MU": "", "ADRES": "İlkbahar Mah Mahallesi Güneypark Kmev Caddesi  No:54/1 Çankaya / ANKARA", "SOKET_NO": "SKT/30689", "SOKET_TIPI": "AC", "SOKET_TURU": "AC_TYPE2", "SOKET_GUCU_KW": "22" }, "geometry": { "type": "Point", "coordinates": [ 32.854523, 39.84815 ] } },
{ "type": "Feature", "properties": { "ID": 23529.0, "SIRA_NO": 169.0, "ISTASYON_NO": "ŞRJ/5156", "ISTASYON_ADI": "HİLL TOWERS", "HIZMET_SEKLI": "HALKA_ACIK", "MARKA": "EPSIS", "MARKAADI": "Epsis", "SARJ_AGI_ISLETMECISI": "FORM ELEKTRİK İNŞAAT MÜHENDİSLİK ANONİM ŞİRKETİ", "YESIL_SARJ_ISTASYONU_MU": "", "ADRES": "Akpınar Mahallesi 845 Sokağı  No:4/B Çankaya / ANKARA", "SOKET_NO": "SKT/39140", "SOKET_TIPI": "DC", "SOKET_TURU": "DC_CCS", "SOKET_GUCU_KW": "30" }, "geometry": { "type": "Point", "coordinates": [ 32.812009, 39.860647 ] } },
{ "type": "Feature", "properties": { "ID": 23588.0, "SIRA_NO": 198.0, "ISTASYON_NO": "ŞRJ/3103", "ISTASYON_ADI": "HORİZON LİFE B / BLOK", "HIZMET_SEKLI": "OZEL", "MARKA": "EPSIS", "MARKAADI": "Epsis", "SARJ_AGI_ISLETMECISI": "FORM ELEKTRİK İNŞAAT MÜHENDİSLİK ANONİM ŞİRKETİ", "YESIL_SARJ_ISTASYONU_MU": "", "ADRES": "Alacaatlı Mahallesi Alacaatlı Caddesi  No:1263/B Çankaya / ANKARA", "SOKET_NO": "SKT/41483", "SOKET_TIPI": "AC", "SOKET_TURU": "AC_TYPE2", "SOKET_GUCU_KW": "18" }, "geometry": { "type": "Point", "coordinates": [ 32.697124, 39.856682 ] } },
{ "type": "Feature", "properties": { "ID": 23620.0, "SIRA_NO": 211.0, "ISTASYON_NO": "ŞRJ/10131", "ISTASYON_ADI": "ATABİLGE AKA KONUTLARI A1/BLOK", "HIZMET_SEKLI": "OZEL", "MARKA": "EPSIS", "MARKAADI": "Epsis", "SARJ_AGI_ISLETMECISI": "FORM ELEKTRİK İNŞAAT MÜHENDİSLİK ANONİM ŞİRKETİ", "YESIL_SARJ_ISTASYONU_MU": "", "ADRES": "Alacaatlı Mahallesi 4841 Sokağı  No:3/A Çankaya / ANKARA", "SOKET_NO": "SKT/24419", "SOKET_TIPI": "AC", "SOKET_TURU": "AC_TYPE2", "SOKET_GUCU_KW": "18" }, "geometry": { "type": "Point", "coordinates": [ 32.696573, 39.829679 ] } },
{ "type": "Feature", "properties": { "ID": 23467.0, "SIRA_NO": 137.0, "ISTASYON_NO": "ŞRJ/12977", "ISTASYON_ADI": "SİNPAŞ BOULEVARD C1/BLOK", "HIZMET_SEKLI": "OZEL", "MARKA": "EPSIS", "MARKAADI": "Epsis", "SARJ_AGI_ISLETMECISI": "FORM ELEKTRİK İNŞAAT MÜHENDİSLİK ANONİM ŞİRKETİ", "YESIL_SARJ_ISTASYONU_MU": "", "ADRES": "İlkbahar Mahallesi Güneypark Kmev. Sokağı  No:72-F Çankaya / ANKARA", "SOKET_NO": "SKT/33446", "SOKET_TIPI": "AC", "SOKET_TURU": "AC_TYPE2", "SOKET_GUCU_KW": "22" }, "geometry": { "type": "Point", "coordinates": [ 32.8533, 39.8452 ] } },
{ "type": "Feature", "properties": { "ID": 20178.0, "SIRA_NO": 344.0, "ISTASYON_NO": "ŞRJ/8643", "ISTASYON_ADI": "Çağdaş Market Yıldız-3 Şubesi", "HIZMET_SEKLI": "HALKA_ACIK", "MARKA": "ERC SİSTEM", "MARKAADI": "Erc Sistem", "SARJ_AGI_ISLETMECISI": "ERC SİSTEM ELEKTRİK MAKİNA İMALAT TAAHHÜT SANAYİ  VE TİCARET ANONİM ŞİRKETİ", "YESIL_SARJ_ISTASYONU_MU": "", "ADRES": "Yıldızevler Mahallesi 714 Sokağı  No:34/A Çankaya / ANKARA", "SOKET_NO": "SKT/19902", "SOKET_TIPI": "AC", "SOKET_TURU": "AC_TYPE2", "SOKET_GUCU_KW": "22" }, "geometry": { "type": "Point", "coordinates": [ 32.862741, 39.87783 ] } },
{ "type": "Feature", "properties": { "ID": 20183.0, "SIRA_NO": 348.0, "ISTASYON_NO": "ŞRJ/8636", "ISTASYON_ADI": "Çağdaş Market 100. Yıl Şubesi", "HIZMET_SEKLI": "HALKA_ACIK", "MARKA": "ERC SİSTEM", "MARKAADI": "Erc Sistem", "SARJ_AGI_ISLETMECISI": "ERC SİSTEM ELEKTRİK MAKİNA İMALAT TAAHHÜT SANAYİ  VE TİCARET ANONİM ŞİRKETİ", "YESIL_SARJ_ISTASYONU_MU": "", "ADRES": "İşçi Blokları Mahallesi 1516 Caddesi  No:39 Çankaya / ANKARA", "SOKET_NO": "SKT/19894", "SOKET_TIPI": "AC", "SOKET_TURU": "AC_TYPE2", "SOKET_GUCU_KW": "22" }, "geometry": { "type": "Point", "coordinates": [ 32.799012, 39.892594 ] } },
{ "type": "Feature", "properties": { "ID": 20185.0, "SIRA_NO": 350.0, "ISTASYON_NO": "ŞRJ/8550", "ISTASYON_ADI": "Çağdaş Market Ümitköy Şubesi", "HIZMET_SEKLI": "HALKA_ACIK", "MARKA": "ERC SİSTEM", "MARKAADI": "Erc Sistem", "SARJ_AGI_ISLETMECISI": "ERC SİSTEM ELEKTRİK MAKİNA İMALAT TAAHHÜT SANAYİ  VE TİCARET ANONİM ŞİRKETİ", "YESIL_SARJ_ISTASYONU_MU": "", "ADRES": "Ümit Mahallesi 2432 Sokağı  No:36/1-2-3 Çankaya / ANKARA", "SOKET_NO": "SKT/19628", "SOKET_TIPI": "AC", "SOKET_TURU": "AC_TYPE2", "SOKET_GUCU_KW": "22" }, "geometry": { "type": "Point", "coordinates": [ 32.706003, 39.899288 ] } },
{ "type": "Feature", "properties": { "ID": 20189.0, "SIRA_NO": 352.0, "ISTASYON_NO": "ŞRJ/8414", "ISTASYON_ADI": "Çağdaş Market İlker-2 Şubesi", "HIZMET_SEKLI": "HALKA_ACIK", "MARKA": "ERC SİSTEM", "MARKAADI": "Erc Sistem", "SARJ_AGI_ISLETMECISI": "ERC SİSTEM ELEKTRİK MAKİNA İMALAT TAAHHÜT SANAYİ  VE TİCARET ANONİM ŞİRKETİ", "YESIL_SARJ_ISTASYONU_MU": "", "ADRES": "İlker Mahallesi İlker Sokağı  No:165 Çankaya / ANKARA", "SOKET_NO": "SKT/19302", "SOKET_TIPI": "AC", "SOKET_TURU": "AC_TYPE2", "SOKET_GUCU_KW": "22" }, "geometry": { "type": "Point", "coordinates": [ 32.836463, 39.863267 ] } },
{ "type": "Feature", "properties": { "ID": 21132.0, "SIRA_NO": 262.0, "ISTASYON_NO": "ŞRJ/9650", "ISTASYON_ADI": "Ahmet Hamdi Akseki Cami", "HIZMET_SEKLI": "HALKA_ACIK", "MARKA": "AUTOŞARJ", "MARKAADI": "Autoşarj", "SARJ_AGI_ISLETMECISI": "SOLARPARK DANIŞMANLIK TURİZM MÜHENDİSLİK ENERJİ ÜRETİM İNŞAAT İTHALAT İHRACAT SANAYİ VE TİCARET LİMİTED ŞİRKETİ", "YESIL_SARJ_ISTASYONU_MU": "", "ADRES": "Üniversiteler Mahallesi Çankaya / ANKARA", "SOKET_NO": "SKT/23034", "SOKET_TIPI": "DC", "SOKET_TURU": "DC_CCS", "SOKET_GUCU_KW": "200" }, "geometry": { "type": "Point", "coordinates": [ 32.763358, 39.905979 ] } },
{ "type": "Feature", "properties": { "ID": 23624.0, "SIRA_NO": 212.0, "ISTASYON_NO": "ŞRJ/10132", "ISTASYON_ADI": "ATABİLGE AKA KONUTLARI A2/BLOK", "HIZMET_SEKLI": "OZEL", "MARKA": "EPSIS", "MARKAADI": "Epsis", "SARJ_AGI_ISLETMECISI": "FORM ELEKTRİK İNŞAAT MÜHENDİSLİK ANONİM ŞİRKETİ", "YESIL_SARJ_ISTASYONU_MU": "", "ADRES": "Alacaatlı Mahallesi 4841 Sokağı  No:3/B Çankaya / ANKARA", "SOKET_NO": "SKT/24423", "SOKET_TIPI": "AC", "SOKET_TURU": "AC_TYPE2", "SOKET_GUCU_KW": "18" }, "geometry": { "type": "Point", "coordinates": [ 32.692629, 39.83136 ] } },
{ "type": "Feature", "properties": { "ID": 21020.0, "SIRA_NO": 231.0, "ISTASYON_NO": "ŞRJ/3730", "ISTASYON_ADI": "ÖZÇELİK-PELİT İŞ MERKEZİ", "HIZMET_SEKLI": "HALKA_ACIK", "MARKA": "EVC CHARGE", "MARKAADI": "Evcil Mühendislik", "SARJ_AGI_ISLETMECISI": "EVCİL YATIRIM MÜHENDİSLİK MİMARLIK LİMİTED ŞİRKETİ", "YESIL_SARJ_ISTASYONU_MU": "", "ADRES": "Prof.dr. Ahmet Taner Kışlalı Mahallesi  No:94 Çankaya / ANKARA", "SOKET_NO": "SKT/7520", "SOKET_TIPI": "AC", "SOKET_TURU": "AC_TYPE2", "SOKET_GUCU_KW": "22" }, "geometry": { "type": "Point", "coordinates": [ 32.685916, 39.869258 ] } },
{ "type": "Feature", "properties": { "ID": 23727.0, "SIRA_NO": 243.0, "ISTASYON_NO": "ŞRJ/3586", "ISTASYON_ADI": "SİNPAŞ EGE VADİSİ", "HIZMET_SEKLI": "OZEL", "MARKA": "ESTASYON", "MARKAADI": "Estasyon", "SARJ_AGI_ISLETMECISI": "İSTASYON ŞARJ HİZMETLERİ ANONİM ŞİRKETİ", "YESIL_SARJ_ISTASYONU_MU": "", "ADRES": "Yukarı Dikmen Mahallesi 648 Sokağı  No:20 ( Ada: - , Pafta: - , Parsel: - )", "SOKET_NO": "SKT/7191", "SOKET_TIPI": "AC", "SOKET_TURU": "AC_TYPE2", "SOKET_GUCU_KW": "22" }, "geometry": { "type": "Point", "coordinates": [ 32.84374, 39.856258 ] } },
{ "type": "Feature", "properties": { "ID": 20195.0, "SIRA_NO": 356.0, "ISTASYON_NO": "ŞRJ/8325", "ISTASYON_ADI": "Çağdaş Market Mutlukent Şubesi", "HIZMET_SEKLI": "HALKA_ACIK", "MARKA": "ERC SİSTEM", "MARKAADI": "Erc Sistem", "SARJ_AGI_ISLETMECISI": "ERC SİSTEM ELEKTRİK MAKİNA İMALAT TAAHHÜT SANAYİ  VE TİCARET ANONİM ŞİRKETİ", "YESIL_SARJ_ISTASYONU_MU": "", "ADRES": "Mutlukent Mahallesi 2015 Sokağı  No:4/A Çankaya / ANKARA", "SOKET_NO": "SKT/19099", "SOKET_TIPI": "AC", "SOKET_TURU": "AC_TYPE2", "SOKET_GUCU_KW": "22" }, "geometry": { "type": "Point", "coordinates": [ 32.716436, 39.886631 ] } },
{ "type": "Feature", "properties": { "ID": 19876.0, "SIRA_NO": 206.0, "ISTASYON_NO": "ŞRJ/15892", "ISTASYON_ADI": "Bilkent Center, Ankara", "HIZMET_SEKLI": "HALKA_ACIK", "MARKA": "eşarj", "MARKAADI": "Eşarj", "SARJ_AGI_ISLETMECISI": "EŞARJ ELEKTRİKLİ ARAÇLAR ŞARJ SİSTEMLERİ ANONİM ŞİRKETİ", "YESIL_SARJ_ISTASYONU_MU": "Evet", "ADRES": "Üniversiteler Mahallesi 1597 Sokağı  No:3 Çankaya / ANKARA", "SOKET_NO": "SKT/42647", "SOKET_TIPI": "AC", "SOKET_TURU": "AC_TYPE2", "SOKET_GUCU_KW": "22" }, "geometry": { "type": "Point", "coordinates": [ 32.757549, 39.883251 ] } },
{ "type": "Feature", "properties": { "ID": 21133.0, "SIRA_NO": 262.0, "ISTASYON_NO": "ŞRJ/9650", "ISTASYON_ADI": "Ahmet Hamdi Akseki Cami", "HIZMET_SEKLI": "HALKA_ACIK", "MARKA": "AUTOŞARJ", "MARKAADI": "Autoşarj", "SARJ_AGI_ISLETMECISI": "SOLARPARK DANIŞMANLIK TURİZM MÜHENDİSLİK ENERJİ ÜRETİM İNŞAAT İTHALAT İHRACAT SANAYİ VE TİCARET LİMİTED ŞİRKETİ", "YESIL_SARJ_ISTASYONU_MU": "", "ADRES": "Üniversiteler Mahallesi Çankaya / ANKARA", "SOKET_NO": "SKT/23035", "SOKET_TIPI": "DC", "SOKET_TURU": "DC_CCS", "SOKET_GUCU_KW": "200" }, "geometry": { "type": "Point", "coordinates": [ 32.763358, 39.905979 ] } },
{ "type": "Feature", "properties": { "ID": 23384.0, "SIRA_NO": 96.0, "ISTASYON_NO": "ŞRJ/8026", "ISTASYON_ADI": "TEONA ÜMİTKÖY SİTESİ/D BLOK", "HIZMET_SEKLI": "OZEL", "MARKA": "EPSIS", "MARKAADI": "Epsis", "SARJ_AGI_ISLETMECISI": "FORM ELEKTRİK İNŞAAT MÜHENDİSLİK ANONİM ŞİRKETİ", "YESIL_SARJ_ISTASYONU_MU": "", "ADRES": "Ümit Mahallesi 2547 Sokağı  No:3/A Çankaya / ANKARA", "SOKET_NO": "SKT/18316", "SOKET_TIPI": "AC", "SOKET_TURU": "AC_TYPE2", "SOKET_GUCU_KW": "18" }, "geometry": { "type": "Point", "coordinates": [ 32.698081, 39.891114 ] } },
{ "type": "Feature", "properties": { "ID": 23386.0, "SIRA_NO": 97.0, "ISTASYON_NO": "ŞRJ/8027", "ISTASYON_ADI": "TUNA PANORAMA", "HIZMET_SEKLI": "OZEL", "MARKA": "EPSIS", "MARKAADI": "Epsis", "SARJ_AGI_ISLETMECISI": "FORM ELEKTRİK İNŞAAT MÜHENDİSLİK ANONİM ŞİRKETİ", "YESIL_SARJ_ISTASYONU_MU": "", "ADRES": "Akpınar Mahallesi 820 Sokağı  No:1/A Çankaya / ANKARA", "SOKET_NO": "SKT/18318", "SOKET_TIPI": "AC", "SOKET_TURU": "AC_TYPE2", "SOKET_GUCU_KW": "18" }, "geometry": { "type": "Point", "coordinates": [ 32.810463, 39.855307 ] } },
{ "type": "Feature", "properties": { "ID": 23407.0, "SIRA_NO": 109.0, "ISTASYON_NO": "ŞRJ/11487", "ISTASYON_ADI": "NATURA ALACAATLI", "HIZMET_SEKLI": "OZEL", "MARKA": "EPSIS", "MARKAADI": "Epsis", "SARJ_AGI_ISLETMECISI": "FORM ELEKTRİK İNŞAAT MÜHENDİSLİK ANONİM ŞİRKETİ", "YESIL_SARJ_ISTASYONU_MU": "", "ADRES": "Alacaatlı Mahallesi Alacaatlı Caddesi 1277 / B Sokağı Çankaya / ANKARA", "SOKET_NO": "SKT/28508", "SOKET_TIPI": "AC", "SOKET_TURU": "AC_TYPE2", "SOKET_GUCU_KW": "18" }, "geometry": { "type": "Point", "coordinates": [ 32.699091, 39.829234 ] } },
{ "type": "Feature", "properties": { "ID": 23629.0, "SIRA_NO": 214.0, "ISTASYON_NO": "ŞRJ/10134", "ISTASYON_ADI": "ATABİLGE AKA KONUTLARI A4/BLOK", "HIZMET_SEKLI": "OZEL", "MARKA": "EPSIS", "MARKAADI": "Epsis", "SARJ_AGI_ISLETMECISI": "FORM ELEKTRİK İNŞAAT MÜHENDİSLİK ANONİM ŞİRKETİ", "YESIL_SARJ_ISTASYONU_MU": "", "ADRES": "Alacaatlı Mahallesi 4841 Sokağı  No:2 / D Çankaya / ANKARA", "SOKET_NO": "SKT/24428", "SOKET_TIPI": "AC", "SOKET_TURU": "AC_TYPE2", "SOKET_GUCU_KW": "18" }, "geometry": { "type": "Point", "coordinates": [ 32.698042, 39.831766 ] } },
{ "type": "Feature", "properties": { "ID": 23632.0, "SIRA_NO": 215.0, "ISTASYON_NO": "ŞRJ/10135", "ISTASYON_ADI": "ATABİLGE AKA KONUTLARI A5/BLOK", "HIZMET_SEKLI": "OZEL", "MARKA": "EPSIS", "MARKAADI": "Epsis", "SARJ_AGI_ISLETMECISI": "FORM ELEKTRİK İNŞAAT MÜHENDİSLİK ANONİM ŞİRKETİ", "YESIL_SARJ_ISTASYONU_MU": "", "ADRES": "Alacaatlı Mahallesi 4844 Sokağı  No:2 / E Çankaya / ANKARA", "SOKET_NO": "SKT/24431", "SOKET_TIPI": "AC", "SOKET_TURU": "AC_TYPE2", "SOKET_GUCU_KW": "18" }, "geometry": { "type": "Point", "coordinates": [ 32.698295, 39.831754 ] } },
{ "type": "Feature", "properties": { "ID": 23635.0, "SIRA_NO": 216.0, "ISTASYON_NO": "ŞRJ/10136", "ISTASYON_ADI": "ATABİLGE AKA KONUTLARI A6/BLOK", "HIZMET_SEKLI": "OZEL", "MARKA": "EPSIS", "MARKAADI": "Epsis", "SARJ_AGI_ISLETMECISI": "FORM ELEKTRİK İNŞAAT MÜHENDİSLİK ANONİM ŞİRKETİ", "YESIL_SARJ_ISTASYONU_MU": "", "ADRES": "Alacaatlı Mahallesi 4844 Sokağı  No:2 / F Çankaya / ANKARA", "SOKET_NO": "SKT/24434", "SOKET_TIPI": "AC", "SOKET_TURU": "AC_TYPE2", "SOKET_GUCU_KW": "18" }, "geometry": { "type": "Point", "coordinates": [ 32.691959, 39.832061 ] } },
{ "type": "Feature", "properties": { "ID": 23503.0, "SIRA_NO": 156.0, "ISTASYON_NO": "ŞRJ/14759", "ISTASYON_ADI": "ÇİĞDEM PARK KONUTLARI", "HIZMET_SEKLI": "OZEL", "MARKA": "EPSIS", "MARKAADI": "Epsis", "SARJ_AGI_ISLETMECISI": "FORM ELEKTRİK İNŞAAT MÜHENDİSLİK ANONİM ŞİRKETİ", "YESIL_SARJ_ISTASYONU_MU": "", "ADRES": "Yaşamkent Mahallesi 3250 Sokağı  No:27 / A Çankaya / ANKARA", "SOKET_NO": "SKT/39136", "SOKET_TIPI": "AC", "SOKET_TURU": "AC_TYPE2", "SOKET_GUCU_KW": "11" }, "geometry": { "type": "Point", "coordinates": [ 32.637261, 39.85395 ] } },
{ "type": "Feature", "properties": { "ID": 23490.0, "SIRA_NO": 149.0, "ISTASYON_NO": "ŞRJ/10705", "ISTASYON_ADI": "SİNPAŞ ALTINORAN 5. BLOK KARŞISI", "HIZMET_SEKLI": "OZEL", "MARKA": "EPSIS", "MARKAADI": "Epsis", "SARJ_AGI_ISLETMECISI": "FORM ELEKTRİK İNŞAAT MÜHENDİSLİK ANONİM ŞİRKETİ", "YESIL_SARJ_ISTASYONU_MU": "", "ADRES": "İlkbahar Mah Mahallesi Güneypark Kmev Caddesi  No:54/1 Çankaya / ANKARA", "SOKET_NO": "SKT/30691", "SOKET_TIPI": "AC", "SOKET_TURU": "AC_TYPE2", "SOKET_GUCU_KW": "22" }, "geometry": { "type": "Point", "coordinates": [ 32.854523, 39.84815 ] } },
{ "type": "Feature", "properties": { "ID": 23504.0, "SIRA_NO": 156.0, "ISTASYON_NO": "ŞRJ/14759", "ISTASYON_ADI": "ÇİĞDEM PARK KONUTLARI", "HIZMET_SEKLI": "OZEL", "MARKA": "EPSIS", "MARKAADI": "Epsis", "SARJ_AGI_ISLETMECISI": "FORM ELEKTRİK İNŞAAT MÜHENDİSLİK ANONİM ŞİRKETİ", "YESIL_SARJ_ISTASYONU_MU": "", "ADRES": "Yaşamkent Mahallesi 3250 Sokağı  No:27 / A Çankaya / ANKARA", "SOKET_NO": "SKT/39137", "SOKET_TIPI": "AC", "SOKET_TURU": "AC_TYPE2", "SOKET_GUCU_KW": "11" }, "geometry": { "type": "Point", "coordinates": [ 32.637261, 39.85395 ] } },
{ "type": "Feature", "properties": { "ID": 24184.0, "SIRA_NO": 425.0, "ISTASYON_NO": "ŞRJ/16012", "ISTASYON_ADI": "KUZU EFFECT KONUTLARI", "HIZMET_SEKLI": "HALKA_ACIK", "MARKA": "POWER ELEKTRONİK SANAYİ VE TİCARET LİMİTED ŞİRKETİ", "MARKAADI": "Power", "SARJ_AGI_ISLETMECISI": "POWER ELEKTRONİK SANAYİ VE TİCARET ANONİM ŞİRKETİ", "YESIL_SARJ_ISTASYONU_MU": "", "ADRES": "Oran Mahallesi Zülfü Tiğrel Caddesi Çankaya / ANKARA", "SOKET_NO": "SKT/43054", "SOKET_TIPI": "AC", "SOKET_TURU": "AC_TYPE2", "SOKET_GUCU_KW": "11" }, "geometry": { "type": "Point", "coordinates": [ 32.828354, 39.845618 ] } },
{ "type": "Feature", "properties": { "ID": 21129.0, "SIRA_NO": 262.0, "ISTASYON_NO": "ŞRJ/9650", "ISTASYON_ADI": "Ahmet Hamdi Akseki Cami", "HIZMET_SEKLI": "HALKA_ACIK", "MARKA": "AUTOŞARJ", "MARKAADI": "Autoşarj", "SARJ_AGI_ISLETMECISI": "SOLARPARK DANIŞMANLIK TURİZM MÜHENDİSLİK ENERJİ ÜRETİM İNŞAAT İTHALAT İHRACAT SANAYİ VE TİCARET LİMİTED ŞİRKETİ", "YESIL_SARJ_ISTASYONU_MU": "", "ADRES": "Üniversiteler Mahallesi Çankaya / ANKARA", "SOKET_NO": "SKT/23031", "SOKET_TIPI": "AC", "SOKET_TURU": "AC_TYPE2", "SOKET_GUCU_KW": "22" }, "geometry": { "type": "Point", "coordinates": [ 32.763358, 39.905979 ] } },
{ "type": "Feature", "properties": { "ID": 21130.0, "SIRA_NO": 262.0, "ISTASYON_NO": "ŞRJ/9650", "ISTASYON_ADI": "Ahmet Hamdi Akseki Cami", "HIZMET_SEKLI": "HALKA_ACIK", "MARKA": "AUTOŞARJ", "MARKAADI": "Autoşarj", "SARJ_AGI_ISLETMECISI": "SOLARPARK DANIŞMANLIK TURİZM MÜHENDİSLİK ENERJİ ÜRETİM İNŞAAT İTHALAT İHRACAT SANAYİ VE TİCARET LİMİTED ŞİRKETİ", "YESIL_SARJ_ISTASYONU_MU": "", "ADRES": "Üniversiteler Mahallesi Çankaya / ANKARA", "SOKET_NO": "SKT/23032", "SOKET_TIPI": "DC", "SOKET_TURU": "DC_CCS", "SOKET_GUCU_KW": "200" }, "geometry": { "type": "Point", "coordinates": [ 32.763358, 39.905979 ] } },
{ "type": "Feature", "properties": { "ID": 23581.0, "SIRA_NO": 196.0, "ISTASYON_NO": "ŞRJ/15529", "ISTASYON_ADI": "344 MEHMET USTA", "HIZMET_SEKLI": "HALKA_ACIK", "MARKA": "EPSIS", "MARKAADI": "Epsis", "SARJ_AGI_ISLETMECISI": "FORM ELEKTRİK İNŞAAT MÜHENDİSLİK ANONİM ŞİRKETİ", "YESIL_SARJ_ISTASYONU_MU": "", "ADRES": "Alacaatlı Mahallesi 5084 Caddesi  No:37 Çankaya / ANKARA", "SOKET_NO": "SKT/41476", "SOKET_TIPI": "DC", "SOKET_TURU": "DC_CCS", "SOKET_GUCU_KW": "80" }, "geometry": { "type": "Point", "coordinates": [ 32.647837, 39.853425 ] } },
{ "type": "Feature", "properties": { "ID": 23583.0, "SIRA_NO": 197.0, "ISTASYON_NO": "ŞRJ/3102", "ISTASYON_ADI": "HORİZON LİFE A / BLOK", "HIZMET_SEKLI": "OZEL", "MARKA": "EPSIS", "MARKAADI": "Epsis", "SARJ_AGI_ISLETMECISI": "FORM ELEKTRİK İNŞAAT MÜHENDİSLİK ANONİM ŞİRKETİ", "YESIL_SARJ_ISTASYONU_MU": "", "ADRES": "Alacaatlı Mahallesi Alacaatlı Caddesi  No:1263 / A Çankaya / ANKARA", "SOKET_NO": "SKT/41478", "SOKET_TIPI": "AC", "SOKET_TURU": "AC_TYPE2", "SOKET_GUCU_KW": "18" }, "geometry": { "type": "Point", "coordinates": [ 32.698174, 39.857189 ] } },
{ "type": "Feature", "properties": { "ID": 23587.0, "SIRA_NO": 198.0, "ISTASYON_NO": "ŞRJ/3103", "ISTASYON_ADI": "HORİZON LİFE B / BLOK", "HIZMET_SEKLI": "OZEL", "MARKA": "EPSIS", "MARKAADI": "Epsis", "SARJ_AGI_ISLETMECISI": "FORM ELEKTRİK İNŞAAT MÜHENDİSLİK ANONİM ŞİRKETİ", "YESIL_SARJ_ISTASYONU_MU": "", "ADRES": "Alacaatlı Mahallesi Alacaatlı Caddesi  No:1263/B Çankaya / ANKARA", "SOKET_NO": "SKT/41482", "SOKET_TIPI": "AC", "SOKET_TURU": "AC_TYPE2", "SOKET_GUCU_KW": "18" }, "geometry": { "type": "Point", "coordinates": [ 32.697124, 39.856682 ] } },
{ "type": "Feature", "properties": { "ID": 18593.0, "SIRA_NO": 280.0, "ISTASYON_NO": "ŞRJ/7155", "ISTASYON_ADI": "Metropolitan Hotels, Ankara", "HIZMET_SEKLI": "HALKA_ACIK", "MARKA": "eşarj", "MARKAADI": "Eşarj", "SARJ_AGI_ISLETMECISI": "EŞARJ ELEKTRİKLİ ARAÇLAR ŞARJ SİSTEMLERİ ANONİM ŞİRKETİ", "YESIL_SARJ_ISTASYONU_MU": "Evet", "ADRES": "Oğuzlar Mahallesi 1377. Sokağı  No:28 Çankaya / ANKARA", "SOKET_NO": "SKT/16008", "SOKET_TIPI": "DC", "SOKET_TURU": "DC_CCS", "SOKET_GUCU_KW": "180" }, "geometry": { "type": "Point", "coordinates": [ 32.814572, 39.902541 ] } },
{ "type": "Feature", "properties": { "ID": 18927.0, "SIRA_NO": 393.0, "ISTASYON_NO": "ŞRJ/10155", "ISTASYON_ADI": "Toyota Plaza Efe, Ankara", "HIZMET_SEKLI": "HALKA_ACIK", "MARKA": "eşarj", "MARKAADI": "Eşarj", "SARJ_AGI_ISLETMECISI": "EŞARJ ELEKTRİKLİ ARAÇLAR ŞARJ SİSTEMLERİ ANONİM ŞİRKETİ", "YESIL_SARJ_ISTASYONU_MU": "Evet", "ADRES": "Mustafa Kemal Mahallesi  No:186 Çankaya / ANKARA", "SOKET_NO": "SKT/24495", "SOKET_TIPI": "DC", "SOKET_TURU": "DC_CCS", "SOKET_GUCU_KW": "120" }, "geometry": { "type": "Point", "coordinates": [ 32.744981, 39.907623 ] } },
{ "type": "Feature", "properties": { "ID": 23732.0, "SIRA_NO": 245.0, "ISTASYON_NO": "ŞRJ/3588", "ISTASYON_ADI": "SİNPAŞ ALTINORAN", "HIZMET_SEKLI": "OZEL", "MARKA": "ESTASYON", "MARKAADI": "Estasyon", "SARJ_AGI_ISLETMECISI": "İSTASYON ŞARJ HİZMETLERİ ANONİM ŞİRKETİ", "YESIL_SARJ_ISTASYONU_MU": "", "ADRES": "İlkbahar Mahallesi Galip Erdem Sokağı  No:19 ( Ada: - , Pafta: - , Parsel: - )", "SOKET_NO": "SKT/7196", "SOKET_TIPI": "AC", "SOKET_TURU": "AC_TYPE2", "SOKET_GUCU_KW": "22" }, "geometry": { "type": "Point", "coordinates": [ 32.855213, 39.848811 ] } },
{ "type": "Feature", "properties": { "ID": 23355.0, "SIRA_NO": 75.0, "ISTASYON_NO": "ŞRJ/4662", "ISTASYON_ADI": "AVEND NEFES", "HIZMET_SEKLI": "OZEL", "MARKA": "EPSIS", "MARKAADI": "Epsis", "SARJ_AGI_ISLETMECISI": "FORM ELEKTRİK İNŞAAT MÜHENDİSLİK ANONİM ŞİRKETİ", "YESIL_SARJ_ISTASYONU_MU": "", "ADRES": "Beytepe Mahallesi 5366 Sokağı  No:10/1 Çankaya / ANKARA", "SOKET_NO": "SKT/9901", "SOKET_TIPI": "AC", "SOKET_TURU": "AC_TYPE2", "SOKET_GUCU_KW": "18" }, "geometry": { "type": "Point", "coordinates": [ 32.716647, 39.860484 ] } },
{ "type": "Feature", "properties": { "ID": 23359.0, "SIRA_NO": 77.0, "ISTASYON_NO": "ŞRJ/5721", "ISTASYON_ADI": "İNCEK İCON A/BLOK", "HIZMET_SEKLI": "OZEL", "MARKA": "EPSIS", "MARKAADI": "Epsis", "SARJ_AGI_ISLETMECISI": "FORM ELEKTRİK İNŞAAT MÜHENDİSLİK ANONİM ŞİRKETİ", "YESIL_SARJ_ISTASYONU_MU": "", "ADRES": "Alacaatlı Mahallesi 4835 Sokağı  No:8/A Çankaya / ANKARA", "SOKET_NO": "SKT/12427", "SOKET_TIPI": "AC", "SOKET_TURU": "AC_TYPE2", "SOKET_GUCU_KW": "18" }, "geometry": { "type": "Point", "coordinates": [ 32.69906, 39.830382 ] } },
{ "type": "Feature", "properties": { "ID": 23361.0, "SIRA_NO": 78.0, "ISTASYON_NO": "ŞRJ/5722", "ISTASYON_ADI": "İNCEK İCON B/BLOK", "HIZMET_SEKLI": "OZEL", "MARKA": "EPSIS", "MARKAADI": "Epsis", "SARJ_AGI_ISLETMECISI": "FORM ELEKTRİK İNŞAAT MÜHENDİSLİK ANONİM ŞİRKETİ", "YESIL_SARJ_ISTASYONU_MU": "", "ADRES": "Alacaatlı Mahallesi 4835 Sokağı  No:8/B Çankaya / ANKARA", "SOKET_NO": "SKT/12433", "SOKET_TIPI": "AC", "SOKET_TURU": "AC_TYPE2", "SOKET_GUCU_KW": "18" }, "geometry": { "type": "Point", "coordinates": [ 32.696979, 39.82936 ] } },
{ "type": "Feature", "properties": { "ID": 20700.0, "SIRA_NO": 88.0, "ISTASYON_NO": "ŞRJ/7936", "ISTASYON_ADI": "YMY Ssangyong Şahsuvaroğlu Ankara", "HIZMET_SEKLI": "HALKA_ACIK", "MARKA": "POWERŞARJ", "MARKAADI": "Power Şarj", "SARJ_AGI_ISLETMECISI": "WHITE ROSE MOTOR SANAYİ VE OTOMASYON TİCARET LİMİTED ŞİRKETİ", "YESIL_SARJ_ISTASYONU_MU": "", "ADRES": "Işcı Blokları Mahallesi 162 Sokağı  No:1 Çankaya / ANKARA", "SOKET_NO": "SKT/18095", "SOKET_TIPI": "DC", "SOKET_TURU": "DC_CCS", "SOKET_GUCU_KW": "180" }, "geometry": { "type": "Point", "coordinates": [ 32.813084, 39.895572 ] } },
{ "type": "Feature", "properties": { "ID": 19343.0, "SIRA_NO": 27.0, "ISTASYON_NO": "ŞRJ/12441", "ISTASYON_ADI": "Çetinkaya, Ankara", "HIZMET_SEKLI": "HALKA_ACIK", "MARKA": "eşarj", "MARKAADI": "Eşarj", "SARJ_AGI_ISLETMECISI": "EŞARJ ELEKTRİKLİ ARAÇLAR ŞARJ SİSTEMLERİ ANONİM ŞİRKETİ", "YESIL_SARJ_ISTASYONU_MU": "Evet", "ADRES": "Sancak Mahallesi  No:5 Çankaya / ANKARA", "SOKET_NO": "SKT/31896", "SOKET_TIPI": "DC", "SOKET_TURU": "DC_CCS", "SOKET_GUCU_KW": "120" }, "geometry": { "type": "Point", "coordinates": [ 32.863549, 39.876548 ] } },
{ "type": "Feature", "properties": { "ID": 23638.0, "SIRA_NO": 217.0, "ISTASYON_NO": "ŞRJ/10137", "ISTASYON_ADI": "ATABİLGE AKA KONUTLARI A7/BLOK", "HIZMET_SEKLI": "OZEL", "MARKA": "EPSIS", "MARKAADI": "Epsis", "SARJ_AGI_ISLETMECISI": "FORM ELEKTRİK İNŞAAT MÜHENDİSLİK ANONİM ŞİRKETİ", "YESIL_SARJ_ISTASYONU_MU": "", "ADRES": "Alacaatlı Mahallesi 4841 Sokağı  No:3 / A Çankaya / ANKARA", "SOKET_NO": "SKT/24440", "SOKET_TIPI": "AC", "SOKET_TURU": "AC_TYPE2", "SOKET_GUCU_KW": "18" }, "geometry": { "type": "Point", "coordinates": [ 32.697655, 39.831361 ] } },
{ "type": "Feature", "properties": { "ID": 23641.0, "SIRA_NO": 218.0, "ISTASYON_NO": "ŞRJ/12938", "ISTASYON_ADI": "DURU BEYTEPE A6/BLOK", "HIZMET_SEKLI": "OZEL", "MARKA": "EPSIS", "MARKAADI": "Epsis", "SARJ_AGI_ISLETMECISI": "FORM ELEKTRİK İNŞAAT MÜHENDİSLİK ANONİM ŞİRKETİ", "YESIL_SARJ_ISTASYONU_MU": "", "ADRES": "Ahlatlıbel Mahallesi Saltuk Buğra Sokağı  No:2/F Çankaya / ANKARA", "SOKET_NO": "SKT/33344", "SOKET_TIPI": "AC", "SOKET_TURU": "AC_TYPE2", "SOKET_GUCU_KW": "17" }, "geometry": { "type": "Point", "coordinates": [ 32.7305, 39.8374 ] } },
{ "type": "Feature", "properties": { "ID": 16841.0, "SIRA_NO": 164.0, "ISTASYON_NO": "ŞRJ/9201", "ISTASYON_ADI": "Koç Kuleleri", "HIZMET_SEKLI": "HALKA_ACIK", "MARKA": "wat mobilite", "MARKAADI": "WAT Mobilite", "SARJ_AGI_ISLETMECISI": "WAT MOBİLİTE ÇÖZÜMLERİ TEKNOLOJİ VE TİCARET ANONİM ŞİRKETİ", "YESIL_SARJ_ISTASYONU_MU": "Evet", "ADRES": "Söğütözü Mahallesi Söğütözü Sokağı  No:2/0 Çankaya / ANKARA", "SOKET_NO": "SKT/40984", "SOKET_TIPI": "AC", "SOKET_TURU": "AC_TYPE2", "SOKET_GUCU_KW": "22" }, "geometry": { "type": "Point", "coordinates": [ 32.804284, 39.912358 ] } },
{ "type": "Feature", "properties": { "ID": 16842.0, "SIRA_NO": 164.0, "ISTASYON_NO": "ŞRJ/9201", "ISTASYON_ADI": "Koç Kuleleri", "HIZMET_SEKLI": "HALKA_ACIK", "MARKA": "wat mobilite", "MARKAADI": "WAT Mobilite", "SARJ_AGI_ISLETMECISI": "WAT MOBİLİTE ÇÖZÜMLERİ TEKNOLOJİ VE TİCARET ANONİM ŞİRKETİ", "YESIL_SARJ_ISTASYONU_MU": "Evet", "ADRES": "Söğütözü Mahallesi Söğütözü Sokağı  No:2/0 Çankaya / ANKARA", "SOKET_NO": "SKT/40985", "SOKET_TIPI": "AC", "SOKET_TURU": "AC_TYPE2", "SOKET_GUCU_KW": "22" }, "geometry": { "type": "Point", "coordinates": [ 32.804284, 39.912358 ] } },
{ "type": "Feature", "properties": { "ID": 31514.0, "SIRA_NO": 27.0, "ISTASYON_NO": "ŞRJ/12431", "ISTASYON_ADI": "ANKARA OZAN WİNGS SİTESİ SİTE YÖNETİCİLİĞİ-1", "HIZMET_SEKLI": "HALKA_ACIK", "MARKA": "Polestar", "MARKAADI": "Polestar", "SARJ_AGI_ISLETMECISI": "NTECHNIC ELEKTRONİK SANAYİ TİCARET ANONİM ŞİRKETİ", "YESIL_SARJ_ISTASYONU_MU": "", "ADRES": "Alacaatlı Mahallesi Şehit Eren Bülbül Sokağı  No:39 Çankaya / ANKARA", "SOKET_NO": "SKT/31856", "SOKET_TIPI": "AC", "SOKET_TURU": "AC_TYPE2", "SOKET_GUCU_KW": "11" }, "geometry": { "type": "Point", "coordinates": [ 32.662317, 39.855797 ] } },
{ "type": "Feature", "properties": { "ID": 24599.0, "SIRA_NO": 53.0, "ISTASYON_NO": "ŞRJ/5480", "ISTASYON_ADI": "GREEN ŞARJ İSTASYONLARI", "HIZMET_SEKLI": "HALKA_ACIK", "MARKA": "GREEN ŞARJ İSTASYONLARI", "MARKAADI": "Green Şarj", "SARJ_AGI_ISLETMECISI": "GREEN ŞARJ İSTASYONLARI KURULUM ANONİM ŞİRKETİ", "YESIL_SARJ_ISTASYONU_MU": "", "ADRES": "Yukarı Dikmen Mahallesi 666 Sokağı  No:9 Çankaya / ANKARA", "SOKET_NO": "SKT/11915", "SOKET_TIPI": "AC", "SOKET_TURU": "AC_TYPE2", "SOKET_GUCU_KW": "7" }, "geometry": { "type": "Point", "coordinates": [ 32.851208, 39.865009 ] } },
{ "type": "Feature", "properties": { "ID": 24604.0, "SIRA_NO": 58.0, "ISTASYON_NO": "ŞRJ/9462", "ISTASYON_ADI": "YILDIZ 88 SİTESİ", "HIZMET_SEKLI": "HALKA_ACIK", "MARKA": "GREEN ŞARJ İSTASYONLARI", "MARKAADI": "Green Şarj", "SARJ_AGI_ISLETMECISI": "GREEN ŞARJ İSTASYONLARI KURULUM ANONİM ŞİRKETİ", "YESIL_SARJ_ISTASYONU_MU": "", "ADRES": "Alacaatlı Mahallesi 27 Sokağı Çankaya / ANKARA", "SOKET_NO": "SKT/22352", "SOKET_TIPI": "AC", "SOKET_TURU": "AC_TYPE2", "SOKET_GUCU_KW": "11" }, "geometry": { "type": "Point", "coordinates": [ 32.69633, 39.842036 ] } },
{ "type": "Feature", "properties": { "ID": 23408.0, "SIRA_NO": 110.0, "ISTASYON_NO": "ŞRJ/11488", "ISTASYON_ADI": "VİŞNELİK REZİDANS", "HIZMET_SEKLI": "OZEL", "MARKA": "EPSIS", "MARKAADI": "Epsis", "SARJ_AGI_ISLETMECISI": "FORM ELEKTRİK İNŞAAT MÜHENDİSLİK ANONİM ŞİRKETİ", "YESIL_SARJ_ISTASYONU_MU": "", "ADRES": "İşçi Blokları Mahallesi 1540 Sokağı  No:60 / A Çankaya / ANKARA", "SOKET_NO": "SKT/28509", "SOKET_TIPI": "AC", "SOKET_TURU": "AC_TYPE2", "SOKET_GUCU_KW": "18" }, "geometry": { "type": "Point", "coordinates": [ 32.793869, 39.895401 ] } },
{ "type": "Feature", "properties": { "ID": 23409.0, "SIRA_NO": 111.0, "ISTASYON_NO": "ŞRJ/11489", "ISTASYON_ADI": "AKIN 2 APT.", "HIZMET_SEKLI": "OZEL", "MARKA": "EPSIS", "MARKAADI": "Epsis", "SARJ_AGI_ISLETMECISI": "FORM ELEKTRİK İNŞAAT MÜHENDİSLİK ANONİM ŞİRKETİ", "YESIL_SARJ_ISTASYONU_MU": "", "ADRES": "Oran Mahallesi Zülfü Tigrel Caddesi 1540 Sokağı  No:5 / A Çankaya / ANKARA", "SOKET_NO": "SKT/28510", "SOKET_TIPI": "AC", "SOKET_TURU": "AC_TYPE2", "SOKET_GUCU_KW": "18" }, "geometry": { "type": "Point", "coordinates": [ 32.827399, 39.847118 ] } },
{ "type": "Feature", "properties": { "ID": 23335.0, "SIRA_NO": 62.0, "ISTASYON_NO": "ŞRJ/2773", "ISTASYON_ADI": "İNCİ STEAK", "HIZMET_SEKLI": "HALKA_ACIK", "MARKA": "EPSIS", "MARKAADI": "Epsis", "SARJ_AGI_ISLETMECISI": "FORM ELEKTRİK İNŞAAT MÜHENDİSLİK ANONİM ŞİRKETİ", "YESIL_SARJ_ISTASYONU_MU": "", "ADRES": "Prof. Dr. Ahmet Taner Kışlalı Mahallesi Alacaatlı Caddesi 2813 Sokağı Çankaya / ANKARA", "SOKET_NO": "SKT/5304", "SOKET_TIPI": "AC", "SOKET_TURU": "AC_TYPE2", "SOKET_GUCU_KW": "22" }, "geometry": { "type": "Point", "coordinates": [ 32.688813, 39.872362 ] } },
{ "type": "Feature", "properties": { "ID": 15498.0, "SIRA_NO": 167.0, "ISTASYON_NO": "ŞRJ/15677", "ISTASYON_ADI": "ODTÜ Teknokent", "HIZMET_SEKLI": "HALKA_ACIK", "MARKA": "Trugo", "MARKAADI": "Trugo", "SARJ_AGI_ISLETMECISI": "TRUGO AKILLI ŞARJ ÇÖZÜMLERİ SANAYİ VE TİCARET ANONİM ŞİRKETİ", "YESIL_SARJ_ISTASYONU_MU": "Evet", "ADRES": "Üniversiteler Mahallesi Dumlupınar Sokağı  No:1/1 Çankaya / ANKARA", "SOKET_NO": "SKT/41951", "SOKET_TIPI": "DC", "SOKET_TURU": "DC_CCS", "SOKET_GUCU_KW": "180" }, "geometry": { "type": "Point", "coordinates": [ 32.774475, 39.897673 ] } },
{ "type": "Feature", "properties": { "ID": 15499.0, "SIRA_NO": 167.0, "ISTASYON_NO": "ŞRJ/15677", "ISTASYON_ADI": "ODTÜ Teknokent", "HIZMET_SEKLI": "HALKA_ACIK", "MARKA": "Trugo", "MARKAADI": "Trugo", "SARJ_AGI_ISLETMECISI": "TRUGO AKILLI ŞARJ ÇÖZÜMLERİ SANAYİ VE TİCARET ANONİM ŞİRKETİ", "YESIL_SARJ_ISTASYONU_MU": "Evet", "ADRES": "Üniversiteler Mahallesi Dumlupınar Sokağı  No:1/1 Çankaya / ANKARA", "SOKET_NO": "SKT/41952", "SOKET_TIPI": "DC", "SOKET_TURU": "DC_CCS", "SOKET_GUCU_KW": "180" }, "geometry": { "type": "Point", "coordinates": [ 32.774475, 39.897673 ] } },
{ "type": "Feature", "properties": { "ID": 15500.0, "SIRA_NO": 167.0, "ISTASYON_NO": "ŞRJ/15677", "ISTASYON_ADI": "ODTÜ Teknokent", "HIZMET_SEKLI": "HALKA_ACIK", "MARKA": "Trugo", "MARKAADI": "Trugo", "SARJ_AGI_ISLETMECISI": "TRUGO AKILLI ŞARJ ÇÖZÜMLERİ SANAYİ VE TİCARET ANONİM ŞİRKETİ", "YESIL_SARJ_ISTASYONU_MU": "Evet", "ADRES": "Üniversiteler Mahallesi Dumlupınar Sokağı  No:1/1 Çankaya / ANKARA", "SOKET_NO": "SKT/41953", "SOKET_TIPI": "DC", "SOKET_TURU": "DC_CCS", "SOKET_GUCU_KW": "180" }, "geometry": { "type": "Point", "coordinates": [ 32.774475, 39.897673 ] } },
{ "type": "Feature", "properties": { "ID": 15501.0, "SIRA_NO": 167.0, "ISTASYON_NO": "ŞRJ/15677", "ISTASYON_ADI": "ODTÜ Teknokent", "HIZMET_SEKLI": "HALKA_ACIK", "MARKA": "Trugo", "MARKAADI": "Trugo", "SARJ_AGI_ISLETMECISI": "TRUGO AKILLI ŞARJ ÇÖZÜMLERİ SANAYİ VE TİCARET ANONİM ŞİRKETİ", "YESIL_SARJ_ISTASYONU_MU": "Evet", "ADRES": "Üniversiteler Mahallesi Dumlupınar Sokağı  No:1/1 Çankaya / ANKARA", "SOKET_NO": "SKT/41954", "SOKET_TIPI": "DC", "SOKET_TURU": "DC_CCS", "SOKET_GUCU_KW": "180" }, "geometry": { "type": "Point", "coordinates": [ 32.774475, 39.897673 ] } },
{ "type": "Feature", "properties": { "ID": 15502.0, "SIRA_NO": 167.0, "ISTASYON_NO": "ŞRJ/15677", "ISTASYON_ADI": "ODTÜ Teknokent", "HIZMET_SEKLI": "HALKA_ACIK", "MARKA": "Trugo", "MARKAADI": "Trugo", "SARJ_AGI_ISLETMECISI": "TRUGO AKILLI ŞARJ ÇÖZÜMLERİ SANAYİ VE TİCARET ANONİM ŞİRKETİ", "YESIL_SARJ_ISTASYONU_MU": "Evet", "ADRES": "Üniversiteler Mahallesi Dumlupınar Sokağı  No:1/1 Çankaya / ANKARA", "SOKET_NO": "SKT/41955", "SOKET_TIPI": "DC", "SOKET_TURU": "DC_CCS", "SOKET_GUCU_KW": "180" }, "geometry": { "type": "Point", "coordinates": [ 32.774475, 39.897673 ] } },
{ "type": "Feature", "properties": { "ID": 15503.0, "SIRA_NO": 167.0, "ISTASYON_NO": "ŞRJ/15677", "ISTASYON_ADI": "ODTÜ Teknokent", "HIZMET_SEKLI": "HALKA_ACIK", "MARKA": "Trugo", "MARKAADI": "Trugo", "SARJ_AGI_ISLETMECISI": "TRUGO AKILLI ŞARJ ÇÖZÜMLERİ SANAYİ VE TİCARET ANONİM ŞİRKETİ", "YESIL_SARJ_ISTASYONU_MU": "Evet", "ADRES": "Üniversiteler Mahallesi Dumlupınar Sokağı  No:1/1 Çankaya / ANKARA", "SOKET_NO": "SKT/41956", "SOKET_TIPI": "DC", "SOKET_TURU": "DC_CCS", "SOKET_GUCU_KW": "180" }, "geometry": { "type": "Point", "coordinates": [ 32.774475, 39.897673 ] } },
{ "type": "Feature", "properties": { "ID": 15504.0, "SIRA_NO": 167.0, "ISTASYON_NO": "ŞRJ/15677", "ISTASYON_ADI": "ODTÜ Teknokent", "HIZMET_SEKLI": "HALKA_ACIK", "MARKA": "Trugo", "MARKAADI": "Trugo", "SARJ_AGI_ISLETMECISI": "TRUGO AKILLI ŞARJ ÇÖZÜMLERİ SANAYİ VE TİCARET ANONİM ŞİRKETİ", "YESIL_SARJ_ISTASYONU_MU": "Evet", "ADRES": "Üniversiteler Mahallesi Dumlupınar Sokağı  No:1/1 Çankaya / ANKARA", "SOKET_NO": "SKT/41957", "SOKET_TIPI": "DC", "SOKET_TURU": "DC_CCS", "SOKET_GUCU_KW": "180" }, "geometry": { "type": "Point", "coordinates": [ 32.774475, 39.897673 ] } },
{ "type": "Feature", "properties": { "ID": 15505.0, "SIRA_NO": 167.0, "ISTASYON_NO": "ŞRJ/15677", "ISTASYON_ADI": "ODTÜ Teknokent", "HIZMET_SEKLI": "HALKA_ACIK", "MARKA": "Trugo", "MARKAADI": "Trugo", "SARJ_AGI_ISLETMECISI": "TRUGO AKILLI ŞARJ ÇÖZÜMLERİ SANAYİ VE TİCARET ANONİM ŞİRKETİ", "YESIL_SARJ_ISTASYONU_MU": "Evet", "ADRES": "Üniversiteler Mahallesi Dumlupınar Sokağı  No:1/1 Çankaya / ANKARA", "SOKET_NO": "SKT/41958", "SOKET_TIPI": "DC", "SOKET_TURU": "DC_CCS", "SOKET_GUCU_KW": "180" }, "geometry": { "type": "Point", "coordinates": [ 32.774475, 39.897673 ] } },
{ "type": "Feature", "properties": { "ID": 15506.0, "SIRA_NO": 167.0, "ISTASYON_NO": "ŞRJ/15677", "ISTASYON_ADI": "ODTÜ Teknokent", "HIZMET_SEKLI": "HALKA_ACIK", "MARKA": "Trugo", "MARKAADI": "Trugo", "SARJ_AGI_ISLETMECISI": "TRUGO AKILLI ŞARJ ÇÖZÜMLERİ SANAYİ VE TİCARET ANONİM ŞİRKETİ", "YESIL_SARJ_ISTASYONU_MU": "Evet", "ADRES": "Üniversiteler Mahallesi Dumlupınar Sokağı  No:1/1 Çankaya / ANKARA", "SOKET_NO": "SKT/41959", "SOKET_TIPI": "DC", "SOKET_TURU": "DC_CCS", "SOKET_GUCU_KW": "180" }, "geometry": { "type": "Point", "coordinates": [ 32.774475, 39.897673 ] } },
{ "type": "Feature", "properties": { "ID": 15831.0, "SIRA_NO": 291.0, "ISTASYON_NO": "ŞRJ/11887", "ISTASYON_ADI": "Hada Oto", "HIZMET_SEKLI": "HALKA_ACIK", "MARKA": "Trugo", "MARKAADI": "Trugo", "SARJ_AGI_ISLETMECISI": "TRUGO AKILLI ŞARJ ÇÖZÜMLERİ SANAYİ VE TİCARET ANONİM ŞİRKETİ", "YESIL_SARJ_ISTASYONU_MU": "Evet", "ADRES": "Birlik Mahallesi 448. Sokağı  No:43/A/1 Çankaya / ANKARA", "SOKET_NO": "SKT/29928", "SOKET_TIPI": "DC", "SOKET_TURU": "DC_CCS", "SOKET_GUCU_KW": "98" }, "geometry": { "type": "Point", "coordinates": [ 32.881074, 39.880706 ] } },
{ "type": "Feature", "properties": { "ID": 23440.0, "SIRA_NO": 124.0, "ISTASYON_NO": "ŞRJ/2856", "ISTASYON_ADI": "INN HOUSE LOFT", "HIZMET_SEKLI": "HALKA_ACIK", "MARKA": "EPSIS", "MARKAADI": "Epsis", "SARJ_AGI_ISLETMECISI": "FORM ELEKTRİK İNŞAAT MÜHENDİSLİK ANONİM ŞİRKETİ", "YESIL_SARJ_ISTASYONU_MU": "", "ADRES": "Kırkkonaklar Mahallesi 381 Sokağı  No:9 Çankaya / ANKARA", "SOKET_NO": "SKT/32772", "SOKET_TIPI": "AC", "SOKET_TURU": "AC_TYPE2", "SOKET_GUCU_KW": "22" }, "geometry": { "type": "Point", "coordinates": [ 32.889744, 39.883349 ] } },
{ "type": "Feature", "properties": { "ID": 19769.0, "SIRA_NO": 169.0, "ISTASYON_NO": "ŞRJ/10158", "ISTASYON_ADI": "Bilkent Cyberpark, Ankara", "HIZMET_SEKLI": "HALKA_ACIK", "MARKA": "eşarj", "MARKAADI": "Eşarj", "SARJ_AGI_ISLETMECISI": "EŞARJ ELEKTRİKLİ ARAÇLAR ŞARJ SİSTEMLERİ ANONİM ŞİRKETİ", "YESIL_SARJ_ISTASYONU_MU": "Evet", "ADRES": "Üniversiteler Mahallesi 1606. Caddesi  No:11 Çankaya / ANKARA", "SOKET_NO": "SKT/24505", "SOKET_TIPI": "DC", "SOKET_TURU": "DC_CCS", "SOKET_GUCU_KW": "180" }, "geometry": { "type": "Point", "coordinates": [ 32.745754, 39.86954 ] } },
{ "type": "Feature", "properties": { "ID": 19771.0, "SIRA_NO": 169.0, "ISTASYON_NO": "ŞRJ/10158", "ISTASYON_ADI": "Bilkent Cyberpark, Ankara", "HIZMET_SEKLI": "HALKA_ACIK", "MARKA": "eşarj", "MARKAADI": "Eşarj", "SARJ_AGI_ISLETMECISI": "EŞARJ ELEKTRİKLİ ARAÇLAR ŞARJ SİSTEMLERİ ANONİM ŞİRKETİ", "YESIL_SARJ_ISTASYONU_MU": "Evet", "ADRES": "Üniversiteler Mahallesi 1606. Caddesi  No:11 Çankaya / ANKARA", "SOKET_NO": "SKT/24508", "SOKET_TIPI": "AC", "SOKET_TURU": "AC_TYPE2", "SOKET_GUCU_KW": "22" }, "geometry": { "type": "Point", "coordinates": [ 32.745754, 39.86954 ] } },
{ "type": "Feature", "properties": { "ID": 22992.0, "SIRA_NO": 449.0, "ISTASYON_NO": "ŞRJ/7918", "ISTASYON_ADI": "TÜED - KOCATEPE", "HIZMET_SEKLI": "HALKA_ACIK", "MARKA": "MULTI FORCE", "MARKAADI": "Multiforce", "SARJ_AGI_ISLETMECISI": "FULL ELEKTRİKLİ ARAÇLAR ŞARJ AĞI İSTASYONLARI İŞLETMECİLİĞİ ENERJİ TİCARET VE SANAYİ ANONİM ŞİRKETİ", "YESIL_SARJ_ISTASYONU_MU": "", "ADRES": "Kültür Mahallesi Dr. Mediha Eldem Sokağı  No:49 Çankaya / ANKARA", "SOKET_NO": "SKT/18029", "SOKET_TIPI": "AC", "SOKET_TURU": "AC_TYPE2", "SOKET_GUCU_KW": "22" }, "geometry": { "type": "Point", "coordinates": [ 32.860373, 39.919758 ] } },
{ "type": "Feature", "properties": { "ID": 23362.0, "SIRA_NO": 79.0, "ISTASYON_NO": "ŞRJ/6239", "ISTASYON_ADI": "SAFEPARK BEYTEPE B/BLOK", "HIZMET_SEKLI": "OZEL", "MARKA": "EPSIS", "MARKAADI": "Epsis", "SARJ_AGI_ISLETMECISI": "FORM ELEKTRİK İNŞAAT MÜHENDİSLİK ANONİM ŞİRKETİ", "YESIL_SARJ_ISTASYONU_MU": "", "ADRES": "Beytepe Mahallesi Kanuni Sultan Süleyman Sokağı  No:93 / B Çankaya / ANKARA", "SOKET_NO": "SKT/13614", "SOKET_TIPI": "AC", "SOKET_TURU": "AC_TYPE2", "SOKET_GUCU_KW": "7" }, "geometry": { "type": "Point", "coordinates": [ 32.712548, 39.845428 ] } },
{ "type": "Feature", "properties": { "ID": 23363.0, "SIRA_NO": 80.0, "ISTASYON_NO": "ŞRJ/6240", "ISTASYON_ADI": "SAFEPARK BEYTEPE A/BLOK", "HIZMET_SEKLI": "OZEL", "MARKA": "EPSIS", "MARKAADI": "Epsis", "SARJ_AGI_ISLETMECISI": "FORM ELEKTRİK İNŞAAT MÜHENDİSLİK ANONİM ŞİRKETİ", "YESIL_SARJ_ISTASYONU_MU": "", "ADRES": "Beytepe Mahallesi Kanuni Sultan Süleyman Sokağı  No:93 / A Çankaya / ANKARA", "SOKET_NO": "SKT/13616", "SOKET_TIPI": "AC", "SOKET_TURU": "AC_TYPE2", "SOKET_GUCU_KW": "18" }, "geometry": { "type": "Point", "coordinates": [ 32.712377, 39.845 ] } },
{ "type": "Feature", "properties": { "ID": 23364.0, "SIRA_NO": 81.0, "ISTASYON_NO": "ŞRJ/6241", "ISTASYON_ADI": "SAFEPARK BEYTEPE C/BLOK", "HIZMET_SEKLI": "OZEL", "MARKA": "EPSIS", "MARKAADI": "Epsis", "SARJ_AGI_ISLETMECISI": "FORM ELEKTRİK İNŞAAT MÜHENDİSLİK ANONİM ŞİRKETİ", "YESIL_SARJ_ISTASYONU_MU": "", "ADRES": "Beytepe Mahallesi Kanuni Sultan Süleyman Sokağı  No:93 / C Çankaya / ANKARA", "SOKET_NO": "SKT/13617", "SOKET_TIPI": "AC", "SOKET_TURU": "AC_TYPE2", "SOKET_GUCU_KW": "7" }, "geometry": { "type": "Point", "coordinates": [ 32.711999, 39.8455 ] } },
{ "type": "Feature", "properties": { "ID": 23442.0, "SIRA_NO": 125.0, "ISTASYON_NO": "ŞRJ/2870", "ISTASYON_ADI": "ANKA MEYDAN / A BLOK", "HIZMET_SEKLI": "OZEL", "MARKA": "EPSIS", "MARKAADI": "Epsis", "SARJ_AGI_ISLETMECISI": "FORM ELEKTRİK İNŞAAT MÜHENDİSLİK ANONİM ŞİRKETİ", "YESIL_SARJ_ISTASYONU_MU": "", "ADRES": "Yaşamkent Mahallesi 3250 Sokağı Çankaya / ANKARA", "SOKET_NO": "SKT/5558", "SOKET_TIPI": "AC", "SOKET_TURU": "AC_TYPE2", "SOKET_GUCU_KW": "18" }, "geometry": { "type": "Point", "coordinates": [ 32.636225, 39.858044 ] } },
{ "type": "Feature", "properties": { "ID": 23443.0, "SIRA_NO": 126.0, "ISTASYON_NO": "ŞRJ/2871", "ISTASYON_ADI": "ANKA MEYDAN / B BLOK", "HIZMET_SEKLI": "OZEL", "MARKA": "EPSIS", "MARKAADI": "Epsis", "SARJ_AGI_ISLETMECISI": "FORM ELEKTRİK İNŞAAT MÜHENDİSLİK ANONİM ŞİRKETİ", "YESIL_SARJ_ISTASYONU_MU": "", "ADRES": "Yaşamkent Mahallesi 3250 Sokağı Çankaya / ANKARA", "SOKET_NO": "SKT/5559", "SOKET_TIPI": "AC", "SOKET_TURU": "AC_TYPE2", "SOKET_GUCU_KW": "18" }, "geometry": { "type": "Point", "coordinates": [ 32.636219, 39.858161 ] } },
{ "type": "Feature", "properties": { "ID": 23447.0, "SIRA_NO": 128.0, "ISTASYON_NO": "ŞRJ/3386", "ISTASYON_ADI": "DORLİN / B BLOK", "HIZMET_SEKLI": "OZEL", "MARKA": "EPSIS", "MARKAADI": "Epsis", "SARJ_AGI_ISLETMECISI": "FORM ELEKTRİK İNŞAAT MÜHENDİSLİK ANONİM ŞİRKETİ", "YESIL_SARJ_ISTASYONU_MU": "", "ADRES": "Yaşamkent Mahallesi 3158 Caddesi  No:32 Çankaya / ANKARA", "SOKET_NO": "SKT/6684", "SOKET_TIPI": "AC", "SOKET_TURU": "AC_TYPE2", "SOKET_GUCU_KW": "18" }, "geometry": { "type": "Point", "coordinates": [ 32.65156, 39.856313 ] } },
{ "type": "Feature", "properties": { "ID": 23730.0, "SIRA_NO": 244.0, "ISTASYON_NO": "ŞRJ/3587", "ISTASYON_ADI": "SİNPAŞ MARİNA", "HIZMET_SEKLI": "OZEL", "MARKA": "ESTASYON", "MARKAADI": "Estasyon", "SARJ_AGI_ISLETMECISI": "İSTASYON ŞARJ HİZMETLERİ ANONİM ŞİRKETİ", "YESIL_SARJ_ISTASYONU_MU": "", "ADRES": "İlkbahar Mahallesi Galip Erdem Sokağı  No:72 ( Ada: - , Pafta: - , Parsel: - )", "SOKET_NO": "SKT/7194", "SOKET_TIPI": "AC", "SOKET_TURU": "AC_TYPE2", "SOKET_GUCU_KW": "22" }, "geometry": { "type": "Point", "coordinates": [ 32.856344, 39.848029 ] } },
{ "type": "Feature", "properties": { "ID": 16853.0, "SIRA_NO": 167.0, "ISTASYON_NO": "ŞRJ/9204", "ISTASYON_ADI": "Divan Ankara", "HIZMET_SEKLI": "HALKA_ACIK", "MARKA": "wat mobilite", "MARKAADI": "WAT Mobilite", "SARJ_AGI_ISLETMECISI": "WAT MOBİLİTE ÇÖZÜMLERİ TEKNOLOJİ VE TİCARET ANONİM ŞİRKETİ", "YESIL_SARJ_ISTASYONU_MU": "Evet", "ADRES": "Yıldızevler Mahallesi Jose Marti Sokağı  No:2/0 Çankaya / ANKARA", "SOKET_NO": "SKT/21539", "SOKET_TIPI": "AC", "SOKET_TURU": "AC_TYPE2", "SOKET_GUCU_KW": "22" }, "geometry": { "type": "Point", "coordinates": [ 32.8589, 39.877759 ] } },
{ "type": "Feature", "properties": { "ID": 16854.0, "SIRA_NO": 167.0, "ISTASYON_NO": "ŞRJ/9204", "ISTASYON_ADI": "Divan Ankara", "HIZMET_SEKLI": "HALKA_ACIK", "MARKA": "wat mobilite", "MARKAADI": "WAT Mobilite", "SARJ_AGI_ISLETMECISI": "WAT MOBİLİTE ÇÖZÜMLERİ TEKNOLOJİ VE TİCARET ANONİM ŞİRKETİ", "YESIL_SARJ_ISTASYONU_MU": "Evet", "ADRES": "Yıldızevler Mahallesi Jose Marti Sokağı  No:2/0 Çankaya / ANKARA", "SOKET_NO": "SKT/40992", "SOKET_TIPI": "DC", "SOKET_TURU": "DC_CCS", "SOKET_GUCU_KW": "150" }, "geometry": { "type": "Point", "coordinates": [ 32.8589, 39.877759 ] } },
{ "type": "Feature", "properties": { "ID": 16855.0, "SIRA_NO": 167.0, "ISTASYON_NO": "ŞRJ/9204", "ISTASYON_ADI": "Divan Ankara", "HIZMET_SEKLI": "HALKA_ACIK", "MARKA": "wat mobilite", "MARKAADI": "WAT Mobilite", "SARJ_AGI_ISLETMECISI": "WAT MOBİLİTE ÇÖZÜMLERİ TEKNOLOJİ VE TİCARET ANONİM ŞİRKETİ", "YESIL_SARJ_ISTASYONU_MU": "Evet", "ADRES": "Yıldızevler Mahallesi Jose Marti Sokağı  No:2/0 Çankaya / ANKARA", "SOKET_NO": "SKT/40993", "SOKET_TIPI": "DC", "SOKET_TURU": "DC_CCS", "SOKET_GUCU_KW": "150" }, "geometry": { "type": "Point", "coordinates": [ 32.8589, 39.877759 ] } },
{ "type": "Feature", "properties": { "ID": 16836.0, "SIRA_NO": 164.0, "ISTASYON_NO": "ŞRJ/9201", "ISTASYON_ADI": "Koç Kuleleri", "HIZMET_SEKLI": "HALKA_ACIK", "MARKA": "wat mobilite", "MARKAADI": "WAT Mobilite", "SARJ_AGI_ISLETMECISI": "WAT MOBİLİTE ÇÖZÜMLERİ TEKNOLOJİ VE TİCARET ANONİM ŞİRKETİ", "YESIL_SARJ_ISTASYONU_MU": "Evet", "ADRES": "Söğütözü Mahallesi Söğütözü Sokağı  No:2/0 Çankaya / ANKARA", "SOKET_NO": "SKT/21532", "SOKET_TIPI": "DC", "SOKET_TURU": "DC_CCS", "SOKET_GUCU_KW": "120" }, "geometry": { "type": "Point", "coordinates": [ 32.804284, 39.912358 ] } },
{ "type": "Feature", "properties": { "ID": 16837.0, "SIRA_NO": 164.0, "ISTASYON_NO": "ŞRJ/9201", "ISTASYON_ADI": "Koç Kuleleri", "HIZMET_SEKLI": "HALKA_ACIK", "MARKA": "wat mobilite", "MARKAADI": "WAT Mobilite", "SARJ_AGI_ISLETMECISI": "WAT MOBİLİTE ÇÖZÜMLERİ TEKNOLOJİ VE TİCARET ANONİM ŞİRKETİ", "YESIL_SARJ_ISTASYONU_MU": "Evet", "ADRES": "Söğütözü Mahallesi Söğütözü Sokağı  No:2/0 Çankaya / ANKARA", "SOKET_NO": "SKT/21533", "SOKET_TIPI": "AC", "SOKET_TURU": "AC_TYPE2", "SOKET_GUCU_KW": "22" }, "geometry": { "type": "Point", "coordinates": [ 32.804284, 39.912358 ] } },
{ "type": "Feature", "properties": { "ID": 16838.0, "SIRA_NO": 164.0, "ISTASYON_NO": "ŞRJ/9201", "ISTASYON_ADI": "Koç Kuleleri", "HIZMET_SEKLI": "HALKA_ACIK", "MARKA": "wat mobilite", "MARKAADI": "WAT Mobilite", "SARJ_AGI_ISLETMECISI": "WAT MOBİLİTE ÇÖZÜMLERİ TEKNOLOJİ VE TİCARET ANONİM ŞİRKETİ", "YESIL_SARJ_ISTASYONU_MU": "Evet", "ADRES": "Söğütözü Mahallesi Söğütözü Sokağı  No:2/0 Çankaya / ANKARA", "SOKET_NO": "SKT/21534", "SOKET_TIPI": "AC", "SOKET_TURU": "AC_TYPE2", "SOKET_GUCU_KW": "22" }, "geometry": { "type": "Point", "coordinates": [ 32.804284, 39.912358 ] } },
{ "type": "Feature", "properties": { "ID": 16839.0, "SIRA_NO": 164.0, "ISTASYON_NO": "ŞRJ/9201", "ISTASYON_ADI": "Koç Kuleleri", "HIZMET_SEKLI": "HALKA_ACIK", "MARKA": "wat mobilite", "MARKAADI": "WAT Mobilite", "SARJ_AGI_ISLETMECISI": "WAT MOBİLİTE ÇÖZÜMLERİ TEKNOLOJİ VE TİCARET ANONİM ŞİRKETİ", "YESIL_SARJ_ISTASYONU_MU": "Evet", "ADRES": "Söğütözü Mahallesi Söğütözü Sokağı  No:2/0 Çankaya / ANKARA", "SOKET_NO": "SKT/40982", "SOKET_TIPI": "AC", "SOKET_TURU": "AC_TYPE2", "SOKET_GUCU_KW": "22" }, "geometry": { "type": "Point", "coordinates": [ 32.804284, 39.912358 ] } },
{ "type": "Feature", "properties": { "ID": 16840.0, "SIRA_NO": 164.0, "ISTASYON_NO": "ŞRJ/9201", "ISTASYON_ADI": "Koç Kuleleri", "HIZMET_SEKLI": "HALKA_ACIK", "MARKA": "wat mobilite", "MARKAADI": "WAT Mobilite", "SARJ_AGI_ISLETMECISI": "WAT MOBİLİTE ÇÖZÜMLERİ TEKNOLOJİ VE TİCARET ANONİM ŞİRKETİ", "YESIL_SARJ_ISTASYONU_MU": "Evet", "ADRES": "Söğütözü Mahallesi Söğütözü Sokağı  No:2/0 Çankaya / ANKARA", "SOKET_NO": "SKT/40983", "SOKET_TIPI": "AC", "SOKET_TURU": "AC_TYPE2", "SOKET_GUCU_KW": "22" }, "geometry": { "type": "Point", "coordinates": [ 32.804284, 39.912358 ] } },
{ "type": "Feature", "properties": { "ID": 23017.0, "SIRA_NO": 456.0, "ISTASYON_NO": "ŞRJ/7917", "ISTASYON_ADI": "TÜED - ANITTEPE", "HIZMET_SEKLI": "HALKA_ACIK", "MARKA": "MULTI FORCE", "MARKAADI": "Multiforce", "SARJ_AGI_ISLETMECISI": "FULL ELEKTRİKLİ ARAÇLAR ŞARJ AĞI İSTASYONLARI İŞLETMECİLİĞİ ENERJİ TİCARET VE SANAYİ ANONİM ŞİRKETİ", "YESIL_SARJ_ISTASYONU_MU": "", "ADRES": "Anıttepe Mahallesi Işık Sokağı  No:11 Çankaya / ANKARA", "SOKET_NO": "SKT/18028", "SOKET_TIPI": "AC", "SOKET_TURU": "AC_TYPE2", "SOKET_GUCU_KW": "22" }, "geometry": { "type": "Point", "coordinates": [ 32.838708, 39.932812 ] } },
{ "type": "Feature", "properties": { "ID": 23389.0, "SIRA_NO": 99.0, "ISTASYON_NO": "ŞRJ/8087", "ISTASYON_ADI": "YILDIZEVLER ADANA SOFRASI", "HIZMET_SEKLI": "HALKA_ACIK", "MARKA": "EPSIS", "MARKAADI": "Epsis", "SARJ_AGI_ISLETMECISI": "FORM ELEKTRİK İNŞAAT MÜHENDİSLİK ANONİM ŞİRKETİ", "YESIL_SARJ_ISTASYONU_MU": "", "ADRES": "Yıldızevler Mahallesi 713 Sokağı  No:0 / 6 Çankaya / ANKARA", "SOKET_NO": "SKT/18495", "SOKET_TIPI": "AC", "SOKET_TURU": "AC_TYPE2", "SOKET_GUCU_KW": "22" }, "geometry": { "type": "Point", "coordinates": [ 32.862125, 39.876198 ] } },
{ "type": "Feature", "properties": { "ID": 23593.0, "SIRA_NO": 200.0, "ISTASYON_NO": "ŞRJ/5718", "ISTASYON_ADI": "ÇUKURAMBAR KORU HASTANESİ", "HIZMET_SEKLI": "HALKA_ACIK", "MARKA": "EPSIS", "MARKAADI": "Epsis", "SARJ_AGI_ISLETMECISI": "FORM ELEKTRİK İNŞAAT MÜHENDİSLİK ANONİM ŞİRKETİ", "YESIL_SARJ_ISTASYONU_MU": "", "ADRES": "Kızılırmak Mahallesi 1450 Sokağı  No:13 Çankaya / ANKARA", "SOKET_NO": "SKT/12425", "SOKET_TIPI": "DC", "SOKET_TURU": "DC_CCS", "SOKET_GUCU_KW": "30" }, "geometry": { "type": "Point", "coordinates": [ 32.812628, 39.902566 ] } },
{ "type": "Feature", "properties": { "ID": 21355.0, "SIRA_NO": 363.0, "ISTASYON_NO": "ŞRJ/6583", "ISTASYON_ADI": "CONGRESİUM AC-1, CONGRESİUM AC-2 ve CONGRESİUM AC-3", "HIZMET_SEKLI": "HALKA_ACIK", "MARKA": "beefull", "MARKAADI": "Beefull", "SARJ_AGI_ISLETMECISI": "BEEFULL ENERJİ TEKNOLOJİLERİ ANONİM ŞİRKETİ", "YESIL_SARJ_ISTASYONU_MU": "Evet", "ADRES": "Söğütözü Mahallesi Söğütözü Caddesi  No:1 Çankaya / ANKARA", "SOKET_NO": "SKT/14463", "SOKET_TIPI": "AC", "SOKET_TURU": "AC_TYPE2", "SOKET_GUCU_KW": "22" }, "geometry": { "type": "Point", "coordinates": [ 32.803493, 39.911472 ] } },
{ "type": "Feature", "properties": { "ID": 21271.0, "SIRA_NO": 318.0, "ISTASYON_NO": "ŞRJ/2483", "ISTASYON_ADI": "ARABİCA MERKEZ", "HIZMET_SEKLI": "HALKA_ACIK", "MARKA": "beefull", "MARKAADI": "Beefull", "SARJ_AGI_ISLETMECISI": "BEEFULL ENERJİ TEKNOLOJİLERİ ANONİM ŞİRKETİ", "YESIL_SARJ_ISTASYONU_MU": "Evet", "ADRES": "Mutlukent Mahallesi 2694 Sokağı  No:10/A Çankaya / ANKARA", "SOKET_NO": "SKT/4658", "SOKET_TIPI": "AC", "SOKET_TURU": "AC_TYPE2", "SOKET_GUCU_KW": "22" }, "geometry": { "type": "Point", "coordinates": [ 32.710514, 39.884905 ] } },
{ "type": "Feature", "properties": { "ID": 19344.0, "SIRA_NO": 27.0, "ISTASYON_NO": "ŞRJ/12441", "ISTASYON_ADI": "Çetinkaya, Ankara", "HIZMET_SEKLI": "HALKA_ACIK", "MARKA": "eşarj", "MARKAADI": "Eşarj", "SARJ_AGI_ISLETMECISI": "EŞARJ ELEKTRİKLİ ARAÇLAR ŞARJ SİSTEMLERİ ANONİM ŞİRKETİ", "YESIL_SARJ_ISTASYONU_MU": "Evet", "ADRES": "Sancak Mahallesi  No:5 Çankaya / ANKARA", "SOKET_NO": "SKT/31897", "SOKET_TIPI": "DC", "SOKET_TURU": "DC_CCS", "SOKET_GUCU_KW": "120" }, "geometry": { "type": "Point", "coordinates": [ 32.863549, 39.876548 ] } },
{ "type": "Feature", "properties": { "ID": 19345.0, "SIRA_NO": 27.0, "ISTASYON_NO": "ŞRJ/12441", "ISTASYON_ADI": "Çetinkaya, Ankara", "HIZMET_SEKLI": "HALKA_ACIK", "MARKA": "eşarj", "MARKAADI": "Eşarj", "SARJ_AGI_ISLETMECISI": "EŞARJ ELEKTRİKLİ ARAÇLAR ŞARJ SİSTEMLERİ ANONİM ŞİRKETİ", "YESIL_SARJ_ISTASYONU_MU": "Evet", "ADRES": "Sancak Mahallesi  No:5 Çankaya / ANKARA", "SOKET_NO": "SKT/31898", "SOKET_TIPI": "DC", "SOKET_TURU": "DC_CCS", "SOKET_GUCU_KW": "30" }, "geometry": { "type": "Point", "coordinates": [ 32.863549, 39.876548 ] } },
{ "type": "Feature", "properties": { "ID": 19346.0, "SIRA_NO": 27.0, "ISTASYON_NO": "ŞRJ/12441", "ISTASYON_ADI": "Çetinkaya, Ankara", "HIZMET_SEKLI": "HALKA_ACIK", "MARKA": "eşarj", "MARKAADI": "Eşarj", "SARJ_AGI_ISLETMECISI": "EŞARJ ELEKTRİKLİ ARAÇLAR ŞARJ SİSTEMLERİ ANONİM ŞİRKETİ", "YESIL_SARJ_ISTASYONU_MU": "Evet", "ADRES": "Sancak Mahallesi  No:5 Çankaya / ANKARA", "SOKET_NO": "SKT/31899", "SOKET_TIPI": "DC", "SOKET_TURU": "DC_CCS", "SOKET_GUCU_KW": "30" }, "geometry": { "type": "Point", "coordinates": [ 32.863549, 39.876548 ] } },
{ "type": "Feature", "properties": { "ID": 19347.0, "SIRA_NO": 27.0, "ISTASYON_NO": "ŞRJ/12441", "ISTASYON_ADI": "Çetinkaya, Ankara", "HIZMET_SEKLI": "HALKA_ACIK", "MARKA": "eşarj", "MARKAADI": "Eşarj", "SARJ_AGI_ISLETMECISI": "EŞARJ ELEKTRİKLİ ARAÇLAR ŞARJ SİSTEMLERİ ANONİM ŞİRKETİ", "YESIL_SARJ_ISTASYONU_MU": "Evet", "ADRES": "Sancak Mahallesi  No:5 Çankaya / ANKARA", "SOKET_NO": "SKT/31900", "SOKET_TIPI": "DC", "SOKET_TURU": "DC_CCS", "SOKET_GUCU_KW": "30" }, "geometry": { "type": "Point", "coordinates": [ 32.863549, 39.876548 ] } },
{ "type": "Feature", "properties": { "ID": 19348.0, "SIRA_NO": 27.0, "ISTASYON_NO": "ŞRJ/12441", "ISTASYON_ADI": "Çetinkaya, Ankara", "HIZMET_SEKLI": "HALKA_ACIK", "MARKA": "eşarj", "MARKAADI": "Eşarj", "SARJ_AGI_ISLETMECISI": "EŞARJ ELEKTRİKLİ ARAÇLAR ŞARJ SİSTEMLERİ ANONİM ŞİRKETİ", "YESIL_SARJ_ISTASYONU_MU": "Evet", "ADRES": "Sancak Mahallesi  No:5 Çankaya / ANKARA", "SOKET_NO": "SKT/31901", "SOKET_TIPI": "DC", "SOKET_TURU": "DC_CCS", "SOKET_GUCU_KW": "30" }, "geometry": { "type": "Point", "coordinates": [ 32.863549, 39.876548 ] } },
{ "type": "Feature", "properties": { "ID": 23518.0, "SIRA_NO": 162.0, "ISTASYON_NO": "ŞRJ/5725", "ISTASYON_ADI": "TEONA ÜMİTKÖY SİTESİ C/BLOK", "HIZMET_SEKLI": "OZEL", "MARKA": "EPSIS", "MARKAADI": "Epsis", "SARJ_AGI_ISLETMECISI": "FORM ELEKTRİK İNŞAAT MÜHENDİSLİK ANONİM ŞİRKETİ", "YESIL_SARJ_ISTASYONU_MU": "", "ADRES": "Ümit Mahallesi 2555 Sokağı  No:1/C Çankaya / ANKARA", "SOKET_NO": "SKT/32419", "SOKET_TIPI": "DC", "SOKET_TURU": "DC_CCS", "SOKET_GUCU_KW": "30" }, "geometry": { "type": "Point", "coordinates": [ 32.697929, 39.891114 ] } },
{ "type": "Feature", "properties": { "ID": 23521.0, "SIRA_NO": 164.0, "ISTASYON_NO": "ŞRJ/13687", "ISTASYON_ADI": "ANKA BATI SİTESİ", "HIZMET_SEKLI": "OZEL", "MARKA": "EPSIS", "MARKAADI": "Epsis", "SARJ_AGI_ISLETMECISI": "FORM ELEKTRİK İNŞAAT MÜHENDİSLİK ANONİM ŞİRKETİ", "YESIL_SARJ_ISTASYONU_MU": "", "ADRES": "Yaşamkent Mahallesi 3250 Sokağı  No:11 Çankaya / ANKARA", "SOKET_NO": "SKT/35660", "SOKET_TIPI": "DC", "SOKET_TURU": "DC_CCS", "SOKET_GUCU_KW": "30" }, "geometry": { "type": "Point", "coordinates": [ 32.638107, 39.863818 ] } },
{ "type": "Feature", "properties": { "ID": 19319.0, "SIRA_NO": 20.0, "ISTASYON_NO": "ŞRJ/10943", "ISTASYON_ADI": "Natural Yaşamkent Sitesi, Ankara", "HIZMET_SEKLI": "OZEL", "MARKA": "eşarj", "MARKAADI": "Eşarj", "SARJ_AGI_ISLETMECISI": "EŞARJ ELEKTRİKLİ ARAÇLAR ŞARJ SİSTEMLERİ ANONİM ŞİRKETİ", "YESIL_SARJ_ISTASYONU_MU": "Evet", "ADRES": "Alacaatlı Mahallesi 5088 Sokağı  No:1 Çankaya / ANKARA", "SOKET_NO": "SKT/26837", "SOKET_TIPI": "AC", "SOKET_TURU": "AC_TYPE2", "SOKET_GUCU_KW": "22" }, "geometry": { "type": "Point", "coordinates": [ 32.648306, 39.835936 ] } },
{ "type": "Feature", "properties": { "ID": 19320.0, "SIRA_NO": 20.0, "ISTASYON_NO": "ŞRJ/10943", "ISTASYON_ADI": "Natural Yaşamkent Sitesi, Ankara", "HIZMET_SEKLI": "OZEL", "MARKA": "eşarj", "MARKAADI": "Eşarj", "SARJ_AGI_ISLETMECISI": "EŞARJ ELEKTRİKLİ ARAÇLAR ŞARJ SİSTEMLERİ ANONİM ŞİRKETİ", "YESIL_SARJ_ISTASYONU_MU": "Evet", "ADRES": "Alacaatlı Mahallesi 5088 Sokağı  No:1 Çankaya / ANKARA", "SOKET_NO": "SKT/26838", "SOKET_TIPI": "AC", "SOKET_TURU": "AC_TYPE2", "SOKET_GUCU_KW": "22" }, "geometry": { "type": "Point", "coordinates": [ 32.648306, 39.835936 ] } },
{ "type": "Feature", "properties": { "ID": 15758.0, "SIRA_NO": 261.0, "ISTASYON_NO": "ŞRJ/3167", "ISTASYON_ADI": "Damla Petrol", "HIZMET_SEKLI": "HALKA_ACIK", "MARKA": "Trugo", "MARKAADI": "Trugo", "SARJ_AGI_ISLETMECISI": "TRUGO AKILLI ŞARJ ÇÖZÜMLERİ SANAYİ VE TİCARET ANONİM ŞİRKETİ", "YESIL_SARJ_ISTASYONU_MU": "Evet", "ADRES": "Söğütözü Mahallesi  No:120 Çankaya / ANKARA", "SOKET_NO": "SKT/20003", "SOKET_TIPI": "DC", "SOKET_TURU": "DC_CCS", "SOKET_GUCU_KW": "120" }, "geometry": { "type": "Point", "coordinates": [ 32.791734, 39.909407 ] } },
{ "type": "Feature", "properties": { "ID": 24988.0, "SIRA_NO": 252.0, "ISTASYON_NO": "ŞRJ/10462", "ISTASYON_ADI": "Zeplin Havelsan Ankara", "HIZMET_SEKLI": "OZEL", "MARKA": "ZEPLİN CAR rental", "MARKAADI": "Zeplin", "SARJ_AGI_ISLETMECISI": "ZEPLİN TURİZM ARAÇ KİRALAMA MOBİLİTE VE ENERJİ YATIRIMLARI ANONİM ŞİRKETİ", "YESIL_SARJ_ISTASYONU_MU": "", "ADRES": "Mustafa Kemal Mahallesi Şehit Öğretmen Şenay Aybüke Yalçın Caddesi 39 Sokağı Çankaya / ANKARA", "SOKET_NO": "SKT/25466", "SOKET_TIPI": "AC", "SOKET_TURU": "AC_TYPE2", "SOKET_GUCU_KW": "20" }, "geometry": { "type": "Point", "coordinates": [ 32.776689, 39.91282 ] } },
{ "type": "Feature", "properties": { "ID": 22282.0, "SIRA_NO": 204.0, "ISTASYON_NO": "ŞRJ/11858", "ISTASYON_ADI": "İLKSAN  ANKARA KONUKEVİ", "HIZMET_SEKLI": "HALKA_ACIK", "MARKA": "AKSA ŞARJ", "MARKAADI": "Aksa Şarj", "SARJ_AGI_ISLETMECISI": "AKSA MÜŞTERİ ÇÖZÜMLERİ ANONİM ŞİRKETİ", "YESIL_SARJ_ISTASYONU_MU": "Evet", "ADRES": "Çamlıtepe Mahallesi Taşkent Sokağı  No:25 Çankaya / ANKARA", "SOKET_NO": "SKT/29849", "SOKET_TIPI": "AC", "SOKET_TURU": "AC_TYPE2", "SOKET_GUCU_KW": "22" }, "geometry": { "type": "Point", "coordinates": [ 32.870184, 39.927056 ] } },
{ "type": "Feature", "properties": { "ID": 23540.0, "SIRA_NO": 173.0, "ISTASYON_NO": "ŞRJ/15206", "ISTASYON_ADI": "ORAN ATATÜRK SİTESİ", "HIZMET_SEKLI": "OZEL", "MARKA": "EPSIS", "MARKAADI": "Epsis", "SARJ_AGI_ISLETMECISI": "FORM ELEKTRİK İNŞAAT MÜHENDİSLİK ANONİM ŞİRKETİ", "YESIL_SARJ_ISTASYONU_MU": "", "ADRES": "Oran Mahallesi 807 Sokağı  No:8 Çankaya / ANKARA", "SOKET_NO": "SKT/40507", "SOKET_TIPI": "AC", "SOKET_TURU": "AC_TYPE2", "SOKET_GUCU_KW": "22" }, "geometry": { "type": "Point", "coordinates": [ 32.813443, 39.850888 ] } },
{ "type": "Feature", "properties": { "ID": 23605.0, "SIRA_NO": 205.0, "ISTASYON_NO": "ŞRJ/3385", "ISTASYON_ADI": "DORLİN / A BLOK", "HIZMET_SEKLI": "OZEL", "MARKA": "EPSIS", "MARKAADI": "Epsis", "SARJ_AGI_ISLETMECISI": "FORM ELEKTRİK İNŞAAT MÜHENDİSLİK ANONİM ŞİRKETİ", "YESIL_SARJ_ISTASYONU_MU": "", "ADRES": "Yaşamkent Mahallesi 3158 Caddesi  No:32 Çankaya / ANKARA", "SOKET_NO": "SKT/43902", "SOKET_TIPI": "DC", "SOKET_TURU": "DC_CCS", "SOKET_GUCU_KW": "30" }, "geometry": { "type": "Point", "coordinates": [ 32.650648, 39.85653 ] } },
{ "type": "Feature", "properties": { "ID": 23608.0, "SIRA_NO": 207.0, "ISTASYON_NO": "ŞRJ/17189", "ISTASYON_ADI": "BESA NOVA EVLERİ", "HIZMET_SEKLI": "OZEL", "MARKA": "EPSIS", "MARKAADI": "Epsis", "SARJ_AGI_ISLETMECISI": "FORM ELEKTRİK İNŞAAT MÜHENDİSLİK ANONİM ŞİRKETİ", "YESIL_SARJ_ISTASYONU_MU": "", "ADRES": "Yaşamkent Mahallesi 3251 Caddesi  No:1/Şarj Çankaya / ANKARA", "SOKET_NO": "SKT/46880", "SOKET_TIPI": "DC", "SOKET_TURU": "DC_CCS", "SOKET_GUCU_KW": "30" }, "geometry": { "type": "Point", "coordinates": [ 32.642636, 39.861529 ] } },
{ "type": "Feature", "properties": { "ID": 23612.0, "SIRA_NO": 208.0, "ISTASYON_NO": "ŞRJ/17190", "ISTASYON_ADI": "LİON 114 SİTESİ", "HIZMET_SEKLI": "OZEL", "MARKA": "EPSIS", "MARKAADI": "Epsis", "SARJ_AGI_ISLETMECISI": "FORM ELEKTRİK İNŞAAT MÜHENDİSLİK ANONİM ŞİRKETİ", "YESIL_SARJ_ISTASYONU_MU": "", "ADRES": "Dodurga Mahallesi 4986 Caddesi  No:10/Şarj Çankaya / ANKARA", "SOKET_NO": "SKT/46884", "SOKET_TIPI": "DC", "SOKET_TURU": "DC_CCS", "SOKET_GUCU_KW": "30" }, "geometry": { "type": "Point", "coordinates": [ 32.652382, 39.839843 ] } },
{ "type": "Feature", "properties": { "ID": 23615.0, "SIRA_NO": 209.0, "ISTASYON_NO": "ŞRJ/17187", "ISTASYON_ADI": "ULUCAN SİTESİ DC", "HIZMET_SEKLI": "HALKA_ACIK", "MARKA": "EPSIS", "MARKAADI": "Epsis", "SARJ_AGI_ISLETMECISI": "FORM ELEKTRİK İNŞAAT MÜHENDİSLİK ANONİM ŞİRKETİ", "YESIL_SARJ_ISTASYONU_MU": "", "ADRES": "Prof.dr. A.taner Kışlalı Mahallesi Alacaatlı Caddesi  No:18 Çankaya / ANKARA", "SOKET_NO": "SKT/46876", "SOKET_TIPI": "DC", "SOKET_TURU": "DC_CCS", "SOKET_GUCU_KW": "80" }, "geometry": { "type": "Point", "coordinates": [ 32.684873, 39.867283 ] } },
{ "type": "Feature", "properties": { "ID": 23617.0, "SIRA_NO": 210.0, "ISTASYON_NO": "ŞRJ/17240", "ISTASYON_ADI": "TAVUKÇU LOKANTASI DC", "HIZMET_SEKLI": "HALKA_ACIK", "MARKA": "EPSIS", "MARKAADI": "Epsis", "SARJ_AGI_ISLETMECISI": "FORM ELEKTRİK İNŞAAT MÜHENDİSLİK ANONİM ŞİRKETİ", "YESIL_SARJ_ISTASYONU_MU": "", "ADRES": "Prof.dr. A.taner Kışlalı Mahallesi Alacaatlı Caddesi  No:18 Çankaya / ANKARA", "SOKET_NO": "SKT/47075", "SOKET_TIPI": "DC", "SOKET_TURU": "DC_CCS", "SOKET_GUCU_KW": "80" }, "geometry": { "type": "Point", "coordinates": [ 32.685198, 39.867691 ] } },
{ "type": "Feature", "properties": { "ID": 21368.0, "SIRA_NO": 368.0, "ISTASYON_NO": "ŞRJ/7041", "ISTASYON_ADI": "BOMA CAFE AC-1", "HIZMET_SEKLI": "HALKA_ACIK", "MARKA": "beefull", "MARKAADI": "Beefull", "SARJ_AGI_ISLETMECISI": "BEEFULL ENERJİ TEKNOLOJİLERİ ANONİM ŞİRKETİ", "YESIL_SARJ_ISTASYONU_MU": "Evet", "ADRES": "Prof. Dr. Ahmet Taner Kışlalı Mahallesi Alacaatlı Caddesi  No:30/7 Çankaya / ANKARA", "SOKET_NO": "SKT/15750", "SOKET_TIPI": "AC", "SOKET_TURU": "AC_TYPE2", "SOKET_GUCU_KW": "22" }, "geometry": { "type": "Point", "coordinates": [ 32.68348, 39.865395 ] } },
{ "type": "Feature", "properties": { "ID": 21369.0, "SIRA_NO": 369.0, "ISTASYON_NO": "ŞRJ/7042", "ISTASYON_ADI": "BOMA CAFE AC-2", "HIZMET_SEKLI": "HALKA_ACIK", "MARKA": "beefull", "MARKAADI": "Beefull", "SARJ_AGI_ISLETMECISI": "BEEFULL ENERJİ TEKNOLOJİLERİ ANONİM ŞİRKETİ", "YESIL_SARJ_ISTASYONU_MU": "Evet", "ADRES": "Prof. Dr. Ahmet Taner Kışlalı Mahallesi Alacaatlı Caddesi  No:30/7 Çankaya / ANKARA", "SOKET_NO": "SKT/15751", "SOKET_TIPI": "AC", "SOKET_TURU": "AC_TYPE2", "SOKET_GUCU_KW": "22" }, "geometry": { "type": "Point", "coordinates": [ 32.683447, 39.865382 ] } },
{ "type": "Feature", "properties": { "ID": 23546.0, "SIRA_NO": 178.0, "ISTASYON_NO": "ŞRJ/12306", "ISTASYON_ADI": "ARTE KENT SİTESİ A/BLOK", "HIZMET_SEKLI": "OZEL", "MARKA": "EPSIS", "MARKAADI": "Epsis", "SARJ_AGI_ISLETMECISI": "FORM ELEKTRİK İNŞAAT MÜHENDİSLİK ANONİM ŞİRKETİ", "YESIL_SARJ_ISTASYONU_MU": "", "ADRES": "Dodurga Mahallesi 4986 Sokağı  No:5/A Çankaya / ANKARA", "SOKET_NO": "SKT/31434", "SOKET_TIPI": "AC", "SOKET_TURU": "AC_TYPE2", "SOKET_GUCU_KW": "18" }, "geometry": { "type": "Point", "coordinates": [ 32.650362, 39.838767 ] } },
{ "type": "Feature", "properties": { "ID": 23547.0, "SIRA_NO": 179.0, "ISTASYON_NO": "ŞRJ/12308", "ISTASYON_ADI": "ARTE KENT SİTESİ B/BLOK", "HIZMET_SEKLI": "OZEL", "MARKA": "EPSIS", "MARKAADI": "Epsis", "SARJ_AGI_ISLETMECISI": "FORM ELEKTRİK İNŞAAT MÜHENDİSLİK ANONİM ŞİRKETİ", "YESIL_SARJ_ISTASYONU_MU": "", "ADRES": "Dodurga Mahallesi 4986 Sokağı  No:5/B Çankaya / ANKARA", "SOKET_NO": "SKT/31447", "SOKET_TIPI": "AC", "SOKET_TURU": "AC_TYPE2", "SOKET_GUCU_KW": "18" }, "geometry": { "type": "Point", "coordinates": [ 32.649655, 39.838862 ] } },
{ "type": "Feature", "properties": { "ID": 24000.0, "SIRA_NO": 335.0, "ISTASYON_NO": "ŞRJ/5875", "ISTASYON_ADI": "TAURUS AVM", "HIZMET_SEKLI": "HALKA_ACIK", "MARKA": "getacharge", "MARKAADI": "Getacharge", "SARJ_AGI_ISLETMECISI": "PROŞARJ ARAÇ ŞARJ SİSTEMLERİ ENERJİ SANAYİ VE TİCARET ANONİM ŞİRKETİ", "YESIL_SARJ_ISTASYONU_MU": "", "ADRES": "İşçi Blokları Mah. Mahallesi  No:No:190/b Z-24 Çankaya / ANKARA", "SOKET_NO": "SKT/12778", "SOKET_TIPI": "DC", "SOKET_TURU": "DC_CCS", "SOKET_GUCU_KW": "120" }, "geometry": { "type": "Point", "coordinates": [ 32.811895, 39.887967 ] } },
{ "type": "Feature", "properties": { "ID": 22494.0, "SIRA_NO": 263.0, "ISTASYON_NO": "ŞRJ/15346", "ISTASYON_ADI": "KAZANCI HOLDİNG ANKARA", "HIZMET_SEKLI": "HALKA_ACIK", "MARKA": "AKSA ŞARJ", "MARKAADI": "Aksa Şarj", "SARJ_AGI_ISLETMECISI": "AKSA MÜŞTERİ ÇÖZÜMLERİ ANONİM ŞİRKETİ", "YESIL_SARJ_ISTASYONU_MU": "Evet", "ADRES": "Aşağı Öveçler Mahallesi 1324 Caddesi  No:35 Çankaya / ANKARA", "SOKET_NO": "SKT/40931", "SOKET_TIPI": "DC", "SOKET_TURU": "DC_CCS", "SOKET_GUCU_KW": "60" }, "geometry": { "type": "Point", "coordinates": [ 32.82516, 39.890929 ] } },
{ "type": "Feature", "properties": { "ID": 22495.0, "SIRA_NO": 264.0, "ISTASYON_NO": "ŞRJ/15398", "ISTASYON_ADI": "DOĞAN MEDYA CENTER", "HIZMET_SEKLI": "OZEL", "MARKA": "AKSA ŞARJ", "MARKAADI": "Aksa Şarj", "SARJ_AGI_ISLETMECISI": "AKSA MÜŞTERİ ÇÖZÜMLERİ ANONİM ŞİRKETİ", "YESIL_SARJ_ISTASYONU_MU": "Evet", "ADRES": "Söğütözü Mahallesi  No:102/1 Çankaya / ANKARA", "SOKET_NO": "SKT/41098", "SOKET_TIPI": "AC", "SOKET_TURU": "AC_TYPE2", "SOKET_GUCU_KW": "22" }, "geometry": { "type": "Point", "coordinates": [ 32.794255, 39.909533 ] } },
{ "type": "Feature", "properties": { "ID": 21940.0, "SIRA_NO": 82.0, "ISTASYON_NO": "ŞRJ/13610", "ISTASYON_ADI": "BAŞKENT ÜNİVERSİTESİ HASTANESİ", "HIZMET_SEKLI": "HALKA_ACIK", "MARKA": "Fast-Go", "MARKAADI": "Fast Go", "SARJ_AGI_ISLETMECISI": "YENİ MODEL YAPAY ZEKA VE ROBOTİK TEKNOLOJİ HİZMETLERİ ANONİM ŞİRKETİ", "YESIL_SARJ_ISTASYONU_MU": "", "ADRES": "Yukarı Bahçelievler Mahallesi 82 Sokağı  No:26 Çankaya / ANKARA", "SOKET_NO": "SKT/35404", "SOKET_TIPI": "AC", "SOKET_TURU": "AC_TYPE2", "SOKET_GUCU_KW": "22" }, "geometry": { "type": "Point", "coordinates": [ 32.831909, 39.925324 ] } },
{ "type": "Feature", "properties": { "ID": 21947.0, "SIRA_NO": 84.0, "ISTASYON_NO": "ŞRJ/7313", "ISTASYON_ADI": "BURONSAN YAŞAMKENT", "HIZMET_SEKLI": "HALKA_ACIK", "MARKA": "Fast-Go", "MARKAADI": "Fast Go", "SARJ_AGI_ISLETMECISI": "YENİ MODEL YAPAY ZEKA VE ROBOTİK TEKNOLOJİ HİZMETLERİ ANONİM ŞİRKETİ", "YESIL_SARJ_ISTASYONU_MU": "", "ADRES": "Yaşamkent Mahallesi 3197 Sokağı  No:8 Çankaya / ANKARA", "SOKET_NO": "SKT/16423", "SOKET_TIPI": "AC", "SOKET_TURU": "AC_TYPE2", "SOKET_GUCU_KW": "22" }, "geometry": { "type": "Point", "coordinates": [ 32.647102, 39.86783 ] } },
{ "type": "Feature", "properties": { "ID": 15507.0, "SIRA_NO": 167.0, "ISTASYON_NO": "ŞRJ/15677", "ISTASYON_ADI": "ODTÜ Teknokent", "HIZMET_SEKLI": "HALKA_ACIK", "MARKA": "Trugo", "MARKAADI": "Trugo", "SARJ_AGI_ISLETMECISI": "TRUGO AKILLI ŞARJ ÇÖZÜMLERİ SANAYİ VE TİCARET ANONİM ŞİRKETİ", "YESIL_SARJ_ISTASYONU_MU": "Evet", "ADRES": "Üniversiteler Mahallesi Dumlupınar Sokağı  No:1/1 Çankaya / ANKARA", "SOKET_NO": "SKT/41960", "SOKET_TIPI": "DC", "SOKET_TURU": "DC_CCS", "SOKET_GUCU_KW": "180" }, "geometry": { "type": "Point", "coordinates": [ 32.774475, 39.897673 ] } },
{ "type": "Feature", "properties": { "ID": 15508.0, "SIRA_NO": 167.0, "ISTASYON_NO": "ŞRJ/15677", "ISTASYON_ADI": "ODTÜ Teknokent", "HIZMET_SEKLI": "HALKA_ACIK", "MARKA": "Trugo", "MARKAADI": "Trugo", "SARJ_AGI_ISLETMECISI": "TRUGO AKILLI ŞARJ ÇÖZÜMLERİ SANAYİ VE TİCARET ANONİM ŞİRKETİ", "YESIL_SARJ_ISTASYONU_MU": "Evet", "ADRES": "Üniversiteler Mahallesi Dumlupınar Sokağı  No:1/1 Çankaya / ANKARA", "SOKET_NO": "SKT/41961", "SOKET_TIPI": "DC", "SOKET_TURU": "DC_CCS", "SOKET_GUCU_KW": "180" }, "geometry": { "type": "Point", "coordinates": [ 32.774475, 39.897673 ] } },
{ "type": "Feature", "properties": { "ID": 15509.0, "SIRA_NO": 167.0, "ISTASYON_NO": "ŞRJ/15677", "ISTASYON_ADI": "ODTÜ Teknokent", "HIZMET_SEKLI": "HALKA_ACIK", "MARKA": "Trugo", "MARKAADI": "Trugo", "SARJ_AGI_ISLETMECISI": "TRUGO AKILLI ŞARJ ÇÖZÜMLERİ SANAYİ VE TİCARET ANONİM ŞİRKETİ", "YESIL_SARJ_ISTASYONU_MU": "Evet", "ADRES": "Üniversiteler Mahallesi Dumlupınar Sokağı  No:1/1 Çankaya / ANKARA", "SOKET_NO": "SKT/41962", "SOKET_TIPI": "DC", "SOKET_TURU": "DC_CCS", "SOKET_GUCU_KW": "180" }, "geometry": { "type": "Point", "coordinates": [ 32.774475, 39.897673 ] } },
{ "type": "Feature", "properties": { "ID": 15510.0, "SIRA_NO": 167.0, "ISTASYON_NO": "ŞRJ/15677", "ISTASYON_ADI": "ODTÜ Teknokent", "HIZMET_SEKLI": "HALKA_ACIK", "MARKA": "Trugo", "MARKAADI": "Trugo", "SARJ_AGI_ISLETMECISI": "TRUGO AKILLI ŞARJ ÇÖZÜMLERİ SANAYİ VE TİCARET ANONİM ŞİRKETİ", "YESIL_SARJ_ISTASYONU_MU": "Evet", "ADRES": "Üniversiteler Mahallesi Dumlupınar Sokağı  No:1/1 Çankaya / ANKARA", "SOKET_NO": "SKT/41963", "SOKET_TIPI": "DC", "SOKET_TURU": "DC_CCS", "SOKET_GUCU_KW": "180" }, "geometry": { "type": "Point", "coordinates": [ 32.774475, 39.897673 ] } },
{ "type": "Feature", "properties": { "ID": 15511.0, "SIRA_NO": 167.0, "ISTASYON_NO": "ŞRJ/15677", "ISTASYON_ADI": "ODTÜ Teknokent", "HIZMET_SEKLI": "HALKA_ACIK", "MARKA": "Trugo", "MARKAADI": "Trugo", "SARJ_AGI_ISLETMECISI": "TRUGO AKILLI ŞARJ ÇÖZÜMLERİ SANAYİ VE TİCARET ANONİM ŞİRKETİ", "YESIL_SARJ_ISTASYONU_MU": "Evet", "ADRES": "Üniversiteler Mahallesi Dumlupınar Sokağı  No:1/1 Çankaya / ANKARA", "SOKET_NO": "SKT/41964", "SOKET_TIPI": "DC", "SOKET_TURU": "DC_CCS", "SOKET_GUCU_KW": "180" }, "geometry": { "type": "Point", "coordinates": [ 32.774475, 39.897673 ] } },
{ "type": "Feature", "properties": { "ID": 15512.0, "SIRA_NO": 167.0, "ISTASYON_NO": "ŞRJ/15677", "ISTASYON_ADI": "ODTÜ Teknokent", "HIZMET_SEKLI": "HALKA_ACIK", "MARKA": "Trugo", "MARKAADI": "Trugo", "SARJ_AGI_ISLETMECISI": "TRUGO AKILLI ŞARJ ÇÖZÜMLERİ SANAYİ VE TİCARET ANONİM ŞİRKETİ", "YESIL_SARJ_ISTASYONU_MU": "Evet", "ADRES": "Üniversiteler Mahallesi Dumlupınar Sokağı  No:1/1 Çankaya / ANKARA", "SOKET_NO": "SKT/41965", "SOKET_TIPI": "DC", "SOKET_TURU": "DC_CCS", "SOKET_GUCU_KW": "180" }, "geometry": { "type": "Point", "coordinates": [ 32.774475, 39.897673 ] } },
{ "type": "Feature", "properties": { "ID": 23578.0, "SIRA_NO": 194.0, "ISTASYON_NO": "ŞRJ/15527", "ISTASYON_ADI": "LOTUS EVLERİ SİTESİ", "HIZMET_SEKLI": "OZEL", "MARKA": "EPSIS", "MARKAADI": "Epsis", "SARJ_AGI_ISLETMECISI": "FORM ELEKTRİK İNŞAAT MÜHENDİSLİK ANONİM ŞİRKETİ", "YESIL_SARJ_ISTASYONU_MU": "", "ADRES": "Alacaatlı Mahallesi Vehbi Demirel Sokağı  No:8/A Çankaya / ANKARA", "SOKET_NO": "SKT/41473", "SOKET_TIPI": "AC", "SOKET_TURU": "AC_TYPE2", "SOKET_GUCU_KW": "22" }, "geometry": { "type": "Point", "coordinates": [ 32.643521, 39.852388 ] } },
{ "type": "Feature", "properties": { "ID": 21873.0, "SIRA_NO": 66.0, "ISTASYON_NO": "ŞRJ/6325", "ISTASYON_ADI": "KOZA EVLER", "HIZMET_SEKLI": "HALKA_ACIK", "MARKA": "Fast-Go", "MARKAADI": "Fast Go", "SARJ_AGI_ISLETMECISI": "YENİ MODEL YAPAY ZEKA VE ROBOTİK TEKNOLOJİ HİZMETLERİ ANONİM ŞİRKETİ", "YESIL_SARJ_ISTASYONU_MU": "", "ADRES": "Alacaatlı Mahallesi 3346 Caddesi  Koza Evler Çankaya / ANKARA", "SOKET_NO": "SKT/13789", "SOKET_TIPI": "AC", "SOKET_TURU": "AC_TYPE2", "SOKET_GUCU_KW": "22" }, "geometry": { "type": "Point", "coordinates": [ 32.68472, 39.84881 ] } },
{ "type": "Feature", "properties": { "ID": 18928.0, "SIRA_NO": 393.0, "ISTASYON_NO": "ŞRJ/10155", "ISTASYON_ADI": "Toyota Plaza Efe, Ankara", "HIZMET_SEKLI": "HALKA_ACIK", "MARKA": "eşarj", "MARKAADI": "Eşarj", "SARJ_AGI_ISLETMECISI": "EŞARJ ELEKTRİKLİ ARAÇLAR ŞARJ SİSTEMLERİ ANONİM ŞİRKETİ", "YESIL_SARJ_ISTASYONU_MU": "Evet", "ADRES": "Mustafa Kemal Mahallesi  No:186 Çankaya / ANKARA", "SOKET_NO": "SKT/24496", "SOKET_TIPI": "DC", "SOKET_TURU": "DC_CCS", "SOKET_GUCU_KW": "120" }, "geometry": { "type": "Point", "coordinates": [ 32.744981, 39.907623 ] } },
{ "type": "Feature", "properties": { "ID": 18929.0, "SIRA_NO": 393.0, "ISTASYON_NO": "ŞRJ/10155", "ISTASYON_ADI": "Toyota Plaza Efe, Ankara", "HIZMET_SEKLI": "HALKA_ACIK", "MARKA": "eşarj", "MARKAADI": "Eşarj", "SARJ_AGI_ISLETMECISI": "EŞARJ ELEKTRİKLİ ARAÇLAR ŞARJ SİSTEMLERİ ANONİM ŞİRKETİ", "YESIL_SARJ_ISTASYONU_MU": "Evet", "ADRES": "Mustafa Kemal Mahallesi  No:186 Çankaya / ANKARA", "SOKET_NO": "SKT/24497", "SOKET_TIPI": "DC", "SOKET_TURU": "DC_CCS", "SOKET_GUCU_KW": "50" }, "geometry": { "type": "Point", "coordinates": [ 32.744981, 39.907623 ] } },
{ "type": "Feature", "properties": { "ID": 18930.0, "SIRA_NO": 393.0, "ISTASYON_NO": "ŞRJ/10155", "ISTASYON_ADI": "Toyota Plaza Efe, Ankara", "HIZMET_SEKLI": "HALKA_ACIK", "MARKA": "eşarj", "MARKAADI": "Eşarj", "SARJ_AGI_ISLETMECISI": "EŞARJ ELEKTRİKLİ ARAÇLAR ŞARJ SİSTEMLERİ ANONİM ŞİRKETİ", "YESIL_SARJ_ISTASYONU_MU": "Evet", "ADRES": "Mustafa Kemal Mahallesi  No:186 Çankaya / ANKARA", "SOKET_NO": "SKT/24498", "SOKET_TIPI": "DC", "SOKET_TURU": "DC_CHADEMO", "SOKET_GUCU_KW": "50" }, "geometry": { "type": "Point", "coordinates": [ 32.744981, 39.907623 ] } },
{ "type": "Feature", "properties": { "ID": 18931.0, "SIRA_NO": 393.0, "ISTASYON_NO": "ŞRJ/10155", "ISTASYON_ADI": "Toyota Plaza Efe, Ankara", "HIZMET_SEKLI": "HALKA_ACIK", "MARKA": "eşarj", "MARKAADI": "Eşarj", "SARJ_AGI_ISLETMECISI": "EŞARJ ELEKTRİKLİ ARAÇLAR ŞARJ SİSTEMLERİ ANONİM ŞİRKETİ", "YESIL_SARJ_ISTASYONU_MU": "Evet", "ADRES": "Mustafa Kemal Mahallesi  No:186 Çankaya / ANKARA", "SOKET_NO": "SKT/24499", "SOKET_TIPI": "AC", "SOKET_TURU": "AC_TYPE2", "SOKET_GUCU_KW": "22" }, "geometry": { "type": "Point", "coordinates": [ 32.744981, 39.907623 ] } },
{ "type": "Feature", "properties": { "ID": 22054.0, "SIRA_NO": 113.0, "ISTASYON_NO": "ŞRJ/11768", "ISTASYON_ADI": "ATASAYANLAR A BLOK", "HIZMET_SEKLI": "OZEL", "MARKA": "TORA", "MARKAADI": "Tora", "SARJ_AGI_ISLETMECISI": "TORA TEKNİK HİZMETLER İŞLETME ANONİM ŞİRKETİ", "YESIL_SARJ_ISTASYONU_MU": "", "ADRES": "Alacaatlı Mahallesi 5060 Sokağı  No:4 A Çankaya / ANKARA", "SOKET_NO": "SKT/29581", "SOKET_TIPI": "AC", "SOKET_TURU": "AC_TYPE2", "SOKET_GUCU_KW": "22" }, "geometry": { "type": "Point", "coordinates": [ 32.651874, 39.848376 ] } },
{ "type": "Feature", "properties": { "ID": 22056.0, "SIRA_NO": 114.0, "ISTASYON_NO": "ŞRJ/11770", "ISTASYON_ADI": "ATASAYANLAR B BLOK", "HIZMET_SEKLI": "OZEL", "MARKA": "TORA", "MARKAADI": "Tora", "SARJ_AGI_ISLETMECISI": "TORA TEKNİK HİZMETLER İŞLETME ANONİM ŞİRKETİ", "YESIL_SARJ_ISTASYONU_MU": "", "ADRES": "Alacaatlı Mahallesi 5060 Sokağı  No:4 B Çankaya / ANKARA", "SOKET_NO": "SKT/29585", "SOKET_TIPI": "AC", "SOKET_TURU": "AC_TYPE2", "SOKET_GUCU_KW": "22" }, "geometry": { "type": "Point", "coordinates": [ 32.651383, 39.848351 ] } },
{ "type": "Feature", "properties": { "ID": 21248.0, "SIRA_NO": 304.0, "ISTASYON_NO": "ŞRJ/1663", "ISTASYON_ADI": "COZONE", "HIZMET_SEKLI": "HALKA_ACIK", "MARKA": "beefull", "MARKAADI": "Beefull", "SARJ_AGI_ISLETMECISI": "BEEFULL ENERJİ TEKNOLOJİLERİ ANONİM ŞİRKETİ", "YESIL_SARJ_ISTASYONU_MU": "Evet", "ADRES": "Mustafa Kemal Mahallesi  No:280  Bilişim İnovasyon Merkezi Odtü Teknokent Çankaya / ANKARA", "SOKET_NO": "SKT/2882", "SOKET_TIPI": "AC", "SOKET_TURU": "AC_TYPE2", "SOKET_GUCU_KW": "22" }, "geometry": { "type": "Point", "coordinates": [ 32.750794, 39.909004 ] } },
{ "type": "Feature", "properties": { "ID": 21249.0, "SIRA_NO": 305.0, "ISTASYON_NO": "ŞRJ/1664", "ISTASYON_ADI": "ODTÜ TEKNOKENT GALYUM BLOK", "HIZMET_SEKLI": "OZEL", "MARKA": "beefull", "MARKAADI": "Beefull", "SARJ_AGI_ISLETMECISI": "BEEFULL ENERJİ TEKNOLOJİLERİ ANONİM ŞİRKETİ", "YESIL_SARJ_ISTASYONU_MU": "Evet", "ADRES": "Üniversiteler Mahallesi  No:27 Çankaya / ANKARA", "SOKET_NO": "SKT/2883", "SOKET_TIPI": "AC", "SOKET_TURU": "AC_TYPE2", "SOKET_GUCU_KW": "22" }, "geometry": { "type": "Point", "coordinates": [ 32.774474, 39.897745 ] } },
{ "type": "Feature", "properties": { "ID": 21803.0, "SIRA_NO": 39.0, "ISTASYON_NO": "ŞRJ/17689", "ISTASYON_ADI": "EVRENSEL YAŞAM AC-1, AC-2, AC-3, AC-4", "HIZMET_SEKLI": "OZEL", "MARKA": "beefull", "MARKAADI": "Beefull", "SARJ_AGI_ISLETMECISI": "BEEFULL ENERJİ TEKNOLOJİLERİ ANONİM ŞİRKETİ", "YESIL_SARJ_ISTASYONU_MU": "Evet", "ADRES": "Doğurga Mahallesi 5136 Caddesi  No:7 /A/B BLOK Çankaya / ANKARA", "SOKET_NO": "SKT/48399", "SOKET_TIPI": "AC", "SOKET_TURU": "AC_TYPE2", "SOKET_GUCU_KW": "22" }, "geometry": { "type": "Point", "coordinates": [ 32.652227, 39.838848 ] } },
{ "type": "Feature", "properties": { "ID": 30193.0, "SIRA_NO": 151.0, "ISTASYON_NO": "ŞRJ/15193", "ISTASYON_ADI": "BTK Merkez", "HIZMET_SEKLI": "HALKA_ACIK", "MARKA": "porty", "MARKAADI": "Porty", "SARJ_AGI_ISLETMECISI": "PORTY SMART TECH TEKNOLOJİ ANONİM ŞİRKETİ", "YESIL_SARJ_ISTASYONU_MU": "", "ADRES": "Mustafa Kemal Mah. Mahallesi Dumlupınar Sk. Sokağı  No:276 Çankaya / ANKARA", "SOKET_NO": "SKT/40444", "SOKET_TIPI": "AC", "SOKET_TURU": "AC_TYPE2", "SOKET_GUCU_KW": "22" }, "geometry": { "type": "Point", "coordinates": [ 32.75181, 39.907904 ] } },
{ "type": "Feature", "properties": { "ID": 30194.0, "SIRA_NO": 151.0, "ISTASYON_NO": "ŞRJ/15193", "ISTASYON_ADI": "BTK Merkez", "HIZMET_SEKLI": "HALKA_ACIK", "MARKA": "porty", "MARKAADI": "Porty", "SARJ_AGI_ISLETMECISI": "PORTY SMART TECH TEKNOLOJİ ANONİM ŞİRKETİ", "YESIL_SARJ_ISTASYONU_MU": "", "ADRES": "Mustafa Kemal Mah. Mahallesi Dumlupınar Sk. Sokağı  No:276 Çankaya / ANKARA", "SOKET_NO": "SKT/40445", "SOKET_TIPI": "AC", "SOKET_TURU": "AC_TYPE2", "SOKET_GUCU_KW": "22" }, "geometry": { "type": "Point", "coordinates": [ 32.75181, 39.907904 ] } },
{ "type": "Feature", "properties": { "ID": 30195.0, "SIRA_NO": 151.0, "ISTASYON_NO": "ŞRJ/15193", "ISTASYON_ADI": "BTK Merkez", "HIZMET_SEKLI": "HALKA_ACIK", "MARKA": "porty", "MARKAADI": "Porty", "SARJ_AGI_ISLETMECISI": "PORTY SMART TECH TEKNOLOJİ ANONİM ŞİRKETİ", "YESIL_SARJ_ISTASYONU_MU": "", "ADRES": "Mustafa Kemal Mah. Mahallesi Dumlupınar Sk. Sokağı  No:276 Çankaya / ANKARA", "SOKET_NO": "SKT/40446", "SOKET_TIPI": "AC", "SOKET_TURU": "AC_TYPE2", "SOKET_GUCU_KW": "22" }, "geometry": { "type": "Point", "coordinates": [ 32.75181, 39.907904 ] } },
{ "type": "Feature", "properties": { "ID": 30196.0, "SIRA_NO": 151.0, "ISTASYON_NO": "ŞRJ/15193", "ISTASYON_ADI": "BTK Merkez", "HIZMET_SEKLI": "HALKA_ACIK", "MARKA": "porty", "MARKAADI": "Porty", "SARJ_AGI_ISLETMECISI": "PORTY SMART TECH TEKNOLOJİ ANONİM ŞİRKETİ", "YESIL_SARJ_ISTASYONU_MU": "", "ADRES": "Mustafa Kemal Mah. Mahallesi Dumlupınar Sk. Sokağı  No:276 Çankaya / ANKARA", "SOKET_NO": "SKT/40447", "SOKET_TIPI": "AC", "SOKET_TURU": "AC_TYPE2", "SOKET_GUCU_KW": "22" }, "geometry": { "type": "Point", "coordinates": [ 32.75181, 39.907904 ] } },
{ "type": "Feature", "properties": { "ID": 27280.0, "SIRA_NO": 225.0, "ISTASYON_NO": "ŞRJ/5959", "ISTASYON_ADI": "Refik Belendir Ofis", "HIZMET_SEKLI": "OZEL", "MARKA": "RÖNESANS CHARGER", "MARKAADI": "Rönesans", "SARJ_AGI_ISLETMECISI": "RÖNESANS ŞARJ İSTASYON ENERJİ YATIRIMLARI ANONİM ŞİRKETİ", "YESIL_SARJ_ISTASYONU_MU": "", "ADRES": "Aziziye Mahallesi Refik Belendir Sokağı  No:110 Çankaya / ANKARA", "SOKET_NO": "SKT/13012", "SOKET_TIPI": "AC", "SOKET_TURU": "AC_TYPE2", "SOKET_GUCU_KW": "22" }, "geometry": { "type": "Point", "coordinates": [ 32.849244, 39.88653 ] } },
{ "type": "Feature", "properties": { "ID": 31392.0, "SIRA_NO": 477.0, "ISTASYON_NO": "ŞRJ/16024", "ISTASYON_ADI": "KEYVAN ACRUX SİTESİ", "HIZMET_SEKLI": "OZEL", "MARKA": "ŞARJTAK", "MARKAADI": "ŞarjTak", "SARJ_AGI_ISLETMECISI": "TAYRAN GRUP İNŞAAT ANONİM ŞİRKETİ", "YESIL_SARJ_ISTASYONU_MU": "", "ADRES": "Beytepe Mahallesi Ali Şir Nevai Caddesi  No:3 Çankaya / ANKARA", "SOKET_NO": "SKT/43102", "SOKET_TIPI": "AC", "SOKET_TURU": "AC_TYPE2", "SOKET_GUCU_KW": "22" }, "geometry": { "type": "Point", "coordinates": [ 32.706837, 39.864241 ] } },
{ "type": "Feature", "properties": { "ID": 31393.0, "SIRA_NO": 477.0, "ISTASYON_NO": "ŞRJ/16024", "ISTASYON_ADI": "KEYVAN ACRUX SİTESİ", "HIZMET_SEKLI": "OZEL", "MARKA": "ŞARJTAK", "MARKAADI": "ŞarjTak", "SARJ_AGI_ISLETMECISI": "TAYRAN GRUP İNŞAAT ANONİM ŞİRKETİ", "YESIL_SARJ_ISTASYONU_MU": "", "ADRES": "Beytepe Mahallesi Ali Şir Nevai Caddesi  No:3 Çankaya / ANKARA", "SOKET_NO": "SKT/43103", "SOKET_TIPI": "AC", "SOKET_TURU": "AC_TYPE2", "SOKET_GUCU_KW": "22" }, "geometry": { "type": "Point", "coordinates": [ 32.706837, 39.864241 ] } },
{ "type": "Feature", "properties": { "ID": 31394.0, "SIRA_NO": 477.0, "ISTASYON_NO": "ŞRJ/16024", "ISTASYON_ADI": "KEYVAN ACRUX SİTESİ", "HIZMET_SEKLI": "OZEL", "MARKA": "ŞARJTAK", "MARKAADI": "ŞarjTak", "SARJ_AGI_ISLETMECISI": "TAYRAN GRUP İNŞAAT ANONİM ŞİRKETİ", "YESIL_SARJ_ISTASYONU_MU": "", "ADRES": "Beytepe Mahallesi Ali Şir Nevai Caddesi  No:3 Çankaya / ANKARA", "SOKET_NO": "SKT/43104", "SOKET_TIPI": "AC", "SOKET_TURU": "AC_TYPE2", "SOKET_GUCU_KW": "22" }, "geometry": { "type": "Point", "coordinates": [ 32.706837, 39.864241 ] } },
{ "type": "Feature", "properties": { "ID": 31350.0, "SIRA_NO": 461.0, "ISTASYON_NO": "ŞRJ/11682", "ISTASYON_ADI": "RELAX YAŞAMKENT SİTESİ", "HIZMET_SEKLI": "HALKA_ACIK", "MARKA": "ŞARJTAK", "MARKAADI": "ŞarjTak", "SARJ_AGI_ISLETMECISI": "TAYRAN GRUP İNŞAAT ANONİM ŞİRKETİ", "YESIL_SARJ_ISTASYONU_MU": "", "ADRES": "Alacaatlı Mahallesi 3834 Sokağı  No:25 Çankaya / ANKARA", "SOKET_NO": "SKT/29180", "SOKET_TIPI": "AC", "SOKET_TURU": "AC_TYPE2", "SOKET_GUCU_KW": "7,4" }, "geometry": { "type": "Point", "coordinates": [ 32.644909, 39.846769 ] } },
{ "type": "Feature", "properties": { "ID": 26613.0, "SIRA_NO": 361.0, "ISTASYON_NO": "ŞRJ/9450", "ISTASYON_ADI": "ANKARA 5 - KAV ENERJİ A.Ş.", "HIZMET_SEKLI": "HALKA_ACIK", "MARKA": "SOLARGIZE", "MARKAADI": "Solargize", "SARJ_AGI_ISLETMECISI": "SMART SOLARGİZE YEŞİL MOBİLİTE ENERJİ ANONİM ŞİRKETİ", "YESIL_SARJ_ISTASYONU_MU": "", "ADRES": "Çiğdem Mah Mahallesi 1552. Sk Sokağı  No:1 Çankaya / ANKARA", "SOKET_NO": "SKT/22295", "SOKET_TIPI": "DC", "SOKET_TURU": "DC_CCS", "SOKET_GUCU_KW": "120" }, "geometry": { "type": "Point", "coordinates": [ 32.80838, 39.883221 ] } },
{ "type": "Feature", "properties": { "ID": 26290.0, "SIRA_NO": 232.0, "ISTASYON_NO": "ŞRJ/7309", "ISTASYON_ADI": "OTP OGULTURK DUSUNUR KOLEJI ALACAATLI", "HIZMET_SEKLI": "HALKA_ACIK", "MARKA": "oğultürk PANO", "MARKAADI": "Oğultürk Pano", "SARJ_AGI_ISLETMECISI": "OTP OĞULTÜRK PANO İMALAT İTHALAT İHRACAT SANAYİ VE TİCARET LİMİTED ŞİRKETİ", "YESIL_SARJ_ISTASYONU_MU": "", "ADRES": "Alacaatlı Mah. Mahallesi Alacaatlı  Cad. Caddesi  No:62/1-2 Çankaya / ANKARA", "SOKET_NO": "SKT/16412", "SOKET_TIPI": "AC", "SOKET_TURU": "AC_TYPE2", "SOKET_GUCU_KW": "22" }, "geometry": { "type": "Point", "coordinates": [ 32.678674, 39.85811 ] } },
{ "type": "Feature", "properties": { "ID": 27287.0, "SIRA_NO": 228.0, "ISTASYON_NO": "ŞRJ/17092", "ISTASYON_ADI": "REV Holding", "HIZMET_SEKLI": "OZEL", "MARKA": "RÖNESANS CHARGER", "MARKAADI": "Rönesans", "SARJ_AGI_ISLETMECISI": "RÖNESANS ŞARJ İSTASYON ENERJİ YATIRIMLARI ANONİM ŞİRKETİ", "YESIL_SARJ_ISTASYONU_MU": "", "ADRES": "Hilal Mahallesi Sukarno Sokağı  No:3 /1 Çankaya / ANKARA", "SOKET_NO": "SKT/46548", "SOKET_TIPI": "AC", "SOKET_TURU": "AC_TYPE2", "SOKET_GUCU_KW": "22" }, "geometry": { "type": "Point", "coordinates": [ 32.858146, 39.867291 ] } },
{ "type": "Feature", "properties": { "ID": 31373.0, "SIRA_NO": 471.0, "ISTASYON_NO": "ŞRJ/15758", "ISTASYON_ADI": "GÜNEYPARK2 ŞARJTAK", "HIZMET_SEKLI": "HALKA_ACIK", "MARKA": "ŞARJTAK", "MARKAADI": "ŞarjTak", "SARJ_AGI_ISLETMECISI": "TAYRAN GRUP İNŞAAT ANONİM ŞİRKETİ", "YESIL_SARJ_ISTASYONU_MU": "", "ADRES": "İlkbahar Mahallesi  No:69/A /GÜNEYPARK KÜME EVLERİ Çankaya / ANKARA", "SOKET_NO": "SKT/42337", "SOKET_TIPI": "DC", "SOKET_TURU": "DC_CCS", "SOKET_GUCU_KW": "120" }, "geometry": { "type": "Point", "coordinates": [ 32.859452, 39.842395 ] } },
{ "type": "Feature", "properties": { "ID": 31379.0, "SIRA_NO": 473.0, "ISTASYON_NO": "ŞRJ/15394", "ISTASYON_ADI": "YDA SÖĞÜTÖZÜ KONUT", "HIZMET_SEKLI": "OZEL", "MARKA": "ŞARJTAK", "MARKAADI": "ŞarjTak", "SARJ_AGI_ISLETMECISI": "TAYRAN GRUP İNŞAAT ANONİM ŞİRKETİ", "YESIL_SARJ_ISTASYONU_MU": "", "ADRES": "Söğütözü Mahallesi 2185. Sokağı  No:20/A Çankaya / ANKARA", "SOKET_NO": "SKT/42692", "SOKET_TIPI": "AC", "SOKET_TURU": "AC_TYPE2", "SOKET_GUCU_KW": "22" }, "geometry": { "type": "Point", "coordinates": [ 32.791484, 39.9167 ] } },
{ "type": "Feature", "properties": { "ID": 31380.0, "SIRA_NO": 473.0, "ISTASYON_NO": "ŞRJ/15394", "ISTASYON_ADI": "YDA SÖĞÜTÖZÜ KONUT", "HIZMET_SEKLI": "OZEL", "MARKA": "ŞARJTAK", "MARKAADI": "ŞarjTak", "SARJ_AGI_ISLETMECISI": "TAYRAN GRUP İNŞAAT ANONİM ŞİRKETİ", "YESIL_SARJ_ISTASYONU_MU": "", "ADRES": "Söğütözü Mahallesi 2185. Sokağı  No:20/A Çankaya / ANKARA", "SOKET_NO": "SKT/42693", "SOKET_TIPI": "AC", "SOKET_TURU": "AC_TYPE2", "SOKET_GUCU_KW": "22" }, "geometry": { "type": "Point", "coordinates": [ 32.791484, 39.9167 ] } },
{ "type": "Feature", "properties": { "ID": 31381.0, "SIRA_NO": 473.0, "ISTASYON_NO": "ŞRJ/15394", "ISTASYON_ADI": "YDA SÖĞÜTÖZÜ KONUT", "HIZMET_SEKLI": "OZEL", "MARKA": "ŞARJTAK", "MARKAADI": "ŞarjTak", "SARJ_AGI_ISLETMECISI": "TAYRAN GRUP İNŞAAT ANONİM ŞİRKETİ", "YESIL_SARJ_ISTASYONU_MU": "", "ADRES": "Söğütözü Mahallesi 2185. Sokağı  No:20/A Çankaya / ANKARA", "SOKET_NO": "SKT/42694", "SOKET_TIPI": "AC", "SOKET_TURU": "AC_TYPE2", "SOKET_GUCU_KW": "22" }, "geometry": { "type": "Point", "coordinates": [ 32.791484, 39.9167 ] } },
{ "type": "Feature", "properties": { "ID": 31383.0, "SIRA_NO": 474.0, "ISTASYON_NO": "ŞRJ/15469", "ISTASYON_ADI": "ŞARJTAK/YDA CENTER", "HIZMET_SEKLI": "OZEL", "MARKA": "ŞARJTAK", "MARKAADI": "ŞarjTak", "SARJ_AGI_ISLETMECISI": "TAYRAN GRUP İNŞAAT ANONİM ŞİRKETİ", "YESIL_SARJ_ISTASYONU_MU": "", "ADRES": "Kızılırmak Mahallesi Mahallesi  No:9 Çankaya / ANKARA", "SOKET_NO": "SKT/42696", "SOKET_TIPI": "AC", "SOKET_TURU": "AC_TYPE2", "SOKET_GUCU_KW": "22" }, "geometry": { "type": "Point", "coordinates": [ 32.808895, 39.910658 ] } },
{ "type": "Feature", "properties": { "ID": 31384.0, "SIRA_NO": 474.0, "ISTASYON_NO": "ŞRJ/15469", "ISTASYON_ADI": "ŞARJTAK/YDA CENTER", "HIZMET_SEKLI": "OZEL", "MARKA": "ŞARJTAK", "MARKAADI": "ŞarjTak", "SARJ_AGI_ISLETMECISI": "TAYRAN GRUP İNŞAAT ANONİM ŞİRKETİ", "YESIL_SARJ_ISTASYONU_MU": "", "ADRES": "Kızılırmak Mahallesi Mahallesi  No:9 Çankaya / ANKARA", "SOKET_NO": "SKT/42697", "SOKET_TIPI": "AC", "SOKET_TURU": "AC_TYPE2", "SOKET_GUCU_KW": "22" }, "geometry": { "type": "Point", "coordinates": [ 32.808895, 39.910658 ] } },
{ "type": "Feature", "properties": { "ID": 31385.0, "SIRA_NO": 474.0, "ISTASYON_NO": "ŞRJ/15469", "ISTASYON_ADI": "ŞARJTAK/YDA CENTER", "HIZMET_SEKLI": "OZEL", "MARKA": "ŞARJTAK", "MARKAADI": "ŞarjTak", "SARJ_AGI_ISLETMECISI": "TAYRAN GRUP İNŞAAT ANONİM ŞİRKETİ", "YESIL_SARJ_ISTASYONU_MU": "", "ADRES": "Kızılırmak Mahallesi Mahallesi  No:9 Çankaya / ANKARA", "SOKET_NO": "SKT/42698", "SOKET_TIPI": "AC", "SOKET_TURU": "AC_TYPE2", "SOKET_GUCU_KW": "22" }, "geometry": { "type": "Point", "coordinates": [ 32.808895, 39.910658 ] } },
{ "type": "Feature", "properties": { "ID": 26539.0, "SIRA_NO": 336.0, "ISTASYON_NO": "ŞRJ/15672", "ISTASYON_ADI": "Vadi Ankara", "HIZMET_SEKLI": "OZEL", "MARKA": "solarşarj", "MARKAADI": "Solar Şarj", "SARJ_AGI_ISLETMECISI": "SOLAR ARAÇ ŞARJ HİZMETLERİ ANONİM ŞİRKETİ", "YESIL_SARJ_ISTASYONU_MU": "Evet", "ADRES": "Bademlidere Mahallesi 258 Sokağı  No:3 Çankaya / ANKARA", "SOKET_NO": "SKT/41925", "SOKET_TIPI": "AC", "SOKET_TURU": "AC_TYPE2", "SOKET_GUCU_KW": "10" }, "geometry": { "type": "Point", "coordinates": [ 32.886591, 39.899272 ] } },
{ "type": "Feature", "properties": { "ID": 30198.0, "SIRA_NO": 151.0, "ISTASYON_NO": "ŞRJ/15193", "ISTASYON_ADI": "BTK Merkez", "HIZMET_SEKLI": "HALKA_ACIK", "MARKA": "porty", "MARKAADI": "Porty", "SARJ_AGI_ISLETMECISI": "PORTY SMART TECH TEKNOLOJİ ANONİM ŞİRKETİ", "YESIL_SARJ_ISTASYONU_MU": "", "ADRES": "Mustafa Kemal Mah. Mahallesi Dumlupınar Sk. Sokağı  No:276 Çankaya / ANKARA", "SOKET_NO": "SKT/40449", "SOKET_TIPI": "AC", "SOKET_TURU": "AC_TYPE2", "SOKET_GUCU_KW": "22" }, "geometry": { "type": "Point", "coordinates": [ 32.75181, 39.907904 ] } },
{ "type": "Feature", "properties": { "ID": 30199.0, "SIRA_NO": 151.0, "ISTASYON_NO": "ŞRJ/15193", "ISTASYON_ADI": "BTK Merkez", "HIZMET_SEKLI": "HALKA_ACIK", "MARKA": "porty", "MARKAADI": "Porty", "SARJ_AGI_ISLETMECISI": "PORTY SMART TECH TEKNOLOJİ ANONİM ŞİRKETİ", "YESIL_SARJ_ISTASYONU_MU": "", "ADRES": "Mustafa Kemal Mah. Mahallesi Dumlupınar Sk. Sokağı  No:276 Çankaya / ANKARA", "SOKET_NO": "SKT/40450", "SOKET_TIPI": "AC", "SOKET_TURU": "AC_TYPE2", "SOKET_GUCU_KW": "22" }, "geometry": { "type": "Point", "coordinates": [ 32.75181, 39.907904 ] } },
{ "type": "Feature", "properties": { "ID": 30197.0, "SIRA_NO": 151.0, "ISTASYON_NO": "ŞRJ/15193", "ISTASYON_ADI": "BTK Merkez", "HIZMET_SEKLI": "HALKA_ACIK", "MARKA": "porty", "MARKAADI": "Porty", "SARJ_AGI_ISLETMECISI": "PORTY SMART TECH TEKNOLOJİ ANONİM ŞİRKETİ", "YESIL_SARJ_ISTASYONU_MU": "", "ADRES": "Mustafa Kemal Mah. Mahallesi Dumlupınar Sk. Sokağı  No:276 Çankaya / ANKARA", "SOKET_NO": "SKT/40448", "SOKET_TIPI": "AC", "SOKET_TURU": "AC_TYPE2", "SOKET_GUCU_KW": "22" }, "geometry": { "type": "Point", "coordinates": [ 32.75181, 39.907904 ] } },
{ "type": "Feature", "properties": { "ID": 30200.0, "SIRA_NO": 151.0, "ISTASYON_NO": "ŞRJ/15193", "ISTASYON_ADI": "BTK Merkez", "HIZMET_SEKLI": "HALKA_ACIK", "MARKA": "porty", "MARKAADI": "Porty", "SARJ_AGI_ISLETMECISI": "PORTY SMART TECH TEKNOLOJİ ANONİM ŞİRKETİ", "YESIL_SARJ_ISTASYONU_MU": "", "ADRES": "Mustafa Kemal Mah. Mahallesi Dumlupınar Sk. Sokağı  No:276 Çankaya / ANKARA", "SOKET_NO": "SKT/40451", "SOKET_TIPI": "AC", "SOKET_TURU": "AC_TYPE2", "SOKET_GUCU_KW": "22" }, "geometry": { "type": "Point", "coordinates": [ 32.75181, 39.907904 ] } },
{ "type": "Feature", "properties": { "ID": 30201.0, "SIRA_NO": 151.0, "ISTASYON_NO": "ŞRJ/15193", "ISTASYON_ADI": "BTK Merkez", "HIZMET_SEKLI": "HALKA_ACIK", "MARKA": "porty", "MARKAADI": "Porty", "SARJ_AGI_ISLETMECISI": "PORTY SMART TECH TEKNOLOJİ ANONİM ŞİRKETİ", "YESIL_SARJ_ISTASYONU_MU": "", "ADRES": "Mustafa Kemal Mah. Mahallesi Dumlupınar Sk. Sokağı  No:276 Çankaya / ANKARA", "SOKET_NO": "SKT/40452", "SOKET_TIPI": "AC", "SOKET_TURU": "AC_TYPE2", "SOKET_GUCU_KW": "22" }, "geometry": { "type": "Point", "coordinates": [ 32.75181, 39.907904 ] } },
{ "type": "Feature", "properties": { "ID": 30202.0, "SIRA_NO": 151.0, "ISTASYON_NO": "ŞRJ/15193", "ISTASYON_ADI": "BTK Merkez", "HIZMET_SEKLI": "HALKA_ACIK", "MARKA": "porty", "MARKAADI": "Porty", "SARJ_AGI_ISLETMECISI": "PORTY SMART TECH TEKNOLOJİ ANONİM ŞİRKETİ", "YESIL_SARJ_ISTASYONU_MU": "", "ADRES": "Mustafa Kemal Mah. Mahallesi Dumlupınar Sk. Sokağı  No:276 Çankaya / ANKARA", "SOKET_NO": "SKT/40453", "SOKET_TIPI": "AC", "SOKET_TURU": "AC_TYPE2", "SOKET_GUCU_KW": "22" }, "geometry": { "type": "Point", "coordinates": [ 32.75181, 39.907904 ] } },
{ "type": "Feature", "properties": { "ID": 30203.0, "SIRA_NO": 151.0, "ISTASYON_NO": "ŞRJ/15193", "ISTASYON_ADI": "BTK Merkez", "HIZMET_SEKLI": "HALKA_ACIK", "MARKA": "porty", "MARKAADI": "Porty", "SARJ_AGI_ISLETMECISI": "PORTY SMART TECH TEKNOLOJİ ANONİM ŞİRKETİ", "YESIL_SARJ_ISTASYONU_MU": "", "ADRES": "Mustafa Kemal Mah. Mahallesi Dumlupınar Sk. Sokağı  No:276 Çankaya / ANKARA", "SOKET_NO": "SKT/40454", "SOKET_TIPI": "AC", "SOKET_TURU": "AC_TYPE2", "SOKET_GUCU_KW": "22" }, "geometry": { "type": "Point", "coordinates": [ 32.75181, 39.907904 ] } },
{ "type": "Feature", "properties": { "ID": 30204.0, "SIRA_NO": 151.0, "ISTASYON_NO": "ŞRJ/15193", "ISTASYON_ADI": "BTK Merkez", "HIZMET_SEKLI": "HALKA_ACIK", "MARKA": "porty", "MARKAADI": "Porty", "SARJ_AGI_ISLETMECISI": "PORTY SMART TECH TEKNOLOJİ ANONİM ŞİRKETİ", "YESIL_SARJ_ISTASYONU_MU": "", "ADRES": "Mustafa Kemal Mah. Mahallesi Dumlupınar Sk. Sokağı  No:276 Çankaya / ANKARA", "SOKET_NO": "SKT/40455", "SOKET_TIPI": "AC", "SOKET_TURU": "AC_TYPE2", "SOKET_GUCU_KW": "22" }, "geometry": { "type": "Point", "coordinates": [ 32.75181, 39.907904 ] } },
{ "type": "Feature", "properties": { "ID": 30205.0, "SIRA_NO": 151.0, "ISTASYON_NO": "ŞRJ/15193", "ISTASYON_ADI": "BTK Merkez", "HIZMET_SEKLI": "HALKA_ACIK", "MARKA": "porty", "MARKAADI": "Porty", "SARJ_AGI_ISLETMECISI": "PORTY SMART TECH TEKNOLOJİ ANONİM ŞİRKETİ", "YESIL_SARJ_ISTASYONU_MU": "", "ADRES": "Mustafa Kemal Mah. Mahallesi Dumlupınar Sk. Sokağı  No:276 Çankaya / ANKARA", "SOKET_NO": "SKT/40456", "SOKET_TIPI": "AC", "SOKET_TURU": "AC_TYPE2", "SOKET_GUCU_KW": "22" }, "geometry": { "type": "Point", "coordinates": [ 32.75181, 39.907904 ] } },
{ "type": "Feature", "properties": { "ID": 30206.0, "SIRA_NO": 151.0, "ISTASYON_NO": "ŞRJ/15193", "ISTASYON_ADI": "BTK Merkez", "HIZMET_SEKLI": "HALKA_ACIK", "MARKA": "porty", "MARKAADI": "Porty", "SARJ_AGI_ISLETMECISI": "PORTY SMART TECH TEKNOLOJİ ANONİM ŞİRKETİ", "YESIL_SARJ_ISTASYONU_MU": "", "ADRES": "Mustafa Kemal Mah. Mahallesi Dumlupınar Sk. Sokağı  No:276 Çankaya / ANKARA", "SOKET_NO": "SKT/40457", "SOKET_TIPI": "AC", "SOKET_TURU": "AC_TYPE2", "SOKET_GUCU_KW": "22" }, "geometry": { "type": "Point", "coordinates": [ 32.75181, 39.907904 ] } },
{ "type": "Feature", "properties": { "ID": 30207.0, "SIRA_NO": 151.0, "ISTASYON_NO": "ŞRJ/15193", "ISTASYON_ADI": "BTK Merkez", "HIZMET_SEKLI": "HALKA_ACIK", "MARKA": "porty", "MARKAADI": "Porty", "SARJ_AGI_ISLETMECISI": "PORTY SMART TECH TEKNOLOJİ ANONİM ŞİRKETİ", "YESIL_SARJ_ISTASYONU_MU": "", "ADRES": "Mustafa Kemal Mah. Mahallesi Dumlupınar Sk. Sokağı  No:276 Çankaya / ANKARA", "SOKET_NO": "SKT/40458", "SOKET_TIPI": "AC", "SOKET_TURU": "AC_TYPE2", "SOKET_GUCU_KW": "22" }, "geometry": { "type": "Point", "coordinates": [ 32.75181, 39.907904 ] } },
{ "type": "Feature", "properties": { "ID": 30208.0, "SIRA_NO": 151.0, "ISTASYON_NO": "ŞRJ/15193", "ISTASYON_ADI": "BTK Merkez", "HIZMET_SEKLI": "HALKA_ACIK", "MARKA": "porty", "MARKAADI": "Porty", "SARJ_AGI_ISLETMECISI": "PORTY SMART TECH TEKNOLOJİ ANONİM ŞİRKETİ", "YESIL_SARJ_ISTASYONU_MU": "", "ADRES": "Mustafa Kemal Mah. Mahallesi Dumlupınar Sk. Sokağı  No:276 Çankaya / ANKARA", "SOKET_NO": "SKT/40459", "SOKET_TIPI": "AC", "SOKET_TURU": "AC_TYPE2", "SOKET_GUCU_KW": "22" }, "geometry": { "type": "Point", "coordinates": [ 32.75181, 39.907904 ] } },
{ "type": "Feature", "properties": { "ID": 30209.0, "SIRA_NO": 151.0, "ISTASYON_NO": "ŞRJ/15193", "ISTASYON_ADI": "BTK Merkez", "HIZMET_SEKLI": "HALKA_ACIK", "MARKA": "porty", "MARKAADI": "Porty", "SARJ_AGI_ISLETMECISI": "PORTY SMART TECH TEKNOLOJİ ANONİM ŞİRKETİ", "YESIL_SARJ_ISTASYONU_MU": "", "ADRES": "Mustafa Kemal Mah. Mahallesi Dumlupınar Sk. Sokağı  No:276 Çankaya / ANKARA", "SOKET_NO": "SKT/40460", "SOKET_TIPI": "AC", "SOKET_TURU": "AC_TYPE2", "SOKET_GUCU_KW": "22" }, "geometry": { "type": "Point", "coordinates": [ 32.75181, 39.907904 ] } },
{ "type": "Feature", "properties": { "ID": 30210.0, "SIRA_NO": 151.0, "ISTASYON_NO": "ŞRJ/15193", "ISTASYON_ADI": "BTK Merkez", "HIZMET_SEKLI": "HALKA_ACIK", "MARKA": "porty", "MARKAADI": "Porty", "SARJ_AGI_ISLETMECISI": "PORTY SMART TECH TEKNOLOJİ ANONİM ŞİRKETİ", "YESIL_SARJ_ISTASYONU_MU": "", "ADRES": "Mustafa Kemal Mah. Mahallesi Dumlupınar Sk. Sokağı  No:276 Çankaya / ANKARA", "SOKET_NO": "SKT/40461", "SOKET_TIPI": "AC", "SOKET_TURU": "AC_TYPE2", "SOKET_GUCU_KW": "22" }, "geometry": { "type": "Point", "coordinates": [ 32.75181, 39.907904 ] } },
{ "type": "Feature", "properties": { "ID": 29225.0, "SIRA_NO": 363.0, "ISTASYON_NO": "ŞRJ/16474", "ISTASYON_ADI": "ÇELİKLER ATATÜRK BULVARI NO:183 OTEL", "HIZMET_SEKLI": "HALKA_ACIK", "MARKA": "ÇELİKLER ENERJİ", "MARKAADI": "Çelikler Enerji", "SARJ_AGI_ISLETMECISI": "ÇELİKLER GLOBAL ENERJİ ŞARJ SİSTEMLERİ ANONİM ŞİRKETİ", "YESIL_SARJ_ISTASYONU_MU": "", "ADRES": "Kavaklıdere Mahallesi Atatürk Caddesi  No:183 Çankaya / ANKARA", "SOKET_NO": "SKT/44785", "SOKET_TIPI": "AC", "SOKET_TURU": "AC_TYPE2", "SOKET_GUCU_KW": "9" }, "geometry": { "type": "Point", "coordinates": [ 32.855995, 39.910438 ] } },
{ "type": "Feature", "properties": { "ID": 29226.0, "SIRA_NO": 363.0, "ISTASYON_NO": "ŞRJ/16474", "ISTASYON_ADI": "ÇELİKLER ATATÜRK BULVARI NO:183 OTEL", "HIZMET_SEKLI": "HALKA_ACIK", "MARKA": "ÇELİKLER ENERJİ", "MARKAADI": "Çelikler Enerji", "SARJ_AGI_ISLETMECISI": "ÇELİKLER GLOBAL ENERJİ ŞARJ SİSTEMLERİ ANONİM ŞİRKETİ", "YESIL_SARJ_ISTASYONU_MU": "", "ADRES": "Kavaklıdere Mahallesi Atatürk Caddesi  No:183 Çankaya / ANKARA", "SOKET_NO": "SKT/44786", "SOKET_TIPI": "AC", "SOKET_TURU": "AC_TYPE2", "SOKET_GUCU_KW": "9" }, "geometry": { "type": "Point", "coordinates": [ 32.855995, 39.910438 ] } },
{ "type": "Feature", "properties": { "ID": 27238.0, "SIRA_NO": 212.0, "ISTASYON_NO": "ŞRJ/5958", "ISTASYON_ADI": "Protokol Yolu Ofis", "HIZMET_SEKLI": "OZEL", "MARKA": "RÖNESANS CHARGER", "MARKAADI": "Rönesans", "SARJ_AGI_ISLETMECISI": "RÖNESANS ŞARJ İSTASYON ENERJİ YATIRIMLARI ANONİM ŞİRKETİ", "YESIL_SARJ_ISTASYONU_MU": "", "ADRES": "Çankaya Mahallesi  No:144/146 Çankaya / ANKARA", "SOKET_NO": "SKT/13011", "SOKET_TIPI": "AC", "SOKET_TURU": "AC_TYPE2", "SOKET_GUCU_KW": "22" }, "geometry": { "type": "Point", "coordinates": [ 32.86021, 39.899354 ] } },
{ "type": "Feature", "properties": { "ID": 26296.0, "SIRA_NO": 236.0, "ISTASYON_NO": "ŞRJ/7987", "ISTASYON_ADI": "OTP OGULTURK NERİS LİFE", "HIZMET_SEKLI": "HALKA_ACIK", "MARKA": "oğultürk PANO", "MARKAADI": "Oğultürk Pano", "SARJ_AGI_ISLETMECISI": "OTP OĞULTÜRK PANO İMALAT İTHALAT İHRACAT SANAYİ VE TİCARET LİMİTED ŞİRKETİ", "YESIL_SARJ_ISTASYONU_MU": "", "ADRES": "İşçi Blokları Mahallesi 1509 Caddesi Çankaya / ANKARA", "SOKET_NO": "SKT/18219", "SOKET_TIPI": "AC", "SOKET_TURU": "AC_TYPE2", "SOKET_GUCU_KW": "11" }, "geometry": { "type": "Point", "coordinates": [ 32.803852, 39.891882 ] } },
{ "type": "Feature", "properties": { "ID": 26297.0, "SIRA_NO": 236.0, "ISTASYON_NO": "ŞRJ/7987", "ISTASYON_ADI": "OTP OGULTURK NERİS LİFE", "HIZMET_SEKLI": "HALKA_ACIK", "MARKA": "oğultürk PANO", "MARKAADI": "Oğultürk Pano", "SARJ_AGI_ISLETMECISI": "OTP OĞULTÜRK PANO İMALAT İTHALAT İHRACAT SANAYİ VE TİCARET LİMİTED ŞİRKETİ", "YESIL_SARJ_ISTASYONU_MU": "", "ADRES": "İşçi Blokları Mahallesi 1509 Caddesi Çankaya / ANKARA", "SOKET_NO": "SKT/18220", "SOKET_TIPI": "AC", "SOKET_TURU": "AC_TYPE2", "SOKET_GUCU_KW": "11" }, "geometry": { "type": "Point", "coordinates": [ 32.803852, 39.891882 ] } },
{ "type": "Feature", "properties": { "ID": 26303.0, "SIRA_NO": 238.0, "ISTASYON_NO": "ŞRJ/8898", "ISTASYON_ADI": "OTP OGULTURK DIKMEN", "HIZMET_SEKLI": "HALKA_ACIK", "MARKA": "oğultürk PANO", "MARKAADI": "Oğultürk Pano", "SARJ_AGI_ISLETMECISI": "OTP OĞULTÜRK PANO İMALAT İTHALAT İHRACAT SANAYİ VE TİCARET LİMİTED ŞİRKETİ", "YESIL_SARJ_ISTASYONU_MU": "", "ADRES": "İlk Adım Mh. Mahallesi Dikmen Cd. Caddesi  No:91 Çankaya / ANKARA", "SOKET_NO": "SKT/20590", "SOKET_TIPI": "AC", "SOKET_TURU": "AC_TYPE2", "SOKET_GUCU_KW": "15" }, "geometry": { "type": "Point", "coordinates": [ 32.842956, 39.898063 ] } },
{ "type": "Feature", "properties": { "ID": 26304.0, "SIRA_NO": 238.0, "ISTASYON_NO": "ŞRJ/8898", "ISTASYON_ADI": "OTP OGULTURK DIKMEN", "HIZMET_SEKLI": "HALKA_ACIK", "MARKA": "oğultürk PANO", "MARKAADI": "Oğultürk Pano", "SARJ_AGI_ISLETMECISI": "OTP OĞULTÜRK PANO İMALAT İTHALAT İHRACAT SANAYİ VE TİCARET LİMİTED ŞİRKETİ", "YESIL_SARJ_ISTASYONU_MU": "", "ADRES": "İlk Adım Mh. Mahallesi Dikmen Cd. Caddesi  No:91 Çankaya / ANKARA", "SOKET_NO": "SKT/22327", "SOKET_TIPI": "DC", "SOKET_TURU": "DC_CCS", "SOKET_GUCU_KW": "35" }, "geometry": { "type": "Point", "coordinates": [ 32.842956, 39.898063 ] } },
{ "type": "Feature", "properties": { "ID": 26305.0, "SIRA_NO": 238.0, "ISTASYON_NO": "ŞRJ/8898", "ISTASYON_ADI": "OTP OGULTURK DIKMEN", "HIZMET_SEKLI": "HALKA_ACIK", "MARKA": "oğultürk PANO", "MARKAADI": "Oğultürk Pano", "SARJ_AGI_ISLETMECISI": "OTP OĞULTÜRK PANO İMALAT İTHALAT İHRACAT SANAYİ VE TİCARET LİMİTED ŞİRKETİ", "YESIL_SARJ_ISTASYONU_MU": "", "ADRES": "İlk Adım Mh. Mahallesi Dikmen Cd. Caddesi  No:91 Çankaya / ANKARA", "SOKET_NO": "SKT/22328", "SOKET_TIPI": "DC", "SOKET_TURU": "DC_CCS", "SOKET_GUCU_KW": "35" }, "geometry": { "type": "Point", "coordinates": [ 32.842956, 39.898063 ] } },
{ "type": "Feature", "properties": { "ID": 31386.0, "SIRA_NO": 474.0, "ISTASYON_NO": "ŞRJ/15469", "ISTASYON_ADI": "ŞARJTAK/YDA CENTER", "HIZMET_SEKLI": "OZEL", "MARKA": "ŞARJTAK", "MARKAADI": "ŞarjTak", "SARJ_AGI_ISLETMECISI": "TAYRAN GRUP İNŞAAT ANONİM ŞİRKETİ", "YESIL_SARJ_ISTASYONU_MU": "", "ADRES": "Kızılırmak Mahallesi Mahallesi  No:9 Çankaya / ANKARA", "SOKET_NO": "SKT/42699", "SOKET_TIPI": "AC", "SOKET_TURU": "AC_TYPE2", "SOKET_GUCU_KW": "22" }, "geometry": { "type": "Point", "coordinates": [ 32.808895, 39.910658 ] } },
{ "type": "Feature", "properties": { "ID": 31388.0, "SIRA_NO": 475.0, "ISTASYON_NO": "ŞRJ/15714", "ISTASYON_ADI": "YDA SÖĞÜTÖZÜ TİCARİ PLAZA", "HIZMET_SEKLI": "HALKA_ACIK", "MARKA": "ŞARJTAK", "MARKAADI": "ŞarjTak", "SARJ_AGI_ISLETMECISI": "TAYRAN GRUP İNŞAAT ANONİM ŞİRKETİ", "YESIL_SARJ_ISTASYONU_MU": "", "ADRES": "Söğütözü Mahallesi 2185 Sokağı  No:20-D Çankaya / ANKARA", "SOKET_NO": "SKT/42703", "SOKET_TIPI": "AC", "SOKET_TURU": "AC_TYPE2", "SOKET_GUCU_KW": "22" }, "geometry": { "type": "Point", "coordinates": [ 32.791429, 39.915673 ] } },
{ "type": "Feature", "properties": { "ID": 29227.0, "SIRA_NO": 363.0, "ISTASYON_NO": "ŞRJ/16474", "ISTASYON_ADI": "ÇELİKLER ATATÜRK BULVARI NO:183 OTEL", "HIZMET_SEKLI": "HALKA_ACIK", "MARKA": "ÇELİKLER ENERJİ", "MARKAADI": "Çelikler Enerji", "SARJ_AGI_ISLETMECISI": "ÇELİKLER GLOBAL ENERJİ ŞARJ SİSTEMLERİ ANONİM ŞİRKETİ", "YESIL_SARJ_ISTASYONU_MU": "", "ADRES": "Kavaklıdere Mahallesi Atatürk Caddesi  No:183 Çankaya / ANKARA", "SOKET_NO": "SKT/44787", "SOKET_TIPI": "AC", "SOKET_TURU": "AC_TYPE2", "SOKET_GUCU_KW": "9" }, "geometry": { "type": "Point", "coordinates": [ 32.855995, 39.910438 ] } },
{ "type": "Feature", "properties": { "ID": 29228.0, "SIRA_NO": 363.0, "ISTASYON_NO": "ŞRJ/16474", "ISTASYON_ADI": "ÇELİKLER ATATÜRK BULVARI NO:183 OTEL", "HIZMET_SEKLI": "HALKA_ACIK", "MARKA": "ÇELİKLER ENERJİ", "MARKAADI": "Çelikler Enerji", "SARJ_AGI_ISLETMECISI": "ÇELİKLER GLOBAL ENERJİ ŞARJ SİSTEMLERİ ANONİM ŞİRKETİ", "YESIL_SARJ_ISTASYONU_MU": "", "ADRES": "Kavaklıdere Mahallesi Atatürk Caddesi  No:183 Çankaya / ANKARA", "SOKET_NO": "SKT/44788", "SOKET_TIPI": "AC", "SOKET_TURU": "AC_TYPE2", "SOKET_GUCU_KW": "9" }, "geometry": { "type": "Point", "coordinates": [ 32.855995, 39.910438 ] } },
{ "type": "Feature", "properties": { "ID": 29229.0, "SIRA_NO": 363.0, "ISTASYON_NO": "ŞRJ/16474", "ISTASYON_ADI": "ÇELİKLER ATATÜRK BULVARI NO:183 OTEL", "HIZMET_SEKLI": "HALKA_ACIK", "MARKA": "ÇELİKLER ENERJİ", "MARKAADI": "Çelikler Enerji", "SARJ_AGI_ISLETMECISI": "ÇELİKLER GLOBAL ENERJİ ŞARJ SİSTEMLERİ ANONİM ŞİRKETİ", "YESIL_SARJ_ISTASYONU_MU": "", "ADRES": "Kavaklıdere Mahallesi Atatürk Caddesi  No:183 Çankaya / ANKARA", "SOKET_NO": "SKT/44789", "SOKET_TIPI": "AC", "SOKET_TURU": "AC_TYPE2", "SOKET_GUCU_KW": "9" }, "geometry": { "type": "Point", "coordinates": [ 32.855995, 39.910438 ] } },
{ "type": "Feature", "properties": { "ID": 31352.0, "SIRA_NO": 462.0, "ISTASYON_NO": "ŞRJ/11683", "ISTASYON_ADI": "GÖKDEMİR YAŞAM SİTESİ", "HIZMET_SEKLI": "HALKA_ACIK", "MARKA": "ŞARJTAK", "MARKAADI": "ŞarjTak", "SARJ_AGI_ISLETMECISI": "TAYRAN GRUP İNŞAAT ANONİM ŞİRKETİ", "YESIL_SARJ_ISTASYONU_MU": "", "ADRES": "Yaşamkent Mahallesi 3247 Sokağı  No:4 Çankaya / ANKARA", "SOKET_NO": "SKT/29182", "SOKET_TIPI": "AC", "SOKET_TURU": "AC_TYPE2", "SOKET_GUCU_KW": "3,7" }, "geometry": { "type": "Point", "coordinates": [ 32.637864, 39.865469 ] } },
{ "type": "Feature", "properties": { "ID": 31354.0, "SIRA_NO": 463.0, "ISTASYON_NO": "ŞRJ/11684", "ISTASYON_ADI": "QUARTZ BEYTEPE SİTESİ", "HIZMET_SEKLI": "HALKA_ACIK", "MARKA": "ŞARJTAK", "MARKAADI": "ŞarjTak", "SARJ_AGI_ISLETMECISI": "TAYRAN GRUP İNŞAAT ANONİM ŞİRKETİ", "YESIL_SARJ_ISTASYONU_MU": "", "ADRES": "Alacaatlı Mahallesi 4835 Sokağı  No:11 Çankaya / ANKARA", "SOKET_NO": "SKT/29184", "SOKET_TIPI": "AC", "SOKET_TURU": "AC_TYPE2", "SOKET_GUCU_KW": "3,7" }, "geometry": { "type": "Point", "coordinates": [ 32.689708, 39.828898 ] } },
{ "type": "Feature", "properties": { "ID": 31359.0, "SIRA_NO": 465.0, "ISTASYON_NO": "ŞRJ/11692", "ISTASYON_ADI": "DOĞAN PLAZA ÖNÜ", "HIZMET_SEKLI": "HALKA_ACIK", "MARKA": "ŞARJTAK", "MARKAADI": "ŞarjTak", "SARJ_AGI_ISLETMECISI": "TAYRAN GRUP İNŞAAT ANONİM ŞİRKETİ", "YESIL_SARJ_ISTASYONU_MU": "", "ADRES": "Nasuh Akar Mahallesi 1400. Sokağı  No:4 Çankaya / ANKARA", "SOKET_NO": "SKT/38313", "SOKET_TIPI": "DC", "SOKET_TURU": "DC_CCS", "SOKET_GUCU_KW": "60" }, "geometry": { "type": "Point", "coordinates": [ 32.8217, 39.9114 ] } },
{ "type": "Feature", "properties": { "ID": 31361.0, "SIRA_NO": 466.0, "ISTASYON_NO": "ŞRJ/15759", "ISTASYON_ADI": "GÜNEYPARK1 ŞARJTAK", "HIZMET_SEKLI": "HALKA_ACIK", "MARKA": "ŞARJTAK", "MARKAADI": "ŞarjTak", "SARJ_AGI_ISLETMECISI": "TAYRAN GRUP İNŞAAT ANONİM ŞİRKETİ", "YESIL_SARJ_ISTASYONU_MU": "", "ADRES": "İlkbahar Mahallesi  No:69/A /GÜNEYPARK KÜME EVLERİ Çankaya / ANKARA", "SOKET_NO": "SKT/42268", "SOKET_TIPI": "AC", "SOKET_TURU": "AC_TYPE2", "SOKET_GUCU_KW": "22" }, "geometry": { "type": "Point", "coordinates": [ 32.859571, 39.842415 ] } },
{ "type": "Feature", "properties": { "ID": 27249.0, "SIRA_NO": 218.0, "ISTASYON_NO": "ŞRJ/5957", "ISTASYON_ADI": "Portakal Çiçeği Ofis", "HIZMET_SEKLI": "OZEL", "MARKA": "RÖNESANS CHARGER", "MARKAADI": "Rönesans", "SARJ_AGI_ISLETMECISI": "RÖNESANS ŞARJ İSTASYON ENERJİ YATIRIMLARI ANONİM ŞİRKETİ", "YESIL_SARJ_ISTASYONU_MU": "", "ADRES": "Aziziye Mahallesi Portakal Çiçeği Sokağı  No:33 Çankaya / ANKARA", "SOKET_NO": "SKT/13010", "SOKET_TIPI": "AC", "SOKET_TURU": "AC_TYPE2", "SOKET_GUCU_KW": "22" }, "geometry": { "type": "Point", "coordinates": [ 32.850346, 39.887603 ] } },
{ "type": "Feature", "properties": { "ID": 29231.0, "SIRA_NO": 363.0, "ISTASYON_NO": "ŞRJ/16474", "ISTASYON_ADI": "ÇELİKLER ATATÜRK BULVARI NO:183 OTEL", "HIZMET_SEKLI": "HALKA_ACIK", "MARKA": "ÇELİKLER ENERJİ", "MARKAADI": "Çelikler Enerji", "SARJ_AGI_ISLETMECISI": "ÇELİKLER GLOBAL ENERJİ ŞARJ SİSTEMLERİ ANONİM ŞİRKETİ", "YESIL_SARJ_ISTASYONU_MU": "", "ADRES": "Kavaklıdere Mahallesi Atatürk Caddesi  No:183 Çankaya / ANKARA", "SOKET_NO": "SKT/44791", "SOKET_TIPI": "AC", "SOKET_TURU": "AC_TYPE2", "SOKET_GUCU_KW": "9" }, "geometry": { "type": "Point", "coordinates": [ 32.855995, 39.910438 ] } },
{ "type": "Feature", "properties": { "ID": 29232.0, "SIRA_NO": 363.0, "ISTASYON_NO": "ŞRJ/16474", "ISTASYON_ADI": "ÇELİKLER ATATÜRK BULVARI NO:183 OTEL", "HIZMET_SEKLI": "HALKA_ACIK", "MARKA": "ÇELİKLER ENERJİ", "MARKAADI": "Çelikler Enerji", "SARJ_AGI_ISLETMECISI": "ÇELİKLER GLOBAL ENERJİ ŞARJ SİSTEMLERİ ANONİM ŞİRKETİ", "YESIL_SARJ_ISTASYONU_MU": "", "ADRES": "Kavaklıdere Mahallesi Atatürk Caddesi  No:183 Çankaya / ANKARA", "SOKET_NO": "SKT/44792", "SOKET_TIPI": "AC", "SOKET_TURU": "AC_TYPE2", "SOKET_GUCU_KW": "9" }, "geometry": { "type": "Point", "coordinates": [ 32.855995, 39.910438 ] } },
{ "type": "Feature", "properties": { "ID": 29234.0, "SIRA_NO": 363.0, "ISTASYON_NO": "ŞRJ/16474", "ISTASYON_ADI": "ÇELİKLER ATATÜRK BULVARI NO:183 OTEL", "HIZMET_SEKLI": "HALKA_ACIK", "MARKA": "ÇELİKLER ENERJİ", "MARKAADI": "Çelikler Enerji", "SARJ_AGI_ISLETMECISI": "ÇELİKLER GLOBAL ENERJİ ŞARJ SİSTEMLERİ ANONİM ŞİRKETİ", "YESIL_SARJ_ISTASYONU_MU": "", "ADRES": "Kavaklıdere Mahallesi Atatürk Caddesi  No:183 Çankaya / ANKARA", "SOKET_NO": "SKT/44794", "SOKET_TIPI": "AC", "SOKET_TURU": "AC_TYPE2", "SOKET_GUCU_KW": "9" }, "geometry": { "type": "Point", "coordinates": [ 32.855995, 39.910438 ] } },
{ "type": "Feature", "properties": { "ID": 29236.0, "SIRA_NO": 363.0, "ISTASYON_NO": "ŞRJ/16474", "ISTASYON_ADI": "ÇELİKLER ATATÜRK BULVARI NO:183 OTEL", "HIZMET_SEKLI": "HALKA_ACIK", "MARKA": "ÇELİKLER ENERJİ", "MARKAADI": "Çelikler Enerji", "SARJ_AGI_ISLETMECISI": "ÇELİKLER GLOBAL ENERJİ ŞARJ SİSTEMLERİ ANONİM ŞİRKETİ", "YESIL_SARJ_ISTASYONU_MU": "", "ADRES": "Kavaklıdere Mahallesi Atatürk Caddesi  No:183 Çankaya / ANKARA", "SOKET_NO": "SKT/46255", "SOKET_TIPI": "AC", "SOKET_TURU": "AC_TYPE2", "SOKET_GUCU_KW": "9" }, "geometry": { "type": "Point", "coordinates": [ 32.855995, 39.910438 ] } },
{ "type": "Feature", "properties": { "ID": 29238.0, "SIRA_NO": 363.0, "ISTASYON_NO": "ŞRJ/16474", "ISTASYON_ADI": "ÇELİKLER ATATÜRK BULVARI NO:183 OTEL", "HIZMET_SEKLI": "HALKA_ACIK", "MARKA": "ÇELİKLER ENERJİ", "MARKAADI": "Çelikler Enerji", "SARJ_AGI_ISLETMECISI": "ÇELİKLER GLOBAL ENERJİ ŞARJ SİSTEMLERİ ANONİM ŞİRKETİ", "YESIL_SARJ_ISTASYONU_MU": "", "ADRES": "Kavaklıdere Mahallesi Atatürk Caddesi  No:183 Çankaya / ANKARA", "SOKET_NO": "SKT/46257", "SOKET_TIPI": "AC", "SOKET_TURU": "AC_TYPE2", "SOKET_GUCU_KW": "9" }, "geometry": { "type": "Point", "coordinates": [ 32.855995, 39.910438 ] } },
{ "type": "Feature", "properties": { "ID": 30154.0, "SIRA_NO": 142.0, "ISTASYON_NO": "ŞRJ/12390", "ISTASYON_ADI": "ANKARA MEMORIAL", "HIZMET_SEKLI": "HALKA_ACIK", "MARKA": "ekojet", "MARKAADI": "Ecojet", "SARJ_AGI_ISLETMECISI": "YENİ SÜRDÜRÜLEBİLİR ENERJİ TEKNOLOJİLERİ VE ÜRETİMLERİ ANONİM ŞİRKETİ", "YESIL_SARJ_ISTASYONU_MU": "", "ADRES": "Balgat Mahallesi Mevlana Sokağı  No:4/2 Çankaya / ANKARA", "SOKET_NO": "SKT/36045", "SOKET_TIPI": "DC", "SOKET_TURU": "DC_CCS", "SOKET_GUCU_KW": "180" }, "geometry": { "type": "Point", "coordinates": [ 32.814699, 39.903643 ] } },
{ "type": "Feature", "properties": { "ID": 30153.0, "SIRA_NO": 142.0, "ISTASYON_NO": "ŞRJ/12390", "ISTASYON_ADI": "ANKARA MEMORIAL", "HIZMET_SEKLI": "HALKA_ACIK", "MARKA": "ekojet", "MARKAADI": "Ecojet", "SARJ_AGI_ISLETMECISI": "YENİ SÜRDÜRÜLEBİLİR ENERJİ TEKNOLOJİLERİ VE ÜRETİMLERİ ANONİM ŞİRKETİ", "YESIL_SARJ_ISTASYONU_MU": "", "ADRES": "Balgat Mahallesi Mevlana Sokağı  No:4/2 Çankaya / ANKARA", "SOKET_NO": "SKT/31740", "SOKET_TIPI": "AC", "SOKET_TURU": "AC_TYPE2", "SOKET_GUCU_KW": "22" }, "geometry": { "type": "Point", "coordinates": [ 32.814699, 39.903643 ] } },
{ "type": "Feature", "properties": { "ID": 26614.0, "SIRA_NO": 361.0, "ISTASYON_NO": "ŞRJ/9450", "ISTASYON_ADI": "ANKARA 5 - KAV ENERJİ A.Ş.", "HIZMET_SEKLI": "HALKA_ACIK", "MARKA": "SOLARGIZE", "MARKAADI": "Solargize", "SARJ_AGI_ISLETMECISI": "SMART SOLARGİZE YEŞİL MOBİLİTE ENERJİ ANONİM ŞİRKETİ", "YESIL_SARJ_ISTASYONU_MU": "", "ADRES": "Çiğdem Mah Mahallesi 1552. Sk Sokağı  No:1 Çankaya / ANKARA", "SOKET_NO": "SKT/22296", "SOKET_TIPI": "DC", "SOKET_TURU": "DC_CCS", "SOKET_GUCU_KW": "120" }, "geometry": { "type": "Point", "coordinates": [ 32.80838, 39.883221 ] } },
{ "type": "Feature", "properties": { "ID": 26615.0, "SIRA_NO": 361.0, "ISTASYON_NO": "ŞRJ/9450", "ISTASYON_ADI": "ANKARA 5 - KAV ENERJİ A.Ş.", "HIZMET_SEKLI": "HALKA_ACIK", "MARKA": "SOLARGIZE", "MARKAADI": "Solargize", "SARJ_AGI_ISLETMECISI": "SMART SOLARGİZE YEŞİL MOBİLİTE ENERJİ ANONİM ŞİRKETİ", "YESIL_SARJ_ISTASYONU_MU": "", "ADRES": "Çiğdem Mah Mahallesi 1552. Sk Sokağı  No:1 Çankaya / ANKARA", "SOKET_NO": "SKT/22297", "SOKET_TIPI": "AC", "SOKET_TURU": "AC_TYPE2", "SOKET_GUCU_KW": "22" }, "geometry": { "type": "Point", "coordinates": [ 32.80838, 39.883221 ] } },
{ "type": "Feature", "properties": { "ID": 26616.0, "SIRA_NO": 361.0, "ISTASYON_NO": "ŞRJ/9450", "ISTASYON_ADI": "ANKARA 5 - KAV ENERJİ A.Ş.", "HIZMET_SEKLI": "HALKA_ACIK", "MARKA": "SOLARGIZE", "MARKAADI": "Solargize", "SARJ_AGI_ISLETMECISI": "SMART SOLARGİZE YEŞİL MOBİLİTE ENERJİ ANONİM ŞİRKETİ", "YESIL_SARJ_ISTASYONU_MU": "", "ADRES": "Çiğdem Mah Mahallesi 1552. Sk Sokağı  No:1 Çankaya / ANKARA", "SOKET_NO": "SKT/22298", "SOKET_TIPI": "AC", "SOKET_TURU": "AC_TYPE2", "SOKET_GUCU_KW": "22" }, "geometry": { "type": "Point", "coordinates": [ 32.80838, 39.883221 ] } },
{ "type": "Feature", "properties": { "ID": 26617.0, "SIRA_NO": 361.0, "ISTASYON_NO": "ŞRJ/9450", "ISTASYON_ADI": "ANKARA 5 - KAV ENERJİ A.Ş.", "HIZMET_SEKLI": "HALKA_ACIK", "MARKA": "SOLARGIZE", "MARKAADI": "Solargize", "SARJ_AGI_ISLETMECISI": "SMART SOLARGİZE YEŞİL MOBİLİTE ENERJİ ANONİM ŞİRKETİ", "YESIL_SARJ_ISTASYONU_MU": "", "ADRES": "Çiğdem Mah Mahallesi 1552. Sk Sokağı  No:1 Çankaya / ANKARA", "SOKET_NO": "SKT/22299", "SOKET_TIPI": "AC", "SOKET_TURU": "AC_TYPE2", "SOKET_GUCU_KW": "22" }, "geometry": { "type": "Point", "coordinates": [ 32.80838, 39.883221 ] } },
{ "type": "Feature", "properties": { "ID": 30018.0, "SIRA_NO": 113.0, "ISTASYON_NO": "ŞRJ/11604", "ISTASYON_ADI": "PETEK VİLLA", "HIZMET_SEKLI": "OZEL", "MARKA": "Sky World Solar Enerji", "MARKAADI": "Sky World Solar Enerji", "SARJ_AGI_ISLETMECISI": "SKY WORLD SOLAR ENERJİ ANONIM ŞİRKETİ", "YESIL_SARJ_ISTASYONU_MU": "", "ADRES": "Alacaatlı Mahallesi 3346 Sokağı  No:35/77 Çankaya / ANKARA", "SOKET_NO": "SKT/28981", "SOKET_TIPI": "AC", "SOKET_TURU": "AC_TYPE2", "SOKET_GUCU_KW": "11" }, "geometry": { "type": "Point", "coordinates": [ 32.694091, 39.836761 ] } },
{ "type": "Feature", "properties": { "ID": 24726.0, "SIRA_NO": 106.0, "ISTASYON_NO": "ŞRJ/9846", "ISTASYON_ADI": "GO ŞARJ AC-1", "HIZMET_SEKLI": "HALKA_ACIK", "MARKA": "DYNOPOWER", "MARKAADI": "Dynopower", "SARJ_AGI_ISLETMECISI": "GOŞARJ ELECTRİCAL ENERJİ YATIRIM ANONİM ŞİRKETİ", "YESIL_SARJ_ISTASYONU_MU": "", "ADRES": "Yıldızevler Mahallesi Turan Güneş Sokağı  No:2 Çankaya / ANKARA", "SOKET_NO": "SKT/23591", "SOKET_TIPI": "AC", "SOKET_TURU": "AC_TYPE2", "SOKET_GUCU_KW": "22" }, "geometry": { "type": "Point", "coordinates": [ 32.863728, 39.877416 ] } },
{ "type": "Feature", "properties": { "ID": 24727.0, "SIRA_NO": 107.0, "ISTASYON_NO": "ŞRJ/9845", "ISTASYON_ADI": "GOŞARJ AC-2", "HIZMET_SEKLI": "HALKA_ACIK", "MARKA": "DYNOPOWER", "MARKAADI": "Dynopower", "SARJ_AGI_ISLETMECISI": "GOŞARJ ELECTRİCAL ENERJİ YATIRIM ANONİM ŞİRKETİ", "YESIL_SARJ_ISTASYONU_MU": "", "ADRES": "Yıldızevler Mahallesi Turan Güneş Sokağı  No:2 Çankaya / ANKARA", "SOKET_NO": "SKT/23586", "SOKET_TIPI": "AC", "SOKET_TURU": "AC_TYPE2", "SOKET_GUCU_KW": "22" }, "geometry": { "type": "Point", "coordinates": [ 32.863731, 39.877339 ] } },
{ "type": "Feature", "properties": { "ID": 24728.0, "SIRA_NO": 108.0, "ISTASYON_NO": "ŞRJ/9843", "ISTASYON_ADI": "GOŞARJ AC-2", "HIZMET_SEKLI": "HALKA_ACIK", "MARKA": "DYNOPOWER", "MARKAADI": "Dynopower", "SARJ_AGI_ISLETMECISI": "GOŞARJ ELECTRİCAL ENERJİ YATIRIM ANONİM ŞİRKETİ", "YESIL_SARJ_ISTASYONU_MU": "", "ADRES": "Yıldızevler Mahallesi Turan Güneş Sokağı  No:2 Çankaya / ANKARA", "SOKET_NO": "SKT/23582", "SOKET_TIPI": "AC", "SOKET_TURU": "AC_TYPE2", "SOKET_GUCU_KW": "22" }, "geometry": { "type": "Point", "coordinates": [ 32.863735, 39.877443 ] } },
{ "type": "Feature", "properties": { "ID": 24729.0, "SIRA_NO": 109.0, "ISTASYON_NO": "ŞRJ/9835", "ISTASYON_ADI": "GOŞARJ", "HIZMET_SEKLI": "HALKA_ACIK", "MARKA": "DYNOPOWER", "MARKAADI": "Dynopower", "SARJ_AGI_ISLETMECISI": "GOŞARJ ELECTRİCAL ENERJİ YATIRIM ANONİM ŞİRKETİ", "YESIL_SARJ_ISTASYONU_MU": "", "ADRES": "Yıldızevler Mahallesi Turan Güneş Sokak Sokağı  No:2 Çankaya / ANKARA", "SOKET_NO": "SKT/23564", "SOKET_TIPI": "DC", "SOKET_TURU": "DC_CCS", "SOKET_GUCU_KW": "60" }, "geometry": { "type": "Point", "coordinates": [ 32.863721, 39.877376 ] } },
{ "type": "Feature", "properties": { "ID": 30020.0, "SIRA_NO": 114.0, "ISTASYON_NO": "ŞRJ/15745", "ISTASYON_ADI": "Kupa Morkoç DC", "HIZMET_SEKLI": "HALKA_ACIK", "MARKA": "Sky World Solar Enerji", "MARKAADI": "Sky World Solar Enerji", "SARJ_AGI_ISLETMECISI": "SKY WORLD SOLAR ENERJİ ANONIM ŞİRKETİ", "YESIL_SARJ_ISTASYONU_MU": "", "ADRES": "Alacaatlı Mahallesi  No:128B/29 Çankaya / ANKARA", "SOKET_NO": "SKT/42197", "SOKET_TIPI": "DC", "SOKET_TURU": "DC_CCS", "SOKET_GUCU_KW": "60" }, "geometry": { "type": "Point", "coordinates": [ 32.674722, 39.850412 ] } },
{ "type": "Feature", "properties": { "ID": 30023.0, "SIRA_NO": 116.0, "ISTASYON_NO": "ŞRJ/11601", "ISTASYON_ADI": "BEYTEPE  VİLLA", "HIZMET_SEKLI": "OZEL", "MARKA": "Sky World Solar Enerji", "MARKAADI": "Sky World Solar Enerji", "SARJ_AGI_ISLETMECISI": "SKY WORLD SOLAR ENERJİ ANONIM ŞİRKETİ", "YESIL_SARJ_ISTASYONU_MU": "", "ADRES": "Beytepe Mahallesi 1799 Sokağı  No:46 Çankaya / ANKARA", "SOKET_NO": "SKT/28971", "SOKET_TIPI": "AC", "SOKET_TURU": "AC_TYPE2", "SOKET_GUCU_KW": "11" }, "geometry": { "type": "Point", "coordinates": [ 32.753779, 39.852446 ] } },
{ "type": "Feature", "properties": { "ID": 26295.0, "SIRA_NO": 236.0, "ISTASYON_NO": "ŞRJ/7987", "ISTASYON_ADI": "OTP OGULTURK NERİS LİFE", "HIZMET_SEKLI": "HALKA_ACIK", "MARKA": "oğultürk PANO", "MARKAADI": "Oğultürk Pano", "SARJ_AGI_ISLETMECISI": "OTP OĞULTÜRK PANO İMALAT İTHALAT İHRACAT SANAYİ VE TİCARET LİMİTED ŞİRKETİ", "YESIL_SARJ_ISTASYONU_MU": "", "ADRES": "İşçi Blokları Mahallesi 1509 Caddesi Çankaya / ANKARA", "SOKET_NO": "SKT/18218", "SOKET_TIPI": "AC", "SOKET_TURU": "AC_TYPE2", "SOKET_GUCU_KW": "22" }, "geometry": { "type": "Point", "coordinates": [ 32.803852, 39.891882 ] } },
{ "type": "Feature", "properties": { "ID": 26302.0, "SIRA_NO": 238.0, "ISTASYON_NO": "ŞRJ/8898", "ISTASYON_ADI": "OTP OGULTURK DIKMEN", "HIZMET_SEKLI": "HALKA_ACIK", "MARKA": "oğultürk PANO", "MARKAADI": "Oğultürk Pano", "SARJ_AGI_ISLETMECISI": "OTP OĞULTÜRK PANO İMALAT İTHALAT İHRACAT SANAYİ VE TİCARET LİMİTED ŞİRKETİ", "YESIL_SARJ_ISTASYONU_MU": "", "ADRES": "İlk Adım Mh. Mahallesi Dikmen Cd. Caddesi  No:91 Çankaya / ANKARA", "SOKET_NO": "SKT/20589", "SOKET_TIPI": "AC", "SOKET_TURU": "AC_TYPE2", "SOKET_GUCU_KW": "15" }, "geometry": { "type": "Point", "coordinates": [ 32.842956, 39.898063 ] } },
{ "type": "Feature", "properties": { "ID": 26314.0, "SIRA_NO": 241.0, "ISTASYON_NO": "ŞRJ/7285", "ISTASYON_ADI": "OTP OGULTURK NOVA TOWER", "HIZMET_SEKLI": "HALKA_ACIK", "MARKA": "oğultürk PANO", "MARKAADI": "Oğultürk Pano", "SARJ_AGI_ISLETMECISI": "OTP OĞULTÜRK PANO İMALAT İTHALAT İHRACAT SANAYİ VE TİCARET LİMİTED ŞİRKETİ", "YESIL_SARJ_ISTASYONU_MU": "", "ADRES": "Kızılırmak Mahallesi 1435 Sokağı  No:11 Çankaya / ANKARA", "SOKET_NO": "SKT/16351", "SOKET_TIPI": "DC", "SOKET_TURU": "DC_CCS", "SOKET_GUCU_KW": "60" }, "geometry": { "type": "Point", "coordinates": [ 32.810794, 39.903309 ] } },
{ "type": "Feature", "properties": { "ID": 15487.0, "SIRA_NO": 163.0, "ISTASYON_NO": "ŞRJ/15577", "ISTASYON_ADI": "ODTÜ Teknokent Titanyum", "HIZMET_SEKLI": "HALKA_ACIK", "MARKA": "Trugo", "MARKAADI": "Trugo", "SARJ_AGI_ISLETMECISI": "TRUGO AKILLI ŞARJ ÇÖZÜMLERİ SANAYİ VE TİCARET ANONİM ŞİRKETİ", "YESIL_SARJ_ISTASYONU_MU": "", "ADRES": "Mustafa Kemal Mahallesi Dumlupınar Sokağı  No:17/B Çankaya / ANKARA", "SOKET_NO": "SKT/41611", "SOKET_TIPI": "AC", "SOKET_TURU": "AC_TYPE2", "SOKET_GUCU_KW": "22" }, "geometry": { "type": "Point", "coordinates": [ 32.750546, 39.908069 ] } },
{ "type": "Feature", "properties": { "ID": 15488.0, "SIRA_NO": 163.0, "ISTASYON_NO": "ŞRJ/15577", "ISTASYON_ADI": "ODTÜ Teknokent Titanyum", "HIZMET_SEKLI": "HALKA_ACIK", "MARKA": "Trugo", "MARKAADI": "Trugo", "SARJ_AGI_ISLETMECISI": "TRUGO AKILLI ŞARJ ÇÖZÜMLERİ SANAYİ VE TİCARET ANONİM ŞİRKETİ", "YESIL_SARJ_ISTASYONU_MU": "", "ADRES": "Mustafa Kemal Mahallesi Dumlupınar Sokağı  No:17/B Çankaya / ANKARA", "SOKET_NO": "SKT/41612", "SOKET_TIPI": "AC", "SOKET_TURU": "AC_TYPE2", "SOKET_GUCU_KW": "22" }, "geometry": { "type": "Point", "coordinates": [ 32.750546, 39.908069 ] } },
{ "type": "Feature", "properties": { "ID": 15490.0, "SIRA_NO": 164.0, "ISTASYON_NO": "ŞRJ/15578", "ISTASYON_ADI": "ODTÜ Teknokent Türk Telekom", "HIZMET_SEKLI": "HALKA_ACIK", "MARKA": "Trugo", "MARKAADI": "Trugo", "SARJ_AGI_ISLETMECISI": "TRUGO AKILLI ŞARJ ÇÖZÜMLERİ SANAYİ VE TİCARET ANONİM ŞİRKETİ", "YESIL_SARJ_ISTASYONU_MU": "Evet", "ADRES": "Mustafa Kemal Mahallesi Dumlupınar Sokağı  No:15/1 Çankaya / ANKARA", "SOKET_NO": "SKT/41614", "SOKET_TIPI": "AC", "SOKET_TURU": "AC_TYPE2", "SOKET_GUCU_KW": "22" }, "geometry": { "type": "Point", "coordinates": [ 32.750549, 39.908038 ] } },
{ "type": "Feature", "properties": { "ID": 15491.0, "SIRA_NO": 164.0, "ISTASYON_NO": "ŞRJ/15578", "ISTASYON_ADI": "ODTÜ Teknokent Türk Telekom", "HIZMET_SEKLI": "HALKA_ACIK", "MARKA": "Trugo", "MARKAADI": "Trugo", "SARJ_AGI_ISLETMECISI": "TRUGO AKILLI ŞARJ ÇÖZÜMLERİ SANAYİ VE TİCARET ANONİM ŞİRKETİ", "YESIL_SARJ_ISTASYONU_MU": "Evet", "ADRES": "Mustafa Kemal Mahallesi Dumlupınar Sokağı  No:15/1 Çankaya / ANKARA", "SOKET_NO": "SKT/41615", "SOKET_TIPI": "AC", "SOKET_TURU": "AC_TYPE2", "SOKET_GUCU_KW": "22" }, "geometry": { "type": "Point", "coordinates": [ 32.750549, 39.908038 ] } },
{ "type": "Feature", "properties": { "ID": 15492.0, "SIRA_NO": 164.0, "ISTASYON_NO": "ŞRJ/15578", "ISTASYON_ADI": "ODTÜ Teknokent Türk Telekom", "HIZMET_SEKLI": "HALKA_ACIK", "MARKA": "Trugo", "MARKAADI": "Trugo", "SARJ_AGI_ISLETMECISI": "TRUGO AKILLI ŞARJ ÇÖZÜMLERİ SANAYİ VE TİCARET ANONİM ŞİRKETİ", "YESIL_SARJ_ISTASYONU_MU": "Evet", "ADRES": "Mustafa Kemal Mahallesi Dumlupınar Sokağı  No:15/1 Çankaya / ANKARA", "SOKET_NO": "SKT/41616", "SOKET_TIPI": "AC", "SOKET_TURU": "AC_TYPE2", "SOKET_GUCU_KW": "22" }, "geometry": { "type": "Point", "coordinates": [ 32.750549, 39.908038 ] } },
{ "type": "Feature", "properties": { "ID": 24103.0, "SIRA_NO": 388.0, "ISTASYON_NO": "ŞRJ/15486", "ISTASYON_ADI": "XŞARJ-0000110", "HIZMET_SEKLI": "OZEL", "MARKA": "XŞARJ", "MARKAADI": "Xşarj", "SARJ_AGI_ISLETMECISI": "ART IN SYSTEMS BİLİŞİM TEKNOLOJİLERİ TİCARET LİMİTED ŞİRKETİ", "YESIL_SARJ_ISTASYONU_MU": "", "ADRES": "Bademlidere Mah Mahallesi 257 Sok Sokağı  No:8/A  İnci Bulvar Başkent Sitesi Çankaya / ANKARA", "SOKET_NO": "SKT/41344", "SOKET_TIPI": "AC", "SOKET_TURU": "AC_TYPE2", "SOKET_GUCU_KW": "22" }, "geometry": { "type": "Point", "coordinates": [ 32.886071, 39.900338 ] } },
{ "type": "Feature", "properties": { "ID": 24104.0, "SIRA_NO": 389.0, "ISTASYON_NO": "ŞRJ/15487", "ISTASYON_ADI": "XŞARJ-0000111", "HIZMET_SEKLI": "OZEL", "MARKA": "XŞARJ", "MARKAADI": "Xşarj", "SARJ_AGI_ISLETMECISI": "ART IN SYSTEMS BİLİŞİM TEKNOLOJİLERİ TİCARET LİMİTED ŞİRKETİ", "YESIL_SARJ_ISTASYONU_MU": "", "ADRES": "Bademlidere Mah Mahallesi 257 Sok Sokağı  No:8/B  İnci Bulvar Başkent Sitesi Çankaya / ANKARA", "SOKET_NO": "SKT/41345", "SOKET_TIPI": "AC", "SOKET_TURU": "AC_TYPE2", "SOKET_GUCU_KW": "22" }, "geometry": { "type": "Point", "coordinates": [ 32.88641, 39.900114 ] } },
{ "type": "Feature", "properties": { "ID": 29972.0, "SIRA_NO": 100.0, "ISTASYON_NO": "ŞRJ/11602", "ISTASYON_ADI": "ANAPET TAŞIMACILIK", "HIZMET_SEKLI": "HALKA_ACIK", "MARKA": "Sky World Solar Enerji", "MARKAADI": "Sky World Solar Enerji", "SARJ_AGI_ISLETMECISI": "SKY WORLD SOLAR ENERJİ ANONIM ŞİRKETİ", "YESIL_SARJ_ISTASYONU_MU": "", "ADRES": "Ehlibeyt Mahallesi Çetin Emeç Sokağı  No:117 Çankaya / ANKARA", "SOKET_NO": "SKT/28977", "SOKET_TIPI": "AC", "SOKET_TURU": "AC_TYPE2", "SOKET_GUCU_KW": "11" }, "geometry": { "type": "Point", "coordinates": [ 32.817074, 39.897039 ] } },
{ "type": "Feature", "properties": { "ID": 35794.0, "SIRA_NO": 239.0, "ISTASYON_NO": "ŞRJ/18488", "ISTASYON_ADI": "Başkent Üniversitesi Hastanesi Bahçelievler 1", "HIZMET_SEKLI": "HALKA_ACIK", "MARKA": "otoWATT", "MARKAADI": "Otowatt", "SARJ_AGI_ISLETMECISI": "AYDEM PLUS ENERJİ ÇÖZÜMLERİ TİCARET ANONİM ŞİRKETİ", "YESIL_SARJ_ISTASYONU_MU": "Evet", "ADRES": "Yukarı Bahçelievler Mahallesi Mareşal Fevzi Çakmak Caddesi Çankaya / ANKARA", "SOKET_NO": "SKT/51156", "SOKET_TIPI": "AC", "SOKET_TURU": "AC_TYPE2", "SOKET_GUCU_KW": "22" }, "geometry": { "type": "Point", "coordinates": [ 32.831986, 39.92557 ] } },
{ "type": "Feature", "properties": { "ID": 29479.0, "SIRA_NO": 420.0, "ISTASYON_NO": "ŞRJ/11862", "ISTASYON_ADI": "SS Oto Aksesuar", "HIZMET_SEKLI": "HALKA_ACIK", "MARKA": "pluginn", "MARKAADI": "Pluginn", "SARJ_AGI_ISLETMECISI": "PLUGİNN ELEKTRİKLİ TAŞITLAR ŞARJ SİSTEMLERİ VE YAZILIM HİZMETLERİ SANAYİ TİCARET ANONİM ŞİRKETİ", "YESIL_SARJ_ISTASYONU_MU": "", "ADRES": "Oğuzlar Mahallesi Barış Manço Sokağı  No:9/A Çankaya / ANKARA", "SOKET_NO": "SKT/29856", "SOKET_TIPI": "AC", "SOKET_TURU": "AC_TYPE2", "SOKET_GUCU_KW": "11" }, "geometry": { "type": "Point", "coordinates": [ 32.817554, 39.90413 ] } },
{ "type": "Feature", "properties": { "ID": 31038.0, "SIRA_NO": 391.0, "ISTASYON_NO": "ŞRJ/16755", "ISTASYON_ADI": "Funda Beyaz Evler", "HIZMET_SEKLI": "OZEL", "MARKA": "B-FORCE", "MARKAADI": "B - Force", "SARJ_AGI_ISLETMECISI": "BAŞER OTOMOTİV PETROL İNŞAAT KİRALAMA ANONİM ŞİRKETİ", "YESIL_SARJ_ISTASYONU_MU": "", "ADRES": "Yukarı Dikmen Mah. Mahallesi 629 Caddesi  No:15 Çankaya / ANKARA", "SOKET_NO": "SKT/45585", "SOKET_TIPI": "AC", "SOKET_TURU": "AC_TYPE2", "SOKET_GUCU_KW": "22" }, "geometry": { "type": "Point", "coordinates": [ 32.837075, 39.846784 ] } },
{ "type": "Feature", "properties": { "ID": 31039.0, "SIRA_NO": 391.0, "ISTASYON_NO": "ŞRJ/16755", "ISTASYON_ADI": "Funda Beyaz Evler", "HIZMET_SEKLI": "OZEL", "MARKA": "B-FORCE", "MARKAADI": "B - Force", "SARJ_AGI_ISLETMECISI": "BAŞER OTOMOTİV PETROL İNŞAAT KİRALAMA ANONİM ŞİRKETİ", "YESIL_SARJ_ISTASYONU_MU": "", "ADRES": "Yukarı Dikmen Mah. Mahallesi 629 Caddesi  No:15 Çankaya / ANKARA", "SOKET_NO": "SKT/45586", "SOKET_TIPI": "AC", "SOKET_TURU": "AC_TYPE2", "SOKET_GUCU_KW": "22" }, "geometry": { "type": "Point", "coordinates": [ 32.837075, 39.846784 ] } },
{ "type": "Feature", "properties": { "ID": 31369.0, "SIRA_NO": 470.0, "ISTASYON_NO": "ŞRJ/15779", "ISTASYON_ADI": "YDA SÖĞÜTÖZÜ TİCARİ PLAZA DC", "HIZMET_SEKLI": "HALKA_ACIK", "MARKA": "ŞARJTAK", "MARKAADI": "ŞarjTak", "SARJ_AGI_ISLETMECISI": "TAYRAN GRUP İNŞAAT ANONİM ŞİRKETİ", "YESIL_SARJ_ISTASYONU_MU": "", "ADRES": "Söğütözü Mahallesi 2185 Sokağı  No:20/D Çankaya / ANKARA", "SOKET_NO": "SKT/42309", "SOKET_TIPI": "DC", "SOKET_TURU": "DC_CCS", "SOKET_GUCU_KW": "47" }, "geometry": { "type": "Point", "coordinates": [ 32.791457, 39.915701 ] } },
{ "type": "Feature", "properties": { "ID": 31371.0, "SIRA_NO": 471.0, "ISTASYON_NO": "ŞRJ/15758", "ISTASYON_ADI": "GÜNEYPARK2 ŞARJTAK", "HIZMET_SEKLI": "HALKA_ACIK", "MARKA": "ŞARJTAK", "MARKAADI": "ŞarjTak", "SARJ_AGI_ISLETMECISI": "TAYRAN GRUP İNŞAAT ANONİM ŞİRKETİ", "YESIL_SARJ_ISTASYONU_MU": "", "ADRES": "İlkbahar Mahallesi  No:69/A /GÜNEYPARK KÜME EVLERİ Çankaya / ANKARA", "SOKET_NO": "SKT/42264", "SOKET_TIPI": "AC", "SOKET_TURU": "AC_TYPE2", "SOKET_GUCU_KW": "22" }, "geometry": { "type": "Point", "coordinates": [ 32.859452, 39.842395 ] } },
{ "type": "Feature", "properties": { "ID": 31372.0, "SIRA_NO": 471.0, "ISTASYON_NO": "ŞRJ/15758", "ISTASYON_ADI": "GÜNEYPARK2 ŞARJTAK", "HIZMET_SEKLI": "HALKA_ACIK", "MARKA": "ŞARJTAK", "MARKAADI": "ŞarjTak", "SARJ_AGI_ISLETMECISI": "TAYRAN GRUP İNŞAAT ANONİM ŞİRKETİ", "YESIL_SARJ_ISTASYONU_MU": "", "ADRES": "İlkbahar Mahallesi  No:69/A /GÜNEYPARK KÜME EVLERİ Çankaya / ANKARA", "SOKET_NO": "SKT/42265", "SOKET_TIPI": "DC", "SOKET_TURU": "DC_CCS", "SOKET_GUCU_KW": "120" }, "geometry": { "type": "Point", "coordinates": [ 32.859452, 39.842395 ] } },
{ "type": "Feature", "properties": { "ID": 26288.0, "SIRA_NO": 231.0, "ISTASYON_NO": "ŞRJ/7308", "ISTASYON_ADI": "OTP OGULTURK KADIR ALKAN", "HIZMET_SEKLI": "HALKA_ACIK", "MARKA": "oğultürk PANO", "MARKAADI": "Oğultürk Pano", "SARJ_AGI_ISLETMECISI": "OTP OĞULTÜRK PANO İMALAT İTHALAT İHRACAT SANAYİ VE TİCARET LİMİTED ŞİRKETİ", "YESIL_SARJ_ISTASYONU_MU": "", "ADRES": "Kızılırmak Mah. Mahallesi Ufuk Üniversitesi Cad. Caddesi  No:11A/DK-9 Çankaya / ANKARA", "SOKET_NO": "SKT/16410", "SOKET_TIPI": "AC", "SOKET_TURU": "AC_TYPE2", "SOKET_GUCU_KW": "22" }, "geometry": { "type": "Point", "coordinates": [ 32.809877, 39.908459 ] } },
{ "type": "Feature", "properties": { "ID": 26289.0, "SIRA_NO": 232.0, "ISTASYON_NO": "ŞRJ/7309", "ISTASYON_ADI": "OTP OGULTURK DUSUNUR KOLEJI ALACAATLI", "HIZMET_SEKLI": "HALKA_ACIK", "MARKA": "oğultürk PANO", "MARKAADI": "Oğultürk Pano", "SARJ_AGI_ISLETMECISI": "OTP OĞULTÜRK PANO İMALAT İTHALAT İHRACAT SANAYİ VE TİCARET LİMİTED ŞİRKETİ", "YESIL_SARJ_ISTASYONU_MU": "", "ADRES": "Alacaatlı Mah. Mahallesi Alacaatlı  Cad. Caddesi  No:62/1-2 Çankaya / ANKARA", "SOKET_NO": "SKT/16411", "SOKET_TIPI": "AC", "SOKET_TURU": "AC_TYPE2", "SOKET_GUCU_KW": "22" }, "geometry": { "type": "Point", "coordinates": [ 32.678674, 39.85811 ] } },
{ "type": "Feature", "properties": { "ID": 14851.0, "SIRA_NO": 1.0, "ISTASYON_NO": "ŞRJ/6135", "ISTASYON_ADI": "Taurus AVM", "HIZMET_SEKLI": "HALKA_ACIK", "MARKA": "Trugo", "MARKAADI": "Trugo", "SARJ_AGI_ISLETMECISI": "TRUGO AKILLI ŞARJ ÇÖZÜMLERİ SANAYİ VE TİCARET ANONİM ŞİRKETİ", "YESIL_SARJ_ISTASYONU_MU": "Evet", "ADRES": "İşçi Blokları Mahallesi  No:190/B Çankaya / ANKARA", "SOKET_NO": "SKT/13380", "SOKET_TIPI": "DC", "SOKET_TURU": "DC_CCS", "SOKET_GUCU_KW": "180" }, "geometry": { "type": "Point", "coordinates": [ 32.811839, 39.888344 ] } },
{ "type": "Feature", "properties": { "ID": 30016.0, "SIRA_NO": 112.0, "ISTASYON_NO": "ŞRJ/11603", "ISTASYON_ADI": "DOĞU VİLLA", "HIZMET_SEKLI": "OZEL", "MARKA": "Sky World Solar Enerji", "MARKAADI": "Sky World Solar Enerji", "SARJ_AGI_ISLETMECISI": "SKY WORLD SOLAR ENERJİ ANONIM ŞİRKETİ", "YESIL_SARJ_ISTASYONU_MU": "", "ADRES": "Alacaatlı Mahallesi 3346 Sokağı  No:35/77 Çankaya / ANKARA", "SOKET_NO": "SKT/28979", "SOKET_TIPI": "AC", "SOKET_TURU": "AC_TYPE2", "SOKET_GUCU_KW": "11" }, "geometry": { "type": "Point", "coordinates": [ 32.694605, 39.836932 ] } },
{ "type": "Feature", "properties": { "ID": 31418.0, "SIRA_NO": 494.0, "ISTASYON_NO": "ŞRJ/14159", "ISTASYON_ADI": "SPECTRUM", "HIZMET_SEKLI": "HALKA_ACIK", "MARKA": "spectrum girişimcilik", "MARKAADI": "Spectrum", "SARJ_AGI_ISLETMECISI": "SPECTRUM GİRİŞİMCİLİK YATIRIMCILIK YAZILIM DANIŞMANLIK ANONİM ŞİRKETİ", "YESIL_SARJ_ISTASYONU_MU": "", "ADRES": "İlkbahar Mahallesi 608 Sokağı  No:17 Çankaya / ANKARA", "SOKET_NO": "SKT/37440", "SOKET_TIPI": "AC", "SOKET_TURU": "AC_TYPE2", "SOKET_GUCU_KW": "22" }, "geometry": { "type": "Point", "coordinates": [ 32.856783, 39.8564 ] } },
{ "type": "Feature", "properties": { "ID": 31422.0, "SIRA_NO": 496.0, "ISTASYON_NO": "ŞRJ/14287", "ISTASYON_ADI": "SPECTRUM", "HIZMET_SEKLI": "HALKA_ACIK", "MARKA": "spectrum girişimcilik", "MARKAADI": "Spectrum", "SARJ_AGI_ISLETMECISI": "SPECTRUM GİRİŞİMCİLİK YATIRIMCILIK YAZILIM DANIŞMANLIK ANONİM ŞİRKETİ", "YESIL_SARJ_ISTASYONU_MU": "", "ADRES": "Kızılırmak Mahallesi Ufuk Üni. Caddesi - Sokağı  No:4 /-  -  - Çankaya / ANKARA", "SOKET_NO": "SKT/37579", "SOKET_TIPI": "DC", "SOKET_TURU": "DC_CCS", "SOKET_GUCU_KW": "120" }, "geometry": { "type": "Point", "coordinates": [ 32.812094, 39.909485 ] } },
{ "type": "Feature", "properties": { "ID": 31423.0, "SIRA_NO": 496.0, "ISTASYON_NO": "ŞRJ/14287", "ISTASYON_ADI": "SPECTRUM", "HIZMET_SEKLI": "HALKA_ACIK", "MARKA": "spectrum girişimcilik", "MARKAADI": "Spectrum", "SARJ_AGI_ISLETMECISI": "SPECTRUM GİRİŞİMCİLİK YATIRIMCILIK YAZILIM DANIŞMANLIK ANONİM ŞİRKETİ", "YESIL_SARJ_ISTASYONU_MU": "", "ADRES": "Kızılırmak Mahallesi Ufuk Üni. Caddesi - Sokağı  No:4 /-  -  - Çankaya / ANKARA", "SOKET_NO": "SKT/37580", "SOKET_TIPI": "DC", "SOKET_TURU": "DC_CCS", "SOKET_GUCU_KW": "120" }, "geometry": { "type": "Point", "coordinates": [ 32.812094, 39.909485 ] } },
{ "type": "Feature", "properties": { "ID": 31424.0, "SIRA_NO": 496.0, "ISTASYON_NO": "ŞRJ/14287", "ISTASYON_ADI": "SPECTRUM", "HIZMET_SEKLI": "HALKA_ACIK", "MARKA": "spectrum girişimcilik", "MARKAADI": "Spectrum", "SARJ_AGI_ISLETMECISI": "SPECTRUM GİRİŞİMCİLİK YATIRIMCILIK YAZILIM DANIŞMANLIK ANONİM ŞİRKETİ", "YESIL_SARJ_ISTASYONU_MU": "", "ADRES": "Kızılırmak Mahallesi Ufuk Üni. Caddesi - Sokağı  No:4 /-  -  - Çankaya / ANKARA", "SOKET_NO": "SKT/37581", "SOKET_TIPI": "DC", "SOKET_TURU": "DC_CCS", "SOKET_GUCU_KW": "120" }, "geometry": { "type": "Point", "coordinates": [ 32.812094, 39.909485 ] } },
{ "type": "Feature", "properties": { "ID": 3736.0, "SIRA_NO": 53.0, "ISTASYON_NO": "ŞRJ/17129", "ISTASYON_ADI": "2. ETAP -9. KAT 7 AC İSTASYON", "HIZMET_SEKLI": "HALKA_ACIK", "MARKA": "MYCHARGE", "MARKAADI": "Mycharge", "SARJ_AGI_ISLETMECISI": "MANAS İPLİK SANAYİ VE TİCARET ANONİM ŞİRKETİ", "YESIL_SARJ_ISTASYONU_MU": "", "ADRES": "İlkbahar Mahallesi Doğukent Caddesi  No:733/1 Çankaya / ANKARA", "SOKET_NO": "SKT/46691", "SOKET_TIPI": "AC", "SOKET_TURU": "AC_TYPE2", "SOKET_GUCU_KW": "22" }, "geometry": { "type": "Point", "coordinates": [ 32.853905, 39.858791 ] } },
{ "type": "Feature", "properties": { "ID": 3737.0, "SIRA_NO": 53.0, "ISTASYON_NO": "ŞRJ/17129", "ISTASYON_ADI": "2. ETAP -9. KAT 7 AC İSTASYON", "HIZMET_SEKLI": "HALKA_ACIK", "MARKA": "MYCHARGE", "MARKAADI": "Mycharge", "SARJ_AGI_ISLETMECISI": "MANAS İPLİK SANAYİ VE TİCARET ANONİM ŞİRKETİ", "YESIL_SARJ_ISTASYONU_MU": "", "ADRES": "İlkbahar Mahallesi Doğukent Caddesi  No:733/1 Çankaya / ANKARA", "SOKET_NO": "SKT/46692", "SOKET_TIPI": "AC", "SOKET_TURU": "AC_TYPE2", "SOKET_GUCU_KW": "22" }, "geometry": { "type": "Point", "coordinates": [ 32.853905, 39.858791 ] } },
{ "type": "Feature", "properties": { "ID": 33567.0, "SIRA_NO": 484.0, "ISTASYON_NO": "ŞRJ/15450", "ISTASYON_ADI": "Mira Rezidans, Çankaya - AC 1, AC 2", "HIZMET_SEKLI": "OZEL", "MARKA": "Otopriz", "MARKAADI": "Otopriz", "SARJ_AGI_ISLETMECISI": "DİCLE KÖK ENERJİ YATIRIM ANONİM ŞİRKETİ", "YESIL_SARJ_ISTASYONU_MU": "", "ADRES": "Beytepe Mahallesi  No:67/A Çankaya / ANKARA", "SOKET_NO": "SKT/41246", "SOKET_TIPI": "AC", "SOKET_TURU": "AC_TYPE2", "SOKET_GUCU_KW": "20" }, "geometry": { "type": "Point", "coordinates": [ 32.713013, 39.862091 ] } },
{ "type": "Feature", "properties": { "ID": 28908.0, "SIRA_NO": 244.0, "ISTASYON_NO": "ŞRJ/14958", "ISTASYON_ADI": "Sierra Yasamkent Sitesi", "HIZMET_SEKLI": "HALKA_ACIK", "MARKA": "ACROPOL", "MARKAADI": "Acropol", "SARJ_AGI_ISLETMECISI": "GREENLEAF YENİLENEBİLİR ENERJİ SİSTEMLERİ SANAYİ VE TİCARET LİMİTED ŞİRKETİ", "YESIL_SARJ_ISTASYONU_MU": "", "ADRES": "Alacaatli Mahallesi Mehmet Rifat Borekci Caddesi  No:No:35 Çankaya / ANKARA", "SOKET_NO": "SKT/39743", "SOKET_TIPI": "DC", "SOKET_TURU": "DC_CCS", "SOKET_GUCU_KW": "90" }, "geometry": { "type": "Point", "coordinates": [ 32.648357, 39.854139 ] } },
{ "type": "Feature", "properties": { "ID": 28914.0, "SIRA_NO": 245.0, "ISTASYON_NO": "ŞRJ/15069", "ISTASYON_ADI": "Yasamkule", "HIZMET_SEKLI": "HALKA_ACIK", "MARKA": "ACROPOL", "MARKAADI": "Acropol", "SARJ_AGI_ISLETMECISI": "GREENLEAF YENİLENEBİLİR ENERJİ SİSTEMLERİ SANAYİ VE TİCARET LİMİTED ŞİRKETİ", "YESIL_SARJ_ISTASYONU_MU": "", "ADRES": "Alacaatli Mahallesi 3407. Caddesi  No:6/1 Çankaya / ANKARA", "SOKET_NO": "SKT/40146", "SOKET_TIPI": "AC", "SOKET_TURU": "AC_TYPE2", "SOKET_GUCU_KW": "22" }, "geometry": { "type": "Point", "coordinates": [ 32.636699, 39.848631 ] } },
{ "type": "Feature", "properties": { "ID": 28743.0, "SIRA_NO": 182.0, "ISTASYON_NO": "ŞRJ/11892", "ISTASYON_ADI": "Yaşar Centre", "HIZMET_SEKLI": "HALKA_ACIK", "MARKA": "varr TM", "MARKAADI": "Varr TM", "SARJ_AGI_ISLETMECISI": "DESA ENERJİ ELEKTRİK ÜRETİM ANONİM ŞİRKETİ", "YESIL_SARJ_ISTASYONU_MU": "Evet", "ADRES": "Eti Mahallesi Ali Suavi Sokağı  No:11 Çankaya / ANKARA", "SOKET_NO": "SKT/29948", "SOKET_TIPI": "DC", "SOKET_TURU": "DC_CCS", "SOKET_GUCU_KW": "80" }, "geometry": { "type": "Point", "coordinates": [ 32.844591, 39.931924 ] } },
{ "type": "Feature", "properties": { "ID": 2371.0, "SIRA_NO": 500.0, "ISTASYON_NO": "ŞRJ/12415", "ISTASYON_ADI": "KGM Genel Müdürlük", "HIZMET_SEKLI": "HALKA_ACIK", "MARKA": "U-ŞARJ", "MARKAADI": "U - Şarj", "SARJ_AGI_ISLETMECISI": "TCDD TEKNİK MÜHENDİSLİK VE MÜŞAVİRLİK ANONİM ŞİRKETİ", "YESIL_SARJ_ISTASYONU_MU": "", "ADRES": "Devlet Mahallesi Mahallesi İnönü Caddesi Sokağı  No:14 Çankaya / ANKARA", "SOKET_NO": "SKT/31803", "SOKET_TIPI": "DC", "SOKET_TURU": "DC_CCS", "SOKET_GUCU_KW": "200" }, "geometry": { "type": "Point", "coordinates": [ 32.842001, 39.915728 ] } },
{ "type": "Feature", "properties": { "ID": 26315.0, "SIRA_NO": 241.0, "ISTASYON_NO": "ŞRJ/7285", "ISTASYON_ADI": "OTP OGULTURK NOVA TOWER", "HIZMET_SEKLI": "HALKA_ACIK", "MARKA": "oğultürk PANO", "MARKAADI": "Oğultürk Pano", "SARJ_AGI_ISLETMECISI": "OTP OĞULTÜRK PANO İMALAT İTHALAT İHRACAT SANAYİ VE TİCARET LİMİTED ŞİRKETİ", "YESIL_SARJ_ISTASYONU_MU": "", "ADRES": "Kızılırmak Mahallesi 1435 Sokağı  No:11 Çankaya / ANKARA", "SOKET_NO": "SKT/16352", "SOKET_TIPI": "DC", "SOKET_TURU": "DC_CCS", "SOKET_GUCU_KW": "60" }, "geometry": { "type": "Point", "coordinates": [ 32.810794, 39.903309 ] } },
{ "type": "Feature", "properties": { "ID": 26316.0, "SIRA_NO": 241.0, "ISTASYON_NO": "ŞRJ/7285", "ISTASYON_ADI": "OTP OGULTURK NOVA TOWER", "HIZMET_SEKLI": "HALKA_ACIK", "MARKA": "oğultürk PANO", "MARKAADI": "Oğultürk Pano", "SARJ_AGI_ISLETMECISI": "OTP OĞULTÜRK PANO İMALAT İTHALAT İHRACAT SANAYİ VE TİCARET LİMİTED ŞİRKETİ", "YESIL_SARJ_ISTASYONU_MU": "", "ADRES": "Kızılırmak Mahallesi 1435 Sokağı  No:11 Çankaya / ANKARA", "SOKET_NO": "SKT/16353", "SOKET_TIPI": "AC", "SOKET_TURU": "AC_TYPE2", "SOKET_GUCU_KW": "11" }, "geometry": { "type": "Point", "coordinates": [ 32.810794, 39.903309 ] } },
{ "type": "Feature", "properties": { "ID": 26317.0, "SIRA_NO": 241.0, "ISTASYON_NO": "ŞRJ/7285", "ISTASYON_ADI": "OTP OGULTURK NOVA TOWER", "HIZMET_SEKLI": "HALKA_ACIK", "MARKA": "oğultürk PANO", "MARKAADI": "Oğultürk Pano", "SARJ_AGI_ISLETMECISI": "OTP OĞULTÜRK PANO İMALAT İTHALAT İHRACAT SANAYİ VE TİCARET LİMİTED ŞİRKETİ", "YESIL_SARJ_ISTASYONU_MU": "", "ADRES": "Kızılırmak Mahallesi 1435 Sokağı  No:11 Çankaya / ANKARA", "SOKET_NO": "SKT/16354", "SOKET_TIPI": "AC", "SOKET_TURU": "AC_TYPE2", "SOKET_GUCU_KW": "11" }, "geometry": { "type": "Point", "coordinates": [ 32.810794, 39.903309 ] } },
{ "type": "Feature", "properties": { "ID": 26318.0, "SIRA_NO": 241.0, "ISTASYON_NO": "ŞRJ/7285", "ISTASYON_ADI": "OTP OGULTURK NOVA TOWER", "HIZMET_SEKLI": "HALKA_ACIK", "MARKA": "oğultürk PANO", "MARKAADI": "Oğultürk Pano", "SARJ_AGI_ISLETMECISI": "OTP OĞULTÜRK PANO İMALAT İTHALAT İHRACAT SANAYİ VE TİCARET LİMİTED ŞİRKETİ", "YESIL_SARJ_ISTASYONU_MU": "", "ADRES": "Kızılırmak Mahallesi 1435 Sokağı  No:11 Çankaya / ANKARA", "SOKET_NO": "SKT/16355", "SOKET_TIPI": "AC", "SOKET_TURU": "AC_TYPE2", "SOKET_GUCU_KW": "11" }, "geometry": { "type": "Point", "coordinates": [ 32.810794, 39.903309 ] } },
{ "type": "Feature", "properties": { "ID": 26319.0, "SIRA_NO": 241.0, "ISTASYON_NO": "ŞRJ/7285", "ISTASYON_ADI": "OTP OGULTURK NOVA TOWER", "HIZMET_SEKLI": "HALKA_ACIK", "MARKA": "oğultürk PANO", "MARKAADI": "Oğultürk Pano", "SARJ_AGI_ISLETMECISI": "OTP OĞULTÜRK PANO İMALAT İTHALAT İHRACAT SANAYİ VE TİCARET LİMİTED ŞİRKETİ", "YESIL_SARJ_ISTASYONU_MU": "", "ADRES": "Kızılırmak Mahallesi 1435 Sokağı  No:11 Çankaya / ANKARA", "SOKET_NO": "SKT/16356", "SOKET_TIPI": "AC", "SOKET_TURU": "AC_TYPE2", "SOKET_GUCU_KW": "11" }, "geometry": { "type": "Point", "coordinates": [ 32.810794, 39.903309 ] } },
{ "type": "Feature", "properties": { "ID": 26320.0, "SIRA_NO": 241.0, "ISTASYON_NO": "ŞRJ/7285", "ISTASYON_ADI": "OTP OGULTURK NOVA TOWER", "HIZMET_SEKLI": "HALKA_ACIK", "MARKA": "oğultürk PANO", "MARKAADI": "Oğultürk Pano", "SARJ_AGI_ISLETMECISI": "OTP OĞULTÜRK PANO İMALAT İTHALAT İHRACAT SANAYİ VE TİCARET LİMİTED ŞİRKETİ", "YESIL_SARJ_ISTASYONU_MU": "", "ADRES": "Kızılırmak Mahallesi 1435 Sokağı  No:11 Çankaya / ANKARA", "SOKET_NO": "SKT/16357", "SOKET_TIPI": "AC", "SOKET_TURU": "AC_TYPE2", "SOKET_GUCU_KW": "11" }, "geometry": { "type": "Point", "coordinates": [ 32.810794, 39.903309 ] } },
{ "type": "Feature", "properties": { "ID": 26321.0, "SIRA_NO": 241.0, "ISTASYON_NO": "ŞRJ/7285", "ISTASYON_ADI": "OTP OGULTURK NOVA TOWER", "HIZMET_SEKLI": "HALKA_ACIK", "MARKA": "oğultürk PANO", "MARKAADI": "Oğultürk Pano", "SARJ_AGI_ISLETMECISI": "OTP OĞULTÜRK PANO İMALAT İTHALAT İHRACAT SANAYİ VE TİCARET LİMİTED ŞİRKETİ", "YESIL_SARJ_ISTASYONU_MU": "", "ADRES": "Kızılırmak Mahallesi 1435 Sokağı  No:11 Çankaya / ANKARA", "SOKET_NO": "SKT/16358", "SOKET_TIPI": "AC", "SOKET_TURU": "AC_TYPE2", "SOKET_GUCU_KW": "11" }, "geometry": { "type": "Point", "coordinates": [ 32.810794, 39.903309 ] } },
{ "type": "Feature", "properties": { "ID": 33238.0, "SIRA_NO": 362.0, "ISTASYON_NO": "ŞRJ/16687", "ISTASYON_ADI": "Türeli Golf Park Sitesi,Çankaya-AC 1, AC 2, AC 3, AC4", "HIZMET_SEKLI": "OZEL", "MARKA": "Otopriz", "MARKAADI": "Otopriz", "SARJ_AGI_ISLETMECISI": "DİCLE KÖK ENERJİ YATIRIM ANONİM ŞİRKETİ", "YESIL_SARJ_ISTASYONU_MU": "", "ADRES": "Alacaatlı Mahallesi Şehit Hayrettin Eren Caddesi  No:29 Çankaya / ANKARA", "SOKET_NO": "SKT/45423", "SOKET_TIPI": "AC", "SOKET_TURU": "AC_TYPE2", "SOKET_GUCU_KW": "22" }, "geometry": { "type": "Point", "coordinates": [ 32.661956, 39.85238 ] } },
{ "type": "Feature", "properties": { "ID": 33239.0, "SIRA_NO": 362.0, "ISTASYON_NO": "ŞRJ/16687", "ISTASYON_ADI": "Türeli Golf Park Sitesi,Çankaya-AC 1, AC 2, AC 3, AC4", "HIZMET_SEKLI": "OZEL", "MARKA": "Otopriz", "MARKAADI": "Otopriz", "SARJ_AGI_ISLETMECISI": "DİCLE KÖK ENERJİ YATIRIM ANONİM ŞİRKETİ", "YESIL_SARJ_ISTASYONU_MU": "", "ADRES": "Alacaatlı Mahallesi Şehit Hayrettin Eren Caddesi  No:29 Çankaya / ANKARA", "SOKET_NO": "SKT/45424", "SOKET_TIPI": "AC", "SOKET_TURU": "AC_TYPE2", "SOKET_GUCU_KW": "22" }, "geometry": { "type": "Point", "coordinates": [ 32.661956, 39.85238 ] } },
{ "type": "Feature", "properties": { "ID": 33237.0, "SIRA_NO": 362.0, "ISTASYON_NO": "ŞRJ/16687", "ISTASYON_ADI": "Türeli Golf Park Sitesi,Çankaya-AC 1, AC 2, AC 3, AC4", "HIZMET_SEKLI": "OZEL", "MARKA": "Otopriz", "MARKAADI": "Otopriz", "SARJ_AGI_ISLETMECISI": "DİCLE KÖK ENERJİ YATIRIM ANONİM ŞİRKETİ", "YESIL_SARJ_ISTASYONU_MU": "", "ADRES": "Alacaatlı Mahallesi Şehit Hayrettin Eren Caddesi  No:29 Çankaya / ANKARA", "SOKET_NO": "SKT/45422", "SOKET_TIPI": "AC", "SOKET_TURU": "AC_TYPE2", "SOKET_GUCU_KW": "22" }, "geometry": { "type": "Point", "coordinates": [ 32.661956, 39.85238 ] } },
{ "type": "Feature", "properties": { "ID": 29189.0, "SIRA_NO": 355.0, "ISTASYON_NO": "ŞRJ/16473", "ISTASYON_ADI": "ÇELİKLER HOLDİNG 106", "HIZMET_SEKLI": "HALKA_ACIK", "MARKA": "ÇELİKLER ENERJİ", "MARKAADI": "Çelikler Enerji", "SARJ_AGI_ISLETMECISI": "ÇELİKLER GLOBAL ENERJİ ŞARJ SİSTEMLERİ ANONİM ŞİRKETİ", "YESIL_SARJ_ISTASYONU_MU": "", "ADRES": "Gaziosmanpaşa Mahallesi Nenehatun Caddesi  No:106 Çankaya / ANKARA", "SOKET_NO": "SKT/44782", "SOKET_TIPI": "DC", "SOKET_TURU": "DC_CCS", "SOKET_GUCU_KW": "50" }, "geometry": { "type": "Point", "coordinates": [ 32.868424, 39.895095 ] } },
{ "type": "Feature", "properties": { "ID": 29196.0, "SIRA_NO": 357.0, "ISTASYON_NO": "ŞRJ/16465", "ISTASYON_ADI": "ÇELİKLER NENEHATUN 105", "HIZMET_SEKLI": "OZEL", "MARKA": "ÇELİKLER ENERJİ", "MARKAADI": "Çelikler Enerji", "SARJ_AGI_ISLETMECISI": "ÇELİKLER GLOBAL ENERJİ ŞARJ SİSTEMLERİ ANONİM ŞİRKETİ", "YESIL_SARJ_ISTASYONU_MU": "", "ADRES": "Kazım Özalp Mahallesi Nenehatun Caddesi  No:105 Çankaya / ANKARA", "SOKET_NO": "SKT/44755", "SOKET_TIPI": "AC", "SOKET_TURU": "AC_TYPE2", "SOKET_GUCU_KW": "11" }, "geometry": { "type": "Point", "coordinates": [ 32.868848, 39.89503 ] } },
{ "type": "Feature", "properties": { "ID": 29230.0, "SIRA_NO": 363.0, "ISTASYON_NO": "ŞRJ/16474", "ISTASYON_ADI": "ÇELİKLER ATATÜRK BULVARI NO:183 OTEL", "HIZMET_SEKLI": "HALKA_ACIK", "MARKA": "ÇELİKLER ENERJİ", "MARKAADI": "Çelikler Enerji", "SARJ_AGI_ISLETMECISI": "ÇELİKLER GLOBAL ENERJİ ŞARJ SİSTEMLERİ ANONİM ŞİRKETİ", "YESIL_SARJ_ISTASYONU_MU": "", "ADRES": "Kavaklıdere Mahallesi Atatürk Caddesi  No:183 Çankaya / ANKARA", "SOKET_NO": "SKT/44790", "SOKET_TIPI": "AC", "SOKET_TURU": "AC_TYPE2", "SOKET_GUCU_KW": "9" }, "geometry": { "type": "Point", "coordinates": [ 32.855995, 39.910438 ] } },
{ "type": "Feature", "properties": { "ID": 3744.0, "SIRA_NO": 55.0, "ISTASYON_NO": "ŞRJ/17131", "ISTASYON_ADI": "1. ETAP 11. BODRUM 14 AC", "HIZMET_SEKLI": "HALKA_ACIK", "MARKA": "MYCHARGE", "MARKAADI": "Mycharge", "SARJ_AGI_ISLETMECISI": "MANAS İPLİK SANAYİ VE TİCARET ANONİM ŞİRKETİ", "YESIL_SARJ_ISTASYONU_MU": "", "ADRES": "İlkbahar Mahallesi Doğukent Caddesi  No:733/E Çankaya / ANKARA", "SOKET_NO": "SKT/46699", "SOKET_TIPI": "AC", "SOKET_TURU": "AC_TYPE2", "SOKET_GUCU_KW": "22" }, "geometry": { "type": "Point", "coordinates": [ 32.85678, 39.860071 ] } },
{ "type": "Feature", "properties": { "ID": 3745.0, "SIRA_NO": 55.0, "ISTASYON_NO": "ŞRJ/17131", "ISTASYON_ADI": "1. ETAP 11. BODRUM 14 AC", "HIZMET_SEKLI": "HALKA_ACIK", "MARKA": "MYCHARGE", "MARKAADI": "Mycharge", "SARJ_AGI_ISLETMECISI": "MANAS İPLİK SANAYİ VE TİCARET ANONİM ŞİRKETİ", "YESIL_SARJ_ISTASYONU_MU": "", "ADRES": "İlkbahar Mahallesi Doğukent Caddesi  No:733/E Çankaya / ANKARA", "SOKET_NO": "SKT/46700", "SOKET_TIPI": "AC", "SOKET_TURU": "AC_TYPE2", "SOKET_GUCU_KW": "22" }, "geometry": { "type": "Point", "coordinates": [ 32.85678, 39.860071 ] } },
{ "type": "Feature", "properties": { "ID": 3746.0, "SIRA_NO": 55.0, "ISTASYON_NO": "ŞRJ/17131", "ISTASYON_ADI": "1. ETAP 11. BODRUM 14 AC", "HIZMET_SEKLI": "HALKA_ACIK", "MARKA": "MYCHARGE", "MARKAADI": "Mycharge", "SARJ_AGI_ISLETMECISI": "MANAS İPLİK SANAYİ VE TİCARET ANONİM ŞİRKETİ", "YESIL_SARJ_ISTASYONU_MU": "", "ADRES": "İlkbahar Mahallesi Doğukent Caddesi  No:733/E Çankaya / ANKARA", "SOKET_NO": "SKT/46701", "SOKET_TIPI": "AC", "SOKET_TURU": "AC_TYPE2", "SOKET_GUCU_KW": "22" }, "geometry": { "type": "Point", "coordinates": [ 32.85678, 39.860071 ] } },
{ "type": "Feature", "properties": { "ID": 3747.0, "SIRA_NO": 55.0, "ISTASYON_NO": "ŞRJ/17131", "ISTASYON_ADI": "1. ETAP 11. BODRUM 14 AC", "HIZMET_SEKLI": "HALKA_ACIK", "MARKA": "MYCHARGE", "MARKAADI": "Mycharge", "SARJ_AGI_ISLETMECISI": "MANAS İPLİK SANAYİ VE TİCARET ANONİM ŞİRKETİ", "YESIL_SARJ_ISTASYONU_MU": "", "ADRES": "İlkbahar Mahallesi Doğukent Caddesi  No:733/E Çankaya / ANKARA", "SOKET_NO": "SKT/46702", "SOKET_TIPI": "AC", "SOKET_TURU": "AC_TYPE2", "SOKET_GUCU_KW": "22" }, "geometry": { "type": "Point", "coordinates": [ 32.85678, 39.860071 ] } },
{ "type": "Feature", "properties": { "ID": 3748.0, "SIRA_NO": 55.0, "ISTASYON_NO": "ŞRJ/17131", "ISTASYON_ADI": "1. ETAP 11. BODRUM 14 AC", "HIZMET_SEKLI": "HALKA_ACIK", "MARKA": "MYCHARGE", "MARKAADI": "Mycharge", "SARJ_AGI_ISLETMECISI": "MANAS İPLİK SANAYİ VE TİCARET ANONİM ŞİRKETİ", "YESIL_SARJ_ISTASYONU_MU": "", "ADRES": "İlkbahar Mahallesi Doğukent Caddesi  No:733/E Çankaya / ANKARA", "SOKET_NO": "SKT/46703", "SOKET_TIPI": "AC", "SOKET_TURU": "AC_TYPE2", "SOKET_GUCU_KW": "22" }, "geometry": { "type": "Point", "coordinates": [ 32.85678, 39.860071 ] } },
{ "type": "Feature", "properties": { "ID": 3749.0, "SIRA_NO": 55.0, "ISTASYON_NO": "ŞRJ/17131", "ISTASYON_ADI": "1. ETAP 11. BODRUM 14 AC", "HIZMET_SEKLI": "HALKA_ACIK", "MARKA": "MYCHARGE", "MARKAADI": "Mycharge", "SARJ_AGI_ISLETMECISI": "MANAS İPLİK SANAYİ VE TİCARET ANONİM ŞİRKETİ", "YESIL_SARJ_ISTASYONU_MU": "", "ADRES": "İlkbahar Mahallesi Doğukent Caddesi  No:733/E Çankaya / ANKARA", "SOKET_NO": "SKT/46704", "SOKET_TIPI": "AC", "SOKET_TURU": "AC_TYPE2", "SOKET_GUCU_KW": "22" }, "geometry": { "type": "Point", "coordinates": [ 32.85678, 39.860071 ] } },
{ "type": "Feature", "properties": { "ID": 3751.0, "SIRA_NO": 55.0, "ISTASYON_NO": "ŞRJ/17131", "ISTASYON_ADI": "1. ETAP 11. BODRUM 14 AC", "HIZMET_SEKLI": "HALKA_ACIK", "MARKA": "MYCHARGE", "MARKAADI": "Mycharge", "SARJ_AGI_ISLETMECISI": "MANAS İPLİK SANAYİ VE TİCARET ANONİM ŞİRKETİ", "YESIL_SARJ_ISTASYONU_MU": "", "ADRES": "İlkbahar Mahallesi Doğukent Caddesi  No:733/E Çankaya / ANKARA", "SOKET_NO": "SKT/46706", "SOKET_TIPI": "AC", "SOKET_TURU": "AC_TYPE2", "SOKET_GUCU_KW": "22" }, "geometry": { "type": "Point", "coordinates": [ 32.85678, 39.860071 ] } },
{ "type": "Feature", "properties": { "ID": 3752.0, "SIRA_NO": 55.0, "ISTASYON_NO": "ŞRJ/17131", "ISTASYON_ADI": "1. ETAP 11. BODRUM 14 AC", "HIZMET_SEKLI": "HALKA_ACIK", "MARKA": "MYCHARGE", "MARKAADI": "Mycharge", "SARJ_AGI_ISLETMECISI": "MANAS İPLİK SANAYİ VE TİCARET ANONİM ŞİRKETİ", "YESIL_SARJ_ISTASYONU_MU": "", "ADRES": "İlkbahar Mahallesi Doğukent Caddesi  No:733/E Çankaya / ANKARA", "SOKET_NO": "SKT/46707", "SOKET_TIPI": "AC", "SOKET_TURU": "AC_TYPE2", "SOKET_GUCU_KW": "22" }, "geometry": { "type": "Point", "coordinates": [ 32.85678, 39.860071 ] } },
{ "type": "Feature", "properties": { "ID": 26540.0, "SIRA_NO": 336.0, "ISTASYON_NO": "ŞRJ/15672", "ISTASYON_ADI": "Vadi Ankara", "HIZMET_SEKLI": "OZEL", "MARKA": "solarşarj", "MARKAADI": "Solar Şarj", "SARJ_AGI_ISLETMECISI": "SOLAR ARAÇ ŞARJ HİZMETLERİ ANONİM ŞİRKETİ", "YESIL_SARJ_ISTASYONU_MU": "Evet", "ADRES": "Bademlidere Mahallesi 258 Sokağı  No:3 Çankaya / ANKARA", "SOKET_NO": "SKT/41926", "SOKET_TIPI": "AC", "SOKET_TURU": "AC_TYPE2", "SOKET_GUCU_KW": "10" }, "geometry": { "type": "Point", "coordinates": [ 32.886591, 39.899272 ] } },
{ "type": "Feature", "properties": { "ID": 27062.0, "SIRA_NO": 129.0, "ISTASYON_NO": "ŞRJ/11280", "ISTASYON_ADI": "MIGROS ANKARA KOLEJ M MIGROS", "HIZMET_SEKLI": "HALKA_ACIK", "MARKA": "MİGGO", "MARKAADI": "Miggo", "SARJ_AGI_ISLETMECISI": "MİGEN ENERJİ VE ELEKTRİKLİ ARAÇ ŞARJ HİZMETLERİ ANONİM ŞİRKETİ", "YESIL_SARJ_ISTASYONU_MU": "", "ADRES": "Kültür Mahallesi Libya Caddesi  No:11/B Çankaya / ANKARA", "SOKET_NO": "SKT/27927", "SOKET_TIPI": "AC", "SOKET_TURU": "AC_TYPE2", "SOKET_GUCU_KW": "22" }, "geometry": { "type": "Point", "coordinates": [ 32.8632, 39.9198 ] } },
{ "type": "Feature", "properties": { "ID": 1640.0, "SIRA_NO": 221.0, "ISTASYON_NO": "ŞRJ/6479", "ISTASYON_ADI": "BİLKENT CENTER AVM", "HIZMET_SEKLI": "HALKA_ACIK", "MARKA": "VOLTRUN", "MARKAADI": "Voltrun", "SARJ_AGI_ISLETMECISI": "VOLTRUN ENERJİ ANONİM ŞİRKETİ", "YESIL_SARJ_ISTASYONU_MU": "Evet", "ADRES": "Üniveristeler Mahallesi . Caddesi 1597 Sokağı  No:3 Çankaya / ANKARA", "SOKET_NO": "SKT/14179", "SOKET_TIPI": "AC", "SOKET_TURU": "AC_TYPE2", "SOKET_GUCU_KW": "22" }, "geometry": { "type": "Point", "coordinates": [ 32.758897, 39.883252 ] } },
{ "type": "Feature", "properties": { "ID": 29123.0, "SIRA_NO": 331.0, "ISTASYON_NO": "ŞRJ/7627", "ISTASYON_ADI": "FEVZİ HOCA BALIK ANKARA/ÜMİTKÖY", "HIZMET_SEKLI": "HALKA_ACIK", "MARKA": "Wattarya", "MARKAADI": "Wattarya", "SARJ_AGI_ISLETMECISI": "WATTARYA ENERJİ SANAYİ VE TİCARET ANONİM ŞİRKETİ", "YESIL_SARJ_ISTASYONU_MU": "", "ADRES": "Çayyolu Mahallesi 2679 Sokağı  No:4 Çankaya / ANKARA", "SOKET_NO": "SKT/17314", "SOKET_TIPI": "AC", "SOKET_TURU": "AC_TYPE2", "SOKET_GUCU_KW": "22" }, "geometry": { "type": "Point", "coordinates": [ 32.700481, 39.88631 ] } },
{ "type": "Feature", "properties": { "ID": 29129.0, "SIRA_NO": 333.0, "ISTASYON_NO": "ŞRJ/10097", "ISTASYON_ADI": "LOKMAN HEKİM ÜNİVERSİTESİ", "HIZMET_SEKLI": "HALKA_ACIK", "MARKA": "Wattarya", "MARKAADI": "Wattarya", "SARJ_AGI_ISLETMECISI": "WATTARYA ENERJİ SANAYİ VE TİCARET ANONİM ŞİRKETİ", "YESIL_SARJ_ISTASYONU_MU": "", "ADRES": "Sögütözü Mahallesi 2179 Sokağı  No:6 Çankaya / ANKARA", "SOKET_NO": "SKT/24318", "SOKET_TIPI": "DC", "SOKET_TURU": "DC_CCS", "SOKET_GUCU_KW": "120" }, "geometry": { "type": "Point", "coordinates": [ 32.78779, 39.911436 ] } },
{ "type": "Feature", "properties": { "ID": 27282.0, "SIRA_NO": 225.0, "ISTASYON_NO": "ŞRJ/5959", "ISTASYON_ADI": "Refik Belendir Ofis", "HIZMET_SEKLI": "OZEL", "MARKA": "RÖNESANS CHARGER", "MARKAADI": "Rönesans", "SARJ_AGI_ISLETMECISI": "RÖNESANS ŞARJ İSTASYON ENERJİ YATIRIMLARI ANONİM ŞİRKETİ", "YESIL_SARJ_ISTASYONU_MU": "", "ADRES": "Aziziye Mahallesi Refik Belendir Sokağı  No:110 Çankaya / ANKARA", "SOKET_NO": "SKT/40353", "SOKET_TIPI": "DC", "SOKET_TURU": "DC_CCS", "SOKET_GUCU_KW": "60" }, "geometry": { "type": "Point", "coordinates": [ 32.849244, 39.88653 ] } },
{ "type": "Feature", "properties": { "ID": 35412.0, "SIRA_NO": 275.0, "ISTASYON_NO": "ŞRJ/18365", "ISTASYON_ADI": "Zambak Sitesi", "HIZMET_SEKLI": "OZEL", "MARKA": "wat mobilite", "MARKAADI": "WAT Mobilite", "SARJ_AGI_ISLETMECISI": "WAT MOBİLİTE ÇÖZÜMLERİ TEKNOLOJİ VE TİCARET ANONİM ŞİRKETİ", "YESIL_SARJ_ISTASYONU_MU": "Evet", "ADRES": "Birlik Mahallesi 435. Cadde Caddesi  No:No:72/Araç şarj-1 Çankaya / ANKARA", "SOKET_NO": "SKT/50731", "SOKET_TIPI": "AC", "SOKET_TURU": "AC_TYPE2", "SOKET_GUCU_KW": "22" }, "geometry": { "type": "Point", "coordinates": [ 32.87324, 39.872081 ] } },
{ "type": "Feature", "properties": { "ID": 12680.0, "SIRA_NO": 497.0, "ISTASYON_NO": "ŞRJ/3732", "ISTASYON_ADI": "ASTORŞARJ YARGITAY BAŞKANLIĞI ELEKTRİKLİ ARAÇ ŞARJ İSTASYONU", "HIZMET_SEKLI": "OZEL", "MARKA": "ASTOR", "MARKAADI": "Astor", "SARJ_AGI_ISLETMECISI": "ASTOR ENERJİ ANONİM ŞİRKETİ", "YESIL_SARJ_ISTASYONU_MU": "", "ADRES": "Ahlatlıbel Mahallesi İncek Şehit Savcı Mehmet Selim Kiraz Sokağı Çankaya / ANKARA", "SOKET_NO": "SKT/7525", "SOKET_TIPI": "AC", "SOKET_TURU": "AC_TYPE2", "SOKET_GUCU_KW": "22" }, "geometry": { "type": "Point", "coordinates": [ 32.790648, 39.844907 ] } },
{ "type": "Feature", "properties": { "ID": 33027.0, "SIRA_NO": 305.0, "ISTASYON_NO": "ŞRJ/10801", "ISTASYON_ADI": "ATO, Çankaya - DC", "HIZMET_SEKLI": "HALKA_ACIK", "MARKA": "Otopriz", "MARKAADI": "Otopriz", "SARJ_AGI_ISLETMECISI": "DİCLE KÖK ENERJİ YATIRIM ANONİM ŞİRKETİ", "YESIL_SARJ_ISTASYONU_MU": "", "ADRES": "Söğütözü Mahallesi 2176 Caddesi  No:1/1 Çankaya / ANKARA", "SOKET_NO": "SKT/26398", "SOKET_TIPI": "DC", "SOKET_TURU": "DC_CCS", "SOKET_GUCU_KW": "120" }, "geometry": { "type": "Point", "coordinates": [ 32.800697, 39.910385 ] } },
{ "type": "Feature", "properties": { "ID": 35547.0, "SIRA_NO": 339.0, "ISTASYON_NO": "ŞRJ/18396", "ISTASYON_ADI": "Arma Kule", "HIZMET_SEKLI": "HALKA_ACIK", "MARKA": "wat mobilite", "MARKAADI": "WAT Mobilite", "SARJ_AGI_ISLETMECISI": "WAT MOBİLİTE ÇÖZÜMLERİ TEKNOLOJİ VE TİCARET ANONİM ŞİRKETİ", "YESIL_SARJ_ISTASYONU_MU": "Evet", "ADRES": "Kızılırmak Mahallesi 1441 Sokağı  No:2 / B OTOMAT Çankaya / ANKARA", "SOKET_NO": "SKT/50870", "SOKET_TIPI": "DC", "SOKET_TURU": "DC_CCS", "SOKET_GUCU_KW": "120" }, "geometry": { "type": "Point", "coordinates": [ 32.80995, 39.908503 ] } },
{ "type": "Feature", "properties": { "ID": 25398.0, "SIRA_NO": 380.0, "ISTASYON_NO": "ŞRJ/17596", "ISTASYON_ADI": "Zeplin Vadi Vista", "HIZMET_SEKLI": "OZEL", "MARKA": "ZEPLİN CAR rental", "MARKAADI": "Zeplin", "SARJ_AGI_ISLETMECISI": "ZEPLİN TURİZM ARAÇ KİRALAMA MOBİLİTE VE ENERJİ YATIRIMLARI ANONİM ŞİRKETİ", "YESIL_SARJ_ISTASYONU_MU": "", "ADRES": "Birlik Mahallesi 450 Sokağı  No:57 Çankaya / ANKARA", "SOKET_NO": "SKT/48089", "SOKET_TIPI": "AC", "SOKET_TURU": "AC_TYPE2", "SOKET_GUCU_KW": "10" }, "geometry": { "type": "Point", "coordinates": [ 32.884709, 39.879643 ] } },
{ "type": "Feature", "properties": { "ID": 28435.0, "SIRA_NO": 91.0, "ISTASYON_NO": "ŞRJ/9674", "ISTASYON_ADI": "ANKARA BİLKENT ŞEHİR HASTANESİ", "HIZMET_SEKLI": "HALKA_ACIK", "MARKA": "RSŞARJ", "MARKAADI": "Rs Şarj", "SARJ_AGI_ISLETMECISI": "2M ELEKTRİKLİ ARAÇ ŞARJ AĞI VE İSTASYON İŞLETMECİLİĞİ ANONİM ŞİRKETİ", "YESIL_SARJ_ISTASYONU_MU": "", "ADRES": "Üniversiteler Mahallesi 1604 Sokağı  No:9 Çankaya / ANKARA", "SOKET_NO": "SKT/23122", "SOKET_TIPI": "AC", "SOKET_TURU": "AC_TYPE2", "SOKET_GUCU_KW": "22" }, "geometry": { "type": "Point", "coordinates": [ 32.754748, 39.901196 ] } },
{ "type": "Feature", "properties": { "ID": 35511.0, "SIRA_NO": 330.0, "ISTASYON_NO": "ŞRJ/15576", "ISTASYON_ADI": "ODTÜ Teknokent Bilim Açık Otopark", "HIZMET_SEKLI": "HALKA_ACIK", "MARKA": "Trugo", "MARKAADI": "Trugo", "SARJ_AGI_ISLETMECISI": "TRUGO AKILLI ŞARJ ÇÖZÜMLERİ SANAYİ VE TİCARET ANONİM ŞİRKETİ", "YESIL_SARJ_ISTASYONU_MU": "Evet", "ADRES": "Mustafa Kemal Mahallesi Dumlupınar Sokağı  No:280/2 Çankaya / ANKARA", "SOKET_NO": "SKT/41608", "SOKET_TIPI": "AC", "SOKET_TURU": "AC_TYPE2", "SOKET_GUCU_KW": "22" }, "geometry": { "type": "Point", "coordinates": [ 32.750617, 39.907796 ] } },
{ "type": "Feature", "properties": { "ID": 4011.0, "SIRA_NO": 89.0, "ISTASYON_NO": "ŞRJ/17148", "ISTASYON_ADI": "Çankaya Ankara", "HIZMET_SEKLI": "HALKA_ACIK", "MARKA": "TESLA", "MARKAADI": "Tesla", "SARJ_AGI_ISLETMECISI": "TESLA MOTORLARI SATIŞ VE HİZMETLERİ LİMİTED ŞİRKETİ", "YESIL_SARJ_ISTASYONU_MU": "", "ADRES": "Mustafa Kemal Mahallesi Dumlupınar Sokağı  No:164 Çankaya / ANKARA", "SOKET_NO": "SKT/46759", "SOKET_TIPI": "DC", "SOKET_TURU": "DC_CCS", "SOKET_GUCU_KW": "250" }, "geometry": { "type": "Point", "coordinates": [ 32.776109, 39.908777 ] } },
{ "type": "Feature", "properties": { "ID": 4012.0, "SIRA_NO": 89.0, "ISTASYON_NO": "ŞRJ/17148", "ISTASYON_ADI": "Çankaya Ankara", "HIZMET_SEKLI": "HALKA_ACIK", "MARKA": "TESLA", "MARKAADI": "Tesla", "SARJ_AGI_ISLETMECISI": "TESLA MOTORLARI SATIŞ VE HİZMETLERİ LİMİTED ŞİRKETİ", "YESIL_SARJ_ISTASYONU_MU": "", "ADRES": "Mustafa Kemal Mahallesi Dumlupınar Sokağı  No:164 Çankaya / ANKARA", "SOKET_NO": "SKT/46760", "SOKET_TIPI": "DC", "SOKET_TURU": "DC_CCS", "SOKET_GUCU_KW": "250" }, "geometry": { "type": "Point", "coordinates": [ 32.776109, 39.908777 ] } },
{ "type": "Feature", "properties": { "ID": 4013.0, "SIRA_NO": 89.0, "ISTASYON_NO": "ŞRJ/17148", "ISTASYON_ADI": "Çankaya Ankara", "HIZMET_SEKLI": "HALKA_ACIK", "MARKA": "TESLA", "MARKAADI": "Tesla", "SARJ_AGI_ISLETMECISI": "TESLA MOTORLARI SATIŞ VE HİZMETLERİ LİMİTED ŞİRKETİ", "YESIL_SARJ_ISTASYONU_MU": "", "ADRES": "Mustafa Kemal Mahallesi Dumlupınar Sokağı  No:164 Çankaya / ANKARA", "SOKET_NO": "SKT/46761", "SOKET_TIPI": "DC", "SOKET_TURU": "DC_CCS", "SOKET_GUCU_KW": "250" }, "geometry": { "type": "Point", "coordinates": [ 32.776109, 39.908777 ] } },
{ "type": "Feature", "properties": { "ID": 4014.0, "SIRA_NO": 89.0, "ISTASYON_NO": "ŞRJ/17148", "ISTASYON_ADI": "Çankaya Ankara", "HIZMET_SEKLI": "HALKA_ACIK", "MARKA": "TESLA", "MARKAADI": "Tesla", "SARJ_AGI_ISLETMECISI": "TESLA MOTORLARI SATIŞ VE HİZMETLERİ LİMİTED ŞİRKETİ", "YESIL_SARJ_ISTASYONU_MU": "", "ADRES": "Mustafa Kemal Mahallesi Dumlupınar Sokağı  No:164 Çankaya / ANKARA", "SOKET_NO": "SKT/46762", "SOKET_TIPI": "DC", "SOKET_TURU": "DC_CCS", "SOKET_GUCU_KW": "250" }, "geometry": { "type": "Point", "coordinates": [ 32.776109, 39.908777 ] } },
{ "type": "Feature", "properties": { "ID": 4015.0, "SIRA_NO": 89.0, "ISTASYON_NO": "ŞRJ/17148", "ISTASYON_ADI": "Çankaya Ankara", "HIZMET_SEKLI": "HALKA_ACIK", "MARKA": "TESLA", "MARKAADI": "Tesla", "SARJ_AGI_ISLETMECISI": "TESLA MOTORLARI SATIŞ VE HİZMETLERİ LİMİTED ŞİRKETİ", "YESIL_SARJ_ISTASYONU_MU": "", "ADRES": "Mustafa Kemal Mahallesi Dumlupınar Sokağı  No:164 Çankaya / ANKARA", "SOKET_NO": "SKT/46763", "SOKET_TIPI": "DC", "SOKET_TURU": "DC_CCS", "SOKET_GUCU_KW": "250" }, "geometry": { "type": "Point", "coordinates": [ 32.776109, 39.908777 ] } },
{ "type": "Feature", "properties": { "ID": 4016.0, "SIRA_NO": 89.0, "ISTASYON_NO": "ŞRJ/17148", "ISTASYON_ADI": "Çankaya Ankara", "HIZMET_SEKLI": "HALKA_ACIK", "MARKA": "TESLA", "MARKAADI": "Tesla", "SARJ_AGI_ISLETMECISI": "TESLA MOTORLARI SATIŞ VE HİZMETLERİ LİMİTED ŞİRKETİ", "YESIL_SARJ_ISTASYONU_MU": "", "ADRES": "Mustafa Kemal Mahallesi Dumlupınar Sokağı  No:164 Çankaya / ANKARA", "SOKET_NO": "SKT/46764", "SOKET_TIPI": "DC", "SOKET_TURU": "DC_CCS", "SOKET_GUCU_KW": "250" }, "geometry": { "type": "Point", "coordinates": [ 32.776109, 39.908777 ] } },
{ "type": "Feature", "properties": { "ID": 4017.0, "SIRA_NO": 89.0, "ISTASYON_NO": "ŞRJ/17148", "ISTASYON_ADI": "Çankaya Ankara", "HIZMET_SEKLI": "HALKA_ACIK", "MARKA": "TESLA", "MARKAADI": "Tesla", "SARJ_AGI_ISLETMECISI": "TESLA MOTORLARI SATIŞ VE HİZMETLERİ LİMİTED ŞİRKETİ", "YESIL_SARJ_ISTASYONU_MU": "", "ADRES": "Mustafa Kemal Mahallesi Dumlupınar Sokağı  No:164 Çankaya / ANKARA", "SOKET_NO": "SKT/46765", "SOKET_TIPI": "DC", "SOKET_TURU": "DC_CCS", "SOKET_GUCU_KW": "250" }, "geometry": { "type": "Point", "coordinates": [ 32.776109, 39.908777 ] } },
{ "type": "Feature", "properties": { "ID": 4018.0, "SIRA_NO": 89.0, "ISTASYON_NO": "ŞRJ/17148", "ISTASYON_ADI": "Çankaya Ankara", "HIZMET_SEKLI": "HALKA_ACIK", "MARKA": "TESLA", "MARKAADI": "Tesla", "SARJ_AGI_ISLETMECISI": "TESLA MOTORLARI SATIŞ VE HİZMETLERİ LİMİTED ŞİRKETİ", "YESIL_SARJ_ISTASYONU_MU": "", "ADRES": "Mustafa Kemal Mahallesi Dumlupınar Sokağı  No:164 Çankaya / ANKARA", "SOKET_NO": "SKT/46766", "SOKET_TIPI": "DC", "SOKET_TURU": "DC_CCS", "SOKET_GUCU_KW": "250" }, "geometry": { "type": "Point", "coordinates": [ 32.776109, 39.908777 ] } },
{ "type": "Feature", "properties": { "ID": 4019.0, "SIRA_NO": 89.0, "ISTASYON_NO": "ŞRJ/17148", "ISTASYON_ADI": "Çankaya Ankara", "HIZMET_SEKLI": "HALKA_ACIK", "MARKA": "TESLA", "MARKAADI": "Tesla", "SARJ_AGI_ISLETMECISI": "TESLA MOTORLARI SATIŞ VE HİZMETLERİ LİMİTED ŞİRKETİ", "YESIL_SARJ_ISTASYONU_MU": "", "ADRES": "Mustafa Kemal Mahallesi Dumlupınar Sokağı  No:164 Çankaya / ANKARA", "SOKET_NO": "SKT/46767", "SOKET_TIPI": "DC", "SOKET_TURU": "DC_CCS", "SOKET_GUCU_KW": "250" }, "geometry": { "type": "Point", "coordinates": [ 32.776109, 39.908777 ] } },
{ "type": "Feature", "properties": { "ID": 35201.0, "SIRA_NO": 186.0, "ISTASYON_NO": "ŞRJ/3172", "ISTASYON_ADI": "HİTİT PARK KONUTLARI", "HIZMET_SEKLI": "OZEL", "MARKA": "EPSIS", "MARKAADI": "Epsis", "SARJ_AGI_ISLETMECISI": "FORM ELEKTRİK İNŞAAT MÜHENDİSLİK ANONİM ŞİRKETİ", "YESIL_SARJ_ISTASYONU_MU": "", "ADRES": "Dodurga Mahallesi 5175 Caddesi Çankaya / ANKARA", "SOKET_NO": "SKT/50493", "SOKET_TIPI": "AC", "SOKET_TURU": "AC_TYPE2", "SOKET_GUCU_KW": "22" }, "geometry": { "type": "Point", "coordinates": [ 32.653165, 39.834301 ] } },
{ "type": "Feature", "properties": { "ID": 35202.0, "SIRA_NO": 186.0, "ISTASYON_NO": "ŞRJ/3172", "ISTASYON_ADI": "HİTİT PARK KONUTLARI", "HIZMET_SEKLI": "OZEL", "MARKA": "EPSIS", "MARKAADI": "Epsis", "SARJ_AGI_ISLETMECISI": "FORM ELEKTRİK İNŞAAT MÜHENDİSLİK ANONİM ŞİRKETİ", "YESIL_SARJ_ISTASYONU_MU": "", "ADRES": "Dodurga Mahallesi 5175 Caddesi Çankaya / ANKARA", "SOKET_NO": "SKT/50494", "SOKET_TIPI": "AC", "SOKET_TURU": "AC_TYPE2", "SOKET_GUCU_KW": "22" }, "geometry": { "type": "Point", "coordinates": [ 32.653165, 39.834301 ] } },
{ "type": "Feature", "properties": { "ID": 29639.0, "SIRA_NO": 488.0, "ISTASYON_NO": "ŞRJ/14222", "ISTASYON_ADI": "Yüzüncüyıl Petrol", "HIZMET_SEKLI": "HALKA_ACIK", "MARKA": "ovolt", "MARKAADI": "Ovolt", "SARJ_AGI_ISLETMECISI": "OVOLT ŞARJ TEKNOLOJİLERİ SANAYİ VE TİCARET ANONİM ŞİRKETİ", "YESIL_SARJ_ISTASYONU_MU": "", "ADRES": "İşçi Blokları Mahallesi Ali Metin Tokdemir Sokağı  No:50 Çankaya / ANKARA", "SOKET_NO": "SKT/37342", "SOKET_TIPI": "DC", "SOKET_TURU": "DC_CCS", "SOKET_GUCU_KW": "120" }, "geometry": { "type": "Point", "coordinates": [ 32.796583, 39.895478 ] } },
{ "type": "Feature", "properties": { "ID": 27076.0, "SIRA_NO": 142.0, "ISTASYON_NO": "ŞRJ/16189", "ISTASYON_ADI": "MİGROS ZİRVEKENT MMM", "HIZMET_SEKLI": "HALKA_ACIK", "MARKA": "MİGGO", "MARKAADI": "Miggo", "SARJ_AGI_ISLETMECISI": "MİGEN ENERJİ VE ELEKTRİKLİ ARAÇ ŞARJ HİZMETLERİ ANONİM ŞİRKETİ", "YESIL_SARJ_ISTASYONU_MU": "", "ADRES": "365 Avm. Birlik Mahallesi 428 Caddesi  No:41 Çankaya / ANKARA", "SOKET_NO": "SKT/43803", "SOKET_TIPI": "DC", "SOKET_TURU": "DC_CCS", "SOKET_GUCU_KW": "60" }, "geometry": { "type": "Point", "coordinates": [ 32.869646, 39.875975 ] } },
{ "type": "Feature", "properties": { "ID": 27861.0, "SIRA_NO": 372.0, "ISTASYON_NO": "ŞRJ/7773", "ISTASYON_ADI": "Shell Küçükesat", "HIZMET_SEKLI": "HALKA_ACIK", "MARKA": "SHELL", "MARKAADI": "Shell Şarj", "SARJ_AGI_ISLETMECISI": "SHELL & TURCAS PETROL ANONİM ŞİRKETİ", "YESIL_SARJ_ISTASYONU_MU": "", "ADRES": "Murat Mahallesi Koza Sokağı  No:132  Gaziosmanpaşa Çankaya / ANKARA", "SOKET_NO": "SKT/17707", "SOKET_TIPI": "DC", "SOKET_TURU": "DC_CCS", "SOKET_GUCU_KW": "180" }, "geometry": { "type": "Point", "coordinates": [ 32.878498, 39.89841 ] } },
{ "type": "Feature", "properties": { "ID": 27871.0, "SIRA_NO": 375.0, "ISTASYON_NO": "ŞRJ/7881", "ISTASYON_ADI": "Shell Ahmetler", "HIZMET_SEKLI": "HALKA_ACIK", "MARKA": "SHELL", "MARKAADI": "Shell Şarj", "SARJ_AGI_ISLETMECISI": "SHELL & TURCAS PETROL ANONİM ŞİRKETİ", "YESIL_SARJ_ISTASYONU_MU": "", "ADRES": "Kültür Mahallesi Libya Caddesi  No:NO:22 Çankaya / ANKARA", "SOKET_NO": "SKT/17959", "SOKET_TIPI": "DC", "SOKET_TURU": "DC_CCS", "SOKET_GUCU_KW": "180" }, "geometry": { "type": "Point", "coordinates": [ 32.862708, 39.919624 ] } },
{ "type": "Feature", "properties": { "ID": 26322.0, "SIRA_NO": 241.0, "ISTASYON_NO": "ŞRJ/7285", "ISTASYON_ADI": "OTP OGULTURK NOVA TOWER", "HIZMET_SEKLI": "HALKA_ACIK", "MARKA": "oğultürk PANO", "MARKAADI": "Oğultürk Pano", "SARJ_AGI_ISLETMECISI": "OTP OĞULTÜRK PANO İMALAT İTHALAT İHRACAT SANAYİ VE TİCARET LİMİTED ŞİRKETİ", "YESIL_SARJ_ISTASYONU_MU": "", "ADRES": "Kızılırmak Mahallesi 1435 Sokağı  No:11 Çankaya / ANKARA", "SOKET_NO": "SKT/16359", "SOKET_TIPI": "AC", "SOKET_TURU": "AC_TYPE2", "SOKET_GUCU_KW": "11" }, "geometry": { "type": "Point", "coordinates": [ 32.810794, 39.903309 ] } },
{ "type": "Feature", "properties": { "ID": 26323.0, "SIRA_NO": 241.0, "ISTASYON_NO": "ŞRJ/7285", "ISTASYON_ADI": "OTP OGULTURK NOVA TOWER", "HIZMET_SEKLI": "HALKA_ACIK", "MARKA": "oğultürk PANO", "MARKAADI": "Oğultürk Pano", "SARJ_AGI_ISLETMECISI": "OTP OĞULTÜRK PANO İMALAT İTHALAT İHRACAT SANAYİ VE TİCARET LİMİTED ŞİRKETİ", "YESIL_SARJ_ISTASYONU_MU": "", "ADRES": "Kızılırmak Mahallesi 1435 Sokağı  No:11 Çankaya / ANKARA", "SOKET_NO": "SKT/16360", "SOKET_TIPI": "AC", "SOKET_TURU": "AC_TYPE2", "SOKET_GUCU_KW": "11" }, "geometry": { "type": "Point", "coordinates": [ 32.810794, 39.903309 ] } },
{ "type": "Feature", "properties": { "ID": 26324.0, "SIRA_NO": 241.0, "ISTASYON_NO": "ŞRJ/7285", "ISTASYON_ADI": "OTP OGULTURK NOVA TOWER", "HIZMET_SEKLI": "HALKA_ACIK", "MARKA": "oğultürk PANO", "MARKAADI": "Oğultürk Pano", "SARJ_AGI_ISLETMECISI": "OTP OĞULTÜRK PANO İMALAT İTHALAT İHRACAT SANAYİ VE TİCARET LİMİTED ŞİRKETİ", "YESIL_SARJ_ISTASYONU_MU": "", "ADRES": "Kızılırmak Mahallesi 1435 Sokağı  No:11 Çankaya / ANKARA", "SOKET_NO": "SKT/16361", "SOKET_TIPI": "AC", "SOKET_TURU": "AC_TYPE2", "SOKET_GUCU_KW": "11" }, "geometry": { "type": "Point", "coordinates": [ 32.810794, 39.903309 ] } },
{ "type": "Feature", "properties": { "ID": 24188.0, "SIRA_NO": 425.0, "ISTASYON_NO": "ŞRJ/16012", "ISTASYON_ADI": "KUZU EFFECT KONUTLARI", "HIZMET_SEKLI": "HALKA_ACIK", "MARKA": "POWER ELEKTRONİK SANAYİ VE TİCARET LİMİTED ŞİRKETİ", "MARKAADI": "Power", "SARJ_AGI_ISLETMECISI": "POWER ELEKTRONİK SANAYİ VE TİCARET ANONİM ŞİRKETİ", "YESIL_SARJ_ISTASYONU_MU": "", "ADRES": "Oran Mahallesi Zülfü Tiğrel Caddesi Çankaya / ANKARA", "SOKET_NO": "SKT/43060", "SOKET_TIPI": "AC", "SOKET_TURU": "AC_TYPE2", "SOKET_GUCU_KW": "11" }, "geometry": { "type": "Point", "coordinates": [ 32.828354, 39.845618 ] } },
{ "type": "Feature", "properties": { "ID": 28955.0, "SIRA_NO": 262.0, "ISTASYON_NO": "ŞRJ/16328", "ISTASYON_ADI": "Gundogdu Lezzet Sarayi DC Istasyonu", "HIZMET_SEKLI": "HALKA_ACIK", "MARKA": "ACROPOL", "MARKAADI": "Acropol", "SARJ_AGI_ISLETMECISI": "GREENLEAF YENİLENEBİLİR ENERJİ SİSTEMLERİ SANAYİ VE TİCARET LİMİTED ŞİRKETİ", "YESIL_SARJ_ISTASYONU_MU": "", "ADRES": "Dodruga Mahallesi 5110. Sokağı  No:8/BA Çankaya / ANKARA", "SOKET_NO": "SKT/44249", "SOKET_TIPI": "DC", "SOKET_TURU": "DC_CCS", "SOKET_GUCU_KW": "80" }, "geometry": { "type": "Point", "coordinates": [ 32.647385, 39.836403 ] } },
{ "type": "Feature", "properties": { "ID": 26325.0, "SIRA_NO": 241.0, "ISTASYON_NO": "ŞRJ/7285", "ISTASYON_ADI": "OTP OGULTURK NOVA TOWER", "HIZMET_SEKLI": "HALKA_ACIK", "MARKA": "oğultürk PANO", "MARKAADI": "Oğultürk Pano", "SARJ_AGI_ISLETMECISI": "OTP OĞULTÜRK PANO İMALAT İTHALAT İHRACAT SANAYİ VE TİCARET LİMİTED ŞİRKETİ", "YESIL_SARJ_ISTASYONU_MU": "", "ADRES": "Kızılırmak Mahallesi 1435 Sokağı  No:11 Çankaya / ANKARA", "SOKET_NO": "SKT/16362", "SOKET_TIPI": "AC", "SOKET_TURU": "AC_TYPE2", "SOKET_GUCU_KW": "11" }, "geometry": { "type": "Point", "coordinates": [ 32.810794, 39.903309 ] } },
{ "type": "Feature", "properties": { "ID": 26326.0, "SIRA_NO": 241.0, "ISTASYON_NO": "ŞRJ/7285", "ISTASYON_ADI": "OTP OGULTURK NOVA TOWER", "HIZMET_SEKLI": "HALKA_ACIK", "MARKA": "oğultürk PANO", "MARKAADI": "Oğultürk Pano", "SARJ_AGI_ISLETMECISI": "OTP OĞULTÜRK PANO İMALAT İTHALAT İHRACAT SANAYİ VE TİCARET LİMİTED ŞİRKETİ", "YESIL_SARJ_ISTASYONU_MU": "", "ADRES": "Kızılırmak Mahallesi 1435 Sokağı  No:11 Çankaya / ANKARA", "SOKET_NO": "SKT/22356", "SOKET_TIPI": "DC", "SOKET_TURU": "DC_CCS", "SOKET_GUCU_KW": "60" }, "geometry": { "type": "Point", "coordinates": [ 32.810794, 39.903309 ] } },
{ "type": "Feature", "properties": { "ID": 27281.0, "SIRA_NO": 225.0, "ISTASYON_NO": "ŞRJ/5959", "ISTASYON_ADI": "Refik Belendir Ofis", "HIZMET_SEKLI": "OZEL", "MARKA": "RÖNESANS CHARGER", "MARKAADI": "Rönesans", "SARJ_AGI_ISLETMECISI": "RÖNESANS ŞARJ İSTASYON ENERJİ YATIRIMLARI ANONİM ŞİRKETİ", "YESIL_SARJ_ISTASYONU_MU": "", "ADRES": "Aziziye Mahallesi Refik Belendir Sokağı  No:110 Çankaya / ANKARA", "SOKET_NO": "SKT/40352", "SOKET_TIPI": "DC", "SOKET_TURU": "DC_CCS", "SOKET_GUCU_KW": "60" }, "geometry": { "type": "Point", "coordinates": [ 32.849244, 39.88653 ] } },
{ "type": "Feature", "properties": { "ID": 26327.0, "SIRA_NO": 241.0, "ISTASYON_NO": "ŞRJ/7285", "ISTASYON_ADI": "OTP OGULTURK NOVA TOWER", "HIZMET_SEKLI": "HALKA_ACIK", "MARKA": "oğultürk PANO", "MARKAADI": "Oğultürk Pano", "SARJ_AGI_ISLETMECISI": "OTP OĞULTÜRK PANO İMALAT İTHALAT İHRACAT SANAYİ VE TİCARET LİMİTED ŞİRKETİ", "YESIL_SARJ_ISTASYONU_MU": "", "ADRES": "Kızılırmak Mahallesi 1435 Sokağı  No:11 Çankaya / ANKARA", "SOKET_NO": "SKT/22357", "SOKET_TIPI": "DC", "SOKET_TURU": "DC_CCS", "SOKET_GUCU_KW": "60" }, "geometry": { "type": "Point", "coordinates": [ 32.810794, 39.903309 ] } },
{ "type": "Feature", "properties": { "ID": 27911.0, "SIRA_NO": 394.0, "ISTASYON_NO": "ŞRJ/8248", "ISTASYON_ADI": "Shell Keklikpınarı", "HIZMET_SEKLI": "HALKA_ACIK", "MARKA": "SHELL", "MARKAADI": "Shell Şarj", "SARJ_AGI_ISLETMECISI": "SHELL & TURCAS PETROL ANONİM ŞİRKETİ", "YESIL_SARJ_ISTASYONU_MU": "", "ADRES": "Akpınar Mahallesi  No:293 Çankaya / ANKARA", "SOKET_NO": "SKT/18880", "SOKET_TIPI": "DC", "SOKET_TURU": "DC_CCS", "SOKET_GUCU_KW": "45" }, "geometry": { "type": "Point", "coordinates": [ 32.809852, 39.857634 ] } },
{ "type": "Feature", "properties": { "ID": 27914.0, "SIRA_NO": 395.0, "ISTASYON_NO": "ŞRJ/8249", "ISTASYON_ADI": "Shell Söğütözü Merkez", "HIZMET_SEKLI": "HALKA_ACIK", "MARKA": "SHELL", "MARKAADI": "Shell Şarj", "SARJ_AGI_ISLETMECISI": "SHELL & TURCAS PETROL ANONİM ŞİRKETİ", "YESIL_SARJ_ISTASYONU_MU": "", "ADRES": "Söğütözü Mahallesi  No:108 Çankaya / ANKARA", "SOKET_NO": "SKT/18882", "SOKET_TIPI": "DC", "SOKET_TURU": "DC_CCS", "SOKET_GUCU_KW": "45" }, "geometry": { "type": "Point", "coordinates": [ 32.792957, 39.909511 ] } },
{ "type": "Feature", "properties": { "ID": 27923.0, "SIRA_NO": 398.0, "ISTASYON_NO": "ŞRJ/8262", "ISTASYON_ADI": "Shell Bilkent", "HIZMET_SEKLI": "HALKA_ACIK", "MARKA": "SHELL", "MARKAADI": "Shell Şarj", "SARJ_AGI_ISLETMECISI": "SHELL & TURCAS PETROL ANONİM ŞİRKETİ", "YESIL_SARJ_ISTASYONU_MU": "", "ADRES": "Ortadoğu Mahallesi  No:19 Çankaya / ANKARA", "SOKET_NO": "SKT/18929", "SOKET_TIPI": "DC", "SOKET_TURU": "DC_CCS", "SOKET_GUCU_KW": "50" }, "geometry": { "type": "Point", "coordinates": [ 32.764102, 39.8854 ] } },
{ "type": "Feature", "properties": { "ID": 8961.0, "SIRA_NO": 260.0, "ISTASYON_NO": "ŞRJ/812", "ISTASYON_ADI": "JW Marriott Otel Ankara Kapalı Otopark", "HIZMET_SEKLI": "HALKA_ACIK", "MARKA": "zes", "MARKAADI": "Zes", "SARJ_AGI_ISLETMECISI": "ZES DİJİTAL TİCARET ANONİM ŞİRKETİ", "YESIL_SARJ_ISTASYONU_MU": "Evet", "ADRES": "Kızılırmak Mahallesi Muhsin Yazıcıoğlu Caddesi  No:1 Çankaya / ANKARA", "SOKET_NO": "SKT/1362", "SOKET_TIPI": "AC", "SOKET_TURU": "AC_TYPE2", "SOKET_GUCU_KW": "22" }, "geometry": { "type": "Point", "coordinates": [ 32.806078, 39.9094 ] } },
{ "type": "Feature", "properties": { "ID": 27051.0, "SIRA_NO": 122.0, "ISTASYON_NO": "ŞRJ/3342", "ISTASYON_ADI": "MİGROS BALGAT ANKARA MM", "HIZMET_SEKLI": "HALKA_ACIK", "MARKA": "MİGGO", "MARKAADI": "Miggo", "SARJ_AGI_ISLETMECISI": "MİGEN ENERJİ VE ELEKTRİKLİ ARAÇ ŞARJ HİZMETLERİ ANONİM ŞİRKETİ", "YESIL_SARJ_ISTASYONU_MU": "", "ADRES": "Ehlibeyt Mahallesi  No:117 Çankaya / ANKARA", "SOKET_NO": "SKT/24215", "SOKET_TIPI": "AC", "SOKET_TURU": "AC_TYPE2", "SOKET_GUCU_KW": "22" }, "geometry": { "type": "Point", "coordinates": [ 32.816462, 39.89707 ] } },
{ "type": "Feature", "properties": { "ID": 27319.0, "SIRA_NO": 243.0, "ISTASYON_NO": "ŞRJ/9609", "ISTASYON_ADI": "Mobilcar Ankara", "HIZMET_SEKLI": "HALKA_ACIK", "MARKA": "MINUS ENERGY", "MARKAADI": "Minus Energy", "SARJ_AGI_ISLETMECISI": "MINUS ENERGY ENERJİ SANAYİ VE TİCARET ANONİM ŞİRKETİ", "YESIL_SARJ_ISTASYONU_MU": "", "ADRES": "Söğütözü Mahallesi Söğütözü Sokağı  No:2 /7 Çankaya / ANKARA", "SOKET_NO": "SKT/22877", "SOKET_TIPI": "AC", "SOKET_TURU": "AC_TYPE2", "SOKET_GUCU_KW": "7" }, "geometry": { "type": "Point", "coordinates": [ 32.802214, 39.913589 ] } },
{ "type": "Feature", "properties": { "ID": 35018.0, "SIRA_NO": 44.0, "ISTASYON_NO": "ŞRJ/18235", "ISTASYON_ADI": "MESA DORA EVLERİ", "HIZMET_SEKLI": "OZEL", "MARKA": "NEVA ŞARJ", "MARKAADI": "Neva Şarj", "SARJ_AGI_ISLETMECISI": "NEVA İÇ VE DIŞ TİCARET ANONİM ŞİRKETİ", "YESIL_SARJ_ISTASYONU_MU": "", "ADRES": "Harbiye Mahallesi Dikmen Caddesi  No:174-176 Çankaya / ANKARA", "SOKET_NO": "SKT/50306", "SOKET_TIPI": "AC", "SOKET_TURU": "AC_TYPE2", "SOKET_GUCU_KW": "22" }, "geometry": { "type": "Point", "coordinates": [ 32.839783, 39.888237 ] } },
{ "type": "Feature", "properties": { "ID": 35019.0, "SIRA_NO": 44.0, "ISTASYON_NO": "ŞRJ/18235", "ISTASYON_ADI": "MESA DORA EVLERİ", "HIZMET_SEKLI": "OZEL", "MARKA": "NEVA ŞARJ", "MARKAADI": "Neva Şarj", "SARJ_AGI_ISLETMECISI": "NEVA İÇ VE DIŞ TİCARET ANONİM ŞİRKETİ", "YESIL_SARJ_ISTASYONU_MU": "", "ADRES": "Harbiye Mahallesi Dikmen Caddesi  No:174-176 Çankaya / ANKARA", "SOKET_NO": "SKT/50307", "SOKET_TIPI": "AC", "SOKET_TURU": "AC_TYPE2", "SOKET_GUCU_KW": "22" }, "geometry": { "type": "Point", "coordinates": [ 32.839783, 39.888237 ] } },
{ "type": "Feature", "properties": { "ID": 35017.0, "SIRA_NO": 44.0, "ISTASYON_NO": "ŞRJ/18235", "ISTASYON_ADI": "MESA DORA EVLERİ", "HIZMET_SEKLI": "OZEL", "MARKA": "NEVA ŞARJ", "MARKAADI": "Neva Şarj", "SARJ_AGI_ISLETMECISI": "NEVA İÇ VE DIŞ TİCARET ANONİM ŞİRKETİ", "YESIL_SARJ_ISTASYONU_MU": "", "ADRES": "Harbiye Mahallesi Dikmen Caddesi  No:174-176 Çankaya / ANKARA", "SOKET_NO": "SKT/50305", "SOKET_TIPI": "AC", "SOKET_TURU": "AC_TYPE2", "SOKET_GUCU_KW": "22" }, "geometry": { "type": "Point", "coordinates": [ 32.839783, 39.888237 ] } },
{ "type": "Feature", "properties": { "ID": 35161.0, "SIRA_NO": 162.0, "ISTASYON_NO": "ŞRJ/18283", "ISTASYON_ADI": "1. ETAP 7. BODRUM 8 AC", "HIZMET_SEKLI": "OZEL", "MARKA": "MYCHARGE", "MARKAADI": "Mycharge", "SARJ_AGI_ISLETMECISI": "MANAS İPLİK SANAYİ VE TİCARET ANONİM ŞİRKETİ", "YESIL_SARJ_ISTASYONU_MU": "", "ADRES": "İlkbahar Mahallesi Doğukent Caddesi Çankaya / ANKARA", "SOKET_NO": "SKT/50454", "SOKET_TIPI": "AC", "SOKET_TURU": "AC_TYPE2", "SOKET_GUCU_KW": "22" }, "geometry": { "type": "Point", "coordinates": [ 32.857425, 39.860648 ] } },
{ "type": "Feature", "properties": { "ID": 35692.0, "SIRA_NO": 174.0, "ISTASYON_NO": "ŞRJ/18435", "ISTASYON_ADI": "AYYAPI KONUM BEYTEPE", "HIZMET_SEKLI": "OZEL", "MARKA": "VOLTRUN", "MARKAADI": "Voltrun", "SARJ_AGI_ISLETMECISI": "VOLTRUN ENERJİ ANONİM ŞİRKETİ", "YESIL_SARJ_ISTASYONU_MU": "Evet", "ADRES": "Beytepe Mahallesi Hacı Bektaş Veli Caddesi  No:17/A Çankaya / ANKARA", "SOKET_NO": "SKT/51012", "SOKET_TIPI": "AC", "SOKET_TURU": "AC_TYPE2", "SOKET_GUCU_KW": "22" }, "geometry": { "type": "Point", "coordinates": [ 32.708936, 39.858741 ] } },
{ "type": "Feature", "properties": { "ID": 35162.0, "SIRA_NO": 162.0, "ISTASYON_NO": "ŞRJ/18283", "ISTASYON_ADI": "1. ETAP 7. BODRUM 8 AC", "HIZMET_SEKLI": "OZEL", "MARKA": "MYCHARGE", "MARKAADI": "Mycharge", "SARJ_AGI_ISLETMECISI": "MANAS İPLİK SANAYİ VE TİCARET ANONİM ŞİRKETİ", "YESIL_SARJ_ISTASYONU_MU": "", "ADRES": "İlkbahar Mahallesi Doğukent Caddesi Çankaya / ANKARA", "SOKET_NO": "SKT/50457", "SOKET_TIPI": "AC", "SOKET_TURU": "AC_TYPE2", "SOKET_GUCU_KW": "22" }, "geometry": { "type": "Point", "coordinates": [ 32.857425, 39.860648 ] } },
{ "type": "Feature", "properties": { "ID": 35163.0, "SIRA_NO": 162.0, "ISTASYON_NO": "ŞRJ/18283", "ISTASYON_ADI": "1. ETAP 7. BODRUM 8 AC", "HIZMET_SEKLI": "OZEL", "MARKA": "MYCHARGE", "MARKAADI": "Mycharge", "SARJ_AGI_ISLETMECISI": "MANAS İPLİK SANAYİ VE TİCARET ANONİM ŞİRKETİ", "YESIL_SARJ_ISTASYONU_MU": "", "ADRES": "İlkbahar Mahallesi Doğukent Caddesi Çankaya / ANKARA", "SOKET_NO": "SKT/50458", "SOKET_TIPI": "AC", "SOKET_TURU": "AC_TYPE2", "SOKET_GUCU_KW": "22" }, "geometry": { "type": "Point", "coordinates": [ 32.857425, 39.860648 ] } },
{ "type": "Feature", "properties": { "ID": 35164.0, "SIRA_NO": 162.0, "ISTASYON_NO": "ŞRJ/18283", "ISTASYON_ADI": "1. ETAP 7. BODRUM 8 AC", "HIZMET_SEKLI": "OZEL", "MARKA": "MYCHARGE", "MARKAADI": "Mycharge", "SARJ_AGI_ISLETMECISI": "MANAS İPLİK SANAYİ VE TİCARET ANONİM ŞİRKETİ", "YESIL_SARJ_ISTASYONU_MU": "", "ADRES": "İlkbahar Mahallesi Doğukent Caddesi Çankaya / ANKARA", "SOKET_NO": "SKT/50459", "SOKET_TIPI": "AC", "SOKET_TURU": "AC_TYPE2", "SOKET_GUCU_KW": "22" }, "geometry": { "type": "Point", "coordinates": [ 32.857425, 39.860648 ] } },
{ "type": "Feature", "properties": { "ID": 14947.0, "SIRA_NO": 45.0, "ISTASYON_NO": "ŞRJ/5894", "ISTASYON_ADI": "TOBB İkizkule", "HIZMET_SEKLI": "HALKA_ACIK", "MARKA": "Trugo", "MARKAADI": "Trugo", "SARJ_AGI_ISLETMECISI": "TRUGO AKILLI ŞARJ ÇÖZÜMLERİ SANAYİ VE TİCARET ANONİM ŞİRKETİ", "YESIL_SARJ_ISTASYONU_MU": "Evet", "ADRES": "Mustafa Kemal Mahallesi  No:252 Çankaya / ANKARA", "SOKET_NO": "SKT/12834", "SOKET_TIPI": "DC", "SOKET_TURU": "DC_CCS", "SOKET_GUCU_KW": "180" }, "geometry": { "type": "Point", "coordinates": [ 32.76123, 39.908239 ] } },
{ "type": "Feature", "properties": { "ID": 33571.0, "SIRA_NO": 486.0, "ISTASYON_NO": "ŞRJ/15969", "ISTASYON_ADI": "Blu Mağaza, Çankaya - DC", "HIZMET_SEKLI": "HALKA_ACIK", "MARKA": "Otopriz", "MARKAADI": "Otopriz", "SARJ_AGI_ISLETMECISI": "DİCLE KÖK ENERJİ YATIRIM ANONİM ŞİRKETİ", "YESIL_SARJ_ISTASYONU_MU": "", "ADRES": "Yıldızevler Mahallesi  No:28 Çankaya / ANKARA", "SOKET_NO": "SKT/42943", "SOKET_TIPI": "DC", "SOKET_TURU": "DC_CCS", "SOKET_GUCU_KW": "120" }, "geometry": { "type": "Point", "coordinates": [ 32.859958, 39.880515 ] } },
{ "type": "Feature", "properties": { "ID": 27862.0, "SIRA_NO": 372.0, "ISTASYON_NO": "ŞRJ/7773", "ISTASYON_ADI": "Shell Küçükesat", "HIZMET_SEKLI": "HALKA_ACIK", "MARKA": "SHELL", "MARKAADI": "Shell Şarj", "SARJ_AGI_ISLETMECISI": "SHELL & TURCAS PETROL ANONİM ŞİRKETİ", "YESIL_SARJ_ISTASYONU_MU": "", "ADRES": "Murat Mahallesi Koza Sokağı  No:132  Gaziosmanpaşa Çankaya / ANKARA", "SOKET_NO": "SKT/17708", "SOKET_TIPI": "DC", "SOKET_TURU": "DC_CCS", "SOKET_GUCU_KW": "180" }, "geometry": { "type": "Point", "coordinates": [ 32.878498, 39.89841 ] } },
{ "type": "Feature", "properties": { "ID": 34994.0, "SIRA_NO": 5.0, "ISTASYON_NO": "ŞRJ/18050", "ISTASYON_ADI": "Rönesans Sitesi", "HIZMET_SEKLI": "HALKA_ACIK", "MARKA": "GEL DOL", "MARKAADI": "Gel Dol", "SARJ_AGI_ISLETMECISI": "ER ELEKTRONİK SANAYİ VE TİCARET ANONİM ŞİRKETİ", "YESIL_SARJ_ISTASYONU_MU": "", "ADRES": "Prof.dr.ahmet Taner Kışlalı Mahallesi 2864 Sokağı  No:52A  Bucak Çankaya / ANKARA", "SOKET_NO": "SKT/49713", "SOKET_TIPI": "AC", "SOKET_TURU": "AC_TYPE2", "SOKET_GUCU_KW": "22" }, "geometry": { "type": "Point", "coordinates": [ 32.676615, 39.865523 ] } },
{ "type": "Feature", "properties": { "ID": 12626.0, "SIRA_NO": 477.0, "ISTASYON_NO": "ŞRJ/2487", "ISTASYON_ADI": "ASTORŞARJ ŞA-RA ELEKTRİKLİ ARAÇ ŞARJ İSTASYONU", "HIZMET_SEKLI": "HALKA_ACIK", "MARKA": "ASTOR", "MARKAADI": "Astor", "SARJ_AGI_ISLETMECISI": "ASTOR ENERJİ ANONİM ŞİRKETİ", "YESIL_SARJ_ISTASYONU_MU": "", "ADRES": "Ümit Mahallesi 2479 Sokağı  No:2 Çankaya / ANKARA", "SOKET_NO": "SKT/4666", "SOKET_TIPI": "DC", "SOKET_TURU": "DC_CCS", "SOKET_GUCU_KW": "160" }, "geometry": { "type": "Point", "coordinates": [ 32.692654, 39.900653 ] } },
{ "type": "Feature", "properties": { "ID": 35051.0, "SIRA_NO": 57.0, "ISTASYON_NO": "ŞRJ/18245", "ISTASYON_ADI": "Gaziler FTR Eğitim ve Araştırma Hastanesi", "HIZMET_SEKLI": "HALKA_ACIK", "MARKA": "Trugo", "MARKAADI": "Trugo", "SARJ_AGI_ISLETMECISI": "TRUGO AKILLI ŞARJ ÇÖZÜMLERİ SANAYİ VE TİCARET ANONİM ŞİRKETİ", "YESIL_SARJ_ISTASYONU_MU": "Evet", "ADRES": "Üniversiteler Mahallesi 6002 Sokağı  No:3/1 Çankaya / ANKARA", "SOKET_NO": "SKT/50339", "SOKET_TIPI": "DC", "SOKET_TURU": "DC_CCS", "SOKET_GUCU_KW": "180" }, "geometry": { "type": "Point", "coordinates": [ 32.754636, 39.892757 ] } },
{ "type": "Feature", "properties": { "ID": 35052.0, "SIRA_NO": 57.0, "ISTASYON_NO": "ŞRJ/18245", "ISTASYON_ADI": "Gaziler FTR Eğitim ve Araştırma Hastanesi", "HIZMET_SEKLI": "HALKA_ACIK", "MARKA": "Trugo", "MARKAADI": "Trugo", "SARJ_AGI_ISLETMECISI": "TRUGO AKILLI ŞARJ ÇÖZÜMLERİ SANAYİ VE TİCARET ANONİM ŞİRKETİ", "YESIL_SARJ_ISTASYONU_MU": "Evet", "ADRES": "Üniversiteler Mahallesi 6002 Sokağı  No:3/1 Çankaya / ANKARA", "SOKET_NO": "SKT/50340", "SOKET_TIPI": "AC", "SOKET_TURU": "AC_TYPE2", "SOKET_GUCU_KW": "22" }, "geometry": { "type": "Point", "coordinates": [ 32.754636, 39.892757 ] } },
{ "type": "Feature", "properties": { "ID": 33706.0, "SIRA_NO": 352.0, "ISTASYON_NO": "ŞRJ/17783", "ISTASYON_ADI": "ASTORŞARJ İNCEK PRESTİJ", "HIZMET_SEKLI": "HALKA_ACIK", "MARKA": "ASTOR", "MARKAADI": "Astor", "SARJ_AGI_ISLETMECISI": "ASTOR ENERJİ ANONİM ŞİRKETİ", "YESIL_SARJ_ISTASYONU_MU": "", "ADRES": "Alacaatlı Mahallesi 3341 Sokağı  No:1 Çankaya / ANKARA", "SOKET_NO": "SKT/48798", "SOKET_TIPI": "AC", "SOKET_TURU": "AC_TYPE2", "SOKET_GUCU_KW": "11" }, "geometry": { "type": "Point", "coordinates": [ 32.70304, 39.838319 ] } },
{ "type": "Feature", "properties": { "ID": 33707.0, "SIRA_NO": 352.0, "ISTASYON_NO": "ŞRJ/17783", "ISTASYON_ADI": "ASTORŞARJ İNCEK PRESTİJ", "HIZMET_SEKLI": "HALKA_ACIK", "MARKA": "ASTOR", "MARKAADI": "Astor", "SARJ_AGI_ISLETMECISI": "ASTOR ENERJİ ANONİM ŞİRKETİ", "YESIL_SARJ_ISTASYONU_MU": "", "ADRES": "Alacaatlı Mahallesi 3341 Sokağı  No:1 Çankaya / ANKARA", "SOKET_NO": "SKT/48799", "SOKET_TIPI": "AC", "SOKET_TURU": "AC_TYPE2", "SOKET_GUCU_KW": "11" }, "geometry": { "type": "Point", "coordinates": [ 32.70304, 39.838319 ] } },
{ "type": "Feature", "properties": { "ID": 33708.0, "SIRA_NO": 352.0, "ISTASYON_NO": "ŞRJ/17783", "ISTASYON_ADI": "ASTORŞARJ İNCEK PRESTİJ", "HIZMET_SEKLI": "HALKA_ACIK", "MARKA": "ASTOR", "MARKAADI": "Astor", "SARJ_AGI_ISLETMECISI": "ASTOR ENERJİ ANONİM ŞİRKETİ", "YESIL_SARJ_ISTASYONU_MU": "", "ADRES": "Alacaatlı Mahallesi 3341 Sokağı  No:1 Çankaya / ANKARA", "SOKET_NO": "SKT/48800", "SOKET_TIPI": "AC", "SOKET_TURU": "AC_TYPE2", "SOKET_GUCU_KW": "11" }, "geometry": { "type": "Point", "coordinates": [ 32.70304, 39.838319 ] } },
{ "type": "Feature", "properties": { "ID": 33709.0, "SIRA_NO": 352.0, "ISTASYON_NO": "ŞRJ/17783", "ISTASYON_ADI": "ASTORŞARJ İNCEK PRESTİJ", "HIZMET_SEKLI": "HALKA_ACIK", "MARKA": "ASTOR", "MARKAADI": "Astor", "SARJ_AGI_ISLETMECISI": "ASTOR ENERJİ ANONİM ŞİRKETİ", "YESIL_SARJ_ISTASYONU_MU": "", "ADRES": "Alacaatlı Mahallesi 3341 Sokağı  No:1 Çankaya / ANKARA", "SOKET_NO": "SKT/48801", "SOKET_TIPI": "DC", "SOKET_TURU": "DC_CCS", "SOKET_GUCU_KW": "180" }, "geometry": { "type": "Point", "coordinates": [ 32.70304, 39.838319 ] } },
{ "type": "Feature", "properties": { "ID": 33710.0, "SIRA_NO": 352.0, "ISTASYON_NO": "ŞRJ/17783", "ISTASYON_ADI": "ASTORŞARJ İNCEK PRESTİJ", "HIZMET_SEKLI": "HALKA_ACIK", "MARKA": "ASTOR", "MARKAADI": "Astor", "SARJ_AGI_ISLETMECISI": "ASTOR ENERJİ ANONİM ŞİRKETİ", "YESIL_SARJ_ISTASYONU_MU": "", "ADRES": "Alacaatlı Mahallesi 3341 Sokağı  No:1 Çankaya / ANKARA", "SOKET_NO": "SKT/48802", "SOKET_TIPI": "DC", "SOKET_TURU": "DC_CCS", "SOKET_GUCU_KW": "180" }, "geometry": { "type": "Point", "coordinates": [ 32.70304, 39.838319 ] } },
{ "type": "Feature", "properties": { "ID": 33712.0, "SIRA_NO": 353.0, "ISTASYON_NO": "ŞRJ/17784", "ISTASYON_ADI": "ASTORSARJ YAŞAMKENT GÖZÜM PARK", "HIZMET_SEKLI": "HALKA_ACIK", "MARKA": "ASTOR", "MARKAADI": "Astor", "SARJ_AGI_ISLETMECISI": "ASTOR ENERJİ ANONİM ŞİRKETİ", "YESIL_SARJ_ISTASYONU_MU": "", "ADRES": "Yaşamkent Mahallesi 3297 Sokağı  No:1 Çankaya / ANKARA", "SOKET_NO": "SKT/48804", "SOKET_TIPI": "DC", "SOKET_TURU": "DC_CCS", "SOKET_GUCU_KW": "180" }, "geometry": { "type": "Point", "coordinates": [ 32.645376, 39.857694 ] } },
{ "type": "Feature", "properties": { "ID": 27924.0, "SIRA_NO": 398.0, "ISTASYON_NO": "ŞRJ/8262", "ISTASYON_ADI": "Shell Bilkent", "HIZMET_SEKLI": "HALKA_ACIK", "MARKA": "SHELL", "MARKAADI": "Shell Şarj", "SARJ_AGI_ISLETMECISI": "SHELL & TURCAS PETROL ANONİM ŞİRKETİ", "YESIL_SARJ_ISTASYONU_MU": "", "ADRES": "Ortadoğu Mahallesi  No:19 Çankaya / ANKARA", "SOKET_NO": "SKT/18930", "SOKET_TIPI": "AC", "SOKET_TURU": "AC_TYPE2", "SOKET_GUCU_KW": "22" }, "geometry": { "type": "Point", "coordinates": [ 32.764102, 39.8854 ] } },
{ "type": "Feature", "properties": { "ID": 27925.0, "SIRA_NO": 398.0, "ISTASYON_NO": "ŞRJ/8262", "ISTASYON_ADI": "Shell Bilkent", "HIZMET_SEKLI": "HALKA_ACIK", "MARKA": "SHELL", "MARKAADI": "Shell Şarj", "SARJ_AGI_ISLETMECISI": "SHELL & TURCAS PETROL ANONİM ŞİRKETİ", "YESIL_SARJ_ISTASYONU_MU": "", "ADRES": "Ortadoğu Mahallesi  No:19 Çankaya / ANKARA", "SOKET_NO": "SKT/19261", "SOKET_TIPI": "DC", "SOKET_TURU": "DC_CHADEMO", "SOKET_GUCU_KW": "50" }, "geometry": { "type": "Point", "coordinates": [ 32.764102, 39.8854 ] } },
{ "type": "Feature", "properties": { "ID": 27872.0, "SIRA_NO": 375.0, "ISTASYON_NO": "ŞRJ/7881", "ISTASYON_ADI": "Shell Ahmetler", "HIZMET_SEKLI": "HALKA_ACIK", "MARKA": "SHELL", "MARKAADI": "Shell Şarj", "SARJ_AGI_ISLETMECISI": "SHELL & TURCAS PETROL ANONİM ŞİRKETİ", "YESIL_SARJ_ISTASYONU_MU": "", "ADRES": "Kültür Mahallesi Libya Caddesi  No:NO:22 Çankaya / ANKARA", "SOKET_NO": "SKT/17960", "SOKET_TIPI": "DC", "SOKET_TURU": "DC_CCS", "SOKET_GUCU_KW": "180" }, "geometry": { "type": "Point", "coordinates": [ 32.862708, 39.919624 ] } },
{ "type": "Feature", "properties": { "ID": 35477.0, "SIRA_NO": 307.0, "ISTASYON_NO": "ŞRJ/17670", "ISTASYON_ADI": "ÖNİZŞARJ BESA NOVA PLAZA", "HIZMET_SEKLI": "HALKA_ACIK", "MARKA": "önizşarj", "MARKAADI": "ASM Group", "SARJ_AGI_ISLETMECISI": "ASM DEKORASYON MOBİLYA  GRANİT MERMER İNŞAAT SANAYİ TİCARET LİMİTED ŞİRKETİ", "YESIL_SARJ_ISTASYONU_MU": "", "ADRES": "Yaşamkent Mahallesi Mehmet Rifat Börekçi Sokağı  No:16 Çankaya / ANKARA", "SOKET_NO": "SKT/50823", "SOKET_TIPI": "DC", "SOKET_TURU": "DC_CCS", "SOKET_GUCU_KW": "120" }, "geometry": { "type": "Point", "coordinates": [ 32.642606, 39.861551 ] } },
{ "type": "Feature", "properties": { "ID": 35152.0, "SIRA_NO": 161.0, "ISTASYON_NO": "ŞRJ/18279", "ISTASYON_ADI": "2. ETAP 9. BODRUM 6 AC", "HIZMET_SEKLI": "OZEL", "MARKA": "MYCHARGE", "MARKAADI": "Mycharge", "SARJ_AGI_ISLETMECISI": "MANAS İPLİK SANAYİ VE TİCARET ANONİM ŞİRKETİ", "YESIL_SARJ_ISTASYONU_MU": "", "ADRES": "İlkbahar Mahallesi Doğukent Caddesi  No:733/1 Çankaya / ANKARA", "SOKET_NO": "SKT/50435", "SOKET_TIPI": "AC", "SOKET_TURU": "AC_TYPE2", "SOKET_GUCU_KW": "22" }, "geometry": { "type": "Point", "coordinates": [ 32.853958, 39.85874 ] } },
{ "type": "Feature", "properties": { "ID": 35153.0, "SIRA_NO": 161.0, "ISTASYON_NO": "ŞRJ/18279", "ISTASYON_ADI": "2. ETAP 9. BODRUM 6 AC", "HIZMET_SEKLI": "OZEL", "MARKA": "MYCHARGE", "MARKAADI": "Mycharge", "SARJ_AGI_ISLETMECISI": "MANAS İPLİK SANAYİ VE TİCARET ANONİM ŞİRKETİ", "YESIL_SARJ_ISTASYONU_MU": "", "ADRES": "İlkbahar Mahallesi Doğukent Caddesi  No:733/1 Çankaya / ANKARA", "SOKET_NO": "SKT/50436", "SOKET_TIPI": "AC", "SOKET_TURU": "AC_TYPE2", "SOKET_GUCU_KW": "22" }, "geometry": { "type": "Point", "coordinates": [ 32.853958, 39.85874 ] } },
{ "type": "Feature", "properties": { "ID": 35154.0, "SIRA_NO": 161.0, "ISTASYON_NO": "ŞRJ/18279", "ISTASYON_ADI": "2. ETAP 9. BODRUM 6 AC", "HIZMET_SEKLI": "OZEL", "MARKA": "MYCHARGE", "MARKAADI": "Mycharge", "SARJ_AGI_ISLETMECISI": "MANAS İPLİK SANAYİ VE TİCARET ANONİM ŞİRKETİ", "YESIL_SARJ_ISTASYONU_MU": "", "ADRES": "İlkbahar Mahallesi Doğukent Caddesi  No:733/1 Çankaya / ANKARA", "SOKET_NO": "SKT/50437", "SOKET_TIPI": "AC", "SOKET_TURU": "AC_TYPE2", "SOKET_GUCU_KW": "22" }, "geometry": { "type": "Point", "coordinates": [ 32.853958, 39.85874 ] } },
{ "type": "Feature", "properties": { "ID": 35155.0, "SIRA_NO": 161.0, "ISTASYON_NO": "ŞRJ/18279", "ISTASYON_ADI": "2. ETAP 9. BODRUM 6 AC", "HIZMET_SEKLI": "OZEL", "MARKA": "MYCHARGE", "MARKAADI": "Mycharge", "SARJ_AGI_ISLETMECISI": "MANAS İPLİK SANAYİ VE TİCARET ANONİM ŞİRKETİ", "YESIL_SARJ_ISTASYONU_MU": "", "ADRES": "İlkbahar Mahallesi Doğukent Caddesi  No:733/1 Çankaya / ANKARA", "SOKET_NO": "SKT/50438", "SOKET_TIPI": "AC", "SOKET_TURU": "AC_TYPE2", "SOKET_GUCU_KW": "22" }, "geometry": { "type": "Point", "coordinates": [ 32.853958, 39.85874 ] } },
{ "type": "Feature", "properties": { "ID": 35156.0, "SIRA_NO": 161.0, "ISTASYON_NO": "ŞRJ/18279", "ISTASYON_ADI": "2. ETAP 9. BODRUM 6 AC", "HIZMET_SEKLI": "OZEL", "MARKA": "MYCHARGE", "MARKAADI": "Mycharge", "SARJ_AGI_ISLETMECISI": "MANAS İPLİK SANAYİ VE TİCARET ANONİM ŞİRKETİ", "YESIL_SARJ_ISTASYONU_MU": "", "ADRES": "İlkbahar Mahallesi Doğukent Caddesi  No:733/1 Çankaya / ANKARA", "SOKET_NO": "SKT/50439", "SOKET_TIPI": "AC", "SOKET_TURU": "AC_TYPE2", "SOKET_GUCU_KW": "22" }, "geometry": { "type": "Point", "coordinates": [ 32.853958, 39.85874 ] } },
{ "type": "Feature", "properties": { "ID": 35158.0, "SIRA_NO": 162.0, "ISTASYON_NO": "ŞRJ/18283", "ISTASYON_ADI": "1. ETAP 7. BODRUM 8 AC", "HIZMET_SEKLI": "OZEL", "MARKA": "MYCHARGE", "MARKAADI": "Mycharge", "SARJ_AGI_ISLETMECISI": "MANAS İPLİK SANAYİ VE TİCARET ANONİM ŞİRKETİ", "YESIL_SARJ_ISTASYONU_MU": "", "ADRES": "İlkbahar Mahallesi Doğukent Caddesi Çankaya / ANKARA", "SOKET_NO": "SKT/50451", "SOKET_TIPI": "AC", "SOKET_TURU": "AC_TYPE2", "SOKET_GUCU_KW": "22" }, "geometry": { "type": "Point", "coordinates": [ 32.857425, 39.860648 ] } },
{ "type": "Feature", "properties": { "ID": 35159.0, "SIRA_NO": 162.0, "ISTASYON_NO": "ŞRJ/18283", "ISTASYON_ADI": "1. ETAP 7. BODRUM 8 AC", "HIZMET_SEKLI": "OZEL", "MARKA": "MYCHARGE", "MARKAADI": "Mycharge", "SARJ_AGI_ISLETMECISI": "MANAS İPLİK SANAYİ VE TİCARET ANONİM ŞİRKETİ", "YESIL_SARJ_ISTASYONU_MU": "", "ADRES": "İlkbahar Mahallesi Doğukent Caddesi Çankaya / ANKARA", "SOKET_NO": "SKT/50452", "SOKET_TIPI": "AC", "SOKET_TURU": "AC_TYPE2", "SOKET_GUCU_KW": "22" }, "geometry": { "type": "Point", "coordinates": [ 32.857425, 39.860648 ] } },
{ "type": "Feature", "properties": { "ID": 33703.0, "SIRA_NO": 352.0, "ISTASYON_NO": "ŞRJ/17783", "ISTASYON_ADI": "ASTORŞARJ İNCEK PRESTİJ", "HIZMET_SEKLI": "HALKA_ACIK", "MARKA": "ASTOR", "MARKAADI": "Astor", "SARJ_AGI_ISLETMECISI": "ASTOR ENERJİ ANONİM ŞİRKETİ", "YESIL_SARJ_ISTASYONU_MU": "", "ADRES": "Alacaatlı Mahallesi 3341 Sokağı  No:1 Çankaya / ANKARA", "SOKET_NO": "SKT/48795", "SOKET_TIPI": "AC", "SOKET_TURU": "AC_TYPE2", "SOKET_GUCU_KW": "11" }, "geometry": { "type": "Point", "coordinates": [ 32.70304, 39.838319 ] } },
{ "type": "Feature", "properties": { "ID": 33704.0, "SIRA_NO": 352.0, "ISTASYON_NO": "ŞRJ/17783", "ISTASYON_ADI": "ASTORŞARJ İNCEK PRESTİJ", "HIZMET_SEKLI": "HALKA_ACIK", "MARKA": "ASTOR", "MARKAADI": "Astor", "SARJ_AGI_ISLETMECISI": "ASTOR ENERJİ ANONİM ŞİRKETİ", "YESIL_SARJ_ISTASYONU_MU": "", "ADRES": "Alacaatlı Mahallesi 3341 Sokağı  No:1 Çankaya / ANKARA", "SOKET_NO": "SKT/48796", "SOKET_TIPI": "AC", "SOKET_TURU": "AC_TYPE2", "SOKET_GUCU_KW": "11" }, "geometry": { "type": "Point", "coordinates": [ 32.70304, 39.838319 ] } },
{ "type": "Feature", "properties": { "ID": 33705.0, "SIRA_NO": 352.0, "ISTASYON_NO": "ŞRJ/17783", "ISTASYON_ADI": "ASTORŞARJ İNCEK PRESTİJ", "HIZMET_SEKLI": "HALKA_ACIK", "MARKA": "ASTOR", "MARKAADI": "Astor", "SARJ_AGI_ISLETMECISI": "ASTOR ENERJİ ANONİM ŞİRKETİ", "YESIL_SARJ_ISTASYONU_MU": "", "ADRES": "Alacaatlı Mahallesi 3341 Sokağı  No:1 Çankaya / ANKARA", "SOKET_NO": "SKT/48797", "SOKET_TIPI": "AC", "SOKET_TURU": "AC_TYPE2", "SOKET_GUCU_KW": "11" }, "geometry": { "type": "Point", "coordinates": [ 32.70304, 39.838319 ] } },
{ "type": "Feature", "properties": { "ID": 35148.0, "SIRA_NO": 160.0, "ISTASYON_NO": "ŞRJ/18278", "ISTASYON_ADI": "1. ETAP 7. BODRUM 9 AC", "HIZMET_SEKLI": "OZEL", "MARKA": "MYCHARGE", "MARKAADI": "Mycharge", "SARJ_AGI_ISLETMECISI": "MANAS İPLİK SANAYİ VE TİCARET ANONİM ŞİRKETİ", "YESIL_SARJ_ISTASYONU_MU": "", "ADRES": "İlkbahar Mahallesi Doğukent Caddesi Çankaya / ANKARA", "SOKET_NO": "SKT/50431", "SOKET_TIPI": "AC", "SOKET_TURU": "AC_TYPE2", "SOKET_GUCU_KW": "22" }, "geometry": { "type": "Point", "coordinates": [ 32.857334, 39.860605 ] } },
{ "type": "Feature", "properties": { "ID": 35149.0, "SIRA_NO": 160.0, "ISTASYON_NO": "ŞRJ/18278", "ISTASYON_ADI": "1. ETAP 7. BODRUM 9 AC", "HIZMET_SEKLI": "OZEL", "MARKA": "MYCHARGE", "MARKAADI": "Mycharge", "SARJ_AGI_ISLETMECISI": "MANAS İPLİK SANAYİ VE TİCARET ANONİM ŞİRKETİ", "YESIL_SARJ_ISTASYONU_MU": "", "ADRES": "İlkbahar Mahallesi Doğukent Caddesi Çankaya / ANKARA", "SOKET_NO": "SKT/50432", "SOKET_TIPI": "AC", "SOKET_TURU": "AC_TYPE2", "SOKET_GUCU_KW": "22" }, "geometry": { "type": "Point", "coordinates": [ 32.857334, 39.860605 ] } },
{ "type": "Feature", "properties": { "ID": 35010.0, "SIRA_NO": 43.0, "ISTASYON_NO": "ŞRJ/18234", "ISTASYON_ADI": "DOĞANAY kONUTLARI", "HIZMET_SEKLI": "OZEL", "MARKA": "EPSIS", "MARKAADI": "Epsis", "SARJ_AGI_ISLETMECISI": "FORM ELEKTRİK İNŞAAT MÜHENDİSLİK ANONİM ŞİRKETİ", "YESIL_SARJ_ISTASYONU_MU": "", "ADRES": "Alacaatlı Mahallesi 3415 Sokağı  No:3 Altındağ / ANKARA", "SOKET_NO": "SKT/50298", "SOKET_TIPI": "AC", "SOKET_TURU": "AC_TYPE2", "SOKET_GUCU_KW": "22" }, "geometry": { "type": "Point", "coordinates": [ 32.631986, 39.85543 ] } },
{ "type": "Feature", "properties": { "ID": 35011.0, "SIRA_NO": 43.0, "ISTASYON_NO": "ŞRJ/18234", "ISTASYON_ADI": "DOĞANAY kONUTLARI", "HIZMET_SEKLI": "OZEL", "MARKA": "EPSIS", "MARKAADI": "Epsis", "SARJ_AGI_ISLETMECISI": "FORM ELEKTRİK İNŞAAT MÜHENDİSLİK ANONİM ŞİRKETİ", "YESIL_SARJ_ISTASYONU_MU": "", "ADRES": "Alacaatlı Mahallesi 3415 Sokağı  No:3 Altındağ / ANKARA", "SOKET_NO": "SKT/50299", "SOKET_TIPI": "AC", "SOKET_TURU": "AC_TYPE2", "SOKET_GUCU_KW": "22" }, "geometry": { "type": "Point", "coordinates": [ 32.631986, 39.85543 ] } },
{ "type": "Feature", "properties": { "ID": 35013.0, "SIRA_NO": 44.0, "ISTASYON_NO": "ŞRJ/18235", "ISTASYON_ADI": "MESA DORA EVLERİ", "HIZMET_SEKLI": "OZEL", "MARKA": "NEVA ŞARJ", "MARKAADI": "Neva Şarj", "SARJ_AGI_ISLETMECISI": "NEVA İÇ VE DIŞ TİCARET ANONİM ŞİRKETİ", "YESIL_SARJ_ISTASYONU_MU": "", "ADRES": "Harbiye Mahallesi Dikmen Caddesi  No:174-176 Çankaya / ANKARA", "SOKET_NO": "SKT/50301", "SOKET_TIPI": "AC", "SOKET_TURU": "AC_TYPE2", "SOKET_GUCU_KW": "22" }, "geometry": { "type": "Point", "coordinates": [ 32.839783, 39.888237 ] } },
{ "type": "Feature", "properties": { "ID": 35014.0, "SIRA_NO": 44.0, "ISTASYON_NO": "ŞRJ/18235", "ISTASYON_ADI": "MESA DORA EVLERİ", "HIZMET_SEKLI": "OZEL", "MARKA": "NEVA ŞARJ", "MARKAADI": "Neva Şarj", "SARJ_AGI_ISLETMECISI": "NEVA İÇ VE DIŞ TİCARET ANONİM ŞİRKETİ", "YESIL_SARJ_ISTASYONU_MU": "", "ADRES": "Harbiye Mahallesi Dikmen Caddesi  No:174-176 Çankaya / ANKARA", "SOKET_NO": "SKT/50302", "SOKET_TIPI": "AC", "SOKET_TURU": "AC_TYPE2", "SOKET_GUCU_KW": "22" }, "geometry": { "type": "Point", "coordinates": [ 32.839783, 39.888237 ] } },
{ "type": "Feature", "properties": { "ID": 35015.0, "SIRA_NO": 44.0, "ISTASYON_NO": "ŞRJ/18235", "ISTASYON_ADI": "MESA DORA EVLERİ", "HIZMET_SEKLI": "OZEL", "MARKA": "NEVA ŞARJ", "MARKAADI": "Neva Şarj", "SARJ_AGI_ISLETMECISI": "NEVA İÇ VE DIŞ TİCARET ANONİM ŞİRKETİ", "YESIL_SARJ_ISTASYONU_MU": "", "ADRES": "Harbiye Mahallesi Dikmen Caddesi  No:174-176 Çankaya / ANKARA", "SOKET_NO": "SKT/50303", "SOKET_TIPI": "AC", "SOKET_TURU": "AC_TYPE2", "SOKET_GUCU_KW": "22" }, "geometry": { "type": "Point", "coordinates": [ 32.839783, 39.888237 ] } },
{ "type": "Feature", "properties": { "ID": 35016.0, "SIRA_NO": 44.0, "ISTASYON_NO": "ŞRJ/18235", "ISTASYON_ADI": "MESA DORA EVLERİ", "HIZMET_SEKLI": "OZEL", "MARKA": "NEVA ŞARJ", "MARKAADI": "Neva Şarj", "SARJ_AGI_ISLETMECISI": "NEVA İÇ VE DIŞ TİCARET ANONİM ŞİRKETİ", "YESIL_SARJ_ISTASYONU_MU": "", "ADRES": "Harbiye Mahallesi Dikmen Caddesi  No:174-176 Çankaya / ANKARA", "SOKET_NO": "SKT/50304", "SOKET_TIPI": "AC", "SOKET_TURU": "AC_TYPE2", "SOKET_GUCU_KW": "22" }, "geometry": { "type": "Point", "coordinates": [ 32.839783, 39.888237 ] } },
{ "type": "Feature", "properties": { "ID": 21356.0, "SIRA_NO": 363.0, "ISTASYON_NO": "ŞRJ/6583", "ISTASYON_ADI": "CONGRESİUM AC-1, CONGRESİUM AC-2 ve CONGRESİUM AC-3", "HIZMET_SEKLI": "HALKA_ACIK", "MARKA": "beefull", "MARKAADI": "Beefull", "SARJ_AGI_ISLETMECISI": "BEEFULL ENERJİ TEKNOLOJİLERİ ANONİM ŞİRKETİ", "YESIL_SARJ_ISTASYONU_MU": "Evet", "ADRES": "Söğütözü Mahallesi Söğütözü Caddesi  No:1 Çankaya / ANKARA", "SOKET_NO": "SKT/14464", "SOKET_TIPI": "AC", "SOKET_TURU": "AC_TYPE2", "SOKET_GUCU_KW": "22" }, "geometry": { "type": "Point", "coordinates": [ 32.803493, 39.911472 ] } },
{ "type": "Feature", "properties": { "ID": 35195.0, "SIRA_NO": 183.0, "ISTASYON_NO": "ŞRJ/18300", "ISTASYON_ADI": "ÇAYYOLU ÇAĞDAŞ ÖNÜ", "HIZMET_SEKLI": "HALKA_ACIK", "MARKA": "NEVA ŞARJ", "MARKAADI": "Neva Şarj", "SARJ_AGI_ISLETMECISI": "NEVA İÇ VE DIŞ TİCARET ANONİM ŞİRKETİ", "YESIL_SARJ_ISTASYONU_MU": "", "ADRES": "Çayyolu-1 Mahallesi Alacaatlı Cad. İle 2859. Cad. Kesişimi Caddesi Çankaya / ANKARA", "SOKET_NO": "SKT/50496", "SOKET_TIPI": "DC", "SOKET_TURU": "DC_CCS", "SOKET_GUCU_KW": "240" }, "geometry": { "type": "Point", "coordinates": [ 32.686406, 39.870218 ] } },
{ "type": "Feature", "properties": { "ID": 35197.0, "SIRA_NO": 184.0, "ISTASYON_NO": "ŞRJ/18301", "ISTASYON_ADI": "ÇAYYOLU ÇAĞDAŞ 2", "HIZMET_SEKLI": "HALKA_ACIK", "MARKA": "NEVA ŞARJ", "MARKAADI": "Neva Şarj", "SARJ_AGI_ISLETMECISI": "NEVA İÇ VE DIŞ TİCARET ANONİM ŞİRKETİ", "YESIL_SARJ_ISTASYONU_MU": "", "ADRES": "Çayyolu-1 Mahallesi Alacaatlı Cad. İle 2859. Cad. Kesişimi Caddesi Çankaya / ANKARA", "SOKET_NO": "SKT/50498", "SOKET_TIPI": "DC", "SOKET_TURU": "DC_CCS", "SOKET_GUCU_KW": "120" }, "geometry": { "type": "Point", "coordinates": [ 32.686441, 39.870286 ] } },
{ "type": "Feature", "properties": { "ID": 33684.0, "SIRA_NO": 314.0, "ISTASYON_NO": "ŞRJ/17758", "ISTASYON_ADI": "Çelikler Atatürk Bulvarı 183 Otel-1", "HIZMET_SEKLI": "HALKA_ACIK", "MARKA": "ÇELİKLER ENERJİ", "MARKAADI": "Çelikler Enerji", "SARJ_AGI_ISLETMECISI": "ÇELİKLER GLOBAL ENERJİ ŞARJ SİSTEMLERİ ANONİM ŞİRKETİ", "YESIL_SARJ_ISTASYONU_MU": "", "ADRES": "Kavaklıdere Mahallesi Atatürk Sokağı  No:183 Çankaya / ANKARA", "SOKET_NO": "SKT/48702", "SOKET_TIPI": "DC", "SOKET_TURU": "DC_CCS", "SOKET_GUCU_KW": "180" }, "geometry": { "type": "Point", "coordinates": [ 32.855964, 39.910494 ] } },
{ "type": "Feature", "properties": { "ID": 28744.0, "SIRA_NO": 182.0, "ISTASYON_NO": "ŞRJ/11892", "ISTASYON_ADI": "Yaşar Centre", "HIZMET_SEKLI": "HALKA_ACIK", "MARKA": "varr TM", "MARKAADI": "Varr TM", "SARJ_AGI_ISLETMECISI": "DESA ENERJİ ELEKTRİK ÜRETİM ANONİM ŞİRKETİ", "YESIL_SARJ_ISTASYONU_MU": "Evet", "ADRES": "Eti Mahallesi Ali Suavi Sokağı  No:11 Çankaya / ANKARA", "SOKET_NO": "SKT/29949", "SOKET_TIPI": "DC", "SOKET_TURU": "DC_CCS", "SOKET_GUCU_KW": "80" }, "geometry": { "type": "Point", "coordinates": [ 32.844591, 39.931924 ] } },
{ "type": "Feature", "properties": { "ID": 34861.0, "SIRA_NO": 434.0, "ISTASYON_NO": "ŞRJ/18167", "ISTASYON_ADI": "Dsi Genel Md. Şarj İstasyonu", "HIZMET_SEKLI": "HALKA_ACIK", "MARKA": "ÇELİKLER ENERJİ", "MARKAADI": "Çelikler Enerji", "SARJ_AGI_ISLETMECISI": "ÇELİKLER GLOBAL ENERJİ ŞARJ SİSTEMLERİ ANONİM ŞİRKETİ", "YESIL_SARJ_ISTASYONU_MU": "", "ADRES": "Mustafa Kemal Mahallesi İsmail Karakaya Sokağı  No:4 Çankaya / ANKARA", "SOKET_NO": "SKT/50121", "SOKET_TIPI": "DC", "SOKET_TURU": "DC_CCS", "SOKET_GUCU_KW": "120" }, "geometry": { "type": "Point", "coordinates": [ 32.784466, 39.913805 ] } },
{ "type": "Feature", "properties": { "ID": 34862.0, "SIRA_NO": 434.0, "ISTASYON_NO": "ŞRJ/18167", "ISTASYON_ADI": "Dsi Genel Md. Şarj İstasyonu", "HIZMET_SEKLI": "HALKA_ACIK", "MARKA": "ÇELİKLER ENERJİ", "MARKAADI": "Çelikler Enerji", "SARJ_AGI_ISLETMECISI": "ÇELİKLER GLOBAL ENERJİ ŞARJ SİSTEMLERİ ANONİM ŞİRKETİ", "YESIL_SARJ_ISTASYONU_MU": "", "ADRES": "Mustafa Kemal Mahallesi İsmail Karakaya Sokağı  No:4 Çankaya / ANKARA", "SOKET_NO": "SKT/50122", "SOKET_TIPI": "DC", "SOKET_TURU": "DC_CCS", "SOKET_GUCU_KW": "120" }, "geometry": { "type": "Point", "coordinates": [ 32.784466, 39.913805 ] } },
{ "type": "Feature", "properties": { "ID": 34863.0, "SIRA_NO": 434.0, "ISTASYON_NO": "ŞRJ/18167", "ISTASYON_ADI": "Dsi Genel Md. Şarj İstasyonu", "HIZMET_SEKLI": "HALKA_ACIK", "MARKA": "ÇELİKLER ENERJİ", "MARKAADI": "Çelikler Enerji", "SARJ_AGI_ISLETMECISI": "ÇELİKLER GLOBAL ENERJİ ŞARJ SİSTEMLERİ ANONİM ŞİRKETİ", "YESIL_SARJ_ISTASYONU_MU": "", "ADRES": "Mustafa Kemal Mahallesi İsmail Karakaya Sokağı  No:4 Çankaya / ANKARA", "SOKET_NO": "SKT/50123", "SOKET_TIPI": "DC", "SOKET_TURU": "DC_CCS", "SOKET_GUCU_KW": "120" }, "geometry": { "type": "Point", "coordinates": [ 32.784466, 39.913805 ] } },
{ "type": "Feature", "properties": { "ID": 35160.0, "SIRA_NO": 162.0, "ISTASYON_NO": "ŞRJ/18283", "ISTASYON_ADI": "1. ETAP 7. BODRUM 8 AC", "HIZMET_SEKLI": "OZEL", "MARKA": "MYCHARGE", "MARKAADI": "Mycharge", "SARJ_AGI_ISLETMECISI": "MANAS İPLİK SANAYİ VE TİCARET ANONİM ŞİRKETİ", "YESIL_SARJ_ISTASYONU_MU": "", "ADRES": "İlkbahar Mahallesi Doğukent Caddesi Çankaya / ANKARA", "SOKET_NO": "SKT/50453", "SOKET_TIPI": "AC", "SOKET_TURU": "AC_TYPE2", "SOKET_GUCU_KW": "22" }, "geometry": { "type": "Point", "coordinates": [ 32.857425, 39.860648 ] } },
{ "type": "Feature", "properties": { "ID": 33724.0, "SIRA_NO": 359.0, "ISTASYON_NO": "ŞRJ/17790", "ISTASYON_ADI": "ASTORŞARJ YILDIRIM BEYAZIT BİLKENT KAMPÜSÜ", "HIZMET_SEKLI": "HALKA_ACIK", "MARKA": "ASTOR", "MARKAADI": "Astor", "SARJ_AGI_ISLETMECISI": "ASTOR ENERJİ ANONİM ŞİRKETİ", "YESIL_SARJ_ISTASYONU_MU": "", "ADRES": "Üniversiteler Mahallesi İhsan Doğramacı Sokağı  No:6 Çankaya / ANKARA", "SOKET_NO": "SKT/48817", "SOKET_TIPI": "DC", "SOKET_TURU": "DC_CCS", "SOKET_GUCU_KW": "180" }, "geometry": { "type": "Point", "coordinates": [ 32.763435, 39.874873 ] } },
{ "type": "Feature", "properties": { "ID": 29190.0, "SIRA_NO": 355.0, "ISTASYON_NO": "ŞRJ/16473", "ISTASYON_ADI": "ÇELİKLER HOLDİNG 106", "HIZMET_SEKLI": "HALKA_ACIK", "MARKA": "ÇELİKLER ENERJİ", "MARKAADI": "Çelikler Enerji", "SARJ_AGI_ISLETMECISI": "ÇELİKLER GLOBAL ENERJİ ŞARJ SİSTEMLERİ ANONİM ŞİRKETİ", "YESIL_SARJ_ISTASYONU_MU": "", "ADRES": "Gaziosmanpaşa Mahallesi Nenehatun Caddesi  No:106 Çankaya / ANKARA", "SOKET_NO": "SKT/44783", "SOKET_TIPI": "AC", "SOKET_TURU": "AC_TYPE2", "SOKET_GUCU_KW": "6,7" }, "geometry": { "type": "Point", "coordinates": [ 32.868424, 39.895095 ] } },
{ "type": "Feature", "properties": { "ID": 29191.0, "SIRA_NO": 355.0, "ISTASYON_NO": "ŞRJ/16473", "ISTASYON_ADI": "ÇELİKLER HOLDİNG 106", "HIZMET_SEKLI": "HALKA_ACIK", "MARKA": "ÇELİKLER ENERJİ", "MARKAADI": "Çelikler Enerji", "SARJ_AGI_ISLETMECISI": "ÇELİKLER GLOBAL ENERJİ ŞARJ SİSTEMLERİ ANONİM ŞİRKETİ", "YESIL_SARJ_ISTASYONU_MU": "", "ADRES": "Gaziosmanpaşa Mahallesi Nenehatun Caddesi  No:106 Çankaya / ANKARA", "SOKET_NO": "SKT/44784", "SOKET_TIPI": "AC", "SOKET_TURU": "AC_TYPE2", "SOKET_GUCU_KW": "3,3" }, "geometry": { "type": "Point", "coordinates": [ 32.868424, 39.895095 ] } },
{ "type": "Feature", "properties": { "ID": 29192.0, "SIRA_NO": 355.0, "ISTASYON_NO": "ŞRJ/16473", "ISTASYON_ADI": "ÇELİKLER HOLDİNG 106", "HIZMET_SEKLI": "HALKA_ACIK", "MARKA": "ÇELİKLER ENERJİ", "MARKAADI": "Çelikler Enerji", "SARJ_AGI_ISLETMECISI": "ÇELİKLER GLOBAL ENERJİ ŞARJ SİSTEMLERİ ANONİM ŞİRKETİ", "YESIL_SARJ_ISTASYONU_MU": "", "ADRES": "Gaziosmanpaşa Mahallesi Nenehatun Caddesi  No:106 Çankaya / ANKARA", "SOKET_NO": "SKT/45316", "SOKET_TIPI": "AC", "SOKET_TURU": "AC_TYPE2", "SOKET_GUCU_KW": "6,7" }, "geometry": { "type": "Point", "coordinates": [ 32.868424, 39.895095 ] } },
{ "type": "Feature", "properties": { "ID": 33624.0, "SIRA_NO": 197.0, "ISTASYON_NO": "ŞRJ/17677", "ISTASYON_ADI": "Beko Kızılay Satış", "HIZMET_SEKLI": "OZEL", "MARKA": "wat mobilite", "MARKAADI": "WAT Mobilite", "SARJ_AGI_ISLETMECISI": "WAT MOBİLİTE ÇÖZÜMLERİ TEKNOLOJİ VE TİCARET ANONİM ŞİRKETİ", "YESIL_SARJ_ISTASYONU_MU": "Evet", "ADRES": "Korkutreis Mahallesi Yeşilırmak Sokağı  No:58/8 Çankaya / ANKARA", "SOKET_NO": "SKT/48367", "SOKET_TIPI": "AC", "SOKET_TURU": "AC_TYPE2", "SOKET_GUCU_KW": "11" }, "geometry": { "type": "Point", "coordinates": [ 32.849536, 39.923954 ] } },
{ "type": "Feature", "properties": { "ID": 29193.0, "SIRA_NO": 355.0, "ISTASYON_NO": "ŞRJ/16473", "ISTASYON_ADI": "ÇELİKLER HOLDİNG 106", "HIZMET_SEKLI": "HALKA_ACIK", "MARKA": "ÇELİKLER ENERJİ", "MARKAADI": "Çelikler Enerji", "SARJ_AGI_ISLETMECISI": "ÇELİKLER GLOBAL ENERJİ ŞARJ SİSTEMLERİ ANONİM ŞİRKETİ", "YESIL_SARJ_ISTASYONU_MU": "", "ADRES": "Gaziosmanpaşa Mahallesi Nenehatun Caddesi  No:106 Çankaya / ANKARA", "SOKET_NO": "SKT/45317", "SOKET_TIPI": "DC", "SOKET_TURU": "DC_CCS", "SOKET_GUCU_KW": "50" }, "geometry": { "type": "Point", "coordinates": [ 32.868424, 39.895095 ] } },
{ "type": "Feature", "properties": { "ID": 3755.0, "SIRA_NO": 55.0, "ISTASYON_NO": "ŞRJ/17131", "ISTASYON_ADI": "1. ETAP 11. BODRUM 14 AC", "HIZMET_SEKLI": "HALKA_ACIK", "MARKA": "MYCHARGE", "MARKAADI": "Mycharge", "SARJ_AGI_ISLETMECISI": "MANAS İPLİK SANAYİ VE TİCARET ANONİM ŞİRKETİ", "YESIL_SARJ_ISTASYONU_MU": "", "ADRES": "İlkbahar Mahallesi Doğukent Caddesi  No:733/E Çankaya / ANKARA", "SOKET_NO": "SKT/47049", "SOKET_TIPI": "AC", "SOKET_TURU": "AC_TYPE2", "SOKET_GUCU_KW": "22" }, "geometry": { "type": "Point", "coordinates": [ 32.85678, 39.860071 ] } },
{ "type": "Feature", "properties": { "ID": 3354.0, "SIRA_NO": 375.0, "ISTASYON_NO": "ŞRJ/16425", "ISTASYON_ADI": "İNCEK 2.ETAP TOPLU KONUTLARI", "HIZMET_SEKLI": "OZEL", "MARKA": "ECOBOX", "MARKAADI": "Ecobox", "SARJ_AGI_ISLETMECISI": "ATAY GÜÇ VE ENERJİ SİSTEMLERİ İMALAT SANAYİ TİCARET LİMİTED ŞİRKETİ", "YESIL_SARJ_ISTASYONU_MU": "", "ADRES": "Alacaatlı Mahallesi 4834. Caddesi  No:10 Çankaya / ANKARA", "SOKET_NO": "SKT/44569", "SOKET_TIPI": "AC", "SOKET_TURU": "AC_TYPE2", "SOKET_GUCU_KW": "20" }, "geometry": { "type": "Point", "coordinates": [ 32.703866, 39.83486 ] } },
{ "type": "Feature", "properties": { "ID": 3355.0, "SIRA_NO": 375.0, "ISTASYON_NO": "ŞRJ/16425", "ISTASYON_ADI": "İNCEK 2.ETAP TOPLU KONUTLARI", "HIZMET_SEKLI": "OZEL", "MARKA": "ECOBOX", "MARKAADI": "Ecobox", "SARJ_AGI_ISLETMECISI": "ATAY GÜÇ VE ENERJİ SİSTEMLERİ İMALAT SANAYİ TİCARET LİMİTED ŞİRKETİ", "YESIL_SARJ_ISTASYONU_MU": "", "ADRES": "Alacaatlı Mahallesi 4834. Caddesi  No:10 Çankaya / ANKARA", "SOKET_NO": "SKT/44570", "SOKET_TIPI": "AC", "SOKET_TURU": "AC_TYPE2", "SOKET_GUCU_KW": "20" }, "geometry": { "type": "Point", "coordinates": [ 32.703866, 39.83486 ] } },
{ "type": "Feature", "properties": { "ID": 3756.0, "SIRA_NO": 55.0, "ISTASYON_NO": "ŞRJ/17131", "ISTASYON_ADI": "1. ETAP 11. BODRUM 14 AC", "HIZMET_SEKLI": "HALKA_ACIK", "MARKA": "MYCHARGE", "MARKAADI": "Mycharge", "SARJ_AGI_ISLETMECISI": "MANAS İPLİK SANAYİ VE TİCARET ANONİM ŞİRKETİ", "YESIL_SARJ_ISTASYONU_MU": "", "ADRES": "İlkbahar Mahallesi Doğukent Caddesi  No:733/E Çankaya / ANKARA", "SOKET_NO": "SKT/47050", "SOKET_TIPI": "AC", "SOKET_TURU": "AC_TYPE2", "SOKET_GUCU_KW": "22" }, "geometry": { "type": "Point", "coordinates": [ 32.85678, 39.860071 ] } },
{ "type": "Feature", "properties": { "ID": 3351.0, "SIRA_NO": 374.0, "ISTASYON_NO": "ŞRJ/16424", "ISTASYON_ADI": "TÜRKKONUT", "HIZMET_SEKLI": "HALKA_ACIK", "MARKA": "ECOBOX", "MARKAADI": "Ecobox", "SARJ_AGI_ISLETMECISI": "ATAY GÜÇ VE ENERJİ SİSTEMLERİ İMALAT SANAYİ TİCARET LİMİTED ŞİRKETİ", "YESIL_SARJ_ISTASYONU_MU": "", "ADRES": "Dodurga Mahallesi Odabaşı Caddesi Kümeevler Sokağı Çankaya / ANKARA", "SOKET_NO": "SKT/44566", "SOKET_TIPI": "AC", "SOKET_TURU": "AC_TYPE2", "SOKET_GUCU_KW": "22" }, "geometry": { "type": "Point", "coordinates": [ 32.660937, 39.83152 ] } },
{ "type": "Feature", "properties": { "ID": 33585.0, "SIRA_NO": 491.0, "ISTASYON_NO": "ŞRJ/16218", "ISTASYON_ADI": "Rast Avend, Çankaya - AC 1, AC 2, AC 3, DC", "HIZMET_SEKLI": "HALKA_ACIK", "MARKA": "Otopriz", "MARKAADI": "Otopriz", "SARJ_AGI_ISLETMECISI": "DİCLE KÖK ENERJİ YATIRIM ANONİM ŞİRKETİ", "YESIL_SARJ_ISTASYONU_MU": "", "ADRES": "Alacaatlı Mahallesi 3381/1 Sokağı Çankaya / ANKARA", "SOKET_NO": "SKT/43895", "SOKET_TIPI": "DC", "SOKET_TURU": "DC_CCS", "SOKET_GUCU_KW": "120" }, "geometry": { "type": "Point", "coordinates": [ 32.67649, 39.859589 ] } },
{ "type": "Feature", "properties": { "ID": 33586.0, "SIRA_NO": 491.0, "ISTASYON_NO": "ŞRJ/16218", "ISTASYON_ADI": "Rast Avend, Çankaya - AC 1, AC 2, AC 3, DC", "HIZMET_SEKLI": "HALKA_ACIK", "MARKA": "Otopriz", "MARKAADI": "Otopriz", "SARJ_AGI_ISLETMECISI": "DİCLE KÖK ENERJİ YATIRIM ANONİM ŞİRKETİ", "YESIL_SARJ_ISTASYONU_MU": "", "ADRES": "Alacaatlı Mahallesi 3381/1 Sokağı Çankaya / ANKARA", "SOKET_NO": "SKT/43896", "SOKET_TIPI": "AC", "SOKET_TURU": "AC_TYPE2", "SOKET_GUCU_KW": "20,5" }, "geometry": { "type": "Point", "coordinates": [ 32.67649, 39.859589 ] } },
{ "type": "Feature", "properties": { "ID": 34744.0, "SIRA_NO": 363.0, "ISTASYON_NO": "ŞRJ/7724", "ISTASYON_ADI": "Via Green, Çankaya - DC,  AC 1, AC 2", "HIZMET_SEKLI": "HALKA_ACIK", "MARKA": "Otopriz", "MARKAADI": "Otopriz", "SARJ_AGI_ISLETMECISI": "DİCLE KÖK ENERJİ YATIRIM ANONİM ŞİRKETİ", "YESIL_SARJ_ISTASYONU_MU": "", "ADRES": "Mustafa Kemal Mahallesi 2079 Sokağı  No:2/A Çankaya / ANKARA", "SOKET_NO": "SKT/17582", "SOKET_TIPI": "DC", "SOKET_TURU": "DC_CCS", "SOKET_GUCU_KW": "120" }, "geometry": { "type": "Point", "coordinates": [ 32.7437, 39.908 ] } },
{ "type": "Feature", "properties": { "ID": 3353.0, "SIRA_NO": 375.0, "ISTASYON_NO": "ŞRJ/16425", "ISTASYON_ADI": "İNCEK 2.ETAP TOPLU KONUTLARI", "HIZMET_SEKLI": "OZEL", "MARKA": "ECOBOX", "MARKAADI": "Ecobox", "SARJ_AGI_ISLETMECISI": "ATAY GÜÇ VE ENERJİ SİSTEMLERİ İMALAT SANAYİ TİCARET LİMİTED ŞİRKETİ", "YESIL_SARJ_ISTASYONU_MU": "", "ADRES": "Alacaatlı Mahallesi 4834. Caddesi  No:10 Çankaya / ANKARA", "SOKET_NO": "SKT/44568", "SOKET_TIPI": "AC", "SOKET_TURU": "AC_TYPE2", "SOKET_GUCU_KW": "20" }, "geometry": { "type": "Point", "coordinates": [ 32.703866, 39.83486 ] } },
{ "type": "Feature", "properties": { "ID": 34326.0, "SIRA_NO": 160.0, "ISTASYON_NO": "ŞRJ/17999", "ISTASYON_ADI": "ASTORŞARJ ÇANKAYA YAŞAM HASTANESİ", "HIZMET_SEKLI": "HALKA_ACIK", "MARKA": "ASTOR", "MARKAADI": "Astor", "SARJ_AGI_ISLETMECISI": "ASTOR ENERJİ ANONİM ŞİRKETİ", "YESIL_SARJ_ISTASYONU_MU": "", "ADRES": "Birlik Mahallesi Kurbani Akboğa Sokağı  No:26 Çankaya / ANKARA", "SOKET_NO": "SKT/49541", "SOKET_TIPI": "AC", "SOKET_TURU": "AC_TYPE2", "SOKET_GUCU_KW": "22" }, "geometry": { "type": "Point", "coordinates": [ 32.871766, 39.882993 ] } },
{ "type": "Feature", "properties": { "ID": 33143.0, "SIRA_NO": 496.0, "ISTASYON_NO": "ŞRJ/15575", "ISTASYON_ADI": "ODTÜ Teknokent Bilim Açık Otopark", "HIZMET_SEKLI": "HALKA_ACIK", "MARKA": "KÖFTECİ YUSUF", "MARKAADI": "Köfteci Yusuf Şarj", "SARJ_AGI_ISLETMECISI": "KÖFTECİ YUSUF HAZIR YEMEK TEMİZLİK CANLI HAYVAN ET MAMÜLLERİ ENTEGRE GIDA İTHALAT İHRACAT SANAYİ VE TİCARET ANONİM ŞİRKETİ", "YESIL_SARJ_ISTASYONU_MU": "", "ADRES": "Mustafa Kemal Mahallesi Dumlupınar Sokağı  No:280/1 Çankaya / ANKARA", "SOKET_NO": "SKT/41607", "SOKET_TIPI": "AC", "SOKET_TURU": "AC_TYPE2", "SOKET_GUCU_KW": "22" }, "geometry": { "type": "Point", "coordinates": [ 32.75045, 39.908142 ] } },
{ "type": "Feature", "properties": { "ID": 33142.0, "SIRA_NO": 496.0, "ISTASYON_NO": "ŞRJ/15575", "ISTASYON_ADI": "ODTÜ Teknokent Bilim Açık Otopark", "HIZMET_SEKLI": "HALKA_ACIK", "MARKA": "KÖFTECİ YUSUF", "MARKAADI": "Köfteci Yusuf Şarj", "SARJ_AGI_ISLETMECISI": "KÖFTECİ YUSUF HAZIR YEMEK TEMİZLİK CANLI HAYVAN ET MAMÜLLERİ ENTEGRE GIDA İTHALAT İHRACAT SANAYİ VE TİCARET ANONİM ŞİRKETİ", "YESIL_SARJ_ISTASYONU_MU": "", "ADRES": "Mustafa Kemal Mahallesi Dumlupınar Sokağı  No:280/1 Çankaya / ANKARA", "SOKET_NO": "SKT/41606", "SOKET_TIPI": "AC", "SOKET_TURU": "AC_TYPE2", "SOKET_GUCU_KW": "22" }, "geometry": { "type": "Point", "coordinates": [ 32.75045, 39.908142 ] } },
{ "type": "Feature", "properties": { "ID": 33597.0, "SIRA_NO": 495.0, "ISTASYON_NO": "ŞRJ/16483", "ISTASYON_ADI": "Mira Rezidans, Çankaya - DC 1, DC 2", "HIZMET_SEKLI": "HALKA_ACIK", "MARKA": "Otopriz", "MARKAADI": "Otopriz", "SARJ_AGI_ISLETMECISI": "DİCLE KÖK ENERJİ YATIRIM ANONİM ŞİRKETİ", "YESIL_SARJ_ISTASYONU_MU": "", "ADRES": "Beytepe Mah Mahallesi Çankaya / ANKARA", "SOKET_NO": "SKT/44816", "SOKET_TIPI": "DC", "SOKET_TURU": "DC_CCS", "SOKET_GUCU_KW": "180" }, "geometry": { "type": "Point", "coordinates": [ 32.712477, 39.862641 ] } },
{ "type": "Feature", "properties": { "ID": 33598.0, "SIRA_NO": 495.0, "ISTASYON_NO": "ŞRJ/16483", "ISTASYON_ADI": "Mira Rezidans, Çankaya - DC 1, DC 2", "HIZMET_SEKLI": "HALKA_ACIK", "MARKA": "Otopriz", "MARKAADI": "Otopriz", "SARJ_AGI_ISLETMECISI": "DİCLE KÖK ENERJİ YATIRIM ANONİM ŞİRKETİ", "YESIL_SARJ_ISTASYONU_MU": "", "ADRES": "Beytepe Mah Mahallesi Çankaya / ANKARA", "SOKET_NO": "SKT/44817", "SOKET_TIPI": "DC", "SOKET_TURU": "DC_CCS", "SOKET_GUCU_KW": "180" }, "geometry": { "type": "Point", "coordinates": [ 32.712477, 39.862641 ] } },
{ "type": "Feature", "properties": { "ID": 33596.0, "SIRA_NO": 495.0, "ISTASYON_NO": "ŞRJ/16483", "ISTASYON_ADI": "Mira Rezidans, Çankaya - DC 1, DC 2", "HIZMET_SEKLI": "HALKA_ACIK", "MARKA": "Otopriz", "MARKAADI": "Otopriz", "SARJ_AGI_ISLETMECISI": "DİCLE KÖK ENERJİ YATIRIM ANONİM ŞİRKETİ", "YESIL_SARJ_ISTASYONU_MU": "", "ADRES": "Beytepe Mah Mahallesi Çankaya / ANKARA", "SOKET_NO": "SKT/44815", "SOKET_TIPI": "DC", "SOKET_TURU": "DC_CCS", "SOKET_GUCU_KW": "180" }, "geometry": { "type": "Point", "coordinates": [ 32.712477, 39.862641 ] } },
{ "type": "Feature", "properties": { "ID": 35193.0, "SIRA_NO": 182.0, "ISTASYON_NO": "ŞRJ/12633", "ISTASYON_ADI": "Neva Şarj Konya Yolu", "HIZMET_SEKLI": "HALKA_ACIK", "MARKA": "NEVA ŞARJ", "MARKAADI": "Neva Şarj", "SARJ_AGI_ISLETMECISI": "NEVA İÇ VE DIŞ TİCARET ANONİM ŞİRKETİ", "YESIL_SARJ_ISTASYONU_MU": "", "ADRES": "Cevizlidere Mahallesi Çankaya / ANKARA", "SOKET_NO": "SKT/50490", "SOKET_TIPI": "DC", "SOKET_TURU": "DC_CCS", "SOKET_GUCU_KW": "120" }, "geometry": { "type": "Point", "coordinates": [ 32.812568, 39.882621 ] } },
{ "type": "Feature", "properties": { "ID": 2491.0, "SIRA_NO": 51.0, "ISTASYON_NO": "ŞRJ/16171", "ISTASYON_ADI": "İncek Icon Sitesi A Blok", "HIZMET_SEKLI": "OZEL", "MARKA": "CheckPoint", "MARKAADI": "CheckPoint", "SARJ_AGI_ISLETMECISI": "CHECKPOİNT ŞARJ İSTASYONLARI İŞLETMECİLİĞİ ANONİM ŞİRKETİ", "YESIL_SARJ_ISTASYONU_MU": "", "ADRES": "Alacaatlı Mahallesi 4835 Caddesi  No:8/A Çankaya / ANKARA", "SOKET_NO": "SKT/43731", "SOKET_TIPI": "AC", "SOKET_TURU": "AC_TYPE2", "SOKET_GUCU_KW": "22" }, "geometry": { "type": "Point", "coordinates": [ 32.692659, 39.831312 ] } },
{ "type": "Feature", "properties": { "ID": 33505.0, "SIRA_NO": 467.0, "ISTASYON_NO": "ŞRJ/7726", "ISTASYON_ADI": "Kule Evo, Çankaya - DC 1, DC 2", "HIZMET_SEKLI": "HALKA_ACIK", "MARKA": "Otopriz", "MARKAADI": "Otopriz", "SARJ_AGI_ISLETMECISI": "DİCLE KÖK ENERJİ YATIRIM ANONİM ŞİRKETİ", "YESIL_SARJ_ISTASYONU_MU": "", "ADRES": "Konutkent Mahallesi 3028 Sokağı  No:16 Çankaya / ANKARA", "SOKET_NO": "SKT/17713", "SOKET_TIPI": "DC", "SOKET_TURU": "DC_CCS", "SOKET_GUCU_KW": "120" }, "geometry": { "type": "Point", "coordinates": [ 32.649404, 39.873762 ] } },
{ "type": "Feature", "properties": { "ID": 33503.0, "SIRA_NO": 467.0, "ISTASYON_NO": "ŞRJ/7726", "ISTASYON_ADI": "Kule Evo, Çankaya - DC 1, DC 2", "HIZMET_SEKLI": "HALKA_ACIK", "MARKA": "Otopriz", "MARKAADI": "Otopriz", "SARJ_AGI_ISLETMECISI": "DİCLE KÖK ENERJİ YATIRIM ANONİM ŞİRKETİ", "YESIL_SARJ_ISTASYONU_MU": "", "ADRES": "Konutkent Mahallesi 3028 Sokağı  No:16 Çankaya / ANKARA", "SOKET_NO": "SKT/17590", "SOKET_TIPI": "DC", "SOKET_TURU": "DC_CCS", "SOKET_GUCU_KW": "120" }, "geometry": { "type": "Point", "coordinates": [ 32.649404, 39.873762 ] } },
{ "type": "Feature", "properties": { "ID": 33504.0, "SIRA_NO": 467.0, "ISTASYON_NO": "ŞRJ/7726", "ISTASYON_ADI": "Kule Evo, Çankaya - DC 1, DC 2", "HIZMET_SEKLI": "HALKA_ACIK", "MARKA": "Otopriz", "MARKAADI": "Otopriz", "SARJ_AGI_ISLETMECISI": "DİCLE KÖK ENERJİ YATIRIM ANONİM ŞİRKETİ", "YESIL_SARJ_ISTASYONU_MU": "", "ADRES": "Konutkent Mahallesi 3028 Sokağı  No:16 Çankaya / ANKARA", "SOKET_NO": "SKT/17711", "SOKET_TIPI": "DC", "SOKET_TURU": "DC_CCS", "SOKET_GUCU_KW": "120" }, "geometry": { "type": "Point", "coordinates": [ 32.649404, 39.873762 ] } },
{ "type": "Feature", "properties": { "ID": 34783.0, "SIRA_NO": 378.0, "ISTASYON_NO": "ŞRJ/18153", "ISTASYON_ADI": "ODTÜ A2 Otopark", "HIZMET_SEKLI": "OZEL", "MARKA": "wat mobilite", "MARKAADI": "WAT Mobilite", "SARJ_AGI_ISLETMECISI": "WAT MOBİLİTE ÇÖZÜMLERİ TEKNOLOJİ VE TİCARET ANONİM ŞİRKETİ", "YESIL_SARJ_ISTASYONU_MU": "", "ADRES": "Üniversiteler Mahallesi Odtu A2 Otoparkı Sokağı Çankaya / ANKARA", "SOKET_NO": "SKT/50034", "SOKET_TIPI": "AC", "SOKET_TURU": "AC_TYPE2", "SOKET_GUCU_KW": "22" }, "geometry": { "type": "Point", "coordinates": [ 32.766548, 39.906605 ] } },
{ "type": "Feature", "properties": { "ID": 34785.0, "SIRA_NO": 379.0, "ISTASYON_NO": "ŞRJ/18155", "ISTASYON_ADI": "ODTÜ Rektörlük", "HIZMET_SEKLI": "OZEL", "MARKA": "wat mobilite", "MARKAADI": "WAT Mobilite", "SARJ_AGI_ISLETMECISI": "WAT MOBİLİTE ÇÖZÜMLERİ TEKNOLOJİ VE TİCARET ANONİM ŞİRKETİ", "YESIL_SARJ_ISTASYONU_MU": "Evet", "ADRES": "Üniversiteler Mahallesi Odtü Rektörlük S Sokağı Çankaya / ANKARA", "SOKET_NO": "SKT/50038", "SOKET_TIPI": "AC", "SOKET_TURU": "AC_TYPE2", "SOKET_GUCU_KW": "22" }, "geometry": { "type": "Point", "coordinates": [ 32.784328, 39.894876 ] } },
{ "type": "Feature", "properties": { "ID": 4020.0, "SIRA_NO": 89.0, "ISTASYON_NO": "ŞRJ/17148", "ISTASYON_ADI": "Çankaya Ankara", "HIZMET_SEKLI": "HALKA_ACIK", "MARKA": "TESLA", "MARKAADI": "Tesla", "SARJ_AGI_ISLETMECISI": "TESLA MOTORLARI SATIŞ VE HİZMETLERİ LİMİTED ŞİRKETİ", "YESIL_SARJ_ISTASYONU_MU": "", "ADRES": "Mustafa Kemal Mahallesi Dumlupınar Sokağı  No:164 Çankaya / ANKARA", "SOKET_NO": "SKT/46768", "SOKET_TIPI": "DC", "SOKET_TURU": "DC_CCS", "SOKET_GUCU_KW": "250" }, "geometry": { "type": "Point", "coordinates": [ 32.776109, 39.908777 ] } },
{ "type": "Feature", "properties": { "ID": 4021.0, "SIRA_NO": 89.0, "ISTASYON_NO": "ŞRJ/17148", "ISTASYON_ADI": "Çankaya Ankara", "HIZMET_SEKLI": "HALKA_ACIK", "MARKA": "TESLA", "MARKAADI": "Tesla", "SARJ_AGI_ISLETMECISI": "TESLA MOTORLARI SATIŞ VE HİZMETLERİ LİMİTED ŞİRKETİ", "YESIL_SARJ_ISTASYONU_MU": "", "ADRES": "Mustafa Kemal Mahallesi Dumlupınar Sokağı  No:164 Çankaya / ANKARA", "SOKET_NO": "SKT/46769", "SOKET_TIPI": "DC", "SOKET_TURU": "DC_CCS", "SOKET_GUCU_KW": "250" }, "geometry": { "type": "Point", "coordinates": [ 32.776109, 39.908777 ] } },
{ "type": "Feature", "properties": { "ID": 34662.0, "SIRA_NO": 317.0, "ISTASYON_NO": "ŞRJ/18110", "ISTASYON_ADI": "LOTUS BEYTEPE KULE", "HIZMET_SEKLI": "OZEL", "MARKA": "EPSIS", "MARKAADI": "Epsis", "SARJ_AGI_ISLETMECISI": "FORM ELEKTRİK İNŞAAT MÜHENDİSLİK ANONİM ŞİRKETİ", "YESIL_SARJ_ISTASYONU_MU": "", "ADRES": "Beytepe Mahallesi 5387 Caddesi  No:27 Çankaya / ANKARA", "SOKET_NO": "SKT/49913", "SOKET_TIPI": "AC", "SOKET_TURU": "AC_TYPE2", "SOKET_GUCU_KW": "22" }, "geometry": { "type": "Point", "coordinates": [ 32.712916, 39.856793 ] } },
{ "type": "Feature", "properties": { "ID": 25326.0, "SIRA_NO": 349.0, "ISTASYON_NO": "ŞRJ/17400", "ISTASYON_ADI": "Zeplin Elit Yaşam", "HIZMET_SEKLI": "OZEL", "MARKA": "ZEPLİN CAR rental", "MARKAADI": "Zeplin", "SARJ_AGI_ISLETMECISI": "ZEPLİN TURİZM ARAÇ KİRALAMA MOBİLİTE VE ENERJİ YATIRIMLARI ANONİM ŞİRKETİ", "YESIL_SARJ_ISTASYONU_MU": "", "ADRES": "Yaşamkent Mahallesi 3281 Sokağı  No:10 Çankaya / ANKARA", "SOKET_NO": "SKT/47564", "SOKET_TIPI": "AC", "SOKET_TURU": "AC_TYPE2", "SOKET_GUCU_KW": "11" }, "geometry": { "type": "Point", "coordinates": [ 32.644723, 39.854168 ] } },
{ "type": "Feature", "properties": { "ID": 34661.0, "SIRA_NO": 317.0, "ISTASYON_NO": "ŞRJ/18110", "ISTASYON_ADI": "LOTUS BEYTEPE KULE", "HIZMET_SEKLI": "OZEL", "MARKA": "EPSIS", "MARKAADI": "Epsis", "SARJ_AGI_ISLETMECISI": "FORM ELEKTRİK İNŞAAT MÜHENDİSLİK ANONİM ŞİRKETİ", "YESIL_SARJ_ISTASYONU_MU": "", "ADRES": "Beytepe Mahallesi 5387 Caddesi  No:27 Çankaya / ANKARA", "SOKET_NO": "SKT/49912", "SOKET_TIPI": "AC", "SOKET_TURU": "AC_TYPE2", "SOKET_GUCU_KW": "22" }, "geometry": { "type": "Point", "coordinates": [ 32.712916, 39.856793 ] } },
{ "type": "Feature", "properties": { "ID": 3357.0, "SIRA_NO": 376.0, "ISTASYON_NO": "ŞRJ/16426", "ISTASYON_ADI": "İNCEK 2.ETAP TOPLU KONUTLARI 2", "HIZMET_SEKLI": "OZEL", "MARKA": "ECOBOX", "MARKAADI": "Ecobox", "SARJ_AGI_ISLETMECISI": "ATAY GÜÇ VE ENERJİ SİSTEMLERİ İMALAT SANAYİ TİCARET LİMİTED ŞİRKETİ", "YESIL_SARJ_ISTASYONU_MU": "", "ADRES": "Alacaatlı Mahallesi 4834. Caddesi  No:10 Çankaya / ANKARA", "SOKET_NO": "SKT/44572", "SOKET_TIPI": "AC", "SOKET_TURU": "AC_TYPE2", "SOKET_GUCU_KW": "20" }, "geometry": { "type": "Point", "coordinates": [ 32.7039, 39.834842 ] } },
{ "type": "Feature", "properties": { "ID": 3359.0, "SIRA_NO": 377.0, "ISTASYON_NO": "ŞRJ/16427", "ISTASYON_ADI": "İNCEK 2.ETAP TOPLU KONUTLARI 3", "HIZMET_SEKLI": "OZEL", "MARKA": "ECOBOX", "MARKAADI": "Ecobox", "SARJ_AGI_ISLETMECISI": "ATAY GÜÇ VE ENERJİ SİSTEMLERİ İMALAT SANAYİ TİCARET LİMİTED ŞİRKETİ", "YESIL_SARJ_ISTASYONU_MU": "", "ADRES": "Alacaatlı Mahallesi 4834. Caddesi  No:10 Çankaya / ANKARA", "SOKET_NO": "SKT/44574", "SOKET_TIPI": "AC", "SOKET_TURU": "AC_TYPE2", "SOKET_GUCU_KW": "20" }, "geometry": { "type": "Point", "coordinates": [ 32.703931, 39.834826 ] } },
{ "type": "Feature", "properties": { "ID": 3365.0, "SIRA_NO": 380.0, "ISTASYON_NO": "ŞRJ/17183", "ISTASYON_ADI": "İNCEK BELLAPAİS", "HIZMET_SEKLI": "OZEL", "MARKA": "ECOBOX", "MARKAADI": "Ecobox", "SARJ_AGI_ISLETMECISI": "ATAY GÜÇ VE ENERJİ SİSTEMLERİ İMALAT SANAYİ TİCARET LİMİTED ŞİRKETİ", "YESIL_SARJ_ISTASYONU_MU": "", "ADRES": "Alacaatlı Mahallesi İncek Caddesi 4751 Sokağı  No:6A/2 Çankaya / ANKARA", "SOKET_NO": "SKT/46861", "SOKET_TIPI": "AC", "SOKET_TURU": "AC_TYPE2", "SOKET_GUCU_KW": "20" }, "geometry": { "type": "Point", "coordinates": [ 32.707349, 39.829392 ] } },
{ "type": "Feature", "properties": { "ID": 3366.0, "SIRA_NO": 380.0, "ISTASYON_NO": "ŞRJ/17183", "ISTASYON_ADI": "İNCEK BELLAPAİS", "HIZMET_SEKLI": "OZEL", "MARKA": "ECOBOX", "MARKAADI": "Ecobox", "SARJ_AGI_ISLETMECISI": "ATAY GÜÇ VE ENERJİ SİSTEMLERİ İMALAT SANAYİ TİCARET LİMİTED ŞİRKETİ", "YESIL_SARJ_ISTASYONU_MU": "", "ADRES": "Alacaatlı Mahallesi İncek Caddesi 4751 Sokağı  No:6A/2 Çankaya / ANKARA", "SOKET_NO": "SKT/46862", "SOKET_TIPI": "AC", "SOKET_TURU": "AC_TYPE2", "SOKET_GUCU_KW": "20" }, "geometry": { "type": "Point", "coordinates": [ 32.707349, 39.829392 ] } },
{ "type": "Feature", "properties": { "ID": 3368.0, "SIRA_NO": 381.0, "ISTASYON_NO": "ŞRJ/17212", "ISTASYON_ADI": "FOCUS BEYTEPE-B", "HIZMET_SEKLI": "OZEL", "MARKA": "ECOBOX", "MARKAADI": "Ecobox", "SARJ_AGI_ISLETMECISI": "ATAY GÜÇ VE ENERJİ SİSTEMLERİ İMALAT SANAYİ TİCARET LİMİTED ŞİRKETİ", "YESIL_SARJ_ISTASYONU_MU": "", "ADRES": "Beytepe Mahallesi Hafsa Sultan Caddesi  No:B /15 Çankaya / ANKARA", "SOKET_NO": "SKT/46973", "SOKET_TIPI": "AC", "SOKET_TURU": "AC_TYPE2", "SOKET_GUCU_KW": "20" }, "geometry": { "type": "Point", "coordinates": [ 32.710194, 39.854976 ] } },
{ "type": "Feature", "properties": { "ID": 3370.0, "SIRA_NO": 382.0, "ISTASYON_NO": "ŞRJ/17282", "ISTASYON_ADI": "SİNPAŞ İNCEK GREEN", "HIZMET_SEKLI": "HALKA_ACIK", "MARKA": "ECOBOX", "MARKAADI": "Ecobox", "SARJ_AGI_ISLETMECISI": "ATAY GÜÇ VE ENERJİ SİSTEMLERİ İMALAT SANAYİ TİCARET LİMİTED ŞİRKETİ", "YESIL_SARJ_ISTASYONU_MU": "", "ADRES": "Alacaatlı Mahallesi Alacaatlı Caddesi  No:68 Çankaya / ANKARA", "SOKET_NO": "SKT/47222", "SOKET_TIPI": "AC", "SOKET_TURU": "AC_TYPE2", "SOKET_GUCU_KW": "22" }, "geometry": { "type": "Point", "coordinates": [ 32.712293, 39.830076 ] } },
{ "type": "Feature", "properties": { "ID": 3732.0, "SIRA_NO": 53.0, "ISTASYON_NO": "ŞRJ/17129", "ISTASYON_ADI": "2. ETAP -9. KAT 7 AC İSTASYON", "HIZMET_SEKLI": "HALKA_ACIK", "MARKA": "MYCHARGE", "MARKAADI": "Mycharge", "SARJ_AGI_ISLETMECISI": "MANAS İPLİK SANAYİ VE TİCARET ANONİM ŞİRKETİ", "YESIL_SARJ_ISTASYONU_MU": "", "ADRES": "İlkbahar Mahallesi Doğukent Caddesi  No:733/1 Çankaya / ANKARA", "SOKET_NO": "SKT/46687", "SOKET_TIPI": "AC", "SOKET_TURU": "AC_TYPE2", "SOKET_GUCU_KW": "22" }, "geometry": { "type": "Point", "coordinates": [ 32.853905, 39.858791 ] } },
{ "type": "Feature", "properties": { "ID": 3733.0, "SIRA_NO": 53.0, "ISTASYON_NO": "ŞRJ/17129", "ISTASYON_ADI": "2. ETAP -9. KAT 7 AC İSTASYON", "HIZMET_SEKLI": "HALKA_ACIK", "MARKA": "MYCHARGE", "MARKAADI": "Mycharge", "SARJ_AGI_ISLETMECISI": "MANAS İPLİK SANAYİ VE TİCARET ANONİM ŞİRKETİ", "YESIL_SARJ_ISTASYONU_MU": "", "ADRES": "İlkbahar Mahallesi Doğukent Caddesi  No:733/1 Çankaya / ANKARA", "SOKET_NO": "SKT/46688", "SOKET_TIPI": "AC", "SOKET_TURU": "AC_TYPE2", "SOKET_GUCU_KW": "22" }, "geometry": { "type": "Point", "coordinates": [ 32.853905, 39.858791 ] } },
{ "type": "Feature", "properties": { "ID": 3734.0, "SIRA_NO": 53.0, "ISTASYON_NO": "ŞRJ/17129", "ISTASYON_ADI": "2. ETAP -9. KAT 7 AC İSTASYON", "HIZMET_SEKLI": "HALKA_ACIK", "MARKA": "MYCHARGE", "MARKAADI": "Mycharge", "SARJ_AGI_ISLETMECISI": "MANAS İPLİK SANAYİ VE TİCARET ANONİM ŞİRKETİ", "YESIL_SARJ_ISTASYONU_MU": "", "ADRES": "İlkbahar Mahallesi Doğukent Caddesi  No:733/1 Çankaya / ANKARA", "SOKET_NO": "SKT/46689", "SOKET_TIPI": "AC", "SOKET_TURU": "AC_TYPE2", "SOKET_GUCU_KW": "22" }, "geometry": { "type": "Point", "coordinates": [ 32.853905, 39.858791 ] } },
{ "type": "Feature", "properties": { "ID": 3735.0, "SIRA_NO": 53.0, "ISTASYON_NO": "ŞRJ/17129", "ISTASYON_ADI": "2. ETAP -9. KAT 7 AC İSTASYON", "HIZMET_SEKLI": "HALKA_ACIK", "MARKA": "MYCHARGE", "MARKAADI": "Mycharge", "SARJ_AGI_ISLETMECISI": "MANAS İPLİK SANAYİ VE TİCARET ANONİM ŞİRKETİ", "YESIL_SARJ_ISTASYONU_MU": "", "ADRES": "İlkbahar Mahallesi Doğukent Caddesi  No:733/1 Çankaya / ANKARA", "SOKET_NO": "SKT/46690", "SOKET_TIPI": "AC", "SOKET_TURU": "AC_TYPE2", "SOKET_GUCU_KW": "22" }, "geometry": { "type": "Point", "coordinates": [ 32.853905, 39.858791 ] } },
{ "type": "Feature", "properties": { "ID": 2493.0, "SIRA_NO": 52.0, "ISTASYON_NO": "ŞRJ/16174", "ISTASYON_ADI": "İncek Icon Sitesi B Blok", "HIZMET_SEKLI": "OZEL", "MARKA": "CheckPoint", "MARKAADI": "CheckPoint", "SARJ_AGI_ISLETMECISI": "CHECKPOİNT ŞARJ İSTASYONLARI İŞLETMECİLİĞİ ANONİM ŞİRKETİ", "YESIL_SARJ_ISTASYONU_MU": "", "ADRES": "Alacaatlı Mahallesi 4835 Caddesi  No:8/B Çankaya / ANKARA", "SOKET_NO": "SKT/43740", "SOKET_TIPI": "AC", "SOKET_TURU": "AC_TYPE2", "SOKET_GUCU_KW": "22" }, "geometry": { "type": "Point", "coordinates": [ 32.691997, 39.832012 ] } },
{ "type": "Feature", "properties": { "ID": 33102.0, "SIRA_NO": 441.0, "ISTASYON_NO": "ŞRJ/15339", "ISTASYON_ADI": "İlci, Çankaya - DC", "HIZMET_SEKLI": "HALKA_ACIK", "MARKA": "Otopriz", "MARKAADI": "Otopriz", "SARJ_AGI_ISLETMECISI": "DİCLE KÖK ENERJİ YATIRIM ANONİM ŞİRKETİ", "YESIL_SARJ_ISTASYONU_MU": "", "ADRES": "Anıttepe Mahallesi Mahallesi Çankaya / ANKARA", "SOKET_NO": "SKT/40919", "SOKET_TIPI": "DC", "SOKET_TURU": "DC_CCS", "SOKET_GUCU_KW": "60" }, "geometry": { "type": "Point", "coordinates": [ 32.840439, 39.933357 ] } },
{ "type": "Feature", "properties": { "ID": 13683.0, "SIRA_NO": 12.0, "ISTASYON_NO": "ŞRJ/16992", "ISTASYON_ADI": "DAYI'NIN YERİ", "HIZMET_SEKLI": "HALKA_ACIK", "MARKA": "ŞARJON", "MARKAADI": "Şarjon", "SARJ_AGI_ISLETMECISI": "ŞARJON YENİLENEBİLİR ENERJİ VE ELEKTRİKLİ ARAÇ ŞARJ SİSTEMLERİ TİCARET ANONİM ŞİRKETİ", "YESIL_SARJ_ISTASYONU_MU": "", "ADRES": "Alacaatlı Mahallesi 4750 Sokağı  No:29 Çankaya / ANKARA", "SOKET_NO": "SKT/46225", "SOKET_TIPI": "AC", "SOKET_TURU": "AC_TYPE2", "SOKET_GUCU_KW": "22" }, "geometry": { "type": "Point", "coordinates": [ 32.683309, 39.863561 ] } },
{ "type": "Feature", "properties": { "ID": 20034.0, "SIRA_NO": 271.0, "ISTASYON_NO": "ŞRJ/17590", "ISTASYON_ADI": "Besa Kule İş Merkezi, Ankara (Özel)", "HIZMET_SEKLI": "OZEL", "MARKA": "eşarj", "MARKAADI": "Eşarj", "SARJ_AGI_ISLETMECISI": "EŞARJ ELEKTRİKLİ ARAÇLAR ŞARJ SİSTEMLERİ ANONİM ŞİRKETİ", "YESIL_SARJ_ISTASYONU_MU": "Evet", "ADRES": "Çukurambar Mahallesi 1480. Sokağı  No:2/B Çankaya / ANKARA", "SOKET_NO": "SKT/48073", "SOKET_TIPI": "AC", "SOKET_TURU": "AC_TYPE2", "SOKET_GUCU_KW": "22" }, "geometry": { "type": "Point", "coordinates": [ 32.804516, 39.909268 ] } },
{ "type": "Feature", "properties": { "ID": 33610.0, "SIRA_NO": 83.0, "ISTASYON_NO": "ŞRJ/17263", "ISTASYON_ADI": "Hacı Bayram Veli Üniversitesi Yücetepe, Çankaya - AC 1, AC 2", "HIZMET_SEKLI": "HALKA_ACIK", "MARKA": "Otopriz", "MARKAADI": "Otopriz", "SARJ_AGI_ISLETMECISI": "DİCLE KÖK ENERJİ YATIRIM ANONİM ŞİRKETİ", "YESIL_SARJ_ISTASYONU_MU": "", "ADRES": "Devlet Mahallesi 85 Sokağı  No:8  Bucak Merkez Çankaya / ANKARA", "SOKET_NO": "SKT/47184", "SOKET_TIPI": "AC", "SOKET_TURU": "AC_TYPE2", "SOKET_GUCU_KW": "22" }, "geometry": { "type": "Point", "coordinates": [ 32.843047, 39.917683 ] } },
{ "type": "Feature", "properties": { "ID": 33587.0, "SIRA_NO": 491.0, "ISTASYON_NO": "ŞRJ/16218", "ISTASYON_ADI": "Rast Avend, Çankaya - AC 1, AC 2, AC 3, DC", "HIZMET_SEKLI": "HALKA_ACIK", "MARKA": "Otopriz", "MARKAADI": "Otopriz", "SARJ_AGI_ISLETMECISI": "DİCLE KÖK ENERJİ YATIRIM ANONİM ŞİRKETİ", "YESIL_SARJ_ISTASYONU_MU": "", "ADRES": "Alacaatlı Mahallesi 3381/1 Sokağı Çankaya / ANKARA", "SOKET_NO": "SKT/43897", "SOKET_TIPI": "AC", "SOKET_TURU": "AC_TYPE2", "SOKET_GUCU_KW": "20,5" }, "geometry": { "type": "Point", "coordinates": [ 32.67649, 39.859589 ] } },
{ "type": "Feature", "properties": { "ID": 33588.0, "SIRA_NO": 491.0, "ISTASYON_NO": "ŞRJ/16218", "ISTASYON_ADI": "Rast Avend, Çankaya - AC 1, AC 2, AC 3, DC", "HIZMET_SEKLI": "HALKA_ACIK", "MARKA": "Otopriz", "MARKAADI": "Otopriz", "SARJ_AGI_ISLETMECISI": "DİCLE KÖK ENERJİ YATIRIM ANONİM ŞİRKETİ", "YESIL_SARJ_ISTASYONU_MU": "", "ADRES": "Alacaatlı Mahallesi 3381/1 Sokağı Çankaya / ANKARA", "SOKET_NO": "SKT/43898", "SOKET_TIPI": "AC", "SOKET_TURU": "AC_TYPE2", "SOKET_GUCU_KW": "20,5" }, "geometry": { "type": "Point", "coordinates": [ 32.67649, 39.859589 ] } },
{ "type": "Feature", "properties": { "ID": 33965.0, "SIRA_NO": 493.0, "ISTASYON_NO": "ŞRJ/17866", "ISTASYON_ADI": "Zeplin Green Life Sitesi", "HIZMET_SEKLI": "OZEL", "MARKA": "ZEPLİN CAR rental", "MARKAADI": "Zeplin", "SARJ_AGI_ISLETMECISI": "ZEPLİN TURİZM ARAÇ KİRALAMA MOBİLİTE VE ENERJİ YATIRIMLARI ANONİM ŞİRKETİ", "YESIL_SARJ_ISTASYONU_MU": "", "ADRES": "Alacaatlı Mahallesi 4903 Sokağı  No:2 Çankaya / ANKARA", "SOKET_NO": "SKT/49111", "SOKET_TIPI": "AC", "SOKET_TURU": "AC_TYPE2", "SOKET_GUCU_KW": "22" }, "geometry": { "type": "Point", "coordinates": [ 32.681026, 39.848585 ] } },
{ "type": "Feature", "properties": { "ID": 33354.0, "SIRA_NO": 309.0, "ISTASYON_NO": "ŞRJ/17119", "ISTASYON_ADI": "Yıldız 87 Sitesi D Blok AC 1, AC 2 - E Blok AC 1, AC 2", "HIZMET_SEKLI": "OZEL", "MARKA": "Otopriz", "MARKAADI": "Otopriz", "SARJ_AGI_ISLETMECISI": "DİCLE KÖK ENERJİ YATIRIM ANONİM ŞİRKETİ", "YESIL_SARJ_ISTASYONU_MU": "", "ADRES": "Keklikpınarı Mahallesi 890 Sokağı  No:9 Çankaya / ANKARA", "SOKET_NO": "SKT/46658", "SOKET_TIPI": "AC", "SOKET_TURU": "AC_TYPE2", "SOKET_GUCU_KW": "22" }, "geometry": { "type": "Point", "coordinates": [ 32.822841, 39.860787 ] } },
{ "type": "Feature", "properties": { "ID": 33355.0, "SIRA_NO": 309.0, "ISTASYON_NO": "ŞRJ/17119", "ISTASYON_ADI": "Yıldız 87 Sitesi D Blok AC 1, AC 2 - E Blok AC 1, AC 2", "HIZMET_SEKLI": "OZEL", "MARKA": "Otopriz", "MARKAADI": "Otopriz", "SARJ_AGI_ISLETMECISI": "DİCLE KÖK ENERJİ YATIRIM ANONİM ŞİRKETİ", "YESIL_SARJ_ISTASYONU_MU": "", "ADRES": "Keklikpınarı Mahallesi 890 Sokağı  No:9 Çankaya / ANKARA", "SOKET_NO": "SKT/46659", "SOKET_TIPI": "AC", "SOKET_TURU": "AC_TYPE2", "SOKET_GUCU_KW": "22" }, "geometry": { "type": "Point", "coordinates": [ 32.822841, 39.860787 ] } },
{ "type": "Feature", "properties": { "ID": 33353.0, "SIRA_NO": 309.0, "ISTASYON_NO": "ŞRJ/17119", "ISTASYON_ADI": "Yıldız 87 Sitesi D Blok AC 1, AC 2 - E Blok AC 1, AC 2", "HIZMET_SEKLI": "OZEL", "MARKA": "Otopriz", "MARKAADI": "Otopriz", "SARJ_AGI_ISLETMECISI": "DİCLE KÖK ENERJİ YATIRIM ANONİM ŞİRKETİ", "YESIL_SARJ_ISTASYONU_MU": "", "ADRES": "Keklikpınarı Mahallesi 890 Sokağı  No:9 Çankaya / ANKARA", "SOKET_NO": "SKT/46657", "SOKET_TIPI": "AC", "SOKET_TURU": "AC_TYPE2", "SOKET_GUCU_KW": "22" }, "geometry": { "type": "Point", "coordinates": [ 32.822841, 39.860787 ] } },
{ "type": "Feature", "properties": { "ID": 35143.0, "SIRA_NO": 160.0, "ISTASYON_NO": "ŞRJ/18278", "ISTASYON_ADI": "1. ETAP 7. BODRUM 9 AC", "HIZMET_SEKLI": "OZEL", "MARKA": "MYCHARGE", "MARKAADI": "Mycharge", "SARJ_AGI_ISLETMECISI": "MANAS İPLİK SANAYİ VE TİCARET ANONİM ŞİRKETİ", "YESIL_SARJ_ISTASYONU_MU": "", "ADRES": "İlkbahar Mahallesi Doğukent Caddesi Çankaya / ANKARA", "SOKET_NO": "SKT/50426", "SOKET_TIPI": "AC", "SOKET_TURU": "AC_TYPE2", "SOKET_GUCU_KW": "22" }, "geometry": { "type": "Point", "coordinates": [ 32.857334, 39.860605 ] } },
{ "type": "Feature", "properties": { "ID": 35144.0, "SIRA_NO": 160.0, "ISTASYON_NO": "ŞRJ/18278", "ISTASYON_ADI": "1. ETAP 7. BODRUM 9 AC", "HIZMET_SEKLI": "OZEL", "MARKA": "MYCHARGE", "MARKAADI": "Mycharge", "SARJ_AGI_ISLETMECISI": "MANAS İPLİK SANAYİ VE TİCARET ANONİM ŞİRKETİ", "YESIL_SARJ_ISTASYONU_MU": "", "ADRES": "İlkbahar Mahallesi Doğukent Caddesi Çankaya / ANKARA", "SOKET_NO": "SKT/50427", "SOKET_TIPI": "AC", "SOKET_TURU": "AC_TYPE2", "SOKET_GUCU_KW": "22" }, "geometry": { "type": "Point", "coordinates": [ 32.857334, 39.860605 ] } },
{ "type": "Feature", "properties": { "ID": 35145.0, "SIRA_NO": 160.0, "ISTASYON_NO": "ŞRJ/18278", "ISTASYON_ADI": "1. ETAP 7. BODRUM 9 AC", "HIZMET_SEKLI": "OZEL", "MARKA": "MYCHARGE", "MARKAADI": "Mycharge", "SARJ_AGI_ISLETMECISI": "MANAS İPLİK SANAYİ VE TİCARET ANONİM ŞİRKETİ", "YESIL_SARJ_ISTASYONU_MU": "", "ADRES": "İlkbahar Mahallesi Doğukent Caddesi Çankaya / ANKARA", "SOKET_NO": "SKT/50428", "SOKET_TIPI": "AC", "SOKET_TURU": "AC_TYPE2", "SOKET_GUCU_KW": "22" }, "geometry": { "type": "Point", "coordinates": [ 32.857334, 39.860605 ] } },
{ "type": "Feature", "properties": { "ID": 35146.0, "SIRA_NO": 160.0, "ISTASYON_NO": "ŞRJ/18278", "ISTASYON_ADI": "1. ETAP 7. BODRUM 9 AC", "HIZMET_SEKLI": "OZEL", "MARKA": "MYCHARGE", "MARKAADI": "Mycharge", "SARJ_AGI_ISLETMECISI": "MANAS İPLİK SANAYİ VE TİCARET ANONİM ŞİRKETİ", "YESIL_SARJ_ISTASYONU_MU": "", "ADRES": "İlkbahar Mahallesi Doğukent Caddesi Çankaya / ANKARA", "SOKET_NO": "SKT/50429", "SOKET_TIPI": "AC", "SOKET_TURU": "AC_TYPE2", "SOKET_GUCU_KW": "22" }, "geometry": { "type": "Point", "coordinates": [ 32.857334, 39.860605 ] } },
{ "type": "Feature", "properties": { "ID": 35147.0, "SIRA_NO": 160.0, "ISTASYON_NO": "ŞRJ/18278", "ISTASYON_ADI": "1. ETAP 7. BODRUM 9 AC", "HIZMET_SEKLI": "OZEL", "MARKA": "MYCHARGE", "MARKAADI": "Mycharge", "SARJ_AGI_ISLETMECISI": "MANAS İPLİK SANAYİ VE TİCARET ANONİM ŞİRKETİ", "YESIL_SARJ_ISTASYONU_MU": "", "ADRES": "İlkbahar Mahallesi Doğukent Caddesi Çankaya / ANKARA", "SOKET_NO": "SKT/50430", "SOKET_TIPI": "AC", "SOKET_TURU": "AC_TYPE2", "SOKET_GUCU_KW": "22" }, "geometry": { "type": "Point", "coordinates": [ 32.857334, 39.860605 ] } },
{ "type": "Feature", "properties": { "ID": 33686.0, "SIRA_NO": 315.0, "ISTASYON_NO": "ŞRJ/17760", "ISTASYON_ADI": "Çelikler Atatürk Bulvarı 183 Otel-2", "HIZMET_SEKLI": "HALKA_ACIK", "MARKA": "ÇELİKLER ENERJİ", "MARKAADI": "Çelikler Enerji", "SARJ_AGI_ISLETMECISI": "ÇELİKLER GLOBAL ENERJİ ŞARJ SİSTEMLERİ ANONİM ŞİRKETİ", "YESIL_SARJ_ISTASYONU_MU": "", "ADRES": "Kavaklıdere Mahallesi Atatürk Sokağı  No:183 Çankaya / ANKARA", "SOKET_NO": "SKT/48704", "SOKET_TIPI": "DC", "SOKET_TURU": "DC_CCS", "SOKET_GUCU_KW": "120" }, "geometry": { "type": "Point", "coordinates": [ 32.85602, 39.910384 ] } },
{ "type": "Feature", "properties": { "ID": 33966.0, "SIRA_NO": 493.0, "ISTASYON_NO": "ŞRJ/17866", "ISTASYON_ADI": "Zeplin Green Life Sitesi", "HIZMET_SEKLI": "OZEL", "MARKA": "ZEPLİN CAR rental", "MARKAADI": "Zeplin", "SARJ_AGI_ISLETMECISI": "ZEPLİN TURİZM ARAÇ KİRALAMA MOBİLİTE VE ENERJİ YATIRIMLARI ANONİM ŞİRKETİ", "YESIL_SARJ_ISTASYONU_MU": "", "ADRES": "Alacaatlı Mahallesi 4903 Sokağı  No:2 Çankaya / ANKARA", "SOKET_NO": "SKT/49112", "SOKET_TIPI": "AC", "SOKET_TURU": "AC_TYPE2", "SOKET_GUCU_KW": "22" }, "geometry": { "type": "Point", "coordinates": [ 32.681026, 39.848585 ] } },
{ "type": "Feature", "properties": { "ID": 1997.0, "SIRA_NO": 359.0, "ISTASYON_NO": "ŞRJ/16785", "ISTASYON_ADI": "KARUM AVM", "HIZMET_SEKLI": "HALKA_ACIK", "MARKA": "VOLTRUN", "MARKAADI": "Voltrun", "SARJ_AGI_ISLETMECISI": "VOLTRUN ENERJİ ANONİM ŞİRKETİ", "YESIL_SARJ_ISTASYONU_MU": "Evet", "ADRES": "Gaziosmanpaşa Mahallesi İran Sokağı  No:21 Çankaya / ANKARA", "SOKET_NO": "SKT/45667", "SOKET_TIPI": "AC", "SOKET_TURU": "AC_TYPE2", "SOKET_GUCU_KW": "22" }, "geometry": { "type": "Point", "coordinates": [ 32.86349, 39.900769 ] } },
{ "type": "Feature", "properties": { "ID": 34052.0, "SIRA_NO": 21.0, "ISTASYON_NO": "ŞRJ/17899", "ISTASYON_ADI": "ODTÜ Tenis Kortları Otopark", "HIZMET_SEKLI": "OZEL", "MARKA": "wat mobilite", "MARKAADI": "WAT Mobilite", "SARJ_AGI_ISLETMECISI": "WAT MOBİLİTE ÇÖZÜMLERİ TEKNOLOJİ VE TİCARET ANONİM ŞİRKETİ", "YESIL_SARJ_ISTASYONU_MU": "Evet", "ADRES": "Üniversiteler Mahallesi Odtü Kampüsü Sokak Sokağı Çankaya / ANKARA", "SOKET_NO": "SKT/49245", "SOKET_TIPI": "DC", "SOKET_TURU": "DC_CCS", "SOKET_GUCU_KW": "180" }, "geometry": { "type": "Point", "coordinates": [ 32.788826, 39.893249 ] } },
{ "type": "Feature", "properties": { "ID": 28436.0, "SIRA_NO": 91.0, "ISTASYON_NO": "ŞRJ/9674", "ISTASYON_ADI": "ANKARA BİLKENT ŞEHİR HASTANESİ", "HIZMET_SEKLI": "HALKA_ACIK", "MARKA": "RSŞARJ", "MARKAADI": "Rs Şarj", "SARJ_AGI_ISLETMECISI": "2M ELEKTRİKLİ ARAÇ ŞARJ AĞI VE İSTASYON İŞLETMECİLİĞİ ANONİM ŞİRKETİ", "YESIL_SARJ_ISTASYONU_MU": "", "ADRES": "Üniversiteler Mahallesi 1604 Sokağı  No:9 Çankaya / ANKARA", "SOKET_NO": "SKT/23123", "SOKET_TIPI": "AC", "SOKET_TURU": "AC_TYPE2", "SOKET_GUCU_KW": "22" }, "geometry": { "type": "Point", "coordinates": [ 32.754748, 39.901196 ] } },
{ "type": "Feature", "properties": { "ID": 28437.0, "SIRA_NO": 91.0, "ISTASYON_NO": "ŞRJ/9674", "ISTASYON_ADI": "ANKARA BİLKENT ŞEHİR HASTANESİ", "HIZMET_SEKLI": "HALKA_ACIK", "MARKA": "RSŞARJ", "MARKAADI": "Rs Şarj", "SARJ_AGI_ISLETMECISI": "2M ELEKTRİKLİ ARAÇ ŞARJ AĞI VE İSTASYON İŞLETMECİLİĞİ ANONİM ŞİRKETİ", "YESIL_SARJ_ISTASYONU_MU": "", "ADRES": "Üniversiteler Mahallesi 1604 Sokağı  No:9 Çankaya / ANKARA", "SOKET_NO": "SKT/23124", "SOKET_TIPI": "DC", "SOKET_TURU": "DC_CCS", "SOKET_GUCU_KW": "60" }, "geometry": { "type": "Point", "coordinates": [ 32.754748, 39.901196 ] } },
{ "type": "Feature", "properties": { "ID": 28438.0, "SIRA_NO": 91.0, "ISTASYON_NO": "ŞRJ/9674", "ISTASYON_ADI": "ANKARA BİLKENT ŞEHİR HASTANESİ", "HIZMET_SEKLI": "HALKA_ACIK", "MARKA": "RSŞARJ", "MARKAADI": "Rs Şarj", "SARJ_AGI_ISLETMECISI": "2M ELEKTRİKLİ ARAÇ ŞARJ AĞI VE İSTASYON İŞLETMECİLİĞİ ANONİM ŞİRKETİ", "YESIL_SARJ_ISTASYONU_MU": "", "ADRES": "Üniversiteler Mahallesi 1604 Sokağı  No:9 Çankaya / ANKARA", "SOKET_NO": "SKT/23125", "SOKET_TIPI": "DC", "SOKET_TURU": "DC_CCS", "SOKET_GUCU_KW": "60" }, "geometry": { "type": "Point", "coordinates": [ 32.754748, 39.901196 ] } },
{ "type": "Feature", "properties": { "ID": 23439.0, "SIRA_NO": 123.0, "ISTASYON_NO": "ŞRJ/5723", "ISTASYON_ADI": "TEONA ÜMİTKÖY SİTESİ A/BLOK", "HIZMET_SEKLI": "OZEL", "MARKA": "EPSIS", "MARKAADI": "Epsis", "SARJ_AGI_ISLETMECISI": "FORM ELEKTRİK İNŞAAT MÜHENDİSLİK ANONİM ŞİRKETİ", "YESIL_SARJ_ISTASYONU_MU": "", "ADRES": "Ümit Mahallesi 2555 Sokağı  No:1/A Çankaya / ANKARA", "SOKET_NO": "SKT/12434", "SOKET_TIPI": "AC", "SOKET_TURU": "AC_TYPE2", "SOKET_GUCU_KW": "18" }, "geometry": { "type": "Point", "coordinates": [ 32.697716, 39.892945 ] } },
{ "type": "Feature", "properties": { "ID": 33347.0, "SIRA_NO": 306.0, "ISTASYON_NO": "ŞRJ/17116", "ISTASYON_ADI": "Ayarslan Gold Evleri, Çankaya AC 1, AC 2", "HIZMET_SEKLI": "OZEL", "MARKA": "Otopriz", "MARKAADI": "Otopriz", "SARJ_AGI_ISLETMECISI": "DİCLE KÖK ENERJİ YATIRIM ANONİM ŞİRKETİ", "YESIL_SARJ_ISTASYONU_MU": "", "ADRES": "Alacaatlı Mahallesi 3250. Caddesi  No:39 Çankaya / ANKARA", "SOKET_NO": "SKT/46651", "SOKET_TIPI": "AC", "SOKET_TURU": "AC_TYPE2", "SOKET_GUCU_KW": "22" }, "geometry": { "type": "Point", "coordinates": [ 32.637426, 39.852614 ] } },
{ "type": "Feature", "properties": { "ID": 34040.0, "SIRA_NO": 19.0, "ISTASYON_NO": "ŞRJ/17897", "ISTASYON_ADI": "ODTÜ Kültür Kongre Merkezi", "HIZMET_SEKLI": "OZEL", "MARKA": "wat mobilite", "MARKAADI": "WAT Mobilite", "SARJ_AGI_ISLETMECISI": "WAT MOBİLİTE ÇÖZÜMLERİ TEKNOLOJİ VE TİCARET ANONİM ŞİRKETİ", "YESIL_SARJ_ISTASYONU_MU": "Evet", "ADRES": "Kültür Mahallesi Kongre Merkezi Sokağı Çankaya / ANKARA", "SOKET_NO": "SKT/49233", "SOKET_TIPI": "DC", "SOKET_TURU": "DC_CCS", "SOKET_GUCU_KW": "180" }, "geometry": { "type": "Point", "coordinates": [ 32.786669, 39.893946 ] } },
{ "type": "Feature", "properties": { "ID": 34041.0, "SIRA_NO": 19.0, "ISTASYON_NO": "ŞRJ/17897", "ISTASYON_ADI": "ODTÜ Kültür Kongre Merkezi", "HIZMET_SEKLI": "OZEL", "MARKA": "wat mobilite", "MARKAADI": "WAT Mobilite", "SARJ_AGI_ISLETMECISI": "WAT MOBİLİTE ÇÖZÜMLERİ TEKNOLOJİ VE TİCARET ANONİM ŞİRKETİ", "YESIL_SARJ_ISTASYONU_MU": "Evet", "ADRES": "Kültür Mahallesi Kongre Merkezi Sokağı Çankaya / ANKARA", "SOKET_NO": "SKT/49234", "SOKET_TIPI": "DC", "SOKET_TURU": "DC_CCS", "SOKET_GUCU_KW": "180" }, "geometry": { "type": "Point", "coordinates": [ 32.786669, 39.893946 ] } },
{ "type": "Feature", "properties": { "ID": 34042.0, "SIRA_NO": 19.0, "ISTASYON_NO": "ŞRJ/17897", "ISTASYON_ADI": "ODTÜ Kültür Kongre Merkezi", "HIZMET_SEKLI": "OZEL", "MARKA": "wat mobilite", "MARKAADI": "WAT Mobilite", "SARJ_AGI_ISLETMECISI": "WAT MOBİLİTE ÇÖZÜMLERİ TEKNOLOJİ VE TİCARET ANONİM ŞİRKETİ", "YESIL_SARJ_ISTASYONU_MU": "Evet", "ADRES": "Kültür Mahallesi Kongre Merkezi Sokağı Çankaya / ANKARA", "SOKET_NO": "SKT/49235", "SOKET_TIPI": "DC", "SOKET_TURU": "DC_CCS", "SOKET_GUCU_KW": "180" }, "geometry": { "type": "Point", "coordinates": [ 32.786669, 39.893946 ] } },
{ "type": "Feature", "properties": { "ID": 34043.0, "SIRA_NO": 19.0, "ISTASYON_NO": "ŞRJ/17897", "ISTASYON_ADI": "ODTÜ Kültür Kongre Merkezi", "HIZMET_SEKLI": "OZEL", "MARKA": "wat mobilite", "MARKAADI": "WAT Mobilite", "SARJ_AGI_ISLETMECISI": "WAT MOBİLİTE ÇÖZÜMLERİ TEKNOLOJİ VE TİCARET ANONİM ŞİRKETİ", "YESIL_SARJ_ISTASYONU_MU": "Evet", "ADRES": "Kültür Mahallesi Kongre Merkezi Sokağı Çankaya / ANKARA", "SOKET_NO": "SKT/49236", "SOKET_TIPI": "AC", "SOKET_TURU": "AC_TYPE2", "SOKET_GUCU_KW": "22" }, "geometry": { "type": "Point", "coordinates": [ 32.786669, 39.893946 ] } },
{ "type": "Feature", "properties": { "ID": 34044.0, "SIRA_NO": 19.0, "ISTASYON_NO": "ŞRJ/17897", "ISTASYON_ADI": "ODTÜ Kültür Kongre Merkezi", "HIZMET_SEKLI": "OZEL", "MARKA": "wat mobilite", "MARKAADI": "WAT Mobilite", "SARJ_AGI_ISLETMECISI": "WAT MOBİLİTE ÇÖZÜMLERİ TEKNOLOJİ VE TİCARET ANONİM ŞİRKETİ", "YESIL_SARJ_ISTASYONU_MU": "Evet", "ADRES": "Kültür Mahallesi Kongre Merkezi Sokağı Çankaya / ANKARA", "SOKET_NO": "SKT/49237", "SOKET_TIPI": "AC", "SOKET_TURU": "AC_TYPE2", "SOKET_GUCU_KW": "22" }, "geometry": { "type": "Point", "coordinates": [ 32.786669, 39.893946 ] } },
{ "type": "Feature", "properties": { "ID": 34045.0, "SIRA_NO": 19.0, "ISTASYON_NO": "ŞRJ/17897", "ISTASYON_ADI": "ODTÜ Kültür Kongre Merkezi", "HIZMET_SEKLI": "OZEL", "MARKA": "wat mobilite", "MARKAADI": "WAT Mobilite", "SARJ_AGI_ISLETMECISI": "WAT MOBİLİTE ÇÖZÜMLERİ TEKNOLOJİ VE TİCARET ANONİM ŞİRKETİ", "YESIL_SARJ_ISTASYONU_MU": "Evet", "ADRES": "Kültür Mahallesi Kongre Merkezi Sokağı Çankaya / ANKARA", "SOKET_NO": "SKT/49238", "SOKET_TIPI": "AC", "SOKET_TURU": "AC_TYPE2", "SOKET_GUCU_KW": "22" }, "geometry": { "type": "Point", "coordinates": [ 32.786669, 39.893946 ] } },
{ "type": "Feature", "properties": { "ID": 34046.0, "SIRA_NO": 19.0, "ISTASYON_NO": "ŞRJ/17897", "ISTASYON_ADI": "ODTÜ Kültür Kongre Merkezi", "HIZMET_SEKLI": "OZEL", "MARKA": "wat mobilite", "MARKAADI": "WAT Mobilite", "SARJ_AGI_ISLETMECISI": "WAT MOBİLİTE ÇÖZÜMLERİ TEKNOLOJİ VE TİCARET ANONİM ŞİRKETİ", "YESIL_SARJ_ISTASYONU_MU": "Evet", "ADRES": "Kültür Mahallesi Kongre Merkezi Sokağı Çankaya / ANKARA", "SOKET_NO": "SKT/49239", "SOKET_TIPI": "AC", "SOKET_TURU": "AC_TYPE2", "SOKET_GUCU_KW": "22" }, "geometry": { "type": "Point", "coordinates": [ 32.786669, 39.893946 ] } },
{ "type": "Feature", "properties": { "ID": 34048.0, "SIRA_NO": 20.0, "ISTASYON_NO": "ŞRJ/17898", "ISTASYON_ADI": "ODTÜ Lisans Üstü Konuk Evi", "HIZMET_SEKLI": "OZEL", "MARKA": "wat mobilite", "MARKAADI": "WAT Mobilite", "SARJ_AGI_ISLETMECISI": "WAT MOBİLİTE ÇÖZÜMLERİ TEKNOLOJİ VE TİCARET ANONİM ŞİRKETİ", "YESIL_SARJ_ISTASYONU_MU": "Evet", "ADRES": "Üniversiteler Mahallesi Odtü Kampüsü Sokağı Çankaya / ANKARA", "SOKET_NO": "SKT/49241", "SOKET_TIPI": "AC", "SOKET_TURU": "AC_TYPE2", "SOKET_GUCU_KW": "22" }, "geometry": { "type": "Point", "coordinates": [ 32.777042, 39.889427 ] } },
{ "type": "Feature", "properties": { "ID": 34049.0, "SIRA_NO": 20.0, "ISTASYON_NO": "ŞRJ/17898", "ISTASYON_ADI": "ODTÜ Lisans Üstü Konuk Evi", "HIZMET_SEKLI": "OZEL", "MARKA": "wat mobilite", "MARKAADI": "WAT Mobilite", "SARJ_AGI_ISLETMECISI": "WAT MOBİLİTE ÇÖZÜMLERİ TEKNOLOJİ VE TİCARET ANONİM ŞİRKETİ", "YESIL_SARJ_ISTASYONU_MU": "Evet", "ADRES": "Üniversiteler Mahallesi Odtü Kampüsü Sokağı Çankaya / ANKARA", "SOKET_NO": "SKT/49242", "SOKET_TIPI": "AC", "SOKET_TURU": "AC_TYPE2", "SOKET_GUCU_KW": "22" }, "geometry": { "type": "Point", "coordinates": [ 32.777042, 39.889427 ] } },
{ "type": "Feature", "properties": { "ID": 34050.0, "SIRA_NO": 20.0, "ISTASYON_NO": "ŞRJ/17898", "ISTASYON_ADI": "ODTÜ Lisans Üstü Konuk Evi", "HIZMET_SEKLI": "OZEL", "MARKA": "wat mobilite", "MARKAADI": "WAT Mobilite", "SARJ_AGI_ISLETMECISI": "WAT MOBİLİTE ÇÖZÜMLERİ TEKNOLOJİ VE TİCARET ANONİM ŞİRKETİ", "YESIL_SARJ_ISTASYONU_MU": "Evet", "ADRES": "Üniversiteler Mahallesi Odtü Kampüsü Sokağı Çankaya / ANKARA", "SOKET_NO": "SKT/49243", "SOKET_TIPI": "AC", "SOKET_TURU": "AC_TYPE2", "SOKET_GUCU_KW": "22" }, "geometry": { "type": "Point", "coordinates": [ 32.777042, 39.889427 ] } },
{ "type": "Feature", "properties": { "ID": 33333.0, "SIRA_NO": 300.0, "ISTASYON_NO": "ŞRJ/17109", "ISTASYON_ADI": "Libra Kule, Çankaya AC 1, AC 2", "HIZMET_SEKLI": "OZEL", "MARKA": "Otopriz", "MARKAADI": "Otopriz", "SARJ_AGI_ISLETMECISI": "DİCLE KÖK ENERJİ YATIRIM ANONİM ŞİRKETİ", "YESIL_SARJ_ISTASYONU_MU": "", "ADRES": "Ehlibeyt Mahallesi Tekstilciler Caddesi  No:21 Çankaya / ANKARA", "SOKET_NO": "SKT/46632", "SOKET_TIPI": "AC", "SOKET_TURU": "AC_TYPE2", "SOKET_GUCU_KW": "22" }, "geometry": { "type": "Point", "coordinates": [ 32.815191, 39.892029 ] } },
{ "type": "Feature", "properties": { "ID": 33701.0, "SIRA_NO": 352.0, "ISTASYON_NO": "ŞRJ/17783", "ISTASYON_ADI": "ASTORŞARJ İNCEK PRESTİJ", "HIZMET_SEKLI": "HALKA_ACIK", "MARKA": "ASTOR", "MARKAADI": "Astor", "SARJ_AGI_ISLETMECISI": "ASTOR ENERJİ ANONİM ŞİRKETİ", "YESIL_SARJ_ISTASYONU_MU": "", "ADRES": "Alacaatlı Mahallesi 3341 Sokağı  No:1 Çankaya / ANKARA", "SOKET_NO": "SKT/48793", "SOKET_TIPI": "AC", "SOKET_TURU": "AC_TYPE2", "SOKET_GUCU_KW": "11" }, "geometry": { "type": "Point", "coordinates": [ 32.70304, 39.838319 ] } },
{ "type": "Feature", "properties": { "ID": 33702.0, "SIRA_NO": 352.0, "ISTASYON_NO": "ŞRJ/17783", "ISTASYON_ADI": "ASTORŞARJ İNCEK PRESTİJ", "HIZMET_SEKLI": "HALKA_ACIK", "MARKA": "ASTOR", "MARKAADI": "Astor", "SARJ_AGI_ISLETMECISI": "ASTOR ENERJİ ANONİM ŞİRKETİ", "YESIL_SARJ_ISTASYONU_MU": "", "ADRES": "Alacaatlı Mahallesi 3341 Sokağı  No:1 Çankaya / ANKARA", "SOKET_NO": "SKT/48794", "SOKET_TIPI": "AC", "SOKET_TURU": "AC_TYPE2", "SOKET_GUCU_KW": "11" }, "geometry": { "type": "Point", "coordinates": [ 32.70304, 39.838319 ] } },
{ "type": "Feature", "properties": { "ID": 3753.0, "SIRA_NO": 55.0, "ISTASYON_NO": "ŞRJ/17131", "ISTASYON_ADI": "1. ETAP 11. BODRUM 14 AC", "HIZMET_SEKLI": "HALKA_ACIK", "MARKA": "MYCHARGE", "MARKAADI": "Mycharge", "SARJ_AGI_ISLETMECISI": "MANAS İPLİK SANAYİ VE TİCARET ANONİM ŞİRKETİ", "YESIL_SARJ_ISTASYONU_MU": "", "ADRES": "İlkbahar Mahallesi Doğukent Caddesi  No:733/E Çankaya / ANKARA", "SOKET_NO": "SKT/46708", "SOKET_TIPI": "AC", "SOKET_TURU": "AC_TYPE2", "SOKET_GUCU_KW": "22" }, "geometry": { "type": "Point", "coordinates": [ 32.85678, 39.860071 ] } },
{ "type": "Feature", "properties": { "ID": 3754.0, "SIRA_NO": 55.0, "ISTASYON_NO": "ŞRJ/17131", "ISTASYON_ADI": "1. ETAP 11. BODRUM 14 AC", "HIZMET_SEKLI": "HALKA_ACIK", "MARKA": "MYCHARGE", "MARKAADI": "Mycharge", "SARJ_AGI_ISLETMECISI": "MANAS İPLİK SANAYİ VE TİCARET ANONİM ŞİRKETİ", "YESIL_SARJ_ISTASYONU_MU": "", "ADRES": "İlkbahar Mahallesi Doğukent Caddesi  No:733/E Çankaya / ANKARA", "SOKET_NO": "SKT/46709", "SOKET_TIPI": "AC", "SOKET_TURU": "AC_TYPE2", "SOKET_GUCU_KW": "22" }, "geometry": { "type": "Point", "coordinates": [ 32.85678, 39.860071 ] } },
{ "type": "Feature", "properties": { "ID": 34161.0, "SIRA_NO": 76.0, "ISTASYON_NO": "ŞRJ/17947", "ISTASYON_ADI": "ASTORŞARJ YARGITAY", "HIZMET_SEKLI": "OZEL", "MARKA": "ASTOR", "MARKAADI": "Astor", "SARJ_AGI_ISLETMECISI": "ASTOR ENERJİ ANONİM ŞİRKETİ", "YESIL_SARJ_ISTASYONU_MU": "", "ADRES": "Ahlatlıbel Mahallesi Şehit Savcı Mehmet Selim Kiraz Sokağı  No:4 Çankaya / ANKARA", "SOKET_NO": "SKT/49386", "SOKET_TIPI": "AC", "SOKET_TURU": "AC_TYPE2", "SOKET_GUCU_KW": "22" }, "geometry": { "type": "Point", "coordinates": [ 32.790676, 39.845165 ] } },
{ "type": "Feature", "properties": { "ID": 34162.0, "SIRA_NO": 76.0, "ISTASYON_NO": "ŞRJ/17947", "ISTASYON_ADI": "ASTORŞARJ YARGITAY", "HIZMET_SEKLI": "OZEL", "MARKA": "ASTOR", "MARKAADI": "Astor", "SARJ_AGI_ISLETMECISI": "ASTOR ENERJİ ANONİM ŞİRKETİ", "YESIL_SARJ_ISTASYONU_MU": "", "ADRES": "Ahlatlıbel Mahallesi Şehit Savcı Mehmet Selim Kiraz Sokağı  No:4 Çankaya / ANKARA", "SOKET_NO": "SKT/49387", "SOKET_TIPI": "AC", "SOKET_TURU": "AC_TYPE2", "SOKET_GUCU_KW": "22" }, "geometry": { "type": "Point", "coordinates": [ 32.790676, 39.845165 ] } },
{ "type": "Feature", "properties": { "ID": 34163.0, "SIRA_NO": 76.0, "ISTASYON_NO": "ŞRJ/17947", "ISTASYON_ADI": "ASTORŞARJ YARGITAY", "HIZMET_SEKLI": "OZEL", "MARKA": "ASTOR", "MARKAADI": "Astor", "SARJ_AGI_ISLETMECISI": "ASTOR ENERJİ ANONİM ŞİRKETİ", "YESIL_SARJ_ISTASYONU_MU": "", "ADRES": "Ahlatlıbel Mahallesi Şehit Savcı Mehmet Selim Kiraz Sokağı  No:4 Çankaya / ANKARA", "SOKET_NO": "SKT/49388", "SOKET_TIPI": "AC", "SOKET_TURU": "AC_TYPE2", "SOKET_GUCU_KW": "22" }, "geometry": { "type": "Point", "coordinates": [ 32.790676, 39.845165 ] } },
{ "type": "Feature", "properties": { "ID": 31412.0, "SIRA_NO": 490.0, "ISTASYON_NO": "ŞRJ/16204", "ISTASYON_ADI": "LUXRY PARK OTEL", "HIZMET_SEKLI": "HALKA_ACIK", "MARKA": "ŞARJTAK", "MARKAADI": "ŞarjTak", "SARJ_AGI_ISLETMECISI": "TAYRAN GRUP İNŞAAT ANONİM ŞİRKETİ", "YESIL_SARJ_ISTASYONU_MU": "", "ADRES": "Birlik Mahallesi 448 Sokağı  No:95 Çankaya / ANKARA", "SOKET_NO": "SKT/43859", "SOKET_TIPI": "AC", "SOKET_TURU": "AC_TYPE2", "SOKET_GUCU_KW": "22" }, "geometry": { "type": "Point", "coordinates": [ 32.876131, 39.873991 ] } },
{ "type": "Feature", "properties": { "ID": 27912.0, "SIRA_NO": 394.0, "ISTASYON_NO": "ŞRJ/8248", "ISTASYON_ADI": "Shell Keklikpınarı", "HIZMET_SEKLI": "HALKA_ACIK", "MARKA": "SHELL", "MARKAADI": "Shell Şarj", "SARJ_AGI_ISLETMECISI": "SHELL & TURCAS PETROL ANONİM ŞİRKETİ", "YESIL_SARJ_ISTASYONU_MU": "", "ADRES": "Akpınar Mahallesi  No:293 Çankaya / ANKARA", "SOKET_NO": "SKT/18881", "SOKET_TIPI": "AC", "SOKET_TURU": "AC_TYPE2", "SOKET_GUCU_KW": "15" }, "geometry": { "type": "Point", "coordinates": [ 32.809852, 39.857634 ] } },
{ "type": "Feature", "properties": { "ID": 27913.0, "SIRA_NO": 394.0, "ISTASYON_NO": "ŞRJ/8248", "ISTASYON_ADI": "Shell Keklikpınarı", "HIZMET_SEKLI": "HALKA_ACIK", "MARKA": "SHELL", "MARKAADI": "Shell Şarj", "SARJ_AGI_ISLETMECISI": "SHELL & TURCAS PETROL ANONİM ŞİRKETİ", "YESIL_SARJ_ISTASYONU_MU": "", "ADRES": "Akpınar Mahallesi  No:293 Çankaya / ANKARA", "SOKET_NO": "SKT/19257", "SOKET_TIPI": "DC", "SOKET_TURU": "DC_CHADEMO", "SOKET_GUCU_KW": "45" }, "geometry": { "type": "Point", "coordinates": [ 32.809852, 39.857634 ] } },
{ "type": "Feature", "properties": { "ID": 27915.0, "SIRA_NO": 395.0, "ISTASYON_NO": "ŞRJ/8249", "ISTASYON_ADI": "Shell Söğütözü Merkez", "HIZMET_SEKLI": "HALKA_ACIK", "MARKA": "SHELL", "MARKAADI": "Shell Şarj", "SARJ_AGI_ISLETMECISI": "SHELL & TURCAS PETROL ANONİM ŞİRKETİ", "YESIL_SARJ_ISTASYONU_MU": "", "ADRES": "Söğütözü Mahallesi  No:108 Çankaya / ANKARA", "SOKET_NO": "SKT/18883", "SOKET_TIPI": "AC", "SOKET_TURU": "AC_TYPE2", "SOKET_GUCU_KW": "15" }, "geometry": { "type": "Point", "coordinates": [ 32.792957, 39.909511 ] } },
{ "type": "Feature", "properties": { "ID": 27916.0, "SIRA_NO": 395.0, "ISTASYON_NO": "ŞRJ/8249", "ISTASYON_ADI": "Shell Söğütözü Merkez", "HIZMET_SEKLI": "HALKA_ACIK", "MARKA": "SHELL", "MARKAADI": "Shell Şarj", "SARJ_AGI_ISLETMECISI": "SHELL & TURCAS PETROL ANONİM ŞİRKETİ", "YESIL_SARJ_ISTASYONU_MU": "", "ADRES": "Söğütözü Mahallesi  No:108 Çankaya / ANKARA", "SOKET_NO": "SKT/19258", "SOKET_TIPI": "DC", "SOKET_TURU": "DC_CHADEMO", "SOKET_GUCU_KW": "45" }, "geometry": { "type": "Point", "coordinates": [ 32.792957, 39.909511 ] } },
{ "type": "Feature", "properties": { "ID": 34745.0, "SIRA_NO": 363.0, "ISTASYON_NO": "ŞRJ/7724", "ISTASYON_ADI": "Via Green, Çankaya - DC,  AC 1, AC 2", "HIZMET_SEKLI": "HALKA_ACIK", "MARKA": "Otopriz", "MARKAADI": "Otopriz", "SARJ_AGI_ISLETMECISI": "DİCLE KÖK ENERJİ YATIRIM ANONİM ŞİRKETİ", "YESIL_SARJ_ISTASYONU_MU": "", "ADRES": "Mustafa Kemal Mahallesi 2079 Sokağı  No:2/A Çankaya / ANKARA", "SOKET_NO": "SKT/27899", "SOKET_TIPI": "AC", "SOKET_TURU": "AC_TYPE2", "SOKET_GUCU_KW": "22" }, "geometry": { "type": "Point", "coordinates": [ 32.7437, 39.908 ] } },
{ "type": "Feature", "properties": { "ID": 34746.0, "SIRA_NO": 363.0, "ISTASYON_NO": "ŞRJ/7724", "ISTASYON_ADI": "Via Green, Çankaya - DC,  AC 1, AC 2", "HIZMET_SEKLI": "HALKA_ACIK", "MARKA": "Otopriz", "MARKAADI": "Otopriz", "SARJ_AGI_ISLETMECISI": "DİCLE KÖK ENERJİ YATIRIM ANONİM ŞİRKETİ", "YESIL_SARJ_ISTASYONU_MU": "", "ADRES": "Mustafa Kemal Mahallesi 2079 Sokağı  No:2/A Çankaya / ANKARA", "SOKET_NO": "SKT/27900", "SOKET_TIPI": "AC", "SOKET_TURU": "AC_TYPE2", "SOKET_GUCU_KW": "22" }, "geometry": { "type": "Point", "coordinates": [ 32.7437, 39.908 ] } },
{ "type": "Feature", "properties": { "ID": 33376.0, "SIRA_NO": 315.0, "ISTASYON_NO": "ŞRJ/17126", "ISTASYON_ADI": "Akıncı 1 Kule, Çankaya DC", "HIZMET_SEKLI": "HALKA_ACIK", "MARKA": "Otopriz", "MARKAADI": "Otopriz", "SARJ_AGI_ISLETMECISI": "DİCLE KÖK ENERJİ YATIRIM ANONİM ŞİRKETİ", "YESIL_SARJ_ISTASYONU_MU": "", "ADRES": "Yaşamkent Mahallesi 3250 Caddesi  No:19/B Çankaya / ANKARA", "SOKET_NO": "SKT/46682", "SOKET_TIPI": "DC", "SOKET_TURU": "DC_CCS", "SOKET_GUCU_KW": "120" }, "geometry": { "type": "Point", "coordinates": [ 32.636746, 39.859903 ] } },
{ "type": "Feature", "properties": { "ID": 35319.0, "SIRA_NO": 242.0, "ISTASYON_NO": "ŞRJ/3343", "ISTASYON_ADI": "MİGROS ÇAYYOLU ANKARA MMM", "HIZMET_SEKLI": "HALKA_ACIK", "MARKA": "MİGGO", "MARKAADI": "Miggo", "SARJ_AGI_ISLETMECISI": "MİGEN ENERJİ VE ELEKTRİKLİ ARAÇ ŞARJ HİZMETLERİ ANONİM ŞİRKETİ", "YESIL_SARJ_ISTASYONU_MU": "", "ADRES": "Prof. Dr. Ahmet Taner Kışlalı Mahallesi Doğan Taşdelen Sokağı  No:179 Çankaya / ANKARA", "SOKET_NO": "SKT/50630", "SOKET_TIPI": "DC", "SOKET_TURU": "DC_CCS", "SOKET_GUCU_KW": "60" }, "geometry": { "type": "Point", "coordinates": [ 32.685954, 39.882083 ] } },
{ "type": "Feature", "properties": { "ID": 13056.0, "SIRA_NO": 129.0, "ISTASYON_NO": "ŞRJ/13997", "ISTASYON_ADI": "ASTORŞARJ ÇUKURAMBAR 1071 USTA", "HIZMET_SEKLI": "HALKA_ACIK", "MARKA": "ASTOR", "MARKAADI": "Astor", "SARJ_AGI_ISLETMECISI": "ASTOR ENERJİ ANONİM ŞİRKETİ", "YESIL_SARJ_ISTASYONU_MU": "", "ADRES": "Kızılırmak Mahallesi 1443 Caddesi  No:25/E Çankaya / ANKARA", "SOKET_NO": "SKT/36768", "SOKET_TIPI": "AC", "SOKET_TURU": "AC_TYPE2", "SOKET_GUCU_KW": "22" }, "geometry": { "type": "Point", "coordinates": [ 32.811949, 39.907187 ] } },
{ "type": "Feature", "properties": { "ID": 12787.0, "SIRA_NO": 39.0, "ISTASYON_NO": "ŞRJ/7209", "ISTASYON_ADI": "ASTORŞARJ ELYA CENTER ELEKTRİKLİ ARAÇ ŞARJ İSTASYONU", "HIZMET_SEKLI": "HALKA_ACIK", "MARKA": "ASTOR", "MARKAADI": "Astor", "SARJ_AGI_ISLETMECISI": "ASTOR ENERJİ ANONİM ŞİRKETİ", "YESIL_SARJ_ISTASYONU_MU": "", "ADRES": "Konutkent Mahallesi Dumlupınar Sokağı  No:399 /182 Çankaya / ANKARA", "SOKET_NO": "SKT/16154", "SOKET_TIPI": "DC", "SOKET_TURU": "DC_CCS", "SOKET_GUCU_KW": "300" }, "geometry": { "type": "Point", "coordinates": [ 32.651416, 39.875975 ] } },
{ "type": "Feature", "properties": { "ID": 25399.0, "SIRA_NO": 380.0, "ISTASYON_NO": "ŞRJ/17596", "ISTASYON_ADI": "Zeplin Vadi Vista", "HIZMET_SEKLI": "OZEL", "MARKA": "ZEPLİN CAR rental", "MARKAADI": "Zeplin", "SARJ_AGI_ISLETMECISI": "ZEPLİN TURİZM ARAÇ KİRALAMA MOBİLİTE VE ENERJİ YATIRIMLARI ANONİM ŞİRKETİ", "YESIL_SARJ_ISTASYONU_MU": "", "ADRES": "Birlik Mahallesi 450 Sokağı  No:57 Çankaya / ANKARA", "SOKET_NO": "SKT/48090", "SOKET_TIPI": "AC", "SOKET_TURU": "AC_TYPE2", "SOKET_GUCU_KW": "10" }, "geometry": { "type": "Point", "coordinates": [ 32.884709, 39.879643 ] } },
{ "type": "Feature", "properties": { "ID": 33831.0, "SIRA_NO": 444.0, "ISTASYON_NO": "ŞRJ/17659", "ISTASYON_ADI": "Otojet - OYAK Genel Müdürlük", "HIZMET_SEKLI": "OZEL", "MARKA": "Otojet", "MARKAADI": "Otojet", "SARJ_AGI_ISLETMECISI": "OTOJET ENERJİ SANAYİ VE TİCARET ANONİM ŞİRKETİ", "YESIL_SARJ_ISTASYONU_MU": "", "ADRES": "Eti Mahallesi Gazi Mustafa Kemal Sokağı  No:138 Çankaya / ANKARA", "SOKET_NO": "SKT/48971", "SOKET_TIPI": "AC", "SOKET_TURU": "AC_TYPE2", "SOKET_GUCU_KW": "11" }, "geometry": { "type": "Point", "coordinates": [ 32.839723, 39.934185 ] } },
{ "type": "Feature", "properties": { "ID": 33832.0, "SIRA_NO": 444.0, "ISTASYON_NO": "ŞRJ/17659", "ISTASYON_ADI": "Otojet - OYAK Genel Müdürlük", "HIZMET_SEKLI": "OZEL", "MARKA": "Otojet", "MARKAADI": "Otojet", "SARJ_AGI_ISLETMECISI": "OTOJET ENERJİ SANAYİ VE TİCARET ANONİM ŞİRKETİ", "YESIL_SARJ_ISTASYONU_MU": "", "ADRES": "Eti Mahallesi Gazi Mustafa Kemal Sokağı  No:138 Çankaya / ANKARA", "SOKET_NO": "SKT/48972", "SOKET_TIPI": "AC", "SOKET_TURU": "AC_TYPE2", "SOKET_GUCU_KW": "11" }, "geometry": { "type": "Point", "coordinates": [ 32.839723, 39.934185 ] } },
{ "type": "Feature", "properties": { "ID": 33833.0, "SIRA_NO": 444.0, "ISTASYON_NO": "ŞRJ/17659", "ISTASYON_ADI": "Otojet - OYAK Genel Müdürlük", "HIZMET_SEKLI": "OZEL", "MARKA": "Otojet", "MARKAADI": "Otojet", "SARJ_AGI_ISLETMECISI": "OTOJET ENERJİ SANAYİ VE TİCARET ANONİM ŞİRKETİ", "YESIL_SARJ_ISTASYONU_MU": "", "ADRES": "Eti Mahallesi Gazi Mustafa Kemal Sokağı  No:138 Çankaya / ANKARA", "SOKET_NO": "SKT/48973", "SOKET_TIPI": "AC", "SOKET_TURU": "AC_TYPE2", "SOKET_GUCU_KW": "11" }, "geometry": { "type": "Point", "coordinates": [ 32.839723, 39.934185 ] } },
{ "type": "Feature", "properties": { "ID": 33834.0, "SIRA_NO": 444.0, "ISTASYON_NO": "ŞRJ/17659", "ISTASYON_ADI": "Otojet - OYAK Genel Müdürlük", "HIZMET_SEKLI": "OZEL", "MARKA": "Otojet", "MARKAADI": "Otojet", "SARJ_AGI_ISLETMECISI": "OTOJET ENERJİ SANAYİ VE TİCARET ANONİM ŞİRKETİ", "YESIL_SARJ_ISTASYONU_MU": "", "ADRES": "Eti Mahallesi Gazi Mustafa Kemal Sokağı  No:138 Çankaya / ANKARA", "SOKET_NO": "SKT/48974", "SOKET_TIPI": "AC", "SOKET_TURU": "AC_TYPE2", "SOKET_GUCU_KW": "11" }, "geometry": { "type": "Point", "coordinates": [ 32.839723, 39.934185 ] } },
{ "type": "Feature", "properties": { "ID": 33835.0, "SIRA_NO": 444.0, "ISTASYON_NO": "ŞRJ/17659", "ISTASYON_ADI": "Otojet - OYAK Genel Müdürlük", "HIZMET_SEKLI": "OZEL", "MARKA": "Otojet", "MARKAADI": "Otojet", "SARJ_AGI_ISLETMECISI": "OTOJET ENERJİ SANAYİ VE TİCARET ANONİM ŞİRKETİ", "YESIL_SARJ_ISTASYONU_MU": "", "ADRES": "Eti Mahallesi Gazi Mustafa Kemal Sokağı  No:138 Çankaya / ANKARA", "SOKET_NO": "SKT/48975", "SOKET_TIPI": "AC", "SOKET_TURU": "AC_TYPE2", "SOKET_GUCU_KW": "11" }, "geometry": { "type": "Point", "coordinates": [ 32.839723, 39.934185 ] } },
{ "type": "Feature", "properties": { "ID": 6301.0, "SIRA_NO": 12.0, "ISTASYON_NO": "ŞRJ/17669", "ISTASYON_ADI": "ÖNİZŞARJ ALLORA BEYTEPE", "HIZMET_SEKLI": "HALKA_ACIK", "MARKA": "önizşarj", "MARKAADI": "ASM Group", "SARJ_AGI_ISLETMECISI": "ASM DEKORASYON MOBİLYA  GRANİT MERMER İNŞAAT SANAYİ TİCARET LİMİTED ŞİRKETİ", "YESIL_SARJ_ISTASYONU_MU": "", "ADRES": "Beytepe Mahallesi Kanuni Sultan Süleyman Caddesi  No:63 Çankaya / ANKARA", "SOKET_NO": "SKT/48339", "SOKET_TIPI": "DC", "SOKET_TURU": "DC_CCS", "SOKET_GUCU_KW": "200" }, "geometry": { "type": "Point", "coordinates": [ 32.712194, 39.864806 ] } },
{ "type": "Feature", "properties": { "ID": 6302.0, "SIRA_NO": 12.0, "ISTASYON_NO": "ŞRJ/17669", "ISTASYON_ADI": "ÖNİZŞARJ ALLORA BEYTEPE", "HIZMET_SEKLI": "HALKA_ACIK", "MARKA": "önizşarj", "MARKAADI": "ASM Group", "SARJ_AGI_ISLETMECISI": "ASM DEKORASYON MOBİLYA  GRANİT MERMER İNŞAAT SANAYİ TİCARET LİMİTED ŞİRKETİ", "YESIL_SARJ_ISTASYONU_MU": "", "ADRES": "Beytepe Mahallesi Kanuni Sultan Süleyman Caddesi  No:63 Çankaya / ANKARA", "SOKET_NO": "SKT/48340", "SOKET_TIPI": "DC", "SOKET_TURU": "DC_CCS", "SOKET_GUCU_KW": "200" }, "geometry": { "type": "Point", "coordinates": [ 32.712194, 39.864806 ] } },
{ "type": "Feature", "properties": { "ID": 6303.0, "SIRA_NO": 12.0, "ISTASYON_NO": "ŞRJ/17669", "ISTASYON_ADI": "ÖNİZŞARJ ALLORA BEYTEPE", "HIZMET_SEKLI": "HALKA_ACIK", "MARKA": "önizşarj", "MARKAADI": "ASM Group", "SARJ_AGI_ISLETMECISI": "ASM DEKORASYON MOBİLYA  GRANİT MERMER İNŞAAT SANAYİ TİCARET LİMİTED ŞİRKETİ", "YESIL_SARJ_ISTASYONU_MU": "", "ADRES": "Beytepe Mahallesi Kanuni Sultan Süleyman Caddesi  No:63 Çankaya / ANKARA", "SOKET_NO": "SKT/48341", "SOKET_TIPI": "DC", "SOKET_TURU": "DC_CCS", "SOKET_GUCU_KW": "200" }, "geometry": { "type": "Point", "coordinates": [ 32.712194, 39.864806 ] } },
{ "type": "Feature", "properties": { "ID": 6305.0, "SIRA_NO": 12.0, "ISTASYON_NO": "ŞRJ/17669", "ISTASYON_ADI": "ÖNİZŞARJ ALLORA BEYTEPE", "HIZMET_SEKLI": "HALKA_ACIK", "MARKA": "önizşarj", "MARKAADI": "ASM Group", "SARJ_AGI_ISLETMECISI": "ASM DEKORASYON MOBİLYA  GRANİT MERMER İNŞAAT SANAYİ TİCARET LİMİTED ŞİRKETİ", "YESIL_SARJ_ISTASYONU_MU": "", "ADRES": "Beytepe Mahallesi Kanuni Sultan Süleyman Caddesi  No:63 Çankaya / ANKARA", "SOKET_NO": "SKT/48343", "SOKET_TIPI": "DC", "SOKET_TURU": "DC_CCS", "SOKET_GUCU_KW": "200" }, "geometry": { "type": "Point", "coordinates": [ 32.712194, 39.864806 ] } },
{ "type": "Feature", "properties": { "ID": 6304.0, "SIRA_NO": 12.0, "ISTASYON_NO": "ŞRJ/17669", "ISTASYON_ADI": "ÖNİZŞARJ ALLORA BEYTEPE", "HIZMET_SEKLI": "HALKA_ACIK", "MARKA": "önizşarj", "MARKAADI": "ASM Group", "SARJ_AGI_ISLETMECISI": "ASM DEKORASYON MOBİLYA  GRANİT MERMER İNŞAAT SANAYİ TİCARET LİMİTED ŞİRKETİ", "YESIL_SARJ_ISTASYONU_MU": "", "ADRES": "Beytepe Mahallesi Kanuni Sultan Süleyman Caddesi  No:63 Çankaya / ANKARA", "SOKET_NO": "SKT/48342", "SOKET_TIPI": "DC", "SOKET_TURU": "DC_CCS", "SOKET_GUCU_KW": "200" }, "geometry": { "type": "Point", "coordinates": [ 32.712194, 39.864806 ] } },
{ "type": "Feature", "properties": { "ID": 35775.0, "SIRA_NO": 226.0, "ISTASYON_NO": "ŞRJ/18474", "ISTASYON_ADI": "EKAKNTSLDNSMANK-1", "HIZMET_SEKLI": "OZEL", "MARKA": "EKA -EMLAK KONUT ASANSÖR SİSTEMLERİ SAN. VE TİC. A.Ş.- EMLAK KONUT GYO A.Ş. KURULUŞUDUR", "MARKAADI": "Eka Enerji", "SARJ_AGI_ISLETMECISI": "EMLAK KONUT ASANSÖR SİSTEMLERİ SANAYİ VE TİCARET ANONİM ŞİRKETİ", "YESIL_SARJ_ISTASYONU_MU": "", "ADRES": "İşçi Blokları Mahallesi Muhsin Yazıcıoğlu Sokağı  No:51B Çankaya / ANKARA", "SOKET_NO": "SKT/51134", "SOKET_TIPI": "AC", "SOKET_TURU": "AC_TYPE2", "SOKET_GUCU_KW": "22" }, "geometry": { "type": "Point", "coordinates": [ 32.811033, 39.892968 ] } },
{ "type": "Feature", "properties": { "ID": 17641.0, "SIRA_NO": 379.0, "ISTASYON_NO": "ŞRJ/17068", "ISTASYON_ADI": "Nişantaşı Pazarı", "HIZMET_SEKLI": "HALKA_ACIK", "MARKA": "NEVA ŞARJ", "MARKAADI": "Neva Şarj", "SARJ_AGI_ISLETMECISI": "NEVA İÇ VE DIŞ TİCARET ANONİM ŞİRKETİ", "YESIL_SARJ_ISTASYONU_MU": "", "ADRES": "Yıldızevler Mahallesi  No:4 Çankaya / ANKARA", "SOKET_NO": "SKT/46451", "SOKET_TIPI": "DC", "SOKET_TURU": "DC_CCS", "SOKET_GUCU_KW": "240" }, "geometry": { "type": "Point", "coordinates": [ 32.863882, 39.877373 ] } },
{ "type": "Feature", "properties": { "ID": 35191.0, "SIRA_NO": 181.0, "ISTASYON_NO": "ŞRJ/9238", "ISTASYON_ADI": "KENTPARK", "HIZMET_SEKLI": "HALKA_ACIK", "MARKA": "NEVA ŞARJ", "MARKAADI": "Neva Şarj", "SARJ_AGI_ISLETMECISI": "NEVA İÇ VE DIŞ TİCARET ANONİM ŞİRKETİ", "YESIL_SARJ_ISTASYONU_MU": "", "ADRES": "Mustafa Kemal Mahallesi  Kentpark Avm Önü Çankaya / ANKARA", "SOKET_NO": "SKT/50487", "SOKET_TIPI": "DC", "SOKET_TURU": "DC_CCS", "SOKET_GUCU_KW": "120" }, "geometry": { "type": "Point", "coordinates": [ 32.777966, 39.909202 ] } },
{ "type": "Feature", "properties": { "ID": 17642.0, "SIRA_NO": 379.0, "ISTASYON_NO": "ŞRJ/17068", "ISTASYON_ADI": "Nişantaşı Pazarı", "HIZMET_SEKLI": "HALKA_ACIK", "MARKA": "NEVA ŞARJ", "MARKAADI": "Neva Şarj", "SARJ_AGI_ISLETMECISI": "NEVA İÇ VE DIŞ TİCARET ANONİM ŞİRKETİ", "YESIL_SARJ_ISTASYONU_MU": "", "ADRES": "Yıldızevler Mahallesi  No:4 Çankaya / ANKARA", "SOKET_NO": "SKT/46452", "SOKET_TIPI": "AC", "SOKET_TURU": "AC_TYPE2", "SOKET_GUCU_KW": "22" }, "geometry": { "type": "Point", "coordinates": [ 32.863882, 39.877373 ] } },
{ "type": "Feature", "properties": { "ID": 17643.0, "SIRA_NO": 379.0, "ISTASYON_NO": "ŞRJ/17068", "ISTASYON_ADI": "Nişantaşı Pazarı", "HIZMET_SEKLI": "HALKA_ACIK", "MARKA": "NEVA ŞARJ", "MARKAADI": "Neva Şarj", "SARJ_AGI_ISLETMECISI": "NEVA İÇ VE DIŞ TİCARET ANONİM ŞİRKETİ", "YESIL_SARJ_ISTASYONU_MU": "", "ADRES": "Yıldızevler Mahallesi  No:4 Çankaya / ANKARA", "SOKET_NO": "SKT/46453", "SOKET_TIPI": "AC", "SOKET_TURU": "AC_TYPE2", "SOKET_GUCU_KW": "22" }, "geometry": { "type": "Point", "coordinates": [ 32.863882, 39.877373 ] } },
{ "type": "Feature", "properties": { "ID": 17644.0, "SIRA_NO": 379.0, "ISTASYON_NO": "ŞRJ/17068", "ISTASYON_ADI": "Nişantaşı Pazarı", "HIZMET_SEKLI": "HALKA_ACIK", "MARKA": "NEVA ŞARJ", "MARKAADI": "Neva Şarj", "SARJ_AGI_ISLETMECISI": "NEVA İÇ VE DIŞ TİCARET ANONİM ŞİRKETİ", "YESIL_SARJ_ISTASYONU_MU": "", "ADRES": "Yıldızevler Mahallesi  No:4 Çankaya / ANKARA", "SOKET_NO": "SKT/46454", "SOKET_TIPI": "AC", "SOKET_TURU": "AC_TYPE2", "SOKET_GUCU_KW": "22" }, "geometry": { "type": "Point", "coordinates": [ 32.863882, 39.877373 ] } },
{ "type": "Feature", "properties": { "ID": 20035.0, "SIRA_NO": 271.0, "ISTASYON_NO": "ŞRJ/17590", "ISTASYON_ADI": "Besa Kule İş Merkezi, Ankara (Özel)", "HIZMET_SEKLI": "OZEL", "MARKA": "eşarj", "MARKAADI": "Eşarj", "SARJ_AGI_ISLETMECISI": "EŞARJ ELEKTRİKLİ ARAÇLAR ŞARJ SİSTEMLERİ ANONİM ŞİRKETİ", "YESIL_SARJ_ISTASYONU_MU": "Evet", "ADRES": "Çukurambar Mahallesi 1480. Sokağı  No:2/B Çankaya / ANKARA", "SOKET_NO": "SKT/48074", "SOKET_TIPI": "AC", "SOKET_TURU": "AC_TYPE2", "SOKET_GUCU_KW": "22" }, "geometry": { "type": "Point", "coordinates": [ 32.804516, 39.909268 ] } },
{ "type": "Feature", "properties": { "ID": 21804.0, "SIRA_NO": 39.0, "ISTASYON_NO": "ŞRJ/17689", "ISTASYON_ADI": "EVRENSEL YAŞAM AC-1, AC-2, AC-3, AC-4", "HIZMET_SEKLI": "OZEL", "MARKA": "beefull", "MARKAADI": "Beefull", "SARJ_AGI_ISLETMECISI": "BEEFULL ENERJİ TEKNOLOJİLERİ ANONİM ŞİRKETİ", "YESIL_SARJ_ISTASYONU_MU": "Evet", "ADRES": "Doğurga Mahallesi 5136 Caddesi  No:7 /A/B BLOK Çankaya / ANKARA", "SOKET_NO": "SKT/48400", "SOKET_TIPI": "AC", "SOKET_TURU": "AC_TYPE2", "SOKET_GUCU_KW": "22" }, "geometry": { "type": "Point", "coordinates": [ 32.652227, 39.838848 ] } },
{ "type": "Feature", "properties": { "ID": 12354.0, "SIRA_NO": 365.0, "ISTASYON_NO": "ŞRJ/17370", "ISTASYON_ADI": "Otojet - Maidan AVM", "HIZMET_SEKLI": "HALKA_ACIK", "MARKA": "Otojet", "MARKAADI": "Otojet", "SARJ_AGI_ISLETMECISI": "OTOJET ENERJİ SANAYİ VE TİCARET ANONİM ŞİRKETİ", "YESIL_SARJ_ISTASYONU_MU": "", "ADRES": "Mustafa Kemal Mahallesi 2118 Caddesi  No:4 Çankaya / ANKARA", "SOKET_NO": "SKT/47492", "SOKET_TIPI": "DC", "SOKET_TURU": "DC_CCS", "SOKET_GUCU_KW": "180" }, "geometry": { "type": "Point", "coordinates": [ 32.763925, 39.909333 ] } },
{ "type": "Feature", "properties": { "ID": 34572.0, "SIRA_NO": 280.0, "ISTASYON_NO": "ŞRJ/7209", "ISTASYON_ADI": "ASTORŞARJ ELYA CENTER ELEKTRİKLİ ARAÇ ŞARJ İSTASYONU", "HIZMET_SEKLI": "HALKA_ACIK", "MARKA": "ASTOR", "MARKAADI": "Astor", "SARJ_AGI_ISLETMECISI": "ASTOR ENERJİ ANONİM ŞİRKETİ", "YESIL_SARJ_ISTASYONU_MU": "", "ADRES": "Konutkent Mahallesi Dumlupınar Sokağı  No:399 /182 Çankaya / ANKARA", "SOKET_NO": "SKT/49821", "SOKET_TIPI": "DC", "SOKET_TURU": "DC_CCS", "SOKET_GUCU_KW": "300" }, "geometry": { "type": "Point", "coordinates": [ 32.651416, 39.875975 ] } },
{ "type": "Feature", "properties": { "ID": 34573.0, "SIRA_NO": 280.0, "ISTASYON_NO": "ŞRJ/7209", "ISTASYON_ADI": "ASTORŞARJ ELYA CENTER ELEKTRİKLİ ARAÇ ŞARJ İSTASYONU", "HIZMET_SEKLI": "HALKA_ACIK", "MARKA": "ASTOR", "MARKAADI": "Astor", "SARJ_AGI_ISLETMECISI": "ASTOR ENERJİ ANONİM ŞİRKETİ", "YESIL_SARJ_ISTASYONU_MU": "", "ADRES": "Konutkent Mahallesi Dumlupınar Sokağı  No:399 /182 Çankaya / ANKARA", "SOKET_NO": "SKT/49822", "SOKET_TIPI": "DC", "SOKET_TURU": "DC_CCS", "SOKET_GUCU_KW": "300" }, "geometry": { "type": "Point", "coordinates": [ 32.651416, 39.875975 ] } },
{ "type": "Feature", "properties": { "ID": 34574.0, "SIRA_NO": 280.0, "ISTASYON_NO": "ŞRJ/7209", "ISTASYON_ADI": "ASTORŞARJ ELYA CENTER ELEKTRİKLİ ARAÇ ŞARJ İSTASYONU", "HIZMET_SEKLI": "HALKA_ACIK", "MARKA": "ASTOR", "MARKAADI": "Astor", "SARJ_AGI_ISLETMECISI": "ASTOR ENERJİ ANONİM ŞİRKETİ", "YESIL_SARJ_ISTASYONU_MU": "", "ADRES": "Konutkent Mahallesi Dumlupınar Sokağı  No:399 /182 Çankaya / ANKARA", "SOKET_NO": "SKT/49823", "SOKET_TIPI": "AC", "SOKET_TURU": "AC_TYPE2", "SOKET_GUCU_KW": "22" }, "geometry": { "type": "Point", "coordinates": [ 32.651416, 39.875975 ] } },
{ "type": "Feature", "properties": { "ID": 34575.0, "SIRA_NO": 280.0, "ISTASYON_NO": "ŞRJ/7209", "ISTASYON_ADI": "ASTORŞARJ ELYA CENTER ELEKTRİKLİ ARAÇ ŞARJ İSTASYONU", "HIZMET_SEKLI": "HALKA_ACIK", "MARKA": "ASTOR", "MARKAADI": "Astor", "SARJ_AGI_ISLETMECISI": "ASTOR ENERJİ ANONİM ŞİRKETİ", "YESIL_SARJ_ISTASYONU_MU": "", "ADRES": "Konutkent Mahallesi Dumlupınar Sokağı  No:399 /182 Çankaya / ANKARA", "SOKET_NO": "SKT/49824", "SOKET_TIPI": "DC", "SOKET_TURU": "DC_CCS", "SOKET_GUCU_KW": "300" }, "geometry": { "type": "Point", "coordinates": [ 32.651416, 39.875975 ] } },
{ "type": "Feature", "properties": { "ID": 34576.0, "SIRA_NO": 280.0, "ISTASYON_NO": "ŞRJ/7209", "ISTASYON_ADI": "ASTORŞARJ ELYA CENTER ELEKTRİKLİ ARAÇ ŞARJ İSTASYONU", "HIZMET_SEKLI": "HALKA_ACIK", "MARKA": "ASTOR", "MARKAADI": "Astor", "SARJ_AGI_ISLETMECISI": "ASTOR ENERJİ ANONİM ŞİRKETİ", "YESIL_SARJ_ISTASYONU_MU": "", "ADRES": "Konutkent Mahallesi Dumlupınar Sokağı  No:399 /182 Çankaya / ANKARA", "SOKET_NO": "SKT/49825", "SOKET_TIPI": "DC", "SOKET_TURU": "DC_CCS", "SOKET_GUCU_KW": "300" }, "geometry": { "type": "Point", "coordinates": [ 32.651416, 39.875975 ] } },
{ "type": "Feature", "properties": { "ID": 34577.0, "SIRA_NO": 280.0, "ISTASYON_NO": "ŞRJ/7209", "ISTASYON_ADI": "ASTORŞARJ ELYA CENTER ELEKTRİKLİ ARAÇ ŞARJ İSTASYONU", "HIZMET_SEKLI": "HALKA_ACIK", "MARKA": "ASTOR", "MARKAADI": "Astor", "SARJ_AGI_ISLETMECISI": "ASTOR ENERJİ ANONİM ŞİRKETİ", "YESIL_SARJ_ISTASYONU_MU": "", "ADRES": "Konutkent Mahallesi Dumlupınar Sokağı  No:399 /182 Çankaya / ANKARA", "SOKET_NO": "SKT/49826", "SOKET_TIPI": "AC", "SOKET_TURU": "AC_TYPE2", "SOKET_GUCU_KW": "22" }, "geometry": { "type": "Point", "coordinates": [ 32.651416, 39.875975 ] } },
{ "type": "Feature", "properties": { "ID": 13051.0, "SIRA_NO": 129.0, "ISTASYON_NO": "ŞRJ/13997", "ISTASYON_ADI": "ASTORŞARJ ÇUKURAMBAR 1071 USTA", "HIZMET_SEKLI": "HALKA_ACIK", "MARKA": "ASTOR", "MARKAADI": "Astor", "SARJ_AGI_ISLETMECISI": "ASTOR ENERJİ ANONİM ŞİRKETİ", "YESIL_SARJ_ISTASYONU_MU": "", "ADRES": "Kızılırmak Mahallesi 1443 Caddesi  No:25/E Çankaya / ANKARA", "SOKET_NO": "SKT/36761", "SOKET_TIPI": "DC", "SOKET_TURU": "DC_CCS", "SOKET_GUCU_KW": "300" }, "geometry": { "type": "Point", "coordinates": [ 32.811949, 39.907187 ] } },
{ "type": "Feature", "properties": { "ID": 13052.0, "SIRA_NO": 129.0, "ISTASYON_NO": "ŞRJ/13997", "ISTASYON_ADI": "ASTORŞARJ ÇUKURAMBAR 1071 USTA", "HIZMET_SEKLI": "HALKA_ACIK", "MARKA": "ASTOR", "MARKAADI": "Astor", "SARJ_AGI_ISLETMECISI": "ASTOR ENERJİ ANONİM ŞİRKETİ", "YESIL_SARJ_ISTASYONU_MU": "", "ADRES": "Kızılırmak Mahallesi 1443 Caddesi  No:25/E Çankaya / ANKARA", "SOKET_NO": "SKT/36764", "SOKET_TIPI": "AC", "SOKET_TURU": "AC_TYPE2", "SOKET_GUCU_KW": "22" }, "geometry": { "type": "Point", "coordinates": [ 32.811949, 39.907187 ] } },
{ "type": "Feature", "properties": { "ID": 13053.0, "SIRA_NO": 129.0, "ISTASYON_NO": "ŞRJ/13997", "ISTASYON_ADI": "ASTORŞARJ ÇUKURAMBAR 1071 USTA", "HIZMET_SEKLI": "HALKA_ACIK", "MARKA": "ASTOR", "MARKAADI": "Astor", "SARJ_AGI_ISLETMECISI": "ASTOR ENERJİ ANONİM ŞİRKETİ", "YESIL_SARJ_ISTASYONU_MU": "", "ADRES": "Kızılırmak Mahallesi 1443 Caddesi  No:25/E Çankaya / ANKARA", "SOKET_NO": "SKT/36765", "SOKET_TIPI": "AC", "SOKET_TURU": "AC_TYPE2", "SOKET_GUCU_KW": "22" }, "geometry": { "type": "Point", "coordinates": [ 32.811949, 39.907187 ] } },
{ "type": "Feature", "properties": { "ID": 13054.0, "SIRA_NO": 129.0, "ISTASYON_NO": "ŞRJ/13997", "ISTASYON_ADI": "ASTORŞARJ ÇUKURAMBAR 1071 USTA", "HIZMET_SEKLI": "HALKA_ACIK", "MARKA": "ASTOR", "MARKAADI": "Astor", "SARJ_AGI_ISLETMECISI": "ASTOR ENERJİ ANONİM ŞİRKETİ", "YESIL_SARJ_ISTASYONU_MU": "", "ADRES": "Kızılırmak Mahallesi 1443 Caddesi  No:25/E Çankaya / ANKARA", "SOKET_NO": "SKT/36766", "SOKET_TIPI": "AC", "SOKET_TURU": "AC_TYPE2", "SOKET_GUCU_KW": "22" }, "geometry": { "type": "Point", "coordinates": [ 32.811949, 39.907187 ] } },
{ "type": "Feature", "properties": { "ID": 13055.0, "SIRA_NO": 129.0, "ISTASYON_NO": "ŞRJ/13997", "ISTASYON_ADI": "ASTORŞARJ ÇUKURAMBAR 1071 USTA", "HIZMET_SEKLI": "HALKA_ACIK", "MARKA": "ASTOR", "MARKAADI": "Astor", "SARJ_AGI_ISLETMECISI": "ASTOR ENERJİ ANONİM ŞİRKETİ", "YESIL_SARJ_ISTASYONU_MU": "", "ADRES": "Kızılırmak Mahallesi 1443 Caddesi  No:25/E Çankaya / ANKARA", "SOKET_NO": "SKT/36767", "SOKET_TIPI": "AC", "SOKET_TURU": "AC_TYPE2", "SOKET_GUCU_KW": "22" }, "geometry": { "type": "Point", "coordinates": [ 32.811949, 39.907187 ] } },
{ "type": "Feature", "properties": { "ID": 23441.0, "SIRA_NO": 124.0, "ISTASYON_NO": "ŞRJ/2856", "ISTASYON_ADI": "INN HOUSE LOFT", "HIZMET_SEKLI": "HALKA_ACIK", "MARKA": "EPSIS", "MARKAADI": "Epsis", "SARJ_AGI_ISLETMECISI": "FORM ELEKTRİK İNŞAAT MÜHENDİSLİK ANONİM ŞİRKETİ", "YESIL_SARJ_ISTASYONU_MU": "", "ADRES": "Kırkkonaklar Mahallesi 381 Sokağı  No:9 Çankaya / ANKARA", "SOKET_NO": "SKT/32773", "SOKET_TIPI": "AC", "SOKET_TURU": "AC_TYPE2", "SOKET_GUCU_KW": "22" }, "geometry": { "type": "Point", "coordinates": [ 32.889744, 39.883349 ] } },
{ "type": "Feature", "properties": { "ID": 29274.0, "SIRA_NO": 369.0, "ISTASYON_NO": "ŞRJ/16819", "ISTASYON_ADI": "EKA-TOKİ BAŞKANLIĞI", "HIZMET_SEKLI": "HALKA_ACIK", "MARKA": "EKA -EMLAK KONUT ASANSÖR SİSTEMLERİ SAN. VE TİC. A.Ş.- EMLAK KONUT GYO A.Ş. KURULUŞUDUR", "MARKAADI": "Eka Enerji", "SARJ_AGI_ISLETMECISI": "EMLAK KONUT ASANSÖR SİSTEMLERİ SANAYİ VE TİCARET ANONİM ŞİRKETİ", "YESIL_SARJ_ISTASYONU_MU": "", "ADRES": "Üniversiteler Mahallesi 1597 Caddesi  No:1 /11 Çankaya / ANKARA", "SOKET_NO": "SKT/45768", "SOKET_TIPI": "DC", "SOKET_TURU": "DC_CCS", "SOKET_GUCU_KW": "120" }, "geometry": { "type": "Point", "coordinates": [ 32.753902, 39.884543 ] } },
{ "type": "Feature", "properties": { "ID": 33836.0, "SIRA_NO": 444.0, "ISTASYON_NO": "ŞRJ/17659", "ISTASYON_ADI": "Otojet - OYAK Genel Müdürlük", "HIZMET_SEKLI": "OZEL", "MARKA": "Otojet", "MARKAADI": "Otojet", "SARJ_AGI_ISLETMECISI": "OTOJET ENERJİ SANAYİ VE TİCARET ANONİM ŞİRKETİ", "YESIL_SARJ_ISTASYONU_MU": "", "ADRES": "Eti Mahallesi Gazi Mustafa Kemal Sokağı  No:138 Çankaya / ANKARA", "SOKET_NO": "SKT/48976", "SOKET_TIPI": "AC", "SOKET_TURU": "AC_TYPE2", "SOKET_GUCU_KW": "11" }, "geometry": { "type": "Point", "coordinates": [ 32.839723, 39.934185 ] } },
{ "type": "Feature", "properties": { "ID": 33837.0, "SIRA_NO": 444.0, "ISTASYON_NO": "ŞRJ/17659", "ISTASYON_ADI": "Otojet - OYAK Genel Müdürlük", "HIZMET_SEKLI": "OZEL", "MARKA": "Otojet", "MARKAADI": "Otojet", "SARJ_AGI_ISLETMECISI": "OTOJET ENERJİ SANAYİ VE TİCARET ANONİM ŞİRKETİ", "YESIL_SARJ_ISTASYONU_MU": "", "ADRES": "Eti Mahallesi Gazi Mustafa Kemal Sokağı  No:138 Çankaya / ANKARA", "SOKET_NO": "SKT/48977", "SOKET_TIPI": "AC", "SOKET_TURU": "AC_TYPE2", "SOKET_GUCU_KW": "11" }, "geometry": { "type": "Point", "coordinates": [ 32.839723, 39.934185 ] } },
{ "type": "Feature", "properties": { "ID": 33838.0, "SIRA_NO": 444.0, "ISTASYON_NO": "ŞRJ/17659", "ISTASYON_ADI": "Otojet - OYAK Genel Müdürlük", "HIZMET_SEKLI": "OZEL", "MARKA": "Otojet", "MARKAADI": "Otojet", "SARJ_AGI_ISLETMECISI": "OTOJET ENERJİ SANAYİ VE TİCARET ANONİM ŞİRKETİ", "YESIL_SARJ_ISTASYONU_MU": "", "ADRES": "Eti Mahallesi Gazi Mustafa Kemal Sokağı  No:138 Çankaya / ANKARA", "SOKET_NO": "SKT/48978", "SOKET_TIPI": "AC", "SOKET_TURU": "AC_TYPE2", "SOKET_GUCU_KW": "11" }, "geometry": { "type": "Point", "coordinates": [ 32.839723, 39.934185 ] } },
{ "type": "Feature", "properties": { "ID": 25327.0, "SIRA_NO": 349.0, "ISTASYON_NO": "ŞRJ/17400", "ISTASYON_ADI": "Zeplin Elit Yaşam", "HIZMET_SEKLI": "OZEL", "MARKA": "ZEPLİN CAR rental", "MARKAADI": "Zeplin", "SARJ_AGI_ISLETMECISI": "ZEPLİN TURİZM ARAÇ KİRALAMA MOBİLİTE VE ENERJİ YATIRIMLARI ANONİM ŞİRKETİ", "YESIL_SARJ_ISTASYONU_MU": "", "ADRES": "Yaşamkent Mahallesi 3281 Sokağı  No:10 Çankaya / ANKARA", "SOKET_NO": "SKT/47565", "SOKET_TIPI": "AC", "SOKET_TURU": "AC_TYPE2", "SOKET_GUCU_KW": "11" }, "geometry": { "type": "Point", "coordinates": [ 32.644723, 39.854168 ] } },
{ "type": "Feature", "properties": { "ID": 23609.0, "SIRA_NO": 207.0, "ISTASYON_NO": "ŞRJ/17189", "ISTASYON_ADI": "BESA NOVA EVLERİ", "HIZMET_SEKLI": "OZEL", "MARKA": "EPSIS", "MARKAADI": "Epsis", "SARJ_AGI_ISLETMECISI": "FORM ELEKTRİK İNŞAAT MÜHENDİSLİK ANONİM ŞİRKETİ", "YESIL_SARJ_ISTASYONU_MU": "", "ADRES": "Yaşamkent Mahallesi 3251 Caddesi  No:1/Şarj Çankaya / ANKARA", "SOKET_NO": "SKT/46881", "SOKET_TIPI": "AC", "SOKET_TURU": "AC_TYPE2", "SOKET_GUCU_KW": "22" }, "geometry": { "type": "Point", "coordinates": [ 32.642636, 39.861529 ] } },
{ "type": "Feature", "properties": { "ID": 23610.0, "SIRA_NO": 207.0, "ISTASYON_NO": "ŞRJ/17189", "ISTASYON_ADI": "BESA NOVA EVLERİ", "HIZMET_SEKLI": "OZEL", "MARKA": "EPSIS", "MARKAADI": "Epsis", "SARJ_AGI_ISLETMECISI": "FORM ELEKTRİK İNŞAAT MÜHENDİSLİK ANONİM ŞİRKETİ", "YESIL_SARJ_ISTASYONU_MU": "", "ADRES": "Yaşamkent Mahallesi 3251 Caddesi  No:1/Şarj Çankaya / ANKARA", "SOKET_NO": "SKT/46882", "SOKET_TIPI": "AC", "SOKET_TURU": "AC_TYPE2", "SOKET_GUCU_KW": "22" }, "geometry": { "type": "Point", "coordinates": [ 32.642636, 39.861529 ] } },
{ "type": "Feature", "properties": { "ID": 23611.0, "SIRA_NO": 207.0, "ISTASYON_NO": "ŞRJ/17189", "ISTASYON_ADI": "BESA NOVA EVLERİ", "HIZMET_SEKLI": "OZEL", "MARKA": "EPSIS", "MARKAADI": "Epsis", "SARJ_AGI_ISLETMECISI": "FORM ELEKTRİK İNŞAAT MÜHENDİSLİK ANONİM ŞİRKETİ", "YESIL_SARJ_ISTASYONU_MU": "", "ADRES": "Yaşamkent Mahallesi 3251 Caddesi  No:1/Şarj Çankaya / ANKARA", "SOKET_NO": "SKT/46883", "SOKET_TIPI": "AC", "SOKET_TURU": "AC_TYPE2", "SOKET_GUCU_KW": "22" }, "geometry": { "type": "Point", "coordinates": [ 32.642636, 39.861529 ] } },
{ "type": "Feature", "properties": { "ID": 23613.0, "SIRA_NO": 208.0, "ISTASYON_NO": "ŞRJ/17190", "ISTASYON_ADI": "LİON 114 SİTESİ", "HIZMET_SEKLI": "OZEL", "MARKA": "EPSIS", "MARKAADI": "Epsis", "SARJ_AGI_ISLETMECISI": "FORM ELEKTRİK İNŞAAT MÜHENDİSLİK ANONİM ŞİRKETİ", "YESIL_SARJ_ISTASYONU_MU": "", "ADRES": "Dodurga Mahallesi 4986 Caddesi  No:10/Şarj Çankaya / ANKARA", "SOKET_NO": "SKT/46885", "SOKET_TIPI": "AC", "SOKET_TURU": "AC_TYPE2", "SOKET_GUCU_KW": "22" }, "geometry": { "type": "Point", "coordinates": [ 32.652382, 39.839843 ] } },
{ "type": "Feature", "properties": { "ID": 23614.0, "SIRA_NO": 208.0, "ISTASYON_NO": "ŞRJ/17190", "ISTASYON_ADI": "LİON 114 SİTESİ", "HIZMET_SEKLI": "OZEL", "MARKA": "EPSIS", "MARKAADI": "Epsis", "SARJ_AGI_ISLETMECISI": "FORM ELEKTRİK İNŞAAT MÜHENDİSLİK ANONİM ŞİRKETİ", "YESIL_SARJ_ISTASYONU_MU": "", "ADRES": "Dodurga Mahallesi 4986 Caddesi  No:10/Şarj Çankaya / ANKARA", "SOKET_NO": "SKT/46886", "SOKET_TIPI": "AC", "SOKET_TURU": "AC_TYPE2", "SOKET_GUCU_KW": "22" }, "geometry": { "type": "Point", "coordinates": [ 32.652382, 39.839843 ] } },
{ "type": "Feature", "properties": { "ID": 23616.0, "SIRA_NO": 209.0, "ISTASYON_NO": "ŞRJ/17187", "ISTASYON_ADI": "ULUCAN SİTESİ DC", "HIZMET_SEKLI": "HALKA_ACIK", "MARKA": "EPSIS", "MARKAADI": "Epsis", "SARJ_AGI_ISLETMECISI": "FORM ELEKTRİK İNŞAAT MÜHENDİSLİK ANONİM ŞİRKETİ", "YESIL_SARJ_ISTASYONU_MU": "", "ADRES": "Prof.dr. A.taner Kışlalı Mahallesi Alacaatlı Caddesi  No:18 Çankaya / ANKARA", "SOKET_NO": "SKT/46877", "SOKET_TIPI": "DC", "SOKET_TURU": "DC_CCS", "SOKET_GUCU_KW": "80" }, "geometry": { "type": "Point", "coordinates": [ 32.684873, 39.867283 ] } },
{ "type": "Feature", "properties": { "ID": 23618.0, "SIRA_NO": 210.0, "ISTASYON_NO": "ŞRJ/17240", "ISTASYON_ADI": "TAVUKÇU LOKANTASI DC", "HIZMET_SEKLI": "HALKA_ACIK", "MARKA": "EPSIS", "MARKAADI": "Epsis", "SARJ_AGI_ISLETMECISI": "FORM ELEKTRİK İNŞAAT MÜHENDİSLİK ANONİM ŞİRKETİ", "YESIL_SARJ_ISTASYONU_MU": "", "ADRES": "Prof.dr. A.taner Kışlalı Mahallesi Alacaatlı Caddesi  No:18 Çankaya / ANKARA", "SOKET_NO": "SKT/47076", "SOKET_TIPI": "DC", "SOKET_TURU": "DC_CCS", "SOKET_GUCU_KW": "80" }, "geometry": { "type": "Point", "coordinates": [ 32.685198, 39.867691 ] } },
{ "type": "Feature", "properties": { "ID": 12786.0, "SIRA_NO": 39.0, "ISTASYON_NO": "ŞRJ/7209", "ISTASYON_ADI": "ASTORŞARJ ELYA CENTER ELEKTRİKLİ ARAÇ ŞARJ İSTASYONU", "HIZMET_SEKLI": "HALKA_ACIK", "MARKA": "ASTOR", "MARKAADI": "Astor", "SARJ_AGI_ISLETMECISI": "ASTOR ENERJİ ANONİM ŞİRKETİ", "YESIL_SARJ_ISTASYONU_MU": "", "ADRES": "Konutkent Mahallesi Dumlupınar Sokağı  No:399 /182 Çankaya / ANKARA", "SOKET_NO": "SKT/16153", "SOKET_TIPI": "DC", "SOKET_TURU": "DC_CCS", "SOKET_GUCU_KW": "300" }, "geometry": { "type": "Point", "coordinates": [ 32.651416, 39.875975 ] } },
{ "type": "Feature", "properties": { "ID": 36012.0, "SIRA_NO": 332.0, "ISTASYON_NO": "ŞRJ/18564", "ISTASYON_ADI": "Tübitak - Bilgem İltaren Yerleşkesi", "HIZMET_SEKLI": "HALKA_ACIK", "MARKA": "oncharge", "MARKAADI": "Oncharge", "SARJ_AGI_ISLETMECISI": "KALYON ELECTRICAL VEHICLE ENERJİ YATIRIM ANONİM ŞİRKETİ", "YESIL_SARJ_ISTASYONU_MU": "", "ADRES": "Ümit Mahallesi Doğan Taşdelen Sokağı  No:40 Çankaya / ANKARA", "SOKET_NO": "SKT/51407", "SOKET_TIPI": "AC", "SOKET_TURU": "AC_TYPE2", "SOKET_GUCU_KW": "22" }, "geometry": { "type": "Point", "coordinates": [ 32.705207, 39.89852 ] } },
{ "type": "Feature", "properties": { "ID": 17610.0, "SIRA_NO": 371.0, "ISTASYON_NO": "ŞRJ/16117", "ISTASYON_ADI": "BULVAR BEYTEPE", "HIZMET_SEKLI": "HALKA_ACIK", "MARKA": "NEVA ŞARJ", "MARKAADI": "Neva Şarj", "SARJ_AGI_ISLETMECISI": "NEVA İÇ VE DIŞ TİCARET ANONİM ŞİRKETİ", "YESIL_SARJ_ISTASYONU_MU": "", "ADRES": "Mutlukent Mahallesi Pınar Caddesi  No:14 Çankaya / ANKARA", "SOKET_NO": "SKT/43553", "SOKET_TIPI": "DC", "SOKET_TURU": "DC_CCS", "SOKET_GUCU_KW": "120" }, "geometry": { "type": "Point", "coordinates": [ 32.710917, 39.887138 ] } },
{ "type": "Feature", "properties": { "ID": 17612.0, "SIRA_NO": 371.0, "ISTASYON_NO": "ŞRJ/16117", "ISTASYON_ADI": "BULVAR BEYTEPE", "HIZMET_SEKLI": "HALKA_ACIK", "MARKA": "NEVA ŞARJ", "MARKAADI": "Neva Şarj", "SARJ_AGI_ISLETMECISI": "NEVA İÇ VE DIŞ TİCARET ANONİM ŞİRKETİ", "YESIL_SARJ_ISTASYONU_MU": "", "ADRES": "Mutlukent Mahallesi Pınar Caddesi  No:14 Çankaya / ANKARA", "SOKET_NO": "SKT/43555", "SOKET_TIPI": "DC", "SOKET_TURU": "DC_CCS", "SOKET_GUCU_KW": "120" }, "geometry": { "type": "Point", "coordinates": [ 32.710917, 39.887138 ] } },
{ "type": "Feature", "properties": { "ID": 17613.0, "SIRA_NO": 371.0, "ISTASYON_NO": "ŞRJ/16117", "ISTASYON_ADI": "BULVAR BEYTEPE", "HIZMET_SEKLI": "HALKA_ACIK", "MARKA": "NEVA ŞARJ", "MARKAADI": "Neva Şarj", "SARJ_AGI_ISLETMECISI": "NEVA İÇ VE DIŞ TİCARET ANONİM ŞİRKETİ", "YESIL_SARJ_ISTASYONU_MU": "", "ADRES": "Mutlukent Mahallesi Pınar Caddesi  No:14 Çankaya / ANKARA", "SOKET_NO": "SKT/43556", "SOKET_TIPI": "AC", "SOKET_TURU": "AC_TYPE2", "SOKET_GUCU_KW": "22" }, "geometry": { "type": "Point", "coordinates": [ 32.710917, 39.887138 ] } },
{ "type": "Feature", "properties": { "ID": 17614.0, "SIRA_NO": 371.0, "ISTASYON_NO": "ŞRJ/16117", "ISTASYON_ADI": "BULVAR BEYTEPE", "HIZMET_SEKLI": "HALKA_ACIK", "MARKA": "NEVA ŞARJ", "MARKAADI": "Neva Şarj", "SARJ_AGI_ISLETMECISI": "NEVA İÇ VE DIŞ TİCARET ANONİM ŞİRKETİ", "YESIL_SARJ_ISTASYONU_MU": "", "ADRES": "Mutlukent Mahallesi Pınar Caddesi  No:14 Çankaya / ANKARA", "SOKET_NO": "SKT/43557", "SOKET_TIPI": "AC", "SOKET_TURU": "AC_TYPE2", "SOKET_GUCU_KW": "22" }, "geometry": { "type": "Point", "coordinates": [ 32.710917, 39.887138 ] } },
{ "type": "Feature", "properties": { "ID": 17628.0, "SIRA_NO": 376.0, "ISTASYON_NO": "ŞRJ/16953", "ISTASYON_ADI": "Ata Hyundai Plaza", "HIZMET_SEKLI": "HALKA_ACIK", "MARKA": "NEVA ŞARJ", "MARKAADI": "Neva Şarj", "SARJ_AGI_ISLETMECISI": "NEVA İÇ VE DIŞ TİCARET ANONİM ŞİRKETİ", "YESIL_SARJ_ISTASYONU_MU": "", "ADRES": "Kızılırmak Mahallesi  No:148 Çankaya / ANKARA", "SOKET_NO": "SKT/46150", "SOKET_TIPI": "DC", "SOKET_TURU": "DC_CCS", "SOKET_GUCU_KW": "120" }, "geometry": { "type": "Point", "coordinates": [ 32.813225, 39.89952 ] } },
{ "type": "Feature", "properties": { "ID": 33849.0, "SIRA_NO": 451.0, "ISTASYON_NO": "ŞRJ/1849", "ISTASYON_ADI": "Auto Club Çankaya", "HIZMET_SEKLI": "HALKA_ACIK", "MARKA": "zes", "MARKAADI": "Zes", "SARJ_AGI_ISLETMECISI": "ZES DİJİTAL TİCARET ANONİM ŞİRKETİ", "YESIL_SARJ_ISTASYONU_MU": "Evet", "ADRES": "Güzeltepe Mahallesi 747 Caddesi  No:A-1 Blok /3 E Çankaya / ANKARA", "SOKET_NO": "SKT/48988", "SOKET_TIPI": "AC", "SOKET_TURU": "AC_TYPE2", "SOKET_GUCU_KW": "22" }, "geometry": { "type": "Point", "coordinates": [ 32.846456, 39.884453 ] } },
{ "type": "Feature", "properties": { "ID": 2250.0, "SIRA_NO": 464.0, "ISTASYON_NO": "ŞRJ/17726", "ISTASYON_ADI": "FORTİS MERİDYEN APARTMANI", "HIZMET_SEKLI": "OZEL", "MARKA": "VOLTRUN", "MARKAADI": "Voltrun", "SARJ_AGI_ISLETMECISI": "VOLTRUN ENERJİ ANONİM ŞİRKETİ", "YESIL_SARJ_ISTASYONU_MU": "Evet", "ADRES": "Alacaatlı Mahallesi 3158 Sokağı  No:119/A Çankaya / ANKARA", "SOKET_NO": "SKT/48579", "SOKET_TIPI": "AC", "SOKET_TURU": "AC_TYPE2", "SOKET_GUCU_KW": "21" }, "geometry": { "type": "Point", "coordinates": [ 32.650484, 39.852215 ] } },
{ "type": "Feature", "properties": { "ID": 36236.0, "SIRA_NO": 471.0, "ISTASYON_NO": "ŞRJ/18662", "ISTASYON_ADI": "BESA NOVA ÖNÜ", "HIZMET_SEKLI": "HALKA_ACIK", "MARKA": "NEVA ŞARJ", "MARKAADI": "Neva Şarj", "SARJ_AGI_ISLETMECISI": "NEVA İÇ VE DIŞ TİCARET ANONİM ŞİRKETİ", "YESIL_SARJ_ISTASYONU_MU": "", "ADRES": "Alacaatlı Mahallesi Mehmet Rıfat Börekçi Caddesi  Besa Nova Plaza Önü Çankaya / ANKARA", "SOKET_NO": "SKT/51694", "SOKET_TIPI": "DC", "SOKET_TURU": "DC_CCS", "SOKET_GUCU_KW": "240" }, "geometry": { "type": "Point", "coordinates": [ 32.64514, 39.856675 ] } },
{ "type": "Feature", "properties": { "ID": 29124.0, "SIRA_NO": 331.0, "ISTASYON_NO": "ŞRJ/7627", "ISTASYON_ADI": "FEVZİ HOCA BALIK ANKARA/ÜMİTKÖY", "HIZMET_SEKLI": "HALKA_ACIK", "MARKA": "Wattarya", "MARKAADI": "Wattarya", "SARJ_AGI_ISLETMECISI": "WATTARYA ENERJİ SANAYİ VE TİCARET ANONİM ŞİRKETİ", "YESIL_SARJ_ISTASYONU_MU": "", "ADRES": "Çayyolu Mahallesi 2679 Sokağı  No:4 Çankaya / ANKARA", "SOKET_NO": "SKT/17315", "SOKET_TIPI": "AC", "SOKET_TURU": "AC_TYPE2", "SOKET_GUCU_KW": "22" }, "geometry": { "type": "Point", "coordinates": [ 32.700481, 39.88631 ] } },
{ "type": "Feature", "properties": { "ID": 29130.0, "SIRA_NO": 333.0, "ISTASYON_NO": "ŞRJ/10097", "ISTASYON_ADI": "LOKMAN HEKİM ÜNİVERSİTESİ", "HIZMET_SEKLI": "HALKA_ACIK", "MARKA": "Wattarya", "MARKAADI": "Wattarya", "SARJ_AGI_ISLETMECISI": "WATTARYA ENERJİ SANAYİ VE TİCARET ANONİM ŞİRKETİ", "YESIL_SARJ_ISTASYONU_MU": "", "ADRES": "Sögütözü Mahallesi 2179 Sokağı  No:6 Çankaya / ANKARA", "SOKET_NO": "SKT/24319", "SOKET_TIPI": "DC", "SOKET_TURU": "DC_CCS", "SOKET_GUCU_KW": "120" }, "geometry": { "type": "Point", "coordinates": [ 32.78779, 39.911436 ] } },
{ "type": "Feature", "properties": { "ID": 29131.0, "SIRA_NO": 333.0, "ISTASYON_NO": "ŞRJ/10097", "ISTASYON_ADI": "LOKMAN HEKİM ÜNİVERSİTESİ", "HIZMET_SEKLI": "HALKA_ACIK", "MARKA": "Wattarya", "MARKAADI": "Wattarya", "SARJ_AGI_ISLETMECISI": "WATTARYA ENERJİ SANAYİ VE TİCARET ANONİM ŞİRKETİ", "YESIL_SARJ_ISTASYONU_MU": "", "ADRES": "Sögütözü Mahallesi 2179 Sokağı  No:6 Çankaya / ANKARA", "SOKET_NO": "SKT/24320", "SOKET_TIPI": "DC", "SOKET_TURU": "DC_CCS", "SOKET_GUCU_KW": "120" }, "geometry": { "type": "Point", "coordinates": [ 32.78779, 39.911436 ] } },
{ "type": "Feature", "properties": { "ID": 29132.0, "SIRA_NO": 333.0, "ISTASYON_NO": "ŞRJ/10097", "ISTASYON_ADI": "LOKMAN HEKİM ÜNİVERSİTESİ", "HIZMET_SEKLI": "HALKA_ACIK", "MARKA": "Wattarya", "MARKAADI": "Wattarya", "SARJ_AGI_ISLETMECISI": "WATTARYA ENERJİ SANAYİ VE TİCARET ANONİM ŞİRKETİ", "YESIL_SARJ_ISTASYONU_MU": "", "ADRES": "Sögütözü Mahallesi 2179 Sokağı  No:6 Çankaya / ANKARA", "SOKET_NO": "SKT/24321", "SOKET_TIPI": "DC", "SOKET_TURU": "DC_CCS", "SOKET_GUCU_KW": "120" }, "geometry": { "type": "Point", "coordinates": [ 32.78779, 39.911436 ] } },
{ "type": "Feature", "properties": { "ID": 28912.0, "SIRA_NO": 244.0, "ISTASYON_NO": "ŞRJ/14958", "ISTASYON_ADI": "Sierra Yasamkent Sitesi", "HIZMET_SEKLI": "HALKA_ACIK", "MARKA": "ACROPOL", "MARKAADI": "Acropol", "SARJ_AGI_ISLETMECISI": "GREENLEAF YENİLENEBİLİR ENERJİ SİSTEMLERİ SANAYİ VE TİCARET LİMİTED ŞİRKETİ", "YESIL_SARJ_ISTASYONU_MU": "", "ADRES": "Alacaatli Mahallesi Mehmet Rifat Borekci Caddesi  No:No:35 Çankaya / ANKARA", "SOKET_NO": "SKT/40515", "SOKET_TIPI": "DC", "SOKET_TURU": "DC_CCS", "SOKET_GUCU_KW": "90" }, "geometry": { "type": "Point", "coordinates": [ 32.648357, 39.854139 ] } },
{ "type": "Feature", "properties": { "ID": 28915.0, "SIRA_NO": 245.0, "ISTASYON_NO": "ŞRJ/15069", "ISTASYON_ADI": "Yasamkule", "HIZMET_SEKLI": "HALKA_ACIK", "MARKA": "ACROPOL", "MARKAADI": "Acropol", "SARJ_AGI_ISLETMECISI": "GREENLEAF YENİLENEBİLİR ENERJİ SİSTEMLERİ SANAYİ VE TİCARET LİMİTED ŞİRKETİ", "YESIL_SARJ_ISTASYONU_MU": "", "ADRES": "Alacaatli Mahallesi 3407. Caddesi  No:6/1 Çankaya / ANKARA", "SOKET_NO": "SKT/40516", "SOKET_TIPI": "DC", "SOKET_TURU": "DC_CCS", "SOKET_GUCU_KW": "120" }, "geometry": { "type": "Point", "coordinates": [ 32.636699, 39.848631 ] } },
{ "type": "Feature", "properties": { "ID": 27034.0, "SIRA_NO": 107.0, "ISTASYON_NO": "ŞRJ/3343", "ISTASYON_ADI": "MİGROS ÇAYYOLU ANKARA MMM", "HIZMET_SEKLI": "HALKA_ACIK", "MARKA": "MİGGO", "MARKAADI": "Miggo", "SARJ_AGI_ISLETMECISI": "MİGEN ENERJİ VE ELEKTRİKLİ ARAÇ ŞARJ HİZMETLERİ ANONİM ŞİRKETİ", "YESIL_SARJ_ISTASYONU_MU": "", "ADRES": "Prof. Dr. Ahmet Taner Kışlalı Mahallesi Doğan Taşdelen Sokağı  No:179 Çankaya / ANKARA", "SOKET_NO": "SKT/6593", "SOKET_TIPI": "AC", "SOKET_TURU": "AC_TYPE2", "SOKET_GUCU_KW": "22" }, "geometry": { "type": "Point", "coordinates": [ 32.685954, 39.882083 ] } },
{ "type": "Feature", "properties": { "ID": 3730.0, "SIRA_NO": 52.0, "ISTASYON_NO": "ŞRJ/16573", "ISTASYON_ADI": "DC BAŞKENT EMLAK KONUTLARI", "HIZMET_SEKLI": "HALKA_ACIK", "MARKA": "MYCHARGE", "MARKAADI": "Mycharge", "SARJ_AGI_ISLETMECISI": "MANAS İPLİK SANAYİ VE TİCARET ANONİM ŞİRKETİ", "YESIL_SARJ_ISTASYONU_MU": "", "ADRES": "İlkbahar Mahallesi Doğukent Caddesi Çankaya / ANKARA", "SOKET_NO": "SKT/45063", "SOKET_TIPI": "DC", "SOKET_TURU": "DC_CCS", "SOKET_GUCU_KW": "180" }, "geometry": { "type": "Point", "coordinates": [ 32.8541, 39.858928 ] } },
{ "type": "Feature", "properties": { "ID": 21847.0, "SIRA_NO": 58.0, "ISTASYON_NO": "ŞRJ/4506", "ISTASYON_ADI": "ONE TOWER AVM", "HIZMET_SEKLI": "HALKA_ACIK", "MARKA": "Fast-Go", "MARKAADI": "Fast Go", "SARJ_AGI_ISLETMECISI": "YENİ MODEL YAPAY ZEKA VE ROBOTİK TEKNOLOJİ HİZMETLERİ ANONİM ŞİRKETİ", "YESIL_SARJ_ISTASYONU_MU": "", "ADRES": "Oran Mahallesi Kudüs Sokağı  No:6 Çankaya / ANKARA", "SOKET_NO": "SKT/9451", "SOKET_TIPI": "DC", "SOKET_TURU": "DC_CCS", "SOKET_GUCU_KW": "120" }, "geometry": { "type": "Point", "coordinates": [ 32.832858, 39.846463 ] } },
{ "type": "Feature", "properties": { "ID": 4948.0, "SIRA_NO": 442.0, "ISTASYON_NO": "ŞRJ/14412", "ISTASYON_ADI": "Borusan Next Balgat", "HIZMET_SEKLI": "HALKA_ACIK", "MARKA": "5 şarj", "MARKAADI": "5 Şarj", "SARJ_AGI_ISLETMECISI": "BORENCO ŞARJ TEKNOLOJİ YATIRIMLARI TİCARET ANONİM ŞİRKETİ", "YESIL_SARJ_ISTASYONU_MU": "Evet", "ADRES": "Ehlibeyt Mahallesi  No:181A Çankaya / ANKARA", "SOKET_NO": "SKT/37939", "SOKET_TIPI": "DC", "SOKET_TURU": "DC_CCS", "SOKET_GUCU_KW": "180" }, "geometry": { "type": "Point", "coordinates": [ 32.813795, 39.895253 ] } },
{ "type": "Feature", "properties": { "ID": 34856.0, "SIRA_NO": 433.0, "ISTASYON_NO": "ŞRJ/16758", "ISTASYON_ADI": "BAŞKENT DOĞALGAZ", "HIZMET_SEKLI": "HALKA_ACIK", "MARKA": "Sepaş Akıllı Çözümler Anonim Şirketi", "MARKAADI": "Sepaş Charge", "SARJ_AGI_ISLETMECISI": "SEPAŞ AKILLI ÇÖZÜMLER ANONİM ŞİRKETİ", "YESIL_SARJ_ISTASYONU_MU": "", "ADRES": "Kızılırmak Mahallesi Ufuk Üniversitesi Sokağı  No:13/A-B Çankaya / ANKARA", "SOKET_NO": "SKT/50116", "SOKET_TIPI": "DC", "SOKET_TURU": "DC_CCS", "SOKET_GUCU_KW": "200" }, "geometry": { "type": "Point", "coordinates": [ 32.808738, 39.907517 ] } },
{ "type": "Feature", "properties": { "ID": 34857.0, "SIRA_NO": 433.0, "ISTASYON_NO": "ŞRJ/16758", "ISTASYON_ADI": "BAŞKENT DOĞALGAZ", "HIZMET_SEKLI": "HALKA_ACIK", "MARKA": "Sepaş Akıllı Çözümler Anonim Şirketi", "MARKAADI": "Sepaş Charge", "SARJ_AGI_ISLETMECISI": "SEPAŞ AKILLI ÇÖZÜMLER ANONİM ŞİRKETİ", "YESIL_SARJ_ISTASYONU_MU": "", "ADRES": "Kızılırmak Mahallesi Ufuk Üniversitesi Sokağı  No:13/A-B Çankaya / ANKARA", "SOKET_NO": "SKT/50117", "SOKET_TIPI": "DC", "SOKET_TURU": "DC_CCS", "SOKET_GUCU_KW": "200" }, "geometry": { "type": "Point", "coordinates": [ 32.808738, 39.907517 ] } },
{ "type": "Feature", "properties": { "ID": 34858.0, "SIRA_NO": 433.0, "ISTASYON_NO": "ŞRJ/16758", "ISTASYON_ADI": "BAŞKENT DOĞALGAZ", "HIZMET_SEKLI": "HALKA_ACIK", "MARKA": "Sepaş Akıllı Çözümler Anonim Şirketi", "MARKAADI": "Sepaş Charge", "SARJ_AGI_ISLETMECISI": "SEPAŞ AKILLI ÇÖZÜMLER ANONİM ŞİRKETİ", "YESIL_SARJ_ISTASYONU_MU": "", "ADRES": "Kızılırmak Mahallesi Ufuk Üniversitesi Sokağı  No:13/A-B Çankaya / ANKARA", "SOKET_NO": "SKT/50118", "SOKET_TIPI": "DC", "SOKET_TURU": "DC_CCS", "SOKET_GUCU_KW": "200" }, "geometry": { "type": "Point", "coordinates": [ 32.808738, 39.907517 ] } },
{ "type": "Feature", "properties": { "ID": 34859.0, "SIRA_NO": 433.0, "ISTASYON_NO": "ŞRJ/16758", "ISTASYON_ADI": "BAŞKENT DOĞALGAZ", "HIZMET_SEKLI": "HALKA_ACIK", "MARKA": "Sepaş Akıllı Çözümler Anonim Şirketi", "MARKAADI": "Sepaş Charge", "SARJ_AGI_ISLETMECISI": "SEPAŞ AKILLI ÇÖZÜMLER ANONİM ŞİRKETİ", "YESIL_SARJ_ISTASYONU_MU": "", "ADRES": "Kızılırmak Mahallesi Ufuk Üniversitesi Sokağı  No:13/A-B Çankaya / ANKARA", "SOKET_NO": "SKT/50119", "SOKET_TIPI": "DC", "SOKET_TURU": "DC_CCS", "SOKET_GUCU_KW": "200" }, "geometry": { "type": "Point", "coordinates": [ 32.808738, 39.907517 ] } },
{ "type": "Feature", "properties": { "ID": 23487.0, "SIRA_NO": 149.0, "ISTASYON_NO": "ŞRJ/10705", "ISTASYON_ADI": "SİNPAŞ ALTINORAN 5. BLOK KARŞISI", "HIZMET_SEKLI": "OZEL", "MARKA": "EPSIS", "MARKAADI": "Epsis", "SARJ_AGI_ISLETMECISI": "FORM ELEKTRİK İNŞAAT MÜHENDİSLİK ANONİM ŞİRKETİ", "YESIL_SARJ_ISTASYONU_MU": "", "ADRES": "İlkbahar Mah Mahallesi Güneypark Kmev Caddesi  No:54/1 Çankaya / ANKARA", "SOKET_NO": "SKT/30688", "SOKET_TIPI": "AC", "SOKET_TURU": "AC_TYPE2", "SOKET_GUCU_KW": "22" }, "geometry": { "type": "Point", "coordinates": [ 32.854523, 39.84815 ] } },
{ "type": "Feature", "properties": { "ID": 9973.0, "SIRA_NO": 131.0, "ISTASYON_NO": "ŞRJ/12621", "ISTASYON_ADI": "Yıldırım Kule Ankara", "HIZMET_SEKLI": "HALKA_ACIK", "MARKA": "zes", "MARKAADI": "Zes", "SARJ_AGI_ISLETMECISI": "ZES DİJİTAL TİCARET ANONİM ŞİRKETİ", "YESIL_SARJ_ISTASYONU_MU": "Evet", "ADRES": "Cevizlidere Mahallesi Mevlana Sokağı  No:221 Çankaya / ANKARA", "SOKET_NO": "SKT/32429", "SOKET_TIPI": "AC", "SOKET_TURU": "AC_TYPE2", "SOKET_GUCU_KW": "22" }, "geometry": { "type": "Point", "coordinates": [ 32.812548, 39.882418 ] } },
{ "type": "Feature", "properties": { "ID": 28913.0, "SIRA_NO": 245.0, "ISTASYON_NO": "ŞRJ/15069", "ISTASYON_ADI": "Yasamkule", "HIZMET_SEKLI": "HALKA_ACIK", "MARKA": "ACROPOL", "MARKAADI": "Acropol", "SARJ_AGI_ISLETMECISI": "GREENLEAF YENİLENEBİLİR ENERJİ SİSTEMLERİ SANAYİ VE TİCARET LİMİTED ŞİRKETİ", "YESIL_SARJ_ISTASYONU_MU": "", "ADRES": "Alacaatli Mahallesi 3407. Caddesi  No:6/1 Çankaya / ANKARA", "SOKET_NO": "SKT/40145", "SOKET_TIPI": "DC", "SOKET_TURU": "DC_CCS", "SOKET_GUCU_KW": "120" }, "geometry": { "type": "Point", "coordinates": [ 32.636699, 39.848631 ] } },
{ "type": "Feature", "properties": { "ID": 28909.0, "SIRA_NO": 244.0, "ISTASYON_NO": "ŞRJ/14958", "ISTASYON_ADI": "Sierra Yasamkent Sitesi", "HIZMET_SEKLI": "HALKA_ACIK", "MARKA": "ACROPOL", "MARKAADI": "Acropol", "SARJ_AGI_ISLETMECISI": "GREENLEAF YENİLENEBİLİR ENERJİ SİSTEMLERİ SANAYİ VE TİCARET LİMİTED ŞİRKETİ", "YESIL_SARJ_ISTASYONU_MU": "", "ADRES": "Alacaatli Mahallesi Mehmet Rifat Borekci Caddesi  No:No:35 Çankaya / ANKARA", "SOKET_NO": "SKT/39744", "SOKET_TIPI": "AC", "SOKET_TURU": "AC_TYPE2", "SOKET_GUCU_KW": "22" }, "geometry": { "type": "Point", "coordinates": [ 32.648357, 39.854139 ] } },
{ "type": "Feature", "properties": { "ID": 12389.0, "SIRA_NO": 370.0, "ISTASYON_NO": "ŞRJ/17659", "ISTASYON_ADI": "Otojet - OYAK Genel Müdürlük", "HIZMET_SEKLI": "OZEL", "MARKA": "Otojet", "MARKAADI": "Otojet", "SARJ_AGI_ISLETMECISI": "OTOJET ENERJİ SANAYİ VE TİCARET ANONİM ŞİRKETİ", "YESIL_SARJ_ISTASYONU_MU": "", "ADRES": "Eti Mahallesi Gazi Mustafa Kemal Sokağı  No:138 Çankaya / ANKARA", "SOKET_NO": "SKT/48294", "SOKET_TIPI": "AC", "SOKET_TURU": "AC_TYPE2", "SOKET_GUCU_KW": "22" }, "geometry": { "type": "Point", "coordinates": [ 32.839723, 39.934185 ] } },
{ "type": "Feature", "properties": { "ID": 11904.0, "SIRA_NO": 217.0, "ISTASYON_NO": "ŞRJ/7449", "ISTASYON_ADI": "Otojet - Renault Mais Ankara", "HIZMET_SEKLI": "HALKA_ACIK", "MARKA": "Otojet", "MARKAADI": "Otojet", "SARJ_AGI_ISLETMECISI": "OTOJET ENERJİ SANAYİ VE TİCARET ANONİM ŞİRKETİ", "YESIL_SARJ_ISTASYONU_MU": "", "ADRES": "Mustafa Kemal Mahallesi 2079 Sokağı  Bucak Çankaya / ANKARA", "SOKET_NO": "SKT/16752", "SOKET_TIPI": "DC", "SOKET_TURU": "DC_CCS", "SOKET_GUCU_KW": "150" }, "geometry": { "type": "Point", "coordinates": [ 32.74296, 39.91091 ] } },
{ "type": "Feature", "properties": { "ID": 29233.0, "SIRA_NO": 363.0, "ISTASYON_NO": "ŞRJ/16474", "ISTASYON_ADI": "ÇELİKLER ATATÜRK BULVARI NO:183 OTEL", "HIZMET_SEKLI": "HALKA_ACIK", "MARKA": "ÇELİKLER ENERJİ", "MARKAADI": "Çelikler Enerji", "SARJ_AGI_ISLETMECISI": "ÇELİKLER GLOBAL ENERJİ ŞARJ SİSTEMLERİ ANONİM ŞİRKETİ", "YESIL_SARJ_ISTASYONU_MU": "", "ADRES": "Kavaklıdere Mahallesi Atatürk Caddesi  No:183 Çankaya / ANKARA", "SOKET_NO": "SKT/44793", "SOKET_TIPI": "AC", "SOKET_TURU": "AC_TYPE2", "SOKET_GUCU_KW": "9" }, "geometry": { "type": "Point", "coordinates": [ 32.855995, 39.910438 ] } },
{ "type": "Feature", "properties": { "ID": 28910.0, "SIRA_NO": 244.0, "ISTASYON_NO": "ŞRJ/14958", "ISTASYON_ADI": "Sierra Yasamkent Sitesi", "HIZMET_SEKLI": "HALKA_ACIK", "MARKA": "ACROPOL", "MARKAADI": "Acropol", "SARJ_AGI_ISLETMECISI": "GREENLEAF YENİLENEBİLİR ENERJİ SİSTEMLERİ SANAYİ VE TİCARET LİMİTED ŞİRKETİ", "YESIL_SARJ_ISTASYONU_MU": "", "ADRES": "Alacaatli Mahallesi Mehmet Rifat Borekci Caddesi  No:No:35 Çankaya / ANKARA", "SOKET_NO": "SKT/39745", "SOKET_TIPI": "AC", "SOKET_TURU": "AC_TYPE2", "SOKET_GUCU_KW": "22" }, "geometry": { "type": "Point", "coordinates": [ 32.648357, 39.854139 ] } },
{ "type": "Feature", "properties": { "ID": 28911.0, "SIRA_NO": 244.0, "ISTASYON_NO": "ŞRJ/14958", "ISTASYON_ADI": "Sierra Yasamkent Sitesi", "HIZMET_SEKLI": "HALKA_ACIK", "MARKA": "ACROPOL", "MARKAADI": "Acropol", "SARJ_AGI_ISLETMECISI": "GREENLEAF YENİLENEBİLİR ENERJİ SİSTEMLERİ SANAYİ VE TİCARET LİMİTED ŞİRKETİ", "YESIL_SARJ_ISTASYONU_MU": "", "ADRES": "Alacaatli Mahallesi Mehmet Rifat Borekci Caddesi  No:No:35 Çankaya / ANKARA", "SOKET_NO": "SKT/39746", "SOKET_TIPI": "AC", "SOKET_TURU": "AC_TYPE2", "SOKET_GUCU_KW": "22" }, "geometry": { "type": "Point", "coordinates": [ 32.648357, 39.854139 ] } },
{ "type": "Feature", "properties": { "ID": 12824.0, "SIRA_NO": 54.0, "ISTASYON_NO": "ŞRJ/7864", "ISTASYON_ADI": "ASTORŞARJ VIA TWINS ELEKTRİKLİ ARAÇ ŞARJ İSTASYONU", "HIZMET_SEKLI": "HALKA_ACIK", "MARKA": "ASTOR", "MARKAADI": "Astor", "SARJ_AGI_ISLETMECISI": "ASTOR ENERJİ ANONİM ŞİRKETİ", "YESIL_SARJ_ISTASYONU_MU": "", "ADRES": "Söğütözü Mahallesi 2177 Sokağı Çankaya / ANKARA", "SOKET_NO": "SKT/17928", "SOKET_TIPI": "AC", "SOKET_TURU": "AC_TYPE2", "SOKET_GUCU_KW": "22" }, "geometry": { "type": "Point", "coordinates": [ 32.795539, 39.912265 ] } },
{ "type": "Feature", "properties": { "ID": 36061.0, "SIRA_NO": 376.0, "ISTASYON_NO": "ŞRJ/18583", "ISTASYON_ADI": "Ege Flora", "HIZMET_SEKLI": "HALKA_ACIK", "MARKA": "solinved", "MARKAADI": "Solinved", "SARJ_AGI_ISLETMECISI": "ALKA SOLAR ENERJİ MÜHENDİSLİK SANAYİ VE TİCARET LİMİTED ŞİRKETİ", "YESIL_SARJ_ISTASYONU_MU": "", "ADRES": "Yıldızevler Mahallesi Şehit Mustafa Doğan Sokağı  No:29 Çankaya / ANKARA", "SOKET_NO": "SKT/51468", "SOKET_TIPI": "AC", "SOKET_TURU": "AC_TYPE2", "SOKET_GUCU_KW": "22" }, "geometry": { "type": "Point", "coordinates": [ 32.853343, 39.875616 ] } },
{ "type": "Feature", "properties": { "ID": 14642.0, "SIRA_NO": 409.0, "ISTASYON_NO": "ŞRJ/8350", "ISTASYON_ADI": "Shell Alacaatlı", "HIZMET_SEKLI": "HALKA_ACIK", "MARKA": "Trugo", "MARKAADI": "Trugo", "SARJ_AGI_ISLETMECISI": "TRUGO AKILLI ŞARJ ÇÖZÜMLERİ SANAYİ VE TİCARET ANONİM ŞİRKETİ", "YESIL_SARJ_ISTASYONU_MU": "Evet", "ADRES": "Alacaatlı Mahallesi Çankaya / ANKARA", "SOKET_NO": "SKT/19172", "SOKET_TIPI": "DC", "SOKET_TURU": "DC_CCS", "SOKET_GUCU_KW": "180" }, "geometry": { "type": "Point", "coordinates": [ 32.67509, 39.842132 ] } },
{ "type": "Feature", "properties": { "ID": 36302.0, "SIRA_NO": 19.0, "ISTASYON_NO": "ŞRJ/18693", "ISTASYON_ADI": "VİVA PARK SİTESİ", "HIZMET_SEKLI": "OZEL", "MARKA": "Wattarya", "MARKAADI": "Wattarya", "SARJ_AGI_ISLETMECISI": "WATTARYA ENERJİ SANAYİ VE TİCARET ANONİM ŞİRKETİ", "YESIL_SARJ_ISTASYONU_MU": "", "ADRES": "Alacaatlı Mahallesi 3354 Sokağı  No:16 Çankaya / ANKARA", "SOKET_NO": "SKT/51774", "SOKET_TIPI": "AC", "SOKET_TURU": "AC_TYPE2", "SOKET_GUCU_KW": "22" }, "geometry": { "type": "Point", "coordinates": [ 32.673479, 39.863494 ] } },
{ "type": "Feature", "properties": { "ID": 14643.0, "SIRA_NO": 409.0, "ISTASYON_NO": "ŞRJ/8350", "ISTASYON_ADI": "Shell Alacaatlı", "HIZMET_SEKLI": "HALKA_ACIK", "MARKA": "Trugo", "MARKAADI": "Trugo", "SARJ_AGI_ISLETMECISI": "TRUGO AKILLI ŞARJ ÇÖZÜMLERİ SANAYİ VE TİCARET ANONİM ŞİRKETİ", "YESIL_SARJ_ISTASYONU_MU": "Evet", "ADRES": "Alacaatlı Mahallesi Çankaya / ANKARA", "SOKET_NO": "SKT/19173", "SOKET_TIPI": "DC", "SOKET_TURU": "DC_CCS", "SOKET_GUCU_KW": "180" }, "geometry": { "type": "Point", "coordinates": [ 32.67509, 39.842132 ] } },
{ "type": "Feature", "properties": { "ID": 36069.0, "SIRA_NO": 381.0, "ISTASYON_NO": "ŞRJ/18586", "ISTASYON_ADI": "KULE EVO 2", "HIZMET_SEKLI": "HALKA_ACIK", "MARKA": "NEVA ŞARJ", "MARKAADI": "Neva Şarj", "SARJ_AGI_ISLETMECISI": "NEVA İÇ VE DIŞ TİCARET ANONİM ŞİRKETİ", "YESIL_SARJ_ISTASYONU_MU": "", "ADRES": "Çayyolu-1 Mahallesi Çankaya / ANKARA", "SOKET_NO": "SKT/51476", "SOKET_TIPI": "DC", "SOKET_TURU": "DC_CCS", "SOKET_GUCU_KW": "120" }, "geometry": { "type": "Point", "coordinates": [ 32.649207, 39.874266 ] } },
{ "type": "Feature", "properties": { "ID": 36071.0, "SIRA_NO": 382.0, "ISTASYON_NO": "ŞRJ/18587", "ISTASYON_ADI": "KULE EVO ÖNÜ", "HIZMET_SEKLI": "HALKA_ACIK", "MARKA": "NEVA ŞARJ", "MARKAADI": "Neva Şarj", "SARJ_AGI_ISLETMECISI": "NEVA İÇ VE DIŞ TİCARET ANONİM ŞİRKETİ", "YESIL_SARJ_ISTASYONU_MU": "", "ADRES": "Çayyolu-1 Mahallesi Çankaya / ANKARA", "SOKET_NO": "SKT/51478", "SOKET_TIPI": "DC", "SOKET_TURU": "DC_CCS", "SOKET_GUCU_KW": "240" }, "geometry": { "type": "Point", "coordinates": [ 32.64929, 39.874331 ] } },
{ "type": "Feature", "properties": { "ID": 36132.0, "SIRA_NO": 428.0, "ISTASYON_NO": "ŞRJ/18618", "ISTASYON_ADI": "Zirvekent Manolya Sitesi", "HIZMET_SEKLI": "OZEL", "MARKA": "wat mobilite", "MARKAADI": "WAT Mobilite", "SARJ_AGI_ISLETMECISI": "WAT MOBİLİTE ÇÖZÜMLERİ TEKNOLOJİ VE TİCARET ANONİM ŞİRKETİ", "YESIL_SARJ_ISTASYONU_MU": "Evet", "ADRES": "Birlik Mahallesi 429. Caddesi  No:1 Çankaya / ANKARA", "SOKET_NO": "SKT/51569", "SOKET_TIPI": "AC", "SOKET_TURU": "AC_TYPE2", "SOKET_GUCU_KW": "22" }, "geometry": { "type": "Point", "coordinates": [ 32.869664, 39.870983 ] } },
{ "type": "Feature", "properties": { "ID": 12653.0, "SIRA_NO": 488.0, "ISTASYON_NO": "ŞRJ/3498", "ISTASYON_ADI": "ASTORŞARJ GORDİON KONUTLARI ANKARA ELEKTRİKLİ ARAÇ ŞARJ İSTASYONU", "HIZMET_SEKLI": "OZEL", "MARKA": "ASTOR", "MARKAADI": "Astor", "SARJ_AGI_ISLETMECISI": "ASTOR ENERJİ ANONİM ŞİRKETİ", "YESIL_SARJ_ISTASYONU_MU": "", "ADRES": "Koru Mahallesi Ankaralılar Sokağı  No:18 Çankaya / ANKARA", "SOKET_NO": "SKT/6978", "SOKET_TIPI": "AC", "SOKET_TURU": "AC_TYPE2", "SOKET_GUCU_KW": "22" }, "geometry": { "type": "Point", "coordinates": [ 32.688571, 39.887724 ] } },
{ "type": "Feature", "properties": { "ID": 12825.0, "SIRA_NO": 54.0, "ISTASYON_NO": "ŞRJ/7864", "ISTASYON_ADI": "ASTORŞARJ VIA TWINS ELEKTRİKLİ ARAÇ ŞARJ İSTASYONU", "HIZMET_SEKLI": "HALKA_ACIK", "MARKA": "ASTOR", "MARKAADI": "Astor", "SARJ_AGI_ISLETMECISI": "ASTOR ENERJİ ANONİM ŞİRKETİ", "YESIL_SARJ_ISTASYONU_MU": "", "ADRES": "Söğütözü Mahallesi 2177 Sokağı Çankaya / ANKARA", "SOKET_NO": "SKT/17929", "SOKET_TIPI": "AC", "SOKET_TURU": "AC_TYPE2", "SOKET_GUCU_KW": "22" }, "geometry": { "type": "Point", "coordinates": [ 32.795539, 39.912265 ] } },
{ "type": "Feature", "properties": { "ID": 12826.0, "SIRA_NO": 54.0, "ISTASYON_NO": "ŞRJ/7864", "ISTASYON_ADI": "ASTORŞARJ VIA TWINS ELEKTRİKLİ ARAÇ ŞARJ İSTASYONU", "HIZMET_SEKLI": "HALKA_ACIK", "MARKA": "ASTOR", "MARKAADI": "Astor", "SARJ_AGI_ISLETMECISI": "ASTOR ENERJİ ANONİM ŞİRKETİ", "YESIL_SARJ_ISTASYONU_MU": "", "ADRES": "Söğütözü Mahallesi 2177 Sokağı Çankaya / ANKARA", "SOKET_NO": "SKT/17930", "SOKET_TIPI": "AC", "SOKET_TURU": "AC_TYPE2", "SOKET_GUCU_KW": "22" }, "geometry": { "type": "Point", "coordinates": [ 32.795539, 39.912265 ] } },
{ "type": "Feature", "properties": { "ID": 12948.0, "SIRA_NO": 96.0, "ISTASYON_NO": "ŞRJ/11430", "ISTASYON_ADI": "ASTORŞARJ ÇANKAYA KARBEYAZ AKARYAKIT", "HIZMET_SEKLI": "HALKA_ACIK", "MARKA": "ASTOR", "MARKAADI": "Astor", "SARJ_AGI_ISLETMECISI": "ASTOR ENERJİ ANONİM ŞİRKETİ", "YESIL_SARJ_ISTASYONU_MU": "", "ADRES": "Kızılırmak Mahallesi  No:132 Çankaya / ANKARA", "SOKET_NO": "SKT/28325", "SOKET_TIPI": "DC", "SOKET_TURU": "DC_CCS", "SOKET_GUCU_KW": "300" }, "geometry": { "type": "Point", "coordinates": [ 32.813389, 39.903066 ] } },
{ "type": "Feature", "properties": { "ID": 12951.0, "SIRA_NO": 97.0, "ISTASYON_NO": "ŞRJ/11463", "ISTASYON_ADI": "ASTORŞARJ BALGAT YELKEN PLAZA", "HIZMET_SEKLI": "HALKA_ACIK", "MARKA": "ASTOR", "MARKAADI": "Astor", "SARJ_AGI_ISLETMECISI": "ASTOR ENERJİ ANONİM ŞİRKETİ", "YESIL_SARJ_ISTASYONU_MU": "", "ADRES": "Balgat Mahallesi Mevlana Sokağı  No:139 Çankaya / ANKARA", "SOKET_NO": "SKT/28419", "SOKET_TIPI": "AC", "SOKET_TURU": "AC_TYPE2", "SOKET_GUCU_KW": "22" }, "geometry": { "type": "Point", "coordinates": [ 32.814857, 39.904742 ] } },
{ "type": "Feature", "properties": { "ID": 12952.0, "SIRA_NO": 97.0, "ISTASYON_NO": "ŞRJ/11463", "ISTASYON_ADI": "ASTORŞARJ BALGAT YELKEN PLAZA", "HIZMET_SEKLI": "HALKA_ACIK", "MARKA": "ASTOR", "MARKAADI": "Astor", "SARJ_AGI_ISLETMECISI": "ASTOR ENERJİ ANONİM ŞİRKETİ", "YESIL_SARJ_ISTASYONU_MU": "", "ADRES": "Balgat Mahallesi Mevlana Sokağı  No:139 Çankaya / ANKARA", "SOKET_NO": "SKT/28420", "SOKET_TIPI": "AC", "SOKET_TURU": "AC_TYPE2", "SOKET_GUCU_KW": "22" }, "geometry": { "type": "Point", "coordinates": [ 32.814857, 39.904742 ] } },
{ "type": "Feature", "properties": { "ID": 12953.0, "SIRA_NO": 97.0, "ISTASYON_NO": "ŞRJ/11463", "ISTASYON_ADI": "ASTORŞARJ BALGAT YELKEN PLAZA", "HIZMET_SEKLI": "HALKA_ACIK", "MARKA": "ASTOR", "MARKAADI": "Astor", "SARJ_AGI_ISLETMECISI": "ASTOR ENERJİ ANONİM ŞİRKETİ", "YESIL_SARJ_ISTASYONU_MU": "", "ADRES": "Balgat Mahallesi Mevlana Sokağı  No:139 Çankaya / ANKARA", "SOKET_NO": "SKT/28421", "SOKET_TIPI": "AC", "SOKET_TURU": "AC_TYPE2", "SOKET_GUCU_KW": "22" }, "geometry": { "type": "Point", "coordinates": [ 32.814857, 39.904742 ] } },
{ "type": "Feature", "properties": { "ID": 12954.0, "SIRA_NO": 97.0, "ISTASYON_NO": "ŞRJ/11463", "ISTASYON_ADI": "ASTORŞARJ BALGAT YELKEN PLAZA", "HIZMET_SEKLI": "HALKA_ACIK", "MARKA": "ASTOR", "MARKAADI": "Astor", "SARJ_AGI_ISLETMECISI": "ASTOR ENERJİ ANONİM ŞİRKETİ", "YESIL_SARJ_ISTASYONU_MU": "", "ADRES": "Balgat Mahallesi Mevlana Sokağı  No:139 Çankaya / ANKARA", "SOKET_NO": "SKT/28423", "SOKET_TIPI": "AC", "SOKET_TURU": "AC_TYPE2", "SOKET_GUCU_KW": "22" }, "geometry": { "type": "Point", "coordinates": [ 32.814857, 39.904742 ] } },
{ "type": "Feature", "properties": { "ID": 36269.0, "SIRA_NO": 4.0, "ISTASYON_NO": "ŞRJ/18679", "ISTASYON_ADI": "MELİTA SİTESİ", "HIZMET_SEKLI": "HALKA_ACIK", "MARKA": "EPSIS", "MARKAADI": "Epsis", "SARJ_AGI_ISLETMECISI": "FORM ELEKTRİK İNŞAAT MÜHENDİSLİK ANONİM ŞİRKETİ", "YESIL_SARJ_ISTASYONU_MU": "", "ADRES": "Mutlukent Mahallesi 2049 Sokağı  No:12 Çankaya / ANKARA", "SOKET_NO": "SKT/51739", "SOKET_TIPI": "DC", "SOKET_TURU": "DC_CCS", "SOKET_GUCU_KW": "80" }, "geometry": { "type": "Point", "coordinates": [ 32.723621, 39.892507 ] } },
{ "type": "Feature", "properties": { "ID": 36275.0, "SIRA_NO": 6.0, "ISTASYON_NO": "ŞRJ/18681", "ISTASYON_ADI": "LOTUS BEYTEPE İKİLİ STYLE", "HIZMET_SEKLI": "OZEL", "MARKA": "EPSIS", "MARKAADI": "Epsis", "SARJ_AGI_ISLETMECISI": "FORM ELEKTRİK İNŞAAT MÜHENDİSLİK ANONİM ŞİRKETİ", "YESIL_SARJ_ISTASYONU_MU": "", "ADRES": "Beytepe Mahallesi 5387 Sokağı  No:6 Çankaya / ANKARA", "SOKET_NO": "SKT/51745", "SOKET_TIPI": "AC", "SOKET_TURU": "AC_TYPE2", "SOKET_GUCU_KW": "22" }, "geometry": { "type": "Point", "coordinates": [ 32.711688, 39.857377 ] } },
{ "type": "Feature", "properties": { "ID": 36281.0, "SIRA_NO": 9.0, "ISTASYON_NO": "ŞRJ/18683", "ISTASYON_ADI": "SİSA KULE", "HIZMET_SEKLI": "HALKA_ACIK", "MARKA": "EVC CHARGE", "MARKAADI": "Evcil Mühendislik", "SARJ_AGI_ISLETMECISI": "EVCİL YATIRIM MÜHENDİSLİK MİMARLIK LİMİTED ŞİRKETİ", "YESIL_SARJ_ISTASYONU_MU": "", "ADRES": "Konutkent Mahallesi  No:381 Çankaya / ANKARA", "SOKET_NO": "SKT/51752", "SOKET_TIPI": "DC", "SOKET_TURU": "DC_CCS", "SOKET_GUCU_KW": "120" }, "geometry": { "type": "Point", "coordinates": [ 32.664399, 39.884582 ] } },
{ "type": "Feature", "properties": { "ID": 12815.0, "SIRA_NO": 51.0, "ISTASYON_NO": "ŞRJ/7771", "ISTASYON_ADI": "ASTORŞARJ VIA GREEN ELEKTRİKLİ ARAÇ ŞARJ İSTASYONU", "HIZMET_SEKLI": "HALKA_ACIK", "MARKA": "ASTOR", "MARKAADI": "Astor", "SARJ_AGI_ISLETMECISI": "ASTOR ENERJİ ANONİM ŞİRKETİ", "YESIL_SARJ_ISTASYONU_MU": "", "ADRES": "Mustafa Kemal Mahallesi 2079 Sokağı Çankaya / ANKARA", "SOKET_NO": "SKT/17702", "SOKET_TIPI": "DC", "SOKET_TURU": "DC_CCS", "SOKET_GUCU_KW": "300" }, "geometry": { "type": "Point", "coordinates": [ 32.743714, 39.908032 ] } },
{ "type": "Feature", "properties": { "ID": 13105.0, "SIRA_NO": 141.0, "ISTASYON_NO": "ŞRJ/14388", "ISTASYON_ADI": "ASTORŞARJ SÜLEYMAN BÖLÜNMEZ EĞİTİM VAKFI CAMİİ", "HIZMET_SEKLI": "HALKA_ACIK", "MARKA": "ASTOR", "MARKAADI": "Astor", "SARJ_AGI_ISLETMECISI": "ASTOR ENERJİ ANONİM ŞİRKETİ", "YESIL_SARJ_ISTASYONU_MU": "", "ADRES": "Alacaatlı Mahallesi 3343 Sokağı  No:41 Çankaya / ANKARA", "SOKET_NO": "SKT/37887", "SOKET_TIPI": "DC", "SOKET_TURU": "DC_CCS", "SOKET_GUCU_KW": "160" }, "geometry": { "type": "Point", "coordinates": [ 32.686991, 39.863843 ] } },
{ "type": "Feature", "properties": { "ID": 13106.0, "SIRA_NO": 141.0, "ISTASYON_NO": "ŞRJ/14388", "ISTASYON_ADI": "ASTORŞARJ SÜLEYMAN BÖLÜNMEZ EĞİTİM VAKFI CAMİİ", "HIZMET_SEKLI": "HALKA_ACIK", "MARKA": "ASTOR", "MARKAADI": "Astor", "SARJ_AGI_ISLETMECISI": "ASTOR ENERJİ ANONİM ŞİRKETİ", "YESIL_SARJ_ISTASYONU_MU": "", "ADRES": "Alacaatlı Mahallesi 3343 Sokağı  No:41 Çankaya / ANKARA", "SOKET_NO": "SKT/37888", "SOKET_TIPI": "AC", "SOKET_TURU": "AC_TYPE2", "SOKET_GUCU_KW": "22" }, "geometry": { "type": "Point", "coordinates": [ 32.686991, 39.863843 ] } },
{ "type": "Feature", "properties": { "ID": 36285.0, "SIRA_NO": 10.0, "ISTASYON_NO": "ŞRJ/18684", "ISTASYON_ADI": "ALACAPARK KONUTLARI", "HIZMET_SEKLI": "OZEL", "MARKA": "EVC CHARGE", "MARKAADI": "Evcil Mühendislik", "SARJ_AGI_ISLETMECISI": "EVCİL YATIRIM MÜHENDİSLİK MİMARLIK LİMİTED ŞİRKETİ", "YESIL_SARJ_ISTASYONU_MU": "", "ADRES": "Alacaatlı Mahallesi 4981 Sokağı  No:7/A-B-C-D Çankaya / ANKARA", "SOKET_NO": "SKT/51756", "SOKET_TIPI": "AC", "SOKET_TURU": "AC_TYPE2", "SOKET_GUCU_KW": "22" }, "geometry": { "type": "Point", "coordinates": [ 32.665486, 39.849715 ] } },
{ "type": "Feature", "properties": { "ID": 36293.0, "SIRA_NO": 13.0, "ISTASYON_NO": "ŞRJ/18687", "ISTASYON_ADI": "CK Hotel, Çankaya DC, AC", "HIZMET_SEKLI": "HALKA_ACIK", "MARKA": "Otopriz", "MARKAADI": "Otopriz", "SARJ_AGI_ISLETMECISI": "DİCLE KÖK ENERJİ YATIRIM ANONİM ŞİRKETİ", "YESIL_SARJ_ISTASYONU_MU": "", "ADRES": "Güvenevler Mahallesi Farabi Sokağı  No:34/A Çankaya / ANKARA", "SOKET_NO": "SKT/51764", "SOKET_TIPI": "DC", "SOKET_TURU": "DC_CCS", "SOKET_GUCU_KW": "120" }, "geometry": { "type": "Point", "coordinates": [ 32.856823, 39.896687 ] } },
{ "type": "Feature", "properties": { "ID": 12816.0, "SIRA_NO": 51.0, "ISTASYON_NO": "ŞRJ/7771", "ISTASYON_ADI": "ASTORŞARJ VIA GREEN ELEKTRİKLİ ARAÇ ŞARJ İSTASYONU", "HIZMET_SEKLI": "HALKA_ACIK", "MARKA": "ASTOR", "MARKAADI": "Astor", "SARJ_AGI_ISLETMECISI": "ASTOR ENERJİ ANONİM ŞİRKETİ", "YESIL_SARJ_ISTASYONU_MU": "", "ADRES": "Mustafa Kemal Mahallesi 2079 Sokağı Çankaya / ANKARA", "SOKET_NO": "SKT/17703", "SOKET_TIPI": "AC", "SOKET_TURU": "AC_TYPE2", "SOKET_GUCU_KW": "22" }, "geometry": { "type": "Point", "coordinates": [ 32.743714, 39.908032 ] } },
{ "type": "Feature", "properties": { "ID": 12817.0, "SIRA_NO": 51.0, "ISTASYON_NO": "ŞRJ/7771", "ISTASYON_ADI": "ASTORŞARJ VIA GREEN ELEKTRİKLİ ARAÇ ŞARJ İSTASYONU", "HIZMET_SEKLI": "HALKA_ACIK", "MARKA": "ASTOR", "MARKAADI": "Astor", "SARJ_AGI_ISLETMECISI": "ASTOR ENERJİ ANONİM ŞİRKETİ", "YESIL_SARJ_ISTASYONU_MU": "", "ADRES": "Mustafa Kemal Mahallesi 2079 Sokağı Çankaya / ANKARA", "SOKET_NO": "SKT/17704", "SOKET_TIPI": "AC", "SOKET_TURU": "AC_TYPE2", "SOKET_GUCU_KW": "22" }, "geometry": { "type": "Point", "coordinates": [ 32.743714, 39.908032 ] } },
{ "type": "Feature", "properties": { "ID": 14950.0, "SIRA_NO": 45.0, "ISTASYON_NO": "ŞRJ/5894", "ISTASYON_ADI": "TOBB İkizkule", "HIZMET_SEKLI": "HALKA_ACIK", "MARKA": "Trugo", "MARKAADI": "Trugo", "SARJ_AGI_ISLETMECISI": "TRUGO AKILLI ŞARJ ÇÖZÜMLERİ SANAYİ VE TİCARET ANONİM ŞİRKETİ", "YESIL_SARJ_ISTASYONU_MU": "Evet", "ADRES": "Mustafa Kemal Mahallesi  No:252 Çankaya / ANKARA", "SOKET_NO": "SKT/12837", "SOKET_TIPI": "DC", "SOKET_TURU": "DC_CCS", "SOKET_GUCU_KW": "180" }, "geometry": { "type": "Point", "coordinates": [ 32.76123, 39.908239 ] } },
{ "type": "Feature", "properties": { "ID": 14953.0, "SIRA_NO": 46.0, "ISTASYON_NO": "ŞRJ/13445", "ISTASYON_ADI": "Tobb İkiz Kule Kapalı Otopark", "HIZMET_SEKLI": "HALKA_ACIK", "MARKA": "Trugo", "MARKAADI": "Trugo", "SARJ_AGI_ISLETMECISI": "TRUGO AKILLI ŞARJ ÇÖZÜMLERİ SANAYİ VE TİCARET ANONİM ŞİRKETİ", "YESIL_SARJ_ISTASYONU_MU": "Evet", "ADRES": "Mustafa Kemal Mahallesi Dumlupınar Sokağı Çankaya / ANKARA", "SOKET_NO": "SKT/34936", "SOKET_TIPI": "AC", "SOKET_TURU": "AC_TYPE2", "SOKET_GUCU_KW": "22" }, "geometry": { "type": "Point", "coordinates": [ 32.76001, 39.909928 ] } },
{ "type": "Feature", "properties": { "ID": 14954.0, "SIRA_NO": 46.0, "ISTASYON_NO": "ŞRJ/13445", "ISTASYON_ADI": "Tobb İkiz Kule Kapalı Otopark", "HIZMET_SEKLI": "HALKA_ACIK", "MARKA": "Trugo", "MARKAADI": "Trugo", "SARJ_AGI_ISLETMECISI": "TRUGO AKILLI ŞARJ ÇÖZÜMLERİ SANAYİ VE TİCARET ANONİM ŞİRKETİ", "YESIL_SARJ_ISTASYONU_MU": "Evet", "ADRES": "Mustafa Kemal Mahallesi Dumlupınar Sokağı Çankaya / ANKARA", "SOKET_NO": "SKT/34937", "SOKET_TIPI": "AC", "SOKET_TURU": "AC_TYPE2", "SOKET_GUCU_KW": "22" }, "geometry": { "type": "Point", "coordinates": [ 32.76001, 39.909928 ] } },
{ "type": "Feature", "properties": { "ID": 12873.0, "SIRA_NO": 69.0, "ISTASYON_NO": "ŞRJ/9215", "ISTASYON_ADI": "ASTORŞARJ YARGITAY DC ELEKTRİKLİ ARAÇ ŞARJ İSTASYONU", "HIZMET_SEKLI": "OZEL", "MARKA": "ASTOR", "MARKAADI": "Astor", "SARJ_AGI_ISLETMECISI": "ASTOR ENERJİ ANONİM ŞİRKETİ", "YESIL_SARJ_ISTASYONU_MU": "", "ADRES": "Ahlatlıbel Mahallesi İncek Şehit Savcı Mehmet Selim Kiraz Sokağı  No:4 Çankaya / ANKARA", "SOKET_NO": "SKT/21581", "SOKET_TIPI": "DC", "SOKET_TURU": "DC_CCS", "SOKET_GUCU_KW": "60" }, "geometry": { "type": "Point", "coordinates": [ 32.790731, 39.844951 ] } }
]
}
