{
"type": "FeatureCollection",
"name": "TRAFO",
"crs": { "type": "name", "properties": { "name": "urn:ogc:def:crs:OGC:1.3:CRS84" } },
"features": [
{ "type": "Feature", "properties": { "NAME": "Direk Üstü Elektrik Trafosu", "SUB_CATEGORY": "Şehiriçi Trafo", "CATEGORY": "Enerji Üretim, Dağıtım", "PHONE": "", "FAX": "", "EMAIL": "", "WEB": "", "ID": 10514366 }, "geometry": { "type": "Point", "coordinates": [ 32.938491, 39.865938 ] } },
{ "type": "Feature", "properties": { "NAME": "Direk Üstü Elektrik Trafosu", "SUB_CATEGORY": "Şehiriçi Trafo", "CATEGORY": "Enerji Üretim, Dağıtım", "PHONE": "", "FAX": "", "EMAIL": "", "WEB": "", "ID": 10514485 }, "geometry": { "type": "Point", "coordinates": [ 32.935675, 39.855747 ] } },
{ "type": "Feature", "properties": { "NAME": "Direk Üstü Elektrik Trafosu", "SUB_CATEGORY": "Şehiriçi Trafo", "CATEGORY": "Enerji Üretim, Dağıtım", "PHONE": "", "FAX": "", "EMAIL": "", "WEB": "", "ID": 10515141 }, "geometry": { "type": "Point", "coordinates": [ 32.937058, 39.849455 ] } },
{ "type": "Feature", "properties": { "NAME": "Direk Üstü Elektrik Trafosu", "SUB_CATEGORY": "Şehiriçi Trafo", "CATEGORY": "Enerji Üretim, Dağıtım", "PHONE": "", "FAX": "", "EMAIL": "", "WEB": "", "ID": 10514540 }, "geometry": { "type": "Point", "coordinates": [ 32.930567, 39.853215 ] } },
{ "type": "Feature", "properties": { "NAME": "Elektrik Trafosu", "SUB_CATEGORY": "Şehiriçi Trafo", "CATEGORY": "Enerji Üretim, Dağıtım", "PHONE": "", "FAX": "", "EMAIL": "", "WEB": "", "ID": 1159106 }, "geometry": { "type": "Point", "coordinates": [ 32.939683, 39.847404 ] } },
{ "type": "Feature", "properties": { "NAME": "Direk Üstü Elektrik Trafosu", "SUB_CATEGORY": "Şehiriçi Trafo", "CATEGORY": "Enerji Üretim, Dağıtım", "PHONE": "", "FAX": "", "EMAIL": "", "WEB": "", "ID": 10515125 }, "geometry": { "type": "Point", "coordinates": [ 32.943575, 39.840737 ] } },
{ "type": "Feature", "properties": { "NAME": "Direk Üstü Elektrik Trafosu", "SUB_CATEGORY": "Şehiriçi Trafo", "CATEGORY": "Enerji Üretim, Dağıtım", "PHONE": "", "FAX": "", "EMAIL": "", "WEB": "", "ID": 10515408 }, "geometry": { "type": "Point", "coordinates": [ 32.946379, 39.83222 ] } },
{ "type": "Feature", "properties": { "NAME": "Direk Üstü Elektrik Trafosu", "SUB_CATEGORY": "Şehiriçi Trafo", "CATEGORY": "Enerji Üretim, Dağıtım", "PHONE": "", "FAX": "", "EMAIL": "", "WEB": "", "ID": 10515389 }, "geometry": { "type": "Point", "coordinates": [ 32.94493, 39.828983 ] } },
{ "type": "Feature", "properties": { "NAME": "Direk Üstü Elektrik Trafosu", "SUB_CATEGORY": "Şehiriçi Trafo", "CATEGORY": "Enerji Üretim, Dağıtım", "PHONE": "", "FAX": "", "EMAIL": "", "WEB": "", "ID": 10515400 }, "geometry": { "type": "Point", "coordinates": [ 32.951205, 39.831828 ] } },
{ "type": "Feature", "properties": { "NAME": "Elektrik Trafosu", "SUB_CATEGORY": "Şehiriçi Trafo", "CATEGORY": "Enerji Üretim, Dağıtım", "PHONE": "", "FAX": "", "EMAIL": "", "WEB": "", "ID": 10515458 }, "geometry": { "type": "Point", "coordinates": [ 32.956558, 39.830848 ] } },
{ "type": "Feature", "properties": { "NAME": "Elektrik Trafosu", "SUB_CATEGORY": "Şehiriçi Trafo", "CATEGORY": "Enerji Üretim, Dağıtım", "PHONE": "", "FAX": "", "EMAIL": "", "WEB": "", "ID": 1997222 }, "geometry": { "type": "Point", "coordinates": [ 32.958764, 39.815032 ] } },
{ "type": "Feature", "properties": { "NAME": "Direk Üstü Elektrik Trafosu", "SUB_CATEGORY": "Şehiriçi Trafo", "CATEGORY": "Enerji Üretim, Dağıtım", "PHONE": "", "FAX": "", "EMAIL": "", "WEB": "", "ID": 10515487 }, "geometry": { "type": "Point", "coordinates": [ 32.96142, 39.819519 ] } },
{ "type": "Feature", "properties": { "NAME": "Direk Üstü Elektrik Trafosu", "SUB_CATEGORY": "Şehiriçi Trafo", "CATEGORY": "Enerji Üretim, Dağıtım", "PHONE": "", "FAX": "", "EMAIL": "", "WEB": "", "ID": 10515622 }, "geometry": { "type": "Point", "coordinates": [ 32.95764, 39.807573 ] } },
{ "type": "Feature", "properties": { "NAME": "Direk Üstü Elektrik Trafosu", "SUB_CATEGORY": "Şehiriçi Trafo", "CATEGORY": "Enerji Üretim, Dağıtım", "PHONE": "", "FAX": "", "EMAIL": "", "WEB": "", "ID": 10515650 }, "geometry": { "type": "Point", "coordinates": [ 32.960769, 39.809879 ] } },
{ "type": "Feature", "properties": { "NAME": "Elektrik Trafosu", "SUB_CATEGORY": "Şehiriçi Trafo", "CATEGORY": "Enerji Üretim, Dağıtım", "PHONE": "", "FAX": "", "EMAIL": "", "WEB": "", "ID": 10514395 }, "geometry": { "type": "Point", "coordinates": [ 32.992483, 39.744535 ] } },
{ "type": "Feature", "properties": { "NAME": "Direk Üstü Elektrik Trafosu", "SUB_CATEGORY": "Şehiriçi Trafo", "CATEGORY": "Enerji Üretim, Dağıtım", "PHONE": "", "FAX": "", "EMAIL": "", "WEB": "", "ID": 10516686 }, "geometry": { "type": "Point", "coordinates": [ 32.967, 39.752793 ] } },
{ "type": "Feature", "properties": { "NAME": "Direk Üstü Elektrik Trafosu", "SUB_CATEGORY": "Şehiriçi Trafo", "CATEGORY": "Enerji Üretim, Dağıtım", "PHONE": "", "FAX": "", "EMAIL": "", "WEB": "", "ID": 10948289 }, "geometry": { "type": "Point", "coordinates": [ 32.975496, 39.693518 ] } },
{ "type": "Feature", "properties": { "NAME": "Direk Üstü Elektrik Trafosu", "SUB_CATEGORY": "Şehiriçi Trafo", "CATEGORY": "Enerji Üretim, Dağıtım", "PHONE": "", "FAX": "", "EMAIL": "", "WEB": "", "ID": 10948234 }, "geometry": { "type": "Point", "coordinates": [ 33.024779, 39.669209 ] } },
{ "type": "Feature", "properties": { "NAME": "Direk Üstü Elektrik Trafosu", "SUB_CATEGORY": "Şehiriçi Trafo", "CATEGORY": "Enerji Üretim, Dağıtım", "PHONE": "", "FAX": "", "EMAIL": "", "WEB": "", "ID": 10948206 }, "geometry": { "type": "Point", "coordinates": [ 33.031361, 39.660983 ] } },
{ "type": "Feature", "properties": { "NAME": "Elektrik Trafosu", "SUB_CATEGORY": "Şehiriçi Trafo", "CATEGORY": "Enerji Üretim, Dağıtım", "PHONE": "", "FAX": "", "EMAIL": "", "WEB": "", "ID": 10378362 }, "geometry": { "type": "Point", "coordinates": [ 32.905122, 39.887147 ] } },
{ "type": "Feature", "properties": { "NAME": "Direk Üstü Elektrik Trafosu", "SUB_CATEGORY": "Şehiriçi Trafo", "CATEGORY": "Enerji Üretim, Dağıtım", "PHONE": "", "FAX": "", "EMAIL": "", "WEB": "", "ID": 9427611 }, "geometry": { "type": "Point", "coordinates": [ 32.896945, 39.889589 ] } },
{ "type": "Feature", "properties": { "NAME": "Elektrik Trafosu", "SUB_CATEGORY": "Şehiriçi Trafo", "CATEGORY": "Enerji Üretim, Dağıtım", "PHONE": "", "FAX": "", "EMAIL": "", "WEB": "", "ID": 11217549 }, "geometry": { "type": "Point", "coordinates": [ 32.893525, 39.890109 ] } },
{ "type": "Feature", "properties": { "NAME": "Direk Üstü Elektrik Trafosu", "SUB_CATEGORY": "Şehiriçi Trafo", "CATEGORY": "Enerji Üretim, Dağıtım", "PHONE": "", "FAX": "", "EMAIL": "", "WEB": "", "ID": 11219522 }, "geometry": { "type": "Point", "coordinates": [ 32.90048, 39.894081 ] } },
{ "type": "Feature", "properties": { "NAME": "Elektrik Trafosu", "SUB_CATEGORY": "Şehiriçi Trafo", "CATEGORY": "Enerji Üretim, Dağıtım", "PHONE": "", "FAX": "", "EMAIL": "", "WEB": "", "ID": 10514010 }, "geometry": { "type": "Point", "coordinates": [ 32.889319, 39.881153 ] } },
{ "type": "Feature", "properties": { "NAME": "Elektrik Trafosu", "SUB_CATEGORY": "Şehiriçi Trafo", "CATEGORY": "Enerji Üretim, Dağıtım", "PHONE": "", "FAX": "", "EMAIL": "", "WEB": "", "ID": 3309632 }, "geometry": { "type": "Point", "coordinates": [ 32.891776, 39.888494 ] } },
{ "type": "Feature", "properties": { "NAME": "Elektrik Trafosu", "SUB_CATEGORY": "Şehiriçi Trafo", "CATEGORY": "Enerji Üretim, Dağıtım", "PHONE": "", "FAX": "", "EMAIL": "", "WEB": "", "ID": 1250324 }, "geometry": { "type": "Point", "coordinates": [ 32.895138, 39.886249 ] } },
{ "type": "Feature", "properties": { "NAME": "Elektrik Trafosu", "SUB_CATEGORY": "Şehiriçi Trafo", "CATEGORY": "Enerji Üretim, Dağıtım", "PHONE": "", "FAX": "", "EMAIL": "", "WEB": "", "ID": 10512633 }, "geometry": { "type": "Point", "coordinates": [ 32.888925, 39.886677 ] } },
{ "type": "Feature", "properties": { "NAME": "Elektrik Trafosu", "SUB_CATEGORY": "Şehiriçi Trafo", "CATEGORY": "Enerji Üretim, Dağıtım", "PHONE": "", "FAX": "", "EMAIL": "", "WEB": "", "ID": 1250319 }, "geometry": { "type": "Point", "coordinates": [ 32.88577, 39.88038 ] } },
{ "type": "Feature", "properties": { "NAME": "Elektrik Trafosu", "SUB_CATEGORY": "Şehiriçi Trafo", "CATEGORY": "Enerji Üretim, Dağıtım", "PHONE": "", "FAX": "", "EMAIL": "", "WEB": "", "ID": 11218485 }, "geometry": { "type": "Point", "coordinates": [ 32.883961, 39.878555 ] } },
{ "type": "Feature", "properties": { "NAME": "Elektrik Trafosu", "SUB_CATEGORY": "Şehiriçi Trafo", "CATEGORY": "Enerji Üretim, Dağıtım", "PHONE": "", "FAX": "", "EMAIL": "", "WEB": "", "ID": 10517175 }, "geometry": { "type": "Point", "coordinates": [ 32.888654, 39.891888 ] } },
{ "type": "Feature", "properties": { "NAME": "Elektrik Trafosu", "SUB_CATEGORY": "Şehiriçi Trafo", "CATEGORY": "Enerji Üretim, Dağıtım", "PHONE": "", "FAX": "", "EMAIL": "", "WEB": "", "ID": 1250037 }, "geometry": { "type": "Point", "coordinates": [ 32.883025, 39.882816 ] } },
{ "type": "Feature", "properties": { "NAME": "Elektrik Trafosu", "SUB_CATEGORY": "Şehiriçi Trafo", "CATEGORY": "Enerji Üretim, Dağıtım", "PHONE": "", "FAX": "", "EMAIL": "", "WEB": "", "ID": 10517240 }, "geometry": { "type": "Point", "coordinates": [ 32.883034, 39.884914 ] } },
{ "type": "Feature", "properties": { "NAME": "Elektrik Trafosu", "SUB_CATEGORY": "Şehiriçi Trafo", "CATEGORY": "Enerji Üretim, Dağıtım", "PHONE": "", "FAX": "", "EMAIL": "", "WEB": "", "ID": 11227036 }, "geometry": { "type": "Point", "coordinates": [ 32.884112, 39.884203 ] } },
{ "type": "Feature", "properties": { "NAME": "Elektrik Trafosu", "SUB_CATEGORY": "Şehiriçi Trafo", "CATEGORY": "Enerji Üretim, Dağıtım", "PHONE": "", "FAX": "", "EMAIL": "", "WEB": "", "ID": 10514149 }, "geometry": { "type": "Point", "coordinates": [ 32.884982, 39.884617 ] } },
{ "type": "Feature", "properties": { "NAME": "Elektrik Trafosu", "SUB_CATEGORY": "Şehiriçi Trafo", "CATEGORY": "Enerji Üretim, Dağıtım", "PHONE": "", "FAX": "", "EMAIL": "", "WEB": "", "ID": 11227245 }, "geometry": { "type": "Point", "coordinates": [ 32.883811, 39.890012 ] } },
{ "type": "Feature", "properties": { "NAME": "Elektrik Trafosu", "SUB_CATEGORY": "Şehiriçi Trafo", "CATEGORY": "Enerji Üretim, Dağıtım", "PHONE": "", "FAX": "", "EMAIL": "", "WEB": "", "ID": 10517094 }, "geometry": { "type": "Point", "coordinates": [ 32.886988, 39.88854 ] } },
{ "type": "Feature", "properties": { "NAME": "Elektrik Trafosu", "SUB_CATEGORY": "Şehiriçi Trafo", "CATEGORY": "Enerji Üretim, Dağıtım", "PHONE": "", "FAX": "", "EMAIL": "", "WEB": "", "ID": 10514334 }, "geometry": { "type": "Point", "coordinates": [ 32.882943, 39.887187 ] } },
{ "type": "Feature", "properties": { "NAME": "Elektrik Trafosu", "SUB_CATEGORY": "Şehiriçi Trafo", "CATEGORY": "Enerji Üretim, Dağıtım", "PHONE": "", "FAX": "", "EMAIL": "", "WEB": "", "ID": 11227568 }, "geometry": { "type": "Point", "coordinates": [ 32.885665, 39.893743 ] } },
{ "type": "Feature", "properties": { "NAME": "Elektrik Trafosu", "SUB_CATEGORY": "Şehiriçi Trafo", "CATEGORY": "Enerji Üretim, Dağıtım", "PHONE": "", "FAX": "", "EMAIL": "", "WEB": "", "ID": 10517226 }, "geometry": { "type": "Point", "coordinates": [ 32.882615, 39.890305 ] } },
{ "type": "Feature", "properties": { "NAME": "Elektrik Trafosu", "SUB_CATEGORY": "Şehiriçi Trafo", "CATEGORY": "Enerji Üretim, Dağıtım", "PHONE": "", "FAX": "", "EMAIL": "", "WEB": "", "ID": 8012218 }, "geometry": { "type": "Point", "coordinates": [ 32.88555, 39.897241 ] } },
{ "type": "Feature", "properties": { "NAME": "Elektrik Trafosu", "SUB_CATEGORY": "Şehiriçi Trafo", "CATEGORY": "Enerji Üretim, Dağıtım", "PHONE": "", "FAX": "", "EMAIL": "", "WEB": "", "ID": 11215373 }, "geometry": { "type": "Point", "coordinates": [ 32.878199, 39.887262 ] } },
{ "type": "Feature", "properties": { "NAME": "Elektrik Trafosu", "SUB_CATEGORY": "Şehiriçi Trafo", "CATEGORY": "Enerji Üretim, Dağıtım", "PHONE": "", "FAX": "", "EMAIL": "", "WEB": "", "ID": 8013296 }, "geometry": { "type": "Point", "coordinates": [ 32.88428, 39.895205 ] } },
{ "type": "Feature", "properties": { "NAME": "Elektrik Trafosu", "SUB_CATEGORY": "Şehiriçi Trafo", "CATEGORY": "Enerji Üretim, Dağıtım", "PHONE": "", "FAX": "", "EMAIL": "", "WEB": "", "ID": 10512645 }, "geometry": { "type": "Point", "coordinates": [ 32.880806, 39.896725 ] } },
{ "type": "Feature", "properties": { "NAME": "Elektrik Trafosu", "SUB_CATEGORY": "Şehiriçi Trafo", "CATEGORY": "Enerji Üretim, Dağıtım", "PHONE": "", "FAX": "", "EMAIL": "", "WEB": "", "ID": 10514617 }, "geometry": { "type": "Point", "coordinates": [ 32.879832, 39.893009 ] } },
{ "type": "Feature", "properties": { "NAME": "Elektrik Trafosu", "SUB_CATEGORY": "Şehiriçi Trafo", "CATEGORY": "Enerji Üretim, Dağıtım", "PHONE": "", "FAX": "", "EMAIL": "", "WEB": "", "ID": 11218571 }, "geometry": { "type": "Point", "coordinates": [ 32.878255, 39.89622 ] } },
{ "type": "Feature", "properties": { "NAME": "Elektrik Trafosu", "SUB_CATEGORY": "Şehiriçi Trafo", "CATEGORY": "Enerji Üretim, Dağıtım", "PHONE": "", "FAX": "", "EMAIL": "", "WEB": "", "ID": 11219061 }, "geometry": { "type": "Point", "coordinates": [ 32.881814, 39.897709 ] } },
{ "type": "Feature", "properties": { "NAME": "Elektrik Trafosu", "SUB_CATEGORY": "Şehiriçi Trafo", "CATEGORY": "Enerji Üretim, Dağıtım", "PHONE": "", "FAX": "", "EMAIL": "", "WEB": "", "ID": 1245900 }, "geometry": { "type": "Point", "coordinates": [ 32.87891, 39.899079 ] } },
{ "type": "Feature", "properties": { "NAME": "Direk Üstü Elektrik Trafosu", "SUB_CATEGORY": "Şehiriçi Trafo", "CATEGORY": "Enerji Üretim, Dağıtım", "PHONE": "", "FAX": "", "EMAIL": "", "WEB": "", "ID": 10513162 }, "geometry": { "type": "Point", "coordinates": [ 32.872359, 39.891142 ] } },
{ "type": "Feature", "properties": { "NAME": "Elektrik Trafosu", "SUB_CATEGORY": "Şehiriçi Trafo", "CATEGORY": "Enerji Üretim, Dağıtım", "PHONE": "", "FAX": "", "EMAIL": "", "WEB": "", "ID": 11218026 }, "geometry": { "type": "Point", "coordinates": [ 32.875057, 39.895763 ] } },
{ "type": "Feature", "properties": { "NAME": "Elektrik Trafosu", "SUB_CATEGORY": "Şehiriçi Trafo", "CATEGORY": "Enerji Üretim, Dağıtım", "PHONE": "", "FAX": "", "EMAIL": "", "WEB": "", "ID": 11230025 }, "geometry": { "type": "Point", "coordinates": [ 32.870882, 39.898637 ] } },
{ "type": "Feature", "properties": { "NAME": "Elektrik Trafosu", "SUB_CATEGORY": "Şehiriçi Trafo", "CATEGORY": "Enerji Üretim, Dağıtım", "PHONE": "", "FAX": "", "EMAIL": "", "WEB": "", "ID": 9428287 }, "geometry": { "type": "Point", "coordinates": [ 32.868182, 39.897628 ] } },
{ "type": "Feature", "properties": { "NAME": "Elektrik Trafosu", "SUB_CATEGORY": "Şehiriçi Trafo", "CATEGORY": "Enerji Üretim, Dağıtım", "PHONE": "", "FAX": "", "EMAIL": "", "WEB": "", "ID": 9429567 }, "geometry": { "type": "Point", "coordinates": [ 32.865896, 39.896748 ] } },
{ "type": "Feature", "properties": { "NAME": "Elektrik Trafosu", "SUB_CATEGORY": "Şehiriçi Trafo", "CATEGORY": "Enerji Üretim, Dağıtım", "PHONE": "", "FAX": "", "EMAIL": "", "WEB": "", "ID": 1243976 }, "geometry": { "type": "Point", "coordinates": [ 32.863121, 39.899506 ] } },
{ "type": "Feature", "properties": { "NAME": "Elektrik Trafosu", "SUB_CATEGORY": "Şehiriçi Trafo", "CATEGORY": "Enerji Üretim, Dağıtım", "PHONE": "", "FAX": "", "EMAIL": "", "WEB": "", "ID": 10512922 }, "geometry": { "type": "Point", "coordinates": [ 32.883765, 39.899246 ] } },
{ "type": "Feature", "properties": { "NAME": "Elektrik Trafosu", "SUB_CATEGORY": "Şehiriçi Trafo", "CATEGORY": "Enerji Üretim, Dağıtım", "PHONE": "", "FAX": "", "EMAIL": "", "WEB": "", "ID": 10513936 }, "geometry": { "type": "Point", "coordinates": [ 32.887743, 39.899281 ] } },
{ "type": "Feature", "properties": { "NAME": "Elektrik Trafosu", "SUB_CATEGORY": "Şehiriçi Trafo", "CATEGORY": "Enerji Üretim, Dağıtım", "PHONE": "", "FAX": "", "EMAIL": "", "WEB": "", "ID": 11219377 }, "geometry": { "type": "Point", "coordinates": [ 32.895465, 39.902303 ] } },
{ "type": "Feature", "properties": { "NAME": "Elektrik Trafosu", "SUB_CATEGORY": "Şehiriçi Trafo", "CATEGORY": "Enerji Üretim, Dağıtım", "PHONE": "", "FAX": "", "EMAIL": "", "WEB": "", "ID": 10512882 }, "geometry": { "type": "Point", "coordinates": [ 32.883133, 39.903216 ] } },
{ "type": "Feature", "properties": { "NAME": "Elektrik Trafosu", "SUB_CATEGORY": "Şehiriçi Trafo", "CATEGORY": "Enerji Üretim, Dağıtım", "PHONE": "", "FAX": "", "EMAIL": "", "WEB": "", "ID": 3354000 }, "geometry": { "type": "Point", "coordinates": [ 32.882991, 39.905398 ] } },
{ "type": "Feature", "properties": { "NAME": "Elektrik Trafosu", "SUB_CATEGORY": "Şehiriçi Trafo", "CATEGORY": "Enerji Üretim, Dağıtım", "PHONE": "", "FAX": "", "EMAIL": "", "WEB": "", "ID": 10514203 }, "geometry": { "type": "Point", "coordinates": [ 32.882676, 39.90771 ] } },
{ "type": "Feature", "properties": { "NAME": "Elektrik Trafosu", "SUB_CATEGORY": "Şehiriçi Trafo", "CATEGORY": "Enerji Üretim, Dağıtım", "PHONE": "", "FAX": "", "EMAIL": "", "WEB": "", "ID": 1245845 }, "geometry": { "type": "Point", "coordinates": [ 32.879366, 39.906233 ] } },
{ "type": "Feature", "properties": { "NAME": "Elektrik Trafosu", "SUB_CATEGORY": "Şehiriçi Trafo", "CATEGORY": "Enerji Üretim, Dağıtım", "PHONE": "", "FAX": "", "EMAIL": "", "WEB": "", "ID": 8013643 }, "geometry": { "type": "Point", "coordinates": [ 32.878614, 39.910864 ] } },
{ "type": "Feature", "properties": { "NAME": "Elektrik Trafosu", "SUB_CATEGORY": "Şehiriçi Trafo", "CATEGORY": "Enerji Üretim, Dağıtım", "PHONE": "", "FAX": "", "EMAIL": "", "WEB": "", "ID": 1245827 }, "geometry": { "type": "Point", "coordinates": [ 32.875921, 39.907289 ] } },
{ "type": "Feature", "properties": { "NAME": "Elektrik Trafosu", "SUB_CATEGORY": "Şehiriçi Trafo", "CATEGORY": "Enerji Üretim, Dağıtım", "PHONE": "", "FAX": "", "EMAIL": "", "WEB": "", "ID": 10516684 }, "geometry": { "type": "Point", "coordinates": [ 32.881752, 39.922617 ] } },
{ "type": "Feature", "properties": { "NAME": "Elektrik Trafosu", "SUB_CATEGORY": "Şehiriçi Trafo", "CATEGORY": "Enerji Üretim, Dağıtım", "PHONE": "", "FAX": "", "EMAIL": "", "WEB": "", "ID": 1248154 }, "geometry": { "type": "Point", "coordinates": [ 32.874459, 39.914519 ] } },
{ "type": "Feature", "properties": { "NAME": "Elektrik Trafosu", "SUB_CATEGORY": "Şehiriçi Trafo", "CATEGORY": "Enerji Üretim, Dağıtım", "PHONE": "", "FAX": "", "EMAIL": "", "WEB": "", "ID": 11227363 }, "geometry": { "type": "Point", "coordinates": [ 32.87296, 39.920099 ] } },
{ "type": "Feature", "properties": { "NAME": "Elektrik Trafosu", "SUB_CATEGORY": "Şehiriçi Trafo", "CATEGORY": "Enerji Üretim, Dağıtım", "PHONE": "", "FAX": "", "EMAIL": "", "WEB": "", "ID": 1248159 }, "geometry": { "type": "Point", "coordinates": [ 32.871821, 39.913461 ] } },
{ "type": "Feature", "properties": { "NAME": "Elektrik Trafosu", "SUB_CATEGORY": "Şehiriçi Trafo", "CATEGORY": "Enerji Üretim, Dağıtım", "PHONE": "", "FAX": "", "EMAIL": "", "WEB": "", "ID": 1244787 }, "geometry": { "type": "Point", "coordinates": [ 32.855524, 39.86986 ] } },
{ "type": "Feature", "properties": { "NAME": "Elektrik Trafosu", "SUB_CATEGORY": "Şehiriçi Trafo", "CATEGORY": "Enerji Üretim, Dağıtım", "PHONE": "", "FAX": "", "EMAIL": "", "WEB": "", "ID": 11214902 }, "geometry": { "type": "Point", "coordinates": [ 32.850221, 39.87137 ] } },
{ "type": "Feature", "properties": { "NAME": "Elektrik Trafosu", "SUB_CATEGORY": "Şehiriçi Trafo", "CATEGORY": "Enerji Üretim, Dağıtım", "PHONE": "", "FAX": "", "EMAIL": "", "WEB": "", "ID": 581130 }, "geometry": { "type": "Point", "coordinates": [ 32.855595, 39.86745 ] } },
{ "type": "Feature", "properties": { "NAME": "Elektrik Trafosu", "SUB_CATEGORY": "Şehiriçi Trafo", "CATEGORY": "Enerji Üretim, Dağıtım", "PHONE": "", "FAX": "", "EMAIL": "", "WEB": "", "ID": 10513805 }, "geometry": { "type": "Point", "coordinates": [ 32.8624, 39.864991 ] } },
{ "type": "Feature", "properties": { "NAME": "Elektrik Trafosu", "SUB_CATEGORY": "Şehiriçi Trafo", "CATEGORY": "Enerji Üretim, Dağıtım", "PHONE": "", "FAX": "", "EMAIL": "", "WEB": "", "ID": 10500324 }, "geometry": { "type": "Point", "coordinates": [ 32.856944, 39.865803 ] } },
{ "type": "Feature", "properties": { "NAME": "Elektrik Trafosu", "SUB_CATEGORY": "Şehiriçi Trafo", "CATEGORY": "Enerji Üretim, Dağıtım", "PHONE": "", "FAX": "", "EMAIL": "", "WEB": "", "ID": 8026127 }, "geometry": { "type": "Point", "coordinates": [ 32.856478, 39.862524 ] } },
{ "type": "Feature", "properties": { "NAME": "Elektrik Trafosu", "SUB_CATEGORY": "Şehiriçi Trafo", "CATEGORY": "Enerji Üretim, Dağıtım", "PHONE": "", "FAX": "", "EMAIL": "", "WEB": "", "ID": 10498298 }, "geometry": { "type": "Point", "coordinates": [ 32.853598, 39.863737 ] } },
{ "type": "Feature", "properties": { "NAME": "Elektrik Trafosu", "SUB_CATEGORY": "Şehiriçi Trafo", "CATEGORY": "Enerji Üretim, Dağıtım", "PHONE": "", "FAX": "", "EMAIL": "", "WEB": "", "ID": 1253619 }, "geometry": { "type": "Point", "coordinates": [ 32.850919, 39.864575 ] } },
{ "type": "Feature", "properties": { "NAME": "Elektrik Trafosu", "SUB_CATEGORY": "Şehiriçi Trafo", "CATEGORY": "Enerji Üretim, Dağıtım", "PHONE": "", "FAX": "", "EMAIL": "", "WEB": "", "ID": 1244848 }, "geometry": { "type": "Point", "coordinates": [ 32.854142, 39.861189 ] } },
{ "type": "Feature", "properties": { "NAME": "Elektrik Trafosu", "SUB_CATEGORY": "Şehiriçi Trafo", "CATEGORY": "Enerji Üretim, Dağıtım", "PHONE": "", "FAX": "", "EMAIL": "", "WEB": "", "ID": 3293070 }, "geometry": { "type": "Point", "coordinates": [ 32.852121, 39.856763 ] } },
{ "type": "Feature", "properties": { "NAME": "Elektrik Trafosu", "SUB_CATEGORY": "Şehiriçi Trafo", "CATEGORY": "Enerji Üretim, Dağıtım", "PHONE": "", "FAX": "", "EMAIL": "", "WEB": "", "ID": 11232871 }, "geometry": { "type": "Point", "coordinates": [ 32.853352, 39.857757 ] } },
{ "type": "Feature", "properties": { "NAME": "Elektrik Trafosu", "SUB_CATEGORY": "Şehiriçi Trafo", "CATEGORY": "Enerji Üretim, Dağıtım", "PHONE": "", "FAX": "", "EMAIL": "", "WEB": "", "ID": 1244434 }, "geometry": { "type": "Point", "coordinates": [ 32.856984, 39.856901 ] } },
{ "type": "Feature", "properties": { "NAME": "Elektrik Trafosu", "SUB_CATEGORY": "Şehiriçi Trafo", "CATEGORY": "Enerji Üretim, Dağıtım", "PHONE": "", "FAX": "", "EMAIL": "", "WEB": "", "ID": 11215551 }, "geometry": { "type": "Point", "coordinates": [ 32.845627, 39.856316 ] } },
{ "type": "Feature", "properties": { "NAME": "Direk Üstü Elektrik Trafosu", "SUB_CATEGORY": "Şehiriçi Trafo", "CATEGORY": "Enerji Üretim, Dağıtım", "PHONE": "", "FAX": "", "EMAIL": "", "WEB": "", "ID": 11215546 }, "geometry": { "type": "Point", "coordinates": [ 32.848127, 39.856079 ] } },
{ "type": "Feature", "properties": { "NAME": "Elektrik Trafosu", "SUB_CATEGORY": "Şehiriçi Trafo", "CATEGORY": "Enerji Üretim, Dağıtım", "PHONE": "", "FAX": "", "EMAIL": "", "WEB": "", "ID": 1244410 }, "geometry": { "type": "Point", "coordinates": [ 32.85572, 39.854039 ] } },
{ "type": "Feature", "properties": { "NAME": "Elektrik Trafosu", "SUB_CATEGORY": "Şehiriçi Trafo", "CATEGORY": "Enerji Üretim, Dağıtım", "PHONE": "", "FAX": "", "EMAIL": "", "WEB": "", "ID": 1244381 }, "geometry": { "type": "Point", "coordinates": [ 32.855015, 39.852453 ] } },
{ "type": "Feature", "properties": { "NAME": "Elektrik Trafosu", "SUB_CATEGORY": "Şehiriçi Trafo", "CATEGORY": "Enerji Üretim, Dağıtım", "PHONE": "", "FAX": "", "EMAIL": "", "WEB": "", "ID": 1249954 }, "geometry": { "type": "Point", "coordinates": [ 32.84715, 39.852752 ] } },
{ "type": "Feature", "properties": { "NAME": "Elektrik Trafosu", "SUB_CATEGORY": "Şehiriçi Trafo", "CATEGORY": "Enerji Üretim, Dağıtım", "PHONE": "", "FAX": "", "EMAIL": "", "WEB": "", "ID": 1248534 }, "geometry": { "type": "Point", "coordinates": [ 32.843785, 39.854454 ] } },
{ "type": "Feature", "properties": { "NAME": "Elektrik Trafosu", "SUB_CATEGORY": "Şehiriçi Trafo", "CATEGORY": "Enerji Üretim, Dağıtım", "PHONE": "", "FAX": "", "EMAIL": "", "WEB": "", "ID": 1244392 }, "geometry": { "type": "Point", "coordinates": [ 32.851102, 39.853156 ] } },
{ "type": "Feature", "properties": { "NAME": "Elektrik Trafosu", "SUB_CATEGORY": "Şehiriçi Trafo", "CATEGORY": "Enerji Üretim, Dağıtım", "PHONE": "", "FAX": "", "EMAIL": "", "WEB": "", "ID": 1244391 }, "geometry": { "type": "Point", "coordinates": [ 32.852053, 39.852354 ] } },
{ "type": "Feature", "properties": { "NAME": "Elektrik Trafosu", "SUB_CATEGORY": "Şehiriçi Trafo", "CATEGORY": "Enerji Üretim, Dağıtım", "PHONE": "", "FAX": "", "EMAIL": "", "WEB": "", "ID": 1244378 }, "geometry": { "type": "Point", "coordinates": [ 32.853023, 39.85185 ] } },
{ "type": "Feature", "properties": { "NAME": "Elektrik Trafosu", "SUB_CATEGORY": "Şehiriçi Trafo", "CATEGORY": "Enerji Üretim, Dağıtım", "PHONE": "", "FAX": "", "EMAIL": "", "WEB": "", "ID": 9423108 }, "geometry": { "type": "Point", "coordinates": [ 32.853872, 39.85119 ] } },
{ "type": "Feature", "properties": { "NAME": "Direk Üstü Elektrik Trafosu", "SUB_CATEGORY": "Şehiriçi Trafo", "CATEGORY": "Enerji Üretim, Dağıtım", "PHONE": "", "FAX": "", "EMAIL": "", "WEB": "", "ID": 11215527 }, "geometry": { "type": "Point", "coordinates": [ 32.841354, 39.852731 ] } },
{ "type": "Feature", "properties": { "NAME": "Elektrik Trafosu", "SUB_CATEGORY": "Şehiriçi Trafo", "CATEGORY": "Enerji Üretim, Dağıtım", "PHONE": "", "FAX": "", "EMAIL": "", "WEB": "", "ID": 10500193 }, "geometry": { "type": "Point", "coordinates": [ 32.841385, 39.852516 ] } },
{ "type": "Feature", "properties": { "NAME": "Elektrik Trafosu", "SUB_CATEGORY": "Şehiriçi Trafo", "CATEGORY": "Enerji Üretim, Dağıtım", "PHONE": "", "FAX": "", "EMAIL": "", "WEB": "", "ID": 3674260 }, "geometry": { "type": "Point", "coordinates": [ 32.84554, 39.850433 ] } },
{ "type": "Feature", "properties": { "NAME": "Elektrik Trafosu", "SUB_CATEGORY": "Şehiriçi Trafo", "CATEGORY": "Enerji Üretim, Dağıtım", "PHONE": "", "FAX": "", "EMAIL": "", "WEB": "", "ID": 11216531 }, "geometry": { "type": "Point", "coordinates": [ 32.834551, 39.84896 ] } },
{ "type": "Feature", "properties": { "NAME": "Elektrik Trafosu", "SUB_CATEGORY": "Şehiriçi Trafo", "CATEGORY": "Enerji Üretim, Dağıtım", "PHONE": "", "FAX": "", "EMAIL": "", "WEB": "", "ID": 584606 }, "geometry": { "type": "Point", "coordinates": [ 32.838644, 39.849286 ] } },
{ "type": "Feature", "properties": { "NAME": "Gazmatik - Panora AVM", "SUB_CATEGORY": "Enerji Üretim, Dağıtım/Diğer", "CATEGORY": "Enerji Üretim, Dağıtım", "PHONE": "", "FAX": "", "EMAIL": "", "WEB": "", "ID": 3971698 }, "geometry": { "type": "Point", "coordinates": [ 32.833926, 39.847986 ] } },
{ "type": "Feature", "properties": { "NAME": "Elektrik Trafosu", "SUB_CATEGORY": "Şehiriçi Trafo", "CATEGORY": "Enerji Üretim, Dağıtım", "PHONE": "", "FAX": "", "EMAIL": "", "WEB": "", "ID": 9423375 }, "geometry": { "type": "Point", "coordinates": [ 32.860715, 39.843443 ] } },
{ "type": "Feature", "properties": { "NAME": "Elektrik Trafosu", "SUB_CATEGORY": "Şehiriçi Trafo", "CATEGORY": "Enerji Üretim, Dağıtım", "PHONE": "", "FAX": "", "EMAIL": "", "WEB": "", "ID": 9423383 }, "geometry": { "type": "Point", "coordinates": [ 32.862209, 39.844311 ] } },
{ "type": "Feature", "properties": { "NAME": "Elektrik Trafosu", "SUB_CATEGORY": "Şehiriçi Trafo", "CATEGORY": "Enerji Üretim, Dağıtım", "PHONE": "", "FAX": "", "EMAIL": "", "WEB": "", "ID": 3294560 }, "geometry": { "type": "Point", "coordinates": [ 32.858951, 39.851615 ] } },
{ "type": "Feature", "properties": { "NAME": "Elektrik Trafosu", "SUB_CATEGORY": "Şehiriçi Trafo", "CATEGORY": "Enerji Üretim, Dağıtım", "PHONE": "", "FAX": "", "EMAIL": "", "WEB": "", "ID": 9423572 }, "geometry": { "type": "Point", "coordinates": [ 32.859348, 39.851301 ] } },
{ "type": "Feature", "properties": { "NAME": "Elektrik Trafosu", "SUB_CATEGORY": "Şehiriçi Trafo", "CATEGORY": "Enerji Üretim, Dağıtım", "PHONE": "", "FAX": "", "EMAIL": "", "WEB": "", "ID": 9423536 }, "geometry": { "type": "Point", "coordinates": [ 32.860924, 39.852899 ] } },
{ "type": "Feature", "properties": { "NAME": "Direk Üstü Elektrik Trafosu", "SUB_CATEGORY": "Şehiriçi Trafo", "CATEGORY": "Enerji Üretim, Dağıtım", "PHONE": "", "FAX": "", "EMAIL": "", "WEB": "", "ID": 11215355 }, "geometry": { "type": "Point", "coordinates": [ 32.864991, 39.845842 ] } },
{ "type": "Feature", "properties": { "NAME": "Direk Üstü Elektrik Trafosu", "SUB_CATEGORY": "Şehiriçi Trafo", "CATEGORY": "Enerji Üretim, Dağıtım", "PHONE": "", "FAX": "", "EMAIL": "", "WEB": "", "ID": 11215357 }, "geometry": { "type": "Point", "coordinates": [ 32.865858, 39.846237 ] } },
{ "type": "Feature", "properties": { "NAME": "Direk Üstü Elektrik Trafosu", "SUB_CATEGORY": "Şehiriçi Trafo", "CATEGORY": "Enerji Üretim, Dağıtım", "PHONE": "", "FAX": "", "EMAIL": "", "WEB": "", "ID": 11214977 }, "geometry": { "type": "Point", "coordinates": [ 32.870336, 39.848887 ] } },
{ "type": "Feature", "properties": { "NAME": "Elektrik Trafosu", "SUB_CATEGORY": "Şehiriçi Trafo", "CATEGORY": "Enerji Üretim, Dağıtım", "PHONE": "", "FAX": "", "EMAIL": "", "WEB": "", "ID": 11215347 }, "geometry": { "type": "Point", "coordinates": [ 32.857768, 39.838555 ] } },
{ "type": "Feature", "properties": { "NAME": "Elektrik Trafosu", "SUB_CATEGORY": "Şehiriçi Trafo", "CATEGORY": "Enerji Üretim, Dağıtım", "PHONE": "", "FAX": "", "EMAIL": "", "WEB": "", "ID": 2134204 }, "geometry": { "type": "Point", "coordinates": [ 32.846426, 39.828392 ] } },
{ "type": "Feature", "properties": { "NAME": "Direk Üstü Elektrik Trafosu", "SUB_CATEGORY": "Şehiriçi Trafo", "CATEGORY": "Enerji Üretim, Dağıtım", "PHONE": "", "FAX": "", "EMAIL": "", "WEB": "", "ID": 11215121 }, "geometry": { "type": "Point", "coordinates": [ 32.854321, 39.825049 ] } },
{ "type": "Feature", "properties": { "NAME": "Direk Üstü Elektrik Trafosu", "SUB_CATEGORY": "Şehiriçi Trafo", "CATEGORY": "Enerji Üretim, Dağıtım", "PHONE": "", "FAX": "", "EMAIL": "", "WEB": "", "ID": 10514340 }, "geometry": { "type": "Point", "coordinates": [ 32.854927, 39.824493 ] } },
{ "type": "Feature", "properties": { "NAME": "Direk Üstü Elektrik Trafosu", "SUB_CATEGORY": "Şehiriçi Trafo", "CATEGORY": "Enerji Üretim, Dağıtım", "PHONE": "", "FAX": "", "EMAIL": "", "WEB": "", "ID": 11215300 }, "geometry": { "type": "Point", "coordinates": [ 32.855409, 39.82343 ] } },
{ "type": "Feature", "properties": { "NAME": "Direk Üstü Elektrik Trafosu", "SUB_CATEGORY": "Şehiriçi Trafo", "CATEGORY": "Enerji Üretim, Dağıtım", "PHONE": "", "FAX": "", "EMAIL": "", "WEB": "", "ID": 10514195 }, "geometry": { "type": "Point", "coordinates": [ 32.88653, 39.81864 ] } },
{ "type": "Feature", "properties": { "NAME": "Direk Üstü Elektrik Trafosu", "SUB_CATEGORY": "Şehiriçi Trafo", "CATEGORY": "Enerji Üretim, Dağıtım", "PHONE": "", "FAX": "", "EMAIL": "", "WEB": "", "ID": 11215118 }, "geometry": { "type": "Point", "coordinates": [ 32.855765, 39.823619 ] } },
{ "type": "Feature", "properties": { "NAME": "Direk Üstü Elektrik Trafosu", "SUB_CATEGORY": "Şehiriçi Trafo", "CATEGORY": "Enerji Üretim, Dağıtım", "PHONE": "", "FAX": "", "EMAIL": "", "WEB": "", "ID": 11215119 }, "geometry": { "type": "Point", "coordinates": [ 32.855725, 39.823671 ] } },
{ "type": "Feature", "properties": { "NAME": "Direk Üstü Elektrik Trafosu", "SUB_CATEGORY": "Şehiriçi Trafo", "CATEGORY": "Enerji Üretim, Dağıtım", "PHONE": "", "FAX": "", "EMAIL": "", "WEB": "", "ID": 10514172 }, "geometry": { "type": "Point", "coordinates": [ 32.877912, 39.827467 ] } },
{ "type": "Feature", "properties": { "NAME": "Direk Üstü Elektrik Trafosu", "SUB_CATEGORY": "Şehiriçi Trafo", "CATEGORY": "Enerji Üretim, Dağıtım", "PHONE": "", "FAX": "", "EMAIL": "", "WEB": "", "ID": 10514294 }, "geometry": { "type": "Point", "coordinates": [ 32.890831, 39.814104 ] } },
{ "type": "Feature", "properties": { "NAME": "Direk Üstü Elektrik Trafosu", "SUB_CATEGORY": "Şehiriçi Trafo", "CATEGORY": "Enerji Üretim, Dağıtım", "PHONE": "", "FAX": "", "EMAIL": "", "WEB": "", "ID": 11215136 }, "geometry": { "type": "Point", "coordinates": [ 32.890588, 39.814224 ] } },
{ "type": "Feature", "properties": { "NAME": "Elektrik Trafosu", "SUB_CATEGORY": "Şehiriçi Trafo", "CATEGORY": "Enerji Üretim, Dağıtım", "PHONE": "", "FAX": "", "EMAIL": "", "WEB": "", "ID": 9439542 }, "geometry": { "type": "Point", "coordinates": [ 32.835837, 39.814089 ] } },
{ "type": "Feature", "properties": { "NAME": "Elektrik Trafosu", "SUB_CATEGORY": "Şehiriçi Trafo", "CATEGORY": "Enerji Üretim, Dağıtım", "PHONE": "", "FAX": "", "EMAIL": "", "WEB": "", "ID": 1250328 }, "geometry": { "type": "Point", "coordinates": [ 32.891456, 39.873657 ] } },
{ "type": "Feature", "properties": { "NAME": "Elektrik Trafosu", "SUB_CATEGORY": "Şehiriçi Trafo", "CATEGORY": "Enerji Üretim, Dağıtım", "PHONE": "", "FAX": "", "EMAIL": "", "WEB": "", "ID": 573779 }, "geometry": { "type": "Point", "coordinates": [ 32.879254, 39.873515 ] } },
{ "type": "Feature", "properties": { "NAME": "Elektrik Trafosu", "SUB_CATEGORY": "Şehiriçi Trafo", "CATEGORY": "Enerji Üretim, Dağıtım", "PHONE": "", "FAX": "", "EMAIL": "", "WEB": "", "ID": 1850236 }, "geometry": { "type": "Point", "coordinates": [ 32.876261, 39.87468 ] } },
{ "type": "Feature", "properties": { "NAME": "Elektrik Trafosu", "SUB_CATEGORY": "Şehiriçi Trafo", "CATEGORY": "Enerji Üretim, Dağıtım", "PHONE": "", "FAX": "", "EMAIL": "", "WEB": "", "ID": 1253596 }, "geometry": { "type": "Point", "coordinates": [ 32.869396, 39.868107 ] } },
{ "type": "Feature", "properties": { "NAME": "Elektrik Trafosu", "SUB_CATEGORY": "Şehiriçi Trafo", "CATEGORY": "Enerji Üretim, Dağıtım", "PHONE": "", "FAX": "", "EMAIL": "", "WEB": "", "ID": 9426832 }, "geometry": { "type": "Point", "coordinates": [ 32.86971, 39.867512 ] } },
{ "type": "Feature", "properties": { "NAME": "Elektrik Trafosu", "SUB_CATEGORY": "Şehiriçi Trafo", "CATEGORY": "Enerji Üretim, Dağıtım", "PHONE": "", "FAX": "", "EMAIL": "", "WEB": "", "ID": 8042978 }, "geometry": { "type": "Point", "coordinates": [ 32.869745, 39.866352 ] } },
{ "type": "Feature", "properties": { "NAME": "Direk Üstü Elektrik Trafosu", "SUB_CATEGORY": "Şehiriçi Trafo", "CATEGORY": "Enerji Üretim, Dağıtım", "PHONE": "", "FAX": "", "EMAIL": "", "WEB": "", "ID": 1253429 }, "geometry": { "type": "Point", "coordinates": [ 32.87502, 39.861113 ] } },
{ "type": "Feature", "properties": { "NAME": "Direk Üstü Elektrik Trafosu", "SUB_CATEGORY": "Şehiriçi Trafo", "CATEGORY": "Enerji Üretim, Dağıtım", "PHONE": "", "FAX": "", "EMAIL": "", "WEB": "", "ID": 11214987 }, "geometry": { "type": "Point", "coordinates": [ 32.879944, 39.866526 ] } },
{ "type": "Feature", "properties": { "NAME": "Direk Üstü Elektrik Trafosu", "SUB_CATEGORY": "Şehiriçi Trafo", "CATEGORY": "Enerji Üretim, Dağıtım", "PHONE": "", "FAX": "", "EMAIL": "", "WEB": "", "ID": 11215012 }, "geometry": { "type": "Point", "coordinates": [ 32.87945, 39.861112 ] } },
{ "type": "Feature", "properties": { "NAME": "Elektrik Trafosu", "SUB_CATEGORY": "Şehiriçi Trafo", "CATEGORY": "Enerji Üretim, Dağıtım", "PHONE": "", "FAX": "", "EMAIL": "", "WEB": "", "ID": 10517172 }, "geometry": { "type": "Point", "coordinates": [ 32.869505, 39.870495 ] } },
{ "type": "Feature", "properties": { "NAME": "Elektrik Trafosu", "SUB_CATEGORY": "Şehiriçi Trafo", "CATEGORY": "Enerji Üretim, Dağıtım", "PHONE": "", "FAX": "", "EMAIL": "", "WEB": "", "ID": 1249996 }, "geometry": { "type": "Point", "coordinates": [ 32.872455, 39.869735 ] } },
{ "type": "Feature", "properties": { "NAME": "Elektrik Trafosu", "SUB_CATEGORY": "Şehiriçi Trafo", "CATEGORY": "Enerji Üretim, Dağıtım", "PHONE": "", "FAX": "", "EMAIL": "", "WEB": "", "ID": 1248657 }, "geometry": { "type": "Point", "coordinates": [ 32.866069, 39.871064 ] } },
{ "type": "Feature", "properties": { "NAME": "Elektrik Trafosu", "SUB_CATEGORY": "Şehiriçi Trafo", "CATEGORY": "Enerji Üretim, Dağıtım", "PHONE": "", "FAX": "", "EMAIL": "", "WEB": "", "ID": 3318372 }, "geometry": { "type": "Point", "coordinates": [ 32.863399, 39.866059 ] } },
{ "type": "Feature", "properties": { "NAME": "Elektrik Trafosu", "SUB_CATEGORY": "Şehiriçi Trafo", "CATEGORY": "Enerji Üretim, Dağıtım", "PHONE": "", "FAX": "", "EMAIL": "", "WEB": "", "ID": 1248650 }, "geometry": { "type": "Point", "coordinates": [ 32.862407, 39.87326 ] } },
{ "type": "Feature", "properties": { "NAME": "Elektrik Trafosu", "SUB_CATEGORY": "Şehiriçi Trafo", "CATEGORY": "Enerji Üretim, Dağıtım", "PHONE": "", "FAX": "", "EMAIL": "", "WEB": "", "ID": 10539984 }, "geometry": { "type": "Point", "coordinates": [ 32.863643, 39.874974 ] } },
{ "type": "Feature", "properties": { "NAME": "Gazmatik - Cihan İş Merkezi Şubesi", "SUB_CATEGORY": "Enerji Üretim, Dağıtım/Diğer", "CATEGORY": "Enerji Üretim, Dağıtım", "PHONE": "", "FAX": "", "EMAIL": "", "WEB": "", "ID": 3971685 }, "geometry": { "type": "Point", "coordinates": [ 32.862681, 39.874877 ] } },
{ "type": "Feature", "properties": { "NAME": "Elektrik Trafosu", "SUB_CATEGORY": "Şehiriçi Trafo", "CATEGORY": "Enerji Üretim, Dağıtım", "PHONE": "", "FAX": "", "EMAIL": "", "WEB": "", "ID": 8043016 }, "geometry": { "type": "Point", "coordinates": [ 32.860646, 39.874439 ] } },
{ "type": "Feature", "properties": { "NAME": "Elektrik Trafosu", "SUB_CATEGORY": "Şehiriçi Trafo", "CATEGORY": "Enerji Üretim, Dağıtım", "PHONE": "", "FAX": "", "EMAIL": "", "WEB": "", "ID": 1248599 }, "geometry": { "type": "Point", "coordinates": [ 32.86331, 39.875831 ] } },
{ "type": "Feature", "properties": { "NAME": "Elektrik Trafosu", "SUB_CATEGORY": "Şehiriçi Trafo", "CATEGORY": "Enerji Üretim, Dağıtım", "PHONE": "", "FAX": "", "EMAIL": "", "WEB": "", "ID": 1244803 }, "geometry": { "type": "Point", "coordinates": [ 32.857724, 39.871517 ] } },
{ "type": "Feature", "properties": { "NAME": "Elektrik Trafosu", "SUB_CATEGORY": "Şehiriçi Trafo", "CATEGORY": "Enerji Üretim, Dağıtım", "PHONE": "", "FAX": "", "EMAIL": "", "WEB": "", "ID": 3320331 }, "geometry": { "type": "Point", "coordinates": [ 32.855039, 39.873164 ] } },
{ "type": "Feature", "properties": { "NAME": "Elektrik Trafosu", "SUB_CATEGORY": "Şehiriçi Trafo", "CATEGORY": "Enerji Üretim, Dağıtım", "PHONE": "", "FAX": "", "EMAIL": "", "WEB": "", "ID": 9425222 }, "geometry": { "type": "Point", "coordinates": [ 32.85037, 39.873295 ] } },
{ "type": "Feature", "properties": { "NAME": "Elektrik Trafosu", "SUB_CATEGORY": "Şehiriçi Trafo", "CATEGORY": "Enerji Üretim, Dağıtım", "PHONE": "", "FAX": "", "EMAIL": "", "WEB": "", "ID": 11231592 }, "geometry": { "type": "Point", "coordinates": [ 32.852364, 39.875762 ] } },
{ "type": "Feature", "properties": { "NAME": "TEİAŞ 8. Bölge Müdürlüğü Çankaya Elektrik Trafo Merkezi", "SUB_CATEGORY": "Trafo Dağıtım Merkezi", "CATEGORY": "Enerji Üretim, Dağıtım", "PHONE": "", "FAX": "", "EMAIL": "", "WEB": "", "ID": 720247 }, "geometry": { "type": "Point", "coordinates": [ 32.881914, 39.879231 ] } },
{ "type": "Feature", "properties": { "NAME": "Elektrik Trafosu", "SUB_CATEGORY": "Şehiriçi Trafo", "CATEGORY": "Enerji Üretim, Dağıtım", "PHONE": "", "FAX": "", "EMAIL": "", "WEB": "", "ID": 1250232 }, "geometry": { "type": "Point", "coordinates": [ 32.875352, 39.8835 ] } },
{ "type": "Feature", "properties": { "NAME": "Elektrik Trafosu", "SUB_CATEGORY": "Şehiriçi Trafo", "CATEGORY": "Enerji Üretim, Dağıtım", "PHONE": "", "FAX": "", "EMAIL": "", "WEB": "", "ID": 1250214 }, "geometry": { "type": "Point", "coordinates": [ 32.871115, 39.881339 ] } },
{ "type": "Feature", "properties": { "NAME": "Elektrik Trafosu", "SUB_CATEGORY": "Şehiriçi Trafo", "CATEGORY": "Enerji Üretim, Dağıtım", "PHONE": "", "FAX": "", "EMAIL": "", "WEB": "", "ID": 3305296 }, "geometry": { "type": "Point", "coordinates": [ 32.871038, 39.887993 ] } },
{ "type": "Feature", "properties": { "NAME": "Elektrik Trafosu", "SUB_CATEGORY": "Şehiriçi Trafo", "CATEGORY": "Enerji Üretim, Dağıtım", "PHONE": "", "FAX": "", "EMAIL": "", "WEB": "", "ID": 10512848 }, "geometry": { "type": "Point", "coordinates": [ 32.875161, 39.888109 ] } },
{ "type": "Feature", "properties": { "NAME": "Elektrik Trafosu", "SUB_CATEGORY": "Şehiriçi Trafo", "CATEGORY": "Enerji Üretim, Dağıtım", "PHONE": "", "FAX": "", "EMAIL": "", "WEB": "", "ID": 929237 }, "geometry": { "type": "Point", "coordinates": [ 32.866574, 39.880758 ] } },
{ "type": "Feature", "properties": { "NAME": "Elektrik Trafosu", "SUB_CATEGORY": "Şehiriçi Trafo", "CATEGORY": "Enerji Üretim, Dağıtım", "PHONE": "", "FAX": "", "EMAIL": "", "WEB": "", "ID": 11216537 }, "geometry": { "type": "Point", "coordinates": [ 32.865907, 39.876645 ] } },
{ "type": "Feature", "properties": { "NAME": "Elektrik Trafosu", "SUB_CATEGORY": "Şehiriçi Trafo", "CATEGORY": "Enerji Üretim, Dağıtım", "PHONE": "", "FAX": "", "EMAIL": "", "WEB": "", "ID": 1248381 }, "geometry": { "type": "Point", "coordinates": [ 32.86936, 39.893025 ] } },
{ "type": "Feature", "properties": { "NAME": "Elektrik Trafosu", "SUB_CATEGORY": "Şehiriçi Trafo", "CATEGORY": "Enerji Üretim, Dağıtım", "PHONE": "", "FAX": "", "EMAIL": "", "WEB": "", "ID": 1250513 }, "geometry": { "type": "Point", "coordinates": [ 32.861903, 39.878174 ] } },
{ "type": "Feature", "properties": { "NAME": "Elektrik Trafosu", "SUB_CATEGORY": "Şehiriçi Trafo", "CATEGORY": "Enerji Üretim, Dağıtım", "PHONE": "", "FAX": "", "EMAIL": "", "WEB": "", "ID": 1250507 }, "geometry": { "type": "Point", "coordinates": [ 32.856784, 39.87958 ] } },
{ "type": "Feature", "properties": { "NAME": "Elektrik Trafosu", "SUB_CATEGORY": "Şehiriçi Trafo", "CATEGORY": "Enerji Üretim, Dağıtım", "PHONE": "", "FAX": "", "EMAIL": "", "WEB": "", "ID": 1250508 }, "geometry": { "type": "Point", "coordinates": [ 32.859751, 39.879929 ] } },
{ "type": "Feature", "properties": { "NAME": "Elektrik Trafosu", "SUB_CATEGORY": "Şehiriçi Trafo", "CATEGORY": "Enerji Üretim, Dağıtım", "PHONE": "", "FAX": "", "EMAIL": "", "WEB": "", "ID": 1249994 }, "geometry": { "type": "Point", "coordinates": [ 32.866388, 39.882097 ] } },
{ "type": "Feature", "properties": { "NAME": "Elektrik Trafosu", "SUB_CATEGORY": "Şehiriçi Trafo", "CATEGORY": "Enerji Üretim, Dağıtım", "PHONE": "", "FAX": "", "EMAIL": "", "WEB": "", "ID": 580694 }, "geometry": { "type": "Point", "coordinates": [ 32.85835, 39.87799 ] } },
{ "type": "Feature", "properties": { "NAME": "Elektrik Trafosu", "SUB_CATEGORY": "Şehiriçi Trafo", "CATEGORY": "Enerji Üretim, Dağıtım", "PHONE": "", "FAX": "", "EMAIL": "", "WEB": "", "ID": 11214910 }, "geometry": { "type": "Point", "coordinates": [ 32.85653, 39.883082 ] } },
{ "type": "Feature", "properties": { "NAME": "Elektrik Trafosu", "SUB_CATEGORY": "Şehiriçi Trafo", "CATEGORY": "Enerji Üretim, Dağıtım", "PHONE": "", "FAX": "", "EMAIL": "", "WEB": "", "ID": 1849856 }, "geometry": { "type": "Point", "coordinates": [ 32.856951, 39.881343 ] } },
{ "type": "Feature", "properties": { "NAME": "Elektrik Trafosu", "SUB_CATEGORY": "Şehiriçi Trafo", "CATEGORY": "Enerji Üretim, Dağıtım", "PHONE": "", "FAX": "", "EMAIL": "", "WEB": "", "ID": 10520981 }, "geometry": { "type": "Point", "coordinates": [ 32.860618, 39.891846 ] } },
{ "type": "Feature", "properties": { "NAME": "Elektrik Trafosu", "SUB_CATEGORY": "Şehiriçi Trafo", "CATEGORY": "Enerji Üretim, Dağıtım", "PHONE": "", "FAX": "", "EMAIL": "", "WEB": "", "ID": 9429342 }, "geometry": { "type": "Point", "coordinates": [ 32.859089, 39.888265 ] } },
{ "type": "Feature", "properties": { "NAME": "Elektrik Trafosu", "SUB_CATEGORY": "Şehiriçi Trafo", "CATEGORY": "Enerji Üretim, Dağıtım", "PHONE": "", "FAX": "", "EMAIL": "", "WEB": "", "ID": 3377112 }, "geometry": { "type": "Point", "coordinates": [ 32.863367, 39.896412 ] } },
{ "type": "Feature", "properties": { "NAME": "Elektrik Trafosu", "SUB_CATEGORY": "Şehiriçi Trafo", "CATEGORY": "Enerji Üretim, Dağıtım", "PHONE": "", "FAX": "", "EMAIL": "", "WEB": "", "ID": 1253377 }, "geometry": { "type": "Point", "coordinates": [ 32.862021, 39.896777 ] } },
{ "type": "Feature", "properties": { "NAME": "Elektrik Trafosu", "SUB_CATEGORY": "Şehiriçi Trafo", "CATEGORY": "Enerji Üretim, Dağıtım", "PHONE": "", "FAX": "", "EMAIL": "", "WEB": "", "ID": 11230399 }, "geometry": { "type": "Point", "coordinates": [ 32.860431, 39.893458 ] } },
{ "type": "Feature", "properties": { "NAME": "Elektrik Trafosu", "SUB_CATEGORY": "Şehiriçi Trafo", "CATEGORY": "Enerji Üretim, Dağıtım", "PHONE": "", "FAX": "", "EMAIL": "", "WEB": "", "ID": 11214985 }, "geometry": { "type": "Point", "coordinates": [ 32.855316, 39.88272 ] } },
{ "type": "Feature", "properties": { "NAME": "Elektrik Trafosu", "SUB_CATEGORY": "Şehiriçi Trafo", "CATEGORY": "Enerji Üretim, Dağıtım", "PHONE": "", "FAX": "", "EMAIL": "", "WEB": "", "ID": 1158641 }, "geometry": { "type": "Point", "coordinates": [ 32.881778, 39.930733 ] } },
{ "type": "Feature", "properties": { "NAME": "Elektrik Trafosu", "SUB_CATEGORY": "Şehiriçi Trafo", "CATEGORY": "Enerji Üretim, Dağıtım", "PHONE": "", "FAX": "", "EMAIL": "", "WEB": "", "ID": 10514927 }, "geometry": { "type": "Point", "coordinates": [ 32.880142, 39.928052 ] } },
{ "type": "Feature", "properties": { "NAME": "Elektrik Trafosu", "SUB_CATEGORY": "Şehiriçi Trafo", "CATEGORY": "Enerji Üretim, Dağıtım", "PHONE": "", "FAX": "", "EMAIL": "", "WEB": "", "ID": 1245854 }, "geometry": { "type": "Point", "coordinates": [ 32.879461, 39.903996 ] } },
{ "type": "Feature", "properties": { "NAME": "Elektrik Trafosu", "SUB_CATEGORY": "Şehiriçi Trafo", "CATEGORY": "Enerji Üretim, Dağıtım", "PHONE": "", "FAX": "", "EMAIL": "", "WEB": "", "ID": 1245865 }, "geometry": { "type": "Point", "coordinates": [ 32.878921, 39.902322 ] } },
{ "type": "Feature", "properties": { "NAME": "Elektrik Trafosu", "SUB_CATEGORY": "Şehiriçi Trafo", "CATEGORY": "Enerji Üretim, Dağıtım", "PHONE": "", "FAX": "", "EMAIL": "", "WEB": "", "ID": 1861033 }, "geometry": { "type": "Point", "coordinates": [ 32.876867, 39.899526 ] } },
{ "type": "Feature", "properties": { "NAME": "Elektrik Trafosu", "SUB_CATEGORY": "Şehiriçi Trafo", "CATEGORY": "Enerji Üretim, Dağıtım", "PHONE": "", "FAX": "", "EMAIL": "", "WEB": "", "ID": 9419728 }, "geometry": { "type": "Point", "coordinates": [ 32.875699, 39.902062 ] } },
{ "type": "Feature", "properties": { "NAME": "Elektrik Trafosu", "SUB_CATEGORY": "Şehiriçi Trafo", "CATEGORY": "Enerji Üretim, Dağıtım", "PHONE": "", "FAX": "", "EMAIL": "", "WEB": "", "ID": 1253410 }, "geometry": { "type": "Point", "coordinates": [ 32.875272, 39.903577 ] } },
{ "type": "Feature", "properties": { "NAME": "Elektrik Trafosu", "SUB_CATEGORY": "Şehiriçi Trafo", "CATEGORY": "Enerji Üretim, Dağıtım", "PHONE": "", "FAX": "", "EMAIL": "", "WEB": "", "ID": 8013756 }, "geometry": { "type": "Point", "coordinates": [ 32.872801, 39.905393 ] } },
{ "type": "Feature", "properties": { "NAME": "Elektrik Trafosu", "SUB_CATEGORY": "Şehiriçi Trafo", "CATEGORY": "Enerji Üretim, Dağıtım", "PHONE": "", "FAX": "", "EMAIL": "", "WEB": "", "ID": 10512919 }, "geometry": { "type": "Point", "coordinates": [ 32.87183, 39.903406 ] } },
{ "type": "Feature", "properties": { "NAME": "Elektrik Trafosu", "SUB_CATEGORY": "Şehiriçi Trafo", "CATEGORY": "Enerji Üretim, Dağıtım", "PHONE": "", "FAX": "", "EMAIL": "", "WEB": "", "ID": 1245811 }, "geometry": { "type": "Point", "coordinates": [ 32.873412, 39.908479 ] } },
{ "type": "Feature", "properties": { "NAME": "Elektrik Trafosu", "SUB_CATEGORY": "Şehiriçi Trafo", "CATEGORY": "Enerji Üretim, Dağıtım", "PHONE": "", "FAX": "", "EMAIL": "", "WEB": "", "ID": 1245584 }, "geometry": { "type": "Point", "coordinates": [ 32.868549, 39.905546 ] } },
{ "type": "Feature", "properties": { "NAME": "Elektrik Trafosu", "SUB_CATEGORY": "Şehiriçi Trafo", "CATEGORY": "Enerji Üretim, Dağıtım", "PHONE": "", "FAX": "", "EMAIL": "", "WEB": "", "ID": 11238821 }, "geometry": { "type": "Point", "coordinates": [ 32.870513, 39.907306 ] } },
{ "type": "Feature", "properties": { "NAME": "Direk Üstü Elektrik Trafosu", "SUB_CATEGORY": "Şehiriçi Trafo", "CATEGORY": "Enerji Üretim, Dağıtım", "PHONE": "", "FAX": "", "EMAIL": "", "WEB": "", "ID": 11238947 }, "geometry": { "type": "Point", "coordinates": [ 32.869182, 39.908723 ] } },
{ "type": "Feature", "properties": { "NAME": "Direk Üstü Elektrik Trafosu", "SUB_CATEGORY": "Şehiriçi Trafo", "CATEGORY": "Enerji Üretim, Dağıtım", "PHONE": "", "FAX": "", "EMAIL": "", "WEB": "", "ID": 10516652 }, "geometry": { "type": "Point", "coordinates": [ 32.870631, 39.911128 ] } },
{ "type": "Feature", "properties": { "NAME": "Elektrik Trafosu", "SUB_CATEGORY": "Şehiriçi Trafo", "CATEGORY": "Enerji Üretim, Dağıtım", "PHONE": "", "FAX": "", "EMAIL": "", "WEB": "", "ID": 11221865 }, "geometry": { "type": "Point", "coordinates": [ 32.865224, 39.905655 ] } },
{ "type": "Feature", "properties": { "NAME": "Elektrik Trafosu", "SUB_CATEGORY": "Şehiriçi Trafo", "CATEGORY": "Enerji Üretim, Dağıtım", "PHONE": "", "FAX": "", "EMAIL": "", "WEB": "", "ID": 825073 }, "geometry": { "type": "Point", "coordinates": [ 32.862583, 39.921026 ] } },
{ "type": "Feature", "properties": { "NAME": "Elektrik Trafosu", "SUB_CATEGORY": "Şehiriçi Trafo", "CATEGORY": "Enerji Üretim, Dağıtım", "PHONE": "", "FAX": "", "EMAIL": "", "WEB": "", "ID": 3383164 }, "geometry": { "type": "Point", "coordinates": [ 32.862333, 39.922126 ] } },
{ "type": "Feature", "properties": { "NAME": "Elektrik Trafosu", "SUB_CATEGORY": "Şehiriçi Trafo", "CATEGORY": "Enerji Üretim, Dağıtım", "PHONE": "", "FAX": "", "EMAIL": "", "WEB": "", "ID": 10517063 }, "geometry": { "type": "Point", "coordinates": [ 32.866022, 39.917105 ] } },
{ "type": "Feature", "properties": { "NAME": "Elektrik Trafosu", "SUB_CATEGORY": "Şehiriçi Trafo", "CATEGORY": "Enerji Üretim, Dağıtım", "PHONE": "", "FAX": "", "EMAIL": "", "WEB": "", "ID": 1249736 }, "geometry": { "type": "Point", "coordinates": [ 32.864512, 39.920478 ] } },
{ "type": "Feature", "properties": { "NAME": "Elektrik Trafosu", "SUB_CATEGORY": "Şehiriçi Trafo", "CATEGORY": "Enerji Üretim, Dağıtım", "PHONE": "", "FAX": "", "EMAIL": "", "WEB": "", "ID": 11219648 }, "geometry": { "type": "Point", "coordinates": [ 32.870379, 39.917589 ] } },
{ "type": "Feature", "properties": { "NAME": "Elektrik Trafosu", "SUB_CATEGORY": "Şehiriçi Trafo", "CATEGORY": "Enerji Üretim, Dağıtım", "PHONE": "", "FAX": "", "EMAIL": "", "WEB": "", "ID": 1158480 }, "geometry": { "type": "Point", "coordinates": [ 32.871602, 39.91869 ] } },
{ "type": "Feature", "properties": { "NAME": "Elektrik Trafosu", "SUB_CATEGORY": "Şehiriçi Trafo", "CATEGORY": "Enerji Üretim, Dağıtım", "PHONE": "", "FAX": "", "EMAIL": "", "WEB": "", "ID": 10515841 }, "geometry": { "type": "Point", "coordinates": [ 32.867168, 39.922583 ] } },
{ "type": "Feature", "properties": { "NAME": "Elektrik Trafosu", "SUB_CATEGORY": "Şehiriçi Trafo", "CATEGORY": "Enerji Üretim, Dağıtım", "PHONE": "", "FAX": "", "EMAIL": "", "WEB": "", "ID": 3383502 }, "geometry": { "type": "Point", "coordinates": [ 32.868421, 39.921579 ] } },
{ "type": "Feature", "properties": { "NAME": "Elektrik Trafosu", "SUB_CATEGORY": "Şehiriçi Trafo", "CATEGORY": "Enerji Üretim, Dağıtım", "PHONE": "", "FAX": "", "EMAIL": "", "WEB": "", "ID": 10515535 }, "geometry": { "type": "Point", "coordinates": [ 32.863895, 39.924263 ] } },
{ "type": "Feature", "properties": { "NAME": "Elektrik Trafosu", "SUB_CATEGORY": "Şehiriçi Trafo", "CATEGORY": "Enerji Üretim, Dağıtım", "PHONE": "", "FAX": "", "EMAIL": "", "WEB": "", "ID": 10516212 }, "geometry": { "type": "Point", "coordinates": [ 32.862253, 39.924653 ] } },
{ "type": "Feature", "properties": { "NAME": "Elektrik Trafosu", "SUB_CATEGORY": "Şehiriçi Trafo", "CATEGORY": "Enerji Üretim, Dağıtım", "PHONE": "", "FAX": "", "EMAIL": "", "WEB": "", "ID": 10516255 }, "geometry": { "type": "Point", "coordinates": [ 32.872319, 39.922013 ] } },
{ "type": "Feature", "properties": { "NAME": "Elektrik Trafosu", "SUB_CATEGORY": "Şehiriçi Trafo", "CATEGORY": "Enerji Üretim, Dağıtım", "PHONE": "", "FAX": "", "EMAIL": "", "WEB": "", "ID": 1159289 }, "geometry": { "type": "Point", "coordinates": [ 32.872192, 39.922918 ] } },
{ "type": "Feature", "properties": { "NAME": "Elektrik Trafosu", "SUB_CATEGORY": "Şehiriçi Trafo", "CATEGORY": "Enerji Üretim, Dağıtım", "PHONE": "", "FAX": "", "EMAIL": "", "WEB": "", "ID": 1158659 }, "geometry": { "type": "Point", "coordinates": [ 32.872585, 39.925054 ] } },
{ "type": "Feature", "properties": { "NAME": "Elektrik Trafosu", "SUB_CATEGORY": "Şehiriçi Trafo", "CATEGORY": "Enerji Üretim, Dağıtım", "PHONE": "", "FAX": "", "EMAIL": "", "WEB": "", "ID": 1861584 }, "geometry": { "type": "Point", "coordinates": [ 32.865751, 39.925161 ] } },
{ "type": "Feature", "properties": { "NAME": "Elektrik Trafosu", "SUB_CATEGORY": "Şehiriçi Trafo", "CATEGORY": "Enerji Üretim, Dağıtım", "PHONE": "", "FAX": "", "EMAIL": "", "WEB": "", "ID": 3352100 }, "geometry": { "type": "Point", "coordinates": [ 32.86906, 39.927466 ] } },
{ "type": "Feature", "properties": { "NAME": "Elektrik Trafosu", "SUB_CATEGORY": "Şehiriçi Trafo", "CATEGORY": "Enerji Üretim, Dağıtım", "PHONE": "", "FAX": "", "EMAIL": "", "WEB": "", "ID": 10518552 }, "geometry": { "type": "Point", "coordinates": [ 32.864256, 39.92803 ] } },
{ "type": "Feature", "properties": { "NAME": "Elektrik Trafosu", "SUB_CATEGORY": "Şehiriçi Trafo", "CATEGORY": "Enerji Üretim, Dağıtım", "PHONE": "", "FAX": "", "EMAIL": "", "WEB": "", "ID": 10517025 }, "geometry": { "type": "Point", "coordinates": [ 32.873468, 39.926046 ] } },
{ "type": "Feature", "properties": { "NAME": "Elektrik Trafosu", "SUB_CATEGORY": "Şehiriçi Trafo", "CATEGORY": "Enerji Üretim, Dağıtım", "PHONE": "", "FAX": "", "EMAIL": "", "WEB": "", "ID": 10514711 }, "geometry": { "type": "Point", "coordinates": [ 32.871287, 39.93142 ] } },
{ "type": "Feature", "properties": { "NAME": "Elektrik Trafosu", "SUB_CATEGORY": "Şehiriçi Trafo", "CATEGORY": "Enerji Üretim, Dağıtım", "PHONE": "", "FAX": "", "EMAIL": "", "WEB": "", "ID": 10516698 }, "geometry": { "type": "Point", "coordinates": [ 32.877745, 39.929757 ] } },
{ "type": "Feature", "properties": { "NAME": "Elektrik Trafosu", "SUB_CATEGORY": "Şehiriçi Trafo", "CATEGORY": "Enerji Üretim, Dağıtım", "PHONE": "", "FAX": "", "EMAIL": "", "WEB": "", "ID": 10514810 }, "geometry": { "type": "Point", "coordinates": [ 32.874098, 39.932699 ] } },
{ "type": "Feature", "properties": { "NAME": "Elektrik Trafosu", "SUB_CATEGORY": "Şehiriçi Trafo", "CATEGORY": "Enerji Üretim, Dağıtım", "PHONE": "", "FAX": "", "EMAIL": "", "WEB": "", "ID": 10515248 }, "geometry": { "type": "Point", "coordinates": [ 32.876992, 39.931086 ] } },
{ "type": "Feature", "properties": { "NAME": "Elektrik Trafosu", "SUB_CATEGORY": "Şehiriçi Trafo", "CATEGORY": "Enerji Üretim, Dağıtım", "PHONE": "", "FAX": "", "EMAIL": "", "WEB": "", "ID": 1248216 }, "geometry": { "type": "Point", "coordinates": [ 32.867403, 39.915597 ] } },
{ "type": "Feature", "properties": { "NAME": "Elektrik Trafosu", "SUB_CATEGORY": "Şehiriçi Trafo", "CATEGORY": "Enerji Üretim, Dağıtım", "PHONE": "", "FAX": "", "EMAIL": "", "WEB": "", "ID": 1249872 }, "geometry": { "type": "Point", "coordinates": [ 32.863292, 39.912702 ] } },
{ "type": "Feature", "properties": { "NAME": "Direk Üstü Elektrik Trafosu", "SUB_CATEGORY": "Şehiriçi Trafo", "CATEGORY": "Enerji Üretim, Dağıtım", "PHONE": "", "FAX": "", "EMAIL": "", "WEB": "", "ID": 11215074 }, "geometry": { "type": "Point", "coordinates": [ 32.863264, 39.912714 ] } },
{ "type": "Feature", "properties": { "NAME": "Elektrik Trafosu", "SUB_CATEGORY": "Şehiriçi Trafo", "CATEGORY": "Enerji Üretim, Dağıtım", "PHONE": "", "FAX": "", "EMAIL": "", "WEB": "", "ID": 1246021 }, "geometry": { "type": "Point", "coordinates": [ 32.863532, 39.915311 ] } },
{ "type": "Feature", "properties": { "NAME": "Elektrik Trafosu", "SUB_CATEGORY": "Şehiriçi Trafo", "CATEGORY": "Enerji Üretim, Dağıtım", "PHONE": "", "FAX": "", "EMAIL": "", "WEB": "", "ID": 9423064 }, "geometry": { "type": "Point", "coordinates": [ 32.861066, 39.915668 ] } },
{ "type": "Feature", "properties": { "NAME": "Elektrik Trafosu", "SUB_CATEGORY": "Şehiriçi Trafo", "CATEGORY": "Enerji Üretim, Dağıtım", "PHONE": "", "FAX": "", "EMAIL": "", "WEB": "", "ID": 11185262 }, "geometry": { "type": "Point", "coordinates": [ 32.856825, 39.915741 ] } },
{ "type": "Feature", "properties": { "NAME": "Elektrik Trafosu", "SUB_CATEGORY": "Şehiriçi Trafo", "CATEGORY": "Enerji Üretim, Dağıtım", "PHONE": "", "FAX": "", "EMAIL": "", "WEB": "", "ID": 9871803 }, "geometry": { "type": "Point", "coordinates": [ 32.855219, 39.913888 ] } },
{ "type": "Feature", "properties": { "NAME": "Elektrik Trafosu", "SUB_CATEGORY": "Şehiriçi Trafo", "CATEGORY": "Enerji Üretim, Dağıtım", "PHONE": "", "FAX": "", "EMAIL": "", "WEB": "", "ID": 8044017 }, "geometry": { "type": "Point", "coordinates": [ 32.859747, 39.90332 ] } },
{ "type": "Feature", "properties": { "NAME": "Trafik Işıkları", "SUB_CATEGORY": "Şehiriçi Trafo", "CATEGORY": "Enerji Üretim, Dağıtım", "PHONE": "", "FAX": "", "EMAIL": "", "WEB": "", "ID": 10512870 }, "geometry": { "type": "Point", "coordinates": [ 32.859252, 39.900929 ] } },
{ "type": "Feature", "properties": { "NAME": "Elektrik Trafosu", "SUB_CATEGORY": "Şehiriçi Trafo", "CATEGORY": "Enerji Üretim, Dağıtım", "PHONE": "", "FAX": "", "EMAIL": "", "WEB": "", "ID": 10512813 }, "geometry": { "type": "Point", "coordinates": [ 32.857289, 39.900159 ] } },
{ "type": "Feature", "properties": { "NAME": "Elektrik Trafosu", "SUB_CATEGORY": "Şehiriçi Trafo", "CATEGORY": "Enerji Üretim, Dağıtım", "PHONE": "", "FAX": "", "EMAIL": "", "WEB": "", "ID": 3391406 }, "geometry": { "type": "Point", "coordinates": [ 32.855401, 39.912927 ] } },
{ "type": "Feature", "properties": { "NAME": "Elektrik Trafosu", "SUB_CATEGORY": "Şehiriçi Trafo", "CATEGORY": "Enerji Üretim, Dağıtım", "PHONE": "", "FAX": "", "EMAIL": "", "WEB": "", "ID": 575606 }, "geometry": { "type": "Point", "coordinates": [ 32.854226, 39.910305 ] } },
{ "type": "Feature", "properties": { "NAME": "Elektrik Trafosu", "SUB_CATEGORY": "Şehiriçi Trafo", "CATEGORY": "Enerji Üretim, Dağıtım", "PHONE": "", "FAX": "", "EMAIL": "", "WEB": "", "ID": 10515385 }, "geometry": { "type": "Point", "coordinates": [ 32.858005, 39.920139 ] } },
{ "type": "Feature", "properties": { "NAME": "Elektrik Trafosu", "SUB_CATEGORY": "Şehiriçi Trafo", "CATEGORY": "Enerji Üretim, Dağıtım", "PHONE": "", "FAX": "", "EMAIL": "", "WEB": "", "ID": 11161600 }, "geometry": { "type": "Point", "coordinates": [ 32.860707, 39.924196 ] } },
{ "type": "Feature", "properties": { "NAME": "Elektrik Trafosu", "SUB_CATEGORY": "Şehiriçi Trafo", "CATEGORY": "Enerji Üretim, Dağıtım", "PHONE": "", "FAX": "", "EMAIL": "", "WEB": "", "ID": 581102 }, "geometry": { "type": "Point", "coordinates": [ 32.857764, 39.922734 ] } },
{ "type": "Feature", "properties": { "NAME": "Elektrik Trafosu", "SUB_CATEGORY": "Şehiriçi Trafo", "CATEGORY": "Enerji Üretim, Dağıtım", "PHONE": "", "FAX": "", "EMAIL": "", "WEB": "", "ID": 9418986 }, "geometry": { "type": "Point", "coordinates": [ 32.853913, 39.925686 ] } },
{ "type": "Feature", "properties": { "NAME": "Elektrik Trafosu", "SUB_CATEGORY": "Şehiriçi Trafo", "CATEGORY": "Enerji Üretim, Dağıtım", "PHONE": "", "FAX": "", "EMAIL": "", "WEB": "", "ID": 11174692 }, "geometry": { "type": "Point", "coordinates": [ 32.853582, 39.926988 ] } },
{ "type": "Feature", "properties": { "NAME": "Elektrik Trafosu", "SUB_CATEGORY": "Şehiriçi Trafo", "CATEGORY": "Enerji Üretim, Dağıtım", "PHONE": "", "FAX": "", "EMAIL": "", "WEB": "", "ID": 11059095 }, "geometry": { "type": "Point", "coordinates": [ 32.853979, 39.92849 ] } },
{ "type": "Feature", "properties": { "NAME": "Elektrik Trafosu", "SUB_CATEGORY": "Şehiriçi Trafo", "CATEGORY": "Enerji Üretim, Dağıtım", "PHONE": "", "FAX": "", "EMAIL": "", "WEB": "", "ID": 10516962 }, "geometry": { "type": "Point", "coordinates": [ 32.858292, 39.92843 ] } },
{ "type": "Feature", "properties": { "NAME": "Elektrik Trafosu", "SUB_CATEGORY": "Şehiriçi Trafo", "CATEGORY": "Enerji Üretim, Dağıtım", "PHONE": "", "FAX": "", "EMAIL": "", "WEB": "", "ID": 1268333 }, "geometry": { "type": "Point", "coordinates": [ 32.862137, 39.927467 ] } },
{ "type": "Feature", "properties": { "NAME": "Elektrik Trafosu", "SUB_CATEGORY": "Şehiriçi Trafo", "CATEGORY": "Enerji Üretim, Dağıtım", "PHONE": "", "FAX": "", "EMAIL": "", "WEB": "", "ID": 10535324 }, "geometry": { "type": "Point", "coordinates": [ 32.849166, 39.920479 ] } },
{ "type": "Feature", "properties": { "NAME": "Elektrik Trafosu", "SUB_CATEGORY": "Şehiriçi Trafo", "CATEGORY": "Enerji Üretim, Dağıtım", "PHONE": "", "FAX": "", "EMAIL": "", "WEB": "", "ID": 11194068 }, "geometry": { "type": "Point", "coordinates": [ 32.84793, 39.91978 ] } },
{ "type": "Feature", "properties": { "NAME": "Elektrik Trafosu", "SUB_CATEGORY": "Şehiriçi Trafo", "CATEGORY": "Enerji Üretim, Dağıtım", "PHONE": "", "FAX": "", "EMAIL": "", "WEB": "", "ID": 11194065 }, "geometry": { "type": "Point", "coordinates": [ 32.847716, 39.919674 ] } },
{ "type": "Feature", "properties": { "NAME": "Elektrik Trafosu", "SUB_CATEGORY": "Şehiriçi Trafo", "CATEGORY": "Enerji Üretim, Dağıtım", "PHONE": "", "FAX": "", "EMAIL": "", "WEB": "", "ID": 11194255 }, "geometry": { "type": "Point", "coordinates": [ 32.846396, 39.918537 ] } },
{ "type": "Feature", "properties": { "NAME": "Elektrik Trafosu", "SUB_CATEGORY": "Şehiriçi Trafo", "CATEGORY": "Enerji Üretim, Dağıtım", "PHONE": "", "FAX": "", "EMAIL": "", "WEB": "", "ID": 1879293 }, "geometry": { "type": "Point", "coordinates": [ 32.840683, 39.931315 ] } },
{ "type": "Feature", "properties": { "NAME": "Elektrik Trafosu", "SUB_CATEGORY": "Şehiriçi Trafo", "CATEGORY": "Enerji Üretim, Dağıtım", "PHONE": "", "FAX": "", "EMAIL": "", "WEB": "", "ID": 1868049 }, "geometry": { "type": "Point", "coordinates": [ 32.83722, 39.933232 ] } },
{ "type": "Feature", "properties": { "NAME": "Gazmatik - Başkent Gaz Genel Müdürlüğü Noktası", "SUB_CATEGORY": "Enerji Üretim, Dağıtım/Diğer", "CATEGORY": "Enerji Üretim, Dağıtım", "PHONE": "", "FAX": "", "EMAIL": "", "WEB": "", "ID": 2688108 }, "geometry": { "type": "Point", "coordinates": [ 32.848168, 39.927082 ] } },
{ "type": "Feature", "properties": { "NAME": "Elektrik Trafosu", "SUB_CATEGORY": "Şehiriçi Trafo", "CATEGORY": "Enerji Üretim, Dağıtım", "PHONE": "", "FAX": "", "EMAIL": "", "WEB": "", "ID": 10535415 }, "geometry": { "type": "Point", "coordinates": [ 32.848059, 39.926309 ] } },
{ "type": "Feature", "properties": { "NAME": "Direk Üstü Elektrik Trafosu", "SUB_CATEGORY": "Şehiriçi Trafo", "CATEGORY": "Enerji Üretim, Dağıtım", "PHONE": "", "FAX": "", "EMAIL": "", "WEB": "", "ID": 10525578 }, "geometry": { "type": "Point", "coordinates": [ 32.845197, 39.928422 ] } },
{ "type": "Feature", "properties": { "NAME": "Elektrik Trafosu", "SUB_CATEGORY": "Şehiriçi Trafo", "CATEGORY": "Enerji Üretim, Dağıtım", "PHONE": "", "FAX": "", "EMAIL": "", "WEB": "", "ID": 10594740 }, "geometry": { "type": "Point", "coordinates": [ 32.842375, 39.929872 ] } },
{ "type": "Feature", "properties": { "NAME": "TEİAŞ - Maltepe Elektrik Trafosu Merkezi", "SUB_CATEGORY": "Trafo Dağıtım Merkezi", "CATEGORY": "Enerji Üretim, Dağıtım", "PHONE": "", "FAX": "", "EMAIL": "", "WEB": "", "ID": 720562 }, "geometry": { "type": "Point", "coordinates": [ 32.847744, 39.927992 ] } },
{ "type": "Feature", "properties": { "NAME": "Elektrik Trafosu", "SUB_CATEGORY": "Şehiriçi Trafo", "CATEGORY": "Enerji Üretim, Dağıtım", "PHONE": "", "FAX": "", "EMAIL": "", "WEB": "", "ID": 9417053 }, "geometry": { "type": "Point", "coordinates": [ 32.840175, 39.933806 ] } },
{ "type": "Feature", "properties": { "NAME": "Başkent Elektrik Dağıtım Genel Müdürlüğü Ek Binası", "SUB_CATEGORY": "Enerji Üretim, Dağıtım/Diğer", "CATEGORY": "Enerji Üretim, Dağıtım", "PHONE": "", "FAX": "", "EMAIL": "", "WEB": "", "ID": 720560 }, "geometry": { "type": "Point", "coordinates": [ 32.848133, 39.928354 ] } },
{ "type": "Feature", "properties": { "NAME": "Elektrik Trafosu", "SUB_CATEGORY": "Şehiriçi Trafo", "CATEGORY": "Enerji Üretim, Dağıtım", "PHONE": "", "FAX": "", "EMAIL": "", "WEB": "", "ID": 10542465 }, "geometry": { "type": "Point", "coordinates": [ 32.842373, 39.933402 ] } },
{ "type": "Feature", "properties": { "NAME": "Elektrik Trafosu", "SUB_CATEGORY": "Şehiriçi Trafo", "CATEGORY": "Enerji Üretim, Dağıtım", "PHONE": "", "FAX": "", "EMAIL": "", "WEB": "", "ID": 10542455 }, "geometry": { "type": "Point", "coordinates": [ 32.844244, 39.93214 ] } },
{ "type": "Feature", "properties": { "NAME": "Elektrik Trafosu", "SUB_CATEGORY": "Şehiriçi Trafo", "CATEGORY": "Enerji Üretim, Dağıtım", "PHONE": "", "FAX": "", "EMAIL": "", "WEB": "", "ID": 10538581 }, "geometry": { "type": "Point", "coordinates": [ 32.85102, 39.928996 ] } },
{ "type": "Feature", "properties": { "NAME": "Elektrik Trafosu", "SUB_CATEGORY": "Şehiriçi Trafo", "CATEGORY": "Enerji Üretim, Dağıtım", "PHONE": "", "FAX": "", "EMAIL": "", "WEB": "", "ID": 1909686 }, "geometry": { "type": "Point", "coordinates": [ 32.842809, 39.932806 ] } },
{ "type": "Feature", "properties": { "NAME": "Elektrik Trafosu", "SUB_CATEGORY": "Şehiriçi Trafo", "CATEGORY": "Enerji Üretim, Dağıtım", "PHONE": "", "FAX": "", "EMAIL": "", "WEB": "", "ID": 11230614 }, "geometry": { "type": "Point", "coordinates": [ 32.847416, 39.922925 ] } },
{ "type": "Feature", "properties": { "NAME": "Elektrik Trafosu", "SUB_CATEGORY": "Şehiriçi Trafo", "CATEGORY": "Enerji Üretim, Dağıtım", "PHONE": "", "FAX": "", "EMAIL": "", "WEB": "", "ID": 9418514 }, "geometry": { "type": "Point", "coordinates": [ 32.847674, 39.921916 ] } },
{ "type": "Feature", "properties": { "NAME": "Elektrik Trafosu", "SUB_CATEGORY": "Şehiriçi Trafo", "CATEGORY": "Enerji Üretim, Dağıtım", "PHONE": "", "FAX": "", "EMAIL": "", "WEB": "", "ID": 10524104 }, "geometry": { "type": "Point", "coordinates": [ 32.845064, 39.922462 ] } },
{ "type": "Feature", "properties": { "NAME": "Elektrik Trafosu", "SUB_CATEGORY": "Şehiriçi Trafo", "CATEGORY": "Enerji Üretim, Dağıtım", "PHONE": "", "FAX": "", "EMAIL": "", "WEB": "", "ID": 10502098 }, "geometry": { "type": "Point", "coordinates": [ 32.84424, 39.916976 ] } },
{ "type": "Feature", "properties": { "NAME": "Direk Üstü Elektrik Trafosu", "SUB_CATEGORY": "Şehiriçi Trafo", "CATEGORY": "Enerji Üretim, Dağıtım", "PHONE": "", "FAX": "", "EMAIL": "", "WEB": "", "ID": 11226846 }, "geometry": { "type": "Point", "coordinates": [ 32.841644, 39.924562 ] } },
{ "type": "Feature", "properties": { "NAME": "Elektrik Trafosu", "SUB_CATEGORY": "Şehiriçi Trafo", "CATEGORY": "Enerji Üretim, Dağıtım", "PHONE": "", "FAX": "", "EMAIL": "", "WEB": "", "ID": 8045173 }, "geometry": { "type": "Point", "coordinates": [ 32.842036, 39.928187 ] } },
{ "type": "Feature", "properties": { "NAME": "Elektrik Trafosu", "SUB_CATEGORY": "Şehiriçi Trafo", "CATEGORY": "Enerji Üretim, Dağıtım", "PHONE": "", "FAX": "", "EMAIL": "", "WEB": "", "ID": 8046504 }, "geometry": { "type": "Point", "coordinates": [ 32.833374, 39.9232 ] } },
{ "type": "Feature", "properties": { "NAME": "Elektrik Trafosu", "SUB_CATEGORY": "Şehiriçi Trafo", "CATEGORY": "Enerji Üretim, Dağıtım", "PHONE": "", "FAX": "", "EMAIL": "", "WEB": "", "ID": 1908896 }, "geometry": { "type": "Point", "coordinates": [ 32.831217, 39.920164 ] } },
{ "type": "Feature", "properties": { "NAME": "Elektrik Trafosu", "SUB_CATEGORY": "Şehiriçi Trafo", "CATEGORY": "Enerji Üretim, Dağıtım", "PHONE": "", "FAX": "", "EMAIL": "", "WEB": "", "ID": 1258338 }, "geometry": { "type": "Point", "coordinates": [ 32.829544, 39.922286 ] } },
{ "type": "Feature", "properties": { "NAME": "Elektrik Trafosu", "SUB_CATEGORY": "Şehiriçi Trafo", "CATEGORY": "Enerji Üretim, Dağıtım", "PHONE": "", "FAX": "", "EMAIL": "", "WEB": "", "ID": 10527281 }, "geometry": { "type": "Point", "coordinates": [ 32.831276, 39.92499 ] } },
{ "type": "Feature", "properties": { "NAME": "Elektrik Trafosu", "SUB_CATEGORY": "Şehiriçi Trafo", "CATEGORY": "Enerji Üretim, Dağıtım", "PHONE": "", "FAX": "", "EMAIL": "", "WEB": "", "ID": 10523194 }, "geometry": { "type": "Point", "coordinates": [ 32.831546, 39.926756 ] } },
{ "type": "Feature", "properties": { "NAME": "Elektrik Trafosu", "SUB_CATEGORY": "Şehiriçi Trafo", "CATEGORY": "Enerji Üretim, Dağıtım", "PHONE": "", "FAX": "", "EMAIL": "", "WEB": "", "ID": 9882623 }, "geometry": { "type": "Point", "coordinates": [ 32.82963, 39.924264 ] } },
{ "type": "Feature", "properties": { "NAME": "Elektrik Trafosu", "SUB_CATEGORY": "Şehiriçi Trafo", "CATEGORY": "Enerji Üretim, Dağıtım", "PHONE": "", "FAX": "", "EMAIL": "", "WEB": "", "ID": 11227706 }, "geometry": { "type": "Point", "coordinates": [ 32.8341, 39.933108 ] } },
{ "type": "Feature", "properties": { "NAME": "Elektrik Trafosu", "SUB_CATEGORY": "Şehiriçi Trafo", "CATEGORY": "Enerji Üretim, Dağıtım", "PHONE": "", "FAX": "", "EMAIL": "", "WEB": "", "ID": 9876364 }, "geometry": { "type": "Point", "coordinates": [ 32.826021, 39.923277 ] } },
{ "type": "Feature", "properties": { "NAME": "Elektrik Trafosu", "SUB_CATEGORY": "Şehiriçi Trafo", "CATEGORY": "Enerji Üretim, Dağıtım", "PHONE": "", "FAX": "", "EMAIL": "", "WEB": "", "ID": 10523217 }, "geometry": { "type": "Point", "coordinates": [ 32.828913, 39.929263 ] } },
{ "type": "Feature", "properties": { "NAME": "Elektrik Trafosu", "SUB_CATEGORY": "Şehiriçi Trafo", "CATEGORY": "Enerji Üretim, Dağıtım", "PHONE": "", "FAX": "", "EMAIL": "", "WEB": "", "ID": 10523225 }, "geometry": { "type": "Point", "coordinates": [ 32.829456, 39.927123 ] } },
{ "type": "Feature", "properties": { "NAME": "Elektrik Trafosu", "SUB_CATEGORY": "Şehiriçi Trafo", "CATEGORY": "Enerji Üretim, Dağıtım", "PHONE": "", "FAX": "", "EMAIL": "", "WEB": "", "ID": 574494 }, "geometry": { "type": "Point", "coordinates": [ 32.826631, 39.932341 ] } },
{ "type": "Feature", "properties": { "NAME": "Elektrik Trafosu", "SUB_CATEGORY": "Şehiriçi Trafo", "CATEGORY": "Enerji Üretim, Dağıtım", "PHONE": "", "FAX": "", "EMAIL": "", "WEB": "", "ID": 8046721 }, "geometry": { "type": "Point", "coordinates": [ 32.819905, 39.930536 ] } },
{ "type": "Feature", "properties": { "NAME": "Elektrik Trafosu", "SUB_CATEGORY": "Şehiriçi Trafo", "CATEGORY": "Enerji Üretim, Dağıtım", "PHONE": "", "FAX": "", "EMAIL": "", "WEB": "", "ID": 1253134 }, "geometry": { "type": "Point", "coordinates": [ 32.820792, 39.929757 ] } },
{ "type": "Feature", "properties": { "NAME": "Elektrik Trafosu", "SUB_CATEGORY": "Şehiriçi Trafo", "CATEGORY": "Enerji Üretim, Dağıtım", "PHONE": "", "FAX": "", "EMAIL": "", "WEB": "", "ID": 835499 }, "geometry": { "type": "Point", "coordinates": [ 32.825045, 39.928661 ] } },
{ "type": "Feature", "properties": { "NAME": "Elektrik Trafosu", "SUB_CATEGORY": "Şehiriçi Trafo", "CATEGORY": "Enerji Üretim, Dağıtım", "PHONE": "", "FAX": "", "EMAIL": "", "WEB": "", "ID": 10526129 }, "geometry": { "type": "Point", "coordinates": [ 32.824222, 39.928403 ] } },
{ "type": "Feature", "properties": { "NAME": "Elektrik Trafosu", "SUB_CATEGORY": "Şehiriçi Trafo", "CATEGORY": "Enerji Üretim, Dağıtım", "PHONE": "", "FAX": "", "EMAIL": "", "WEB": "", "ID": 11246777 }, "geometry": { "type": "Point", "coordinates": [ 32.819512, 39.928342 ] } },
{ "type": "Feature", "properties": { "NAME": "Elektrik Trafosu", "SUB_CATEGORY": "Şehiriçi Trafo", "CATEGORY": "Enerji Üretim, Dağıtım", "PHONE": "", "FAX": "", "EMAIL": "", "WEB": "", "ID": 1253144 }, "geometry": { "type": "Point", "coordinates": [ 32.821766, 39.925566 ] } },
{ "type": "Feature", "properties": { "NAME": "Elektrik Trafosu", "SUB_CATEGORY": "Şehiriçi Trafo", "CATEGORY": "Enerji Üretim, Dağıtım", "PHONE": "", "FAX": "", "EMAIL": "", "WEB": "", "ID": 10538387 }, "geometry": { "type": "Point", "coordinates": [ 32.856761, 39.890861 ] } },
{ "type": "Feature", "properties": { "NAME": "Elektrik Trafosu", "SUB_CATEGORY": "Şehiriçi Trafo", "CATEGORY": "Enerji Üretim, Dağıtım", "PHONE": "", "FAX": "", "EMAIL": "", "WEB": "", "ID": 834970 }, "geometry": { "type": "Point", "coordinates": [ 32.853199, 39.887687 ] } },
{ "type": "Feature", "properties": { "NAME": "Elektrik Trafosu", "SUB_CATEGORY": "Şehiriçi Trafo", "CATEGORY": "Enerji Üretim, Dağıtım", "PHONE": "", "FAX": "", "EMAIL": "", "WEB": "", "ID": 9418161 }, "geometry": { "type": "Point", "coordinates": [ 32.856014, 39.892233 ] } },
{ "type": "Feature", "properties": { "NAME": "Elektrik Trafosu", "SUB_CATEGORY": "Şehiriçi Trafo", "CATEGORY": "Enerji Üretim, Dağıtım", "PHONE": "", "FAX": "", "EMAIL": "", "WEB": "", "ID": 571381 }, "geometry": { "type": "Point", "coordinates": [ 32.85488, 39.89519 ] } },
{ "type": "Feature", "properties": { "NAME": "Elektrik Trafosu", "SUB_CATEGORY": "Şehiriçi Trafo", "CATEGORY": "Enerji Üretim, Dağıtım", "PHONE": "", "FAX": "", "EMAIL": "", "WEB": "", "ID": 834971 }, "geometry": { "type": "Point", "coordinates": [ 32.850627, 39.892424 ] } },
{ "type": "Feature", "properties": { "NAME": "Elektrik Trafosu", "SUB_CATEGORY": "Şehiriçi Trafo", "CATEGORY": "Enerji Üretim, Dağıtım", "PHONE": "", "FAX": "", "EMAIL": "", "WEB": "", "ID": 834910 }, "geometry": { "type": "Point", "coordinates": [ 32.853344, 39.892927 ] } },
{ "type": "Feature", "properties": { "NAME": "Elektrik Trafosu", "SUB_CATEGORY": "Şehiriçi Trafo", "CATEGORY": "Enerji Üretim, Dağıtım", "PHONE": "", "FAX": "", "EMAIL": "", "WEB": "", "ID": 1242681 }, "geometry": { "type": "Point", "coordinates": [ 32.848179, 39.890393 ] } },
{ "type": "Feature", "properties": { "NAME": "Elektrik Trafosu", "SUB_CATEGORY": "Şehiriçi Trafo", "CATEGORY": "Enerji Üretim, Dağıtım", "PHONE": "", "FAX": "", "EMAIL": "", "WEB": "", "ID": 1244684 }, "geometry": { "type": "Point", "coordinates": [ 32.85206, 39.894494 ] } },
{ "type": "Feature", "properties": { "NAME": "Elektrik Trafosu", "SUB_CATEGORY": "Şehiriçi Trafo", "CATEGORY": "Enerji Üretim, Dağıtım", "PHONE": "", "FAX": "", "EMAIL": "", "WEB": "", "ID": 10513217 }, "geometry": { "type": "Point", "coordinates": [ 32.852496, 39.899701 ] } },
{ "type": "Feature", "properties": { "NAME": "Elektrik Trafosu", "SUB_CATEGORY": "Şehiriçi Trafo", "CATEGORY": "Enerji Üretim, Dağıtım", "PHONE": "", "FAX": "", "EMAIL": "", "WEB": "", "ID": 1244340 }, "geometry": { "type": "Point", "coordinates": [ 32.850823, 39.902008 ] } },
{ "type": "Feature", "properties": { "NAME": "Elektrik Trafosu", "SUB_CATEGORY": "Şehiriçi Trafo", "CATEGORY": "Enerji Üretim, Dağıtım", "PHONE": "", "FAX": "", "EMAIL": "", "WEB": "", "ID": 1244693 }, "geometry": { "type": "Point", "coordinates": [ 32.847566, 39.895295 ] } },
{ "type": "Feature", "properties": { "NAME": "Elektrik Trafosu", "SUB_CATEGORY": "Şehiriçi Trafo", "CATEGORY": "Enerji Üretim, Dağıtım", "PHONE": "", "FAX": "", "EMAIL": "", "WEB": "", "ID": 1243844 }, "geometry": { "type": "Point", "coordinates": [ 32.850688, 39.900024 ] } },
{ "type": "Feature", "properties": { "NAME": "Elektrik Trafosu", "SUB_CATEGORY": "Şehiriçi Trafo", "CATEGORY": "Enerji Üretim, Dağıtım", "PHONE": "", "FAX": "", "EMAIL": "", "WEB": "", "ID": 1243861 }, "geometry": { "type": "Point", "coordinates": [ 32.847975, 39.898905 ] } },
{ "type": "Feature", "properties": { "NAME": "Elektrik Trafosu", "SUB_CATEGORY": "Şehiriçi Trafo", "CATEGORY": "Enerji Üretim, Dağıtım", "PHONE": "", "FAX": "", "EMAIL": "", "WEB": "", "ID": 1841686 }, "geometry": { "type": "Point", "coordinates": [ 32.849999, 39.903164 ] } },
{ "type": "Feature", "properties": { "NAME": "Elektrik Trafosu", "SUB_CATEGORY": "Şehiriçi Trafo", "CATEGORY": "Enerji Üretim, Dağıtım", "PHONE": "", "FAX": "", "EMAIL": "", "WEB": "", "ID": 570988 }, "geometry": { "type": "Point", "coordinates": [ 32.84681, 39.898514 ] } },
{ "type": "Feature", "properties": { "NAME": "Elektrik Trafosu", "SUB_CATEGORY": "Şehiriçi Trafo", "CATEGORY": "Enerji Üretim, Dağıtım", "PHONE": "", "FAX": "", "EMAIL": "", "WEB": "", "ID": 1244643 }, "geometry": { "type": "Point", "coordinates": [ 32.848569, 39.904339 ] } },
{ "type": "Feature", "properties": { "NAME": "Elektrik Trafosu", "SUB_CATEGORY": "Şehiriçi Trafo", "CATEGORY": "Enerji Üretim, Dağıtım", "PHONE": "", "FAX": "", "EMAIL": "", "WEB": "", "ID": 1244940 }, "geometry": { "type": "Point", "coordinates": [ 32.845803, 39.901957 ] } },
{ "type": "Feature", "properties": { "NAME": "Elektrik Trafosu", "SUB_CATEGORY": "Şehiriçi Trafo", "CATEGORY": "Enerji Üretim, Dağıtım", "PHONE": "", "FAX": "", "EMAIL": "", "WEB": "", "ID": 9422945 }, "geometry": { "type": "Point", "coordinates": [ 32.847005, 39.905487 ] } },
{ "type": "Feature", "properties": { "NAME": "Elektrik Trafosu", "SUB_CATEGORY": "Şehiriçi Trafo", "CATEGORY": "Enerji Üretim, Dağıtım", "PHONE": "", "FAX": "", "EMAIL": "", "WEB": "", "ID": 1243169 }, "geometry": { "type": "Point", "coordinates": [ 32.842295, 39.878623 ] } },
{ "type": "Feature", "properties": { "NAME": "Elektrik Trafosu", "SUB_CATEGORY": "Şehiriçi Trafo", "CATEGORY": "Enerji Üretim, Dağıtım", "PHONE": "", "FAX": "", "EMAIL": "", "WEB": "", "ID": 10497428 }, "geometry": { "type": "Point", "coordinates": [ 32.839085, 39.876134 ] } },
{ "type": "Feature", "properties": { "NAME": "Elektrik Trafosu", "SUB_CATEGORY": "Şehiriçi Trafo", "CATEGORY": "Enerji Üretim, Dağıtım", "PHONE": "", "FAX": "", "EMAIL": "", "WEB": "", "ID": 9427767 }, "geometry": { "type": "Point", "coordinates": [ 32.837685, 39.884594 ] } },
{ "type": "Feature", "properties": { "NAME": "Elektrik Trafosu", "SUB_CATEGORY": "Şehiriçi Trafo", "CATEGORY": "Enerji Üretim, Dağıtım", "PHONE": "", "FAX": "", "EMAIL": "", "WEB": "", "ID": 1242939 }, "geometry": { "type": "Point", "coordinates": [ 32.835533, 39.8777 ] } },
{ "type": "Feature", "properties": { "NAME": "Elektrik Trafosu", "SUB_CATEGORY": "Şehiriçi Trafo", "CATEGORY": "Enerji Üretim, Dağıtım", "PHONE": "", "FAX": "", "EMAIL": "", "WEB": "", "ID": 1242965 }, "geometry": { "type": "Point", "coordinates": [ 32.834656, 39.879904 ] } },
{ "type": "Feature", "properties": { "NAME": "Elektrik Trafosu", "SUB_CATEGORY": "Şehiriçi Trafo", "CATEGORY": "Enerji Üretim, Dağıtım", "PHONE": "", "FAX": "", "EMAIL": "", "WEB": "", "ID": 9420169 }, "geometry": { "type": "Point", "coordinates": [ 32.835652, 39.882001 ] } },
{ "type": "Feature", "properties": { "NAME": "Elektrik Trafosu", "SUB_CATEGORY": "Şehiriçi Trafo", "CATEGORY": "Enerji Üretim, Dağıtım", "PHONE": "", "FAX": "", "EMAIL": "", "WEB": "", "ID": 1242946 }, "geometry": { "type": "Point", "coordinates": [ 32.831474, 39.877414 ] } },
{ "type": "Feature", "properties": { "NAME": "Elektrik Trafosu", "SUB_CATEGORY": "Şehiriçi Trafo", "CATEGORY": "Enerji Üretim, Dağıtım", "PHONE": "", "FAX": "", "EMAIL": "", "WEB": "", "ID": 1244934 }, "geometry": { "type": "Point", "coordinates": [ 32.831498, 39.881851 ] } },
{ "type": "Feature", "properties": { "NAME": "Elektrik Trafosu", "SUB_CATEGORY": "Şehiriçi Trafo", "CATEGORY": "Enerji Üretim, Dağıtım", "PHONE": "", "FAX": "", "EMAIL": "", "WEB": "", "ID": 1243541 }, "geometry": { "type": "Point", "coordinates": [ 32.833907, 39.886162 ] } },
{ "type": "Feature", "properties": { "NAME": "Elektrik Trafosu", "SUB_CATEGORY": "Şehiriçi Trafo", "CATEGORY": "Enerji Üretim, Dağıtım", "PHONE": "", "FAX": "", "EMAIL": "", "WEB": "", "ID": 1244309 }, "geometry": { "type": "Point", "coordinates": [ 32.828185, 39.87641 ] } },
{ "type": "Feature", "properties": { "NAME": "Elektrik Trafosu", "SUB_CATEGORY": "Şehiriçi Trafo", "CATEGORY": "Enerji Üretim, Dağıtım", "PHONE": "", "FAX": "", "EMAIL": "", "WEB": "", "ID": 1243183 }, "geometry": { "type": "Point", "coordinates": [ 32.830097, 39.887652 ] } },
{ "type": "Feature", "properties": { "NAME": "Elektrik Trafosu", "SUB_CATEGORY": "Şehiriçi Trafo", "CATEGORY": "Enerji Üretim, Dağıtım", "PHONE": "", "FAX": "", "EMAIL": "", "WEB": "", "ID": 9879864 }, "geometry": { "type": "Point", "coordinates": [ 32.827379, 39.879342 ] } },
{ "type": "Feature", "properties": { "NAME": "Elektrik Trafosu", "SUB_CATEGORY": "Şehiriçi Trafo", "CATEGORY": "Enerji Üretim, Dağıtım", "PHONE": "", "FAX": "", "EMAIL": "", "WEB": "", "ID": 1784385 }, "geometry": { "type": "Point", "coordinates": [ 32.829742, 39.885634 ] } },
{ "type": "Feature", "properties": { "NAME": "Elektrik Trafosu", "SUB_CATEGORY": "Şehiriçi Trafo", "CATEGORY": "Enerji Üretim, Dağıtım", "PHONE": "", "FAX": "", "EMAIL": "", "WEB": "", "ID": 9428203 }, "geometry": { "type": "Point", "coordinates": [ 32.831316, 39.886332 ] } },
{ "type": "Feature", "properties": { "NAME": "Elektrik Trafosu", "SUB_CATEGORY": "Şehiriçi Trafo", "CATEGORY": "Enerji Üretim, Dağıtım", "PHONE": "", "FAX": "", "EMAIL": "", "WEB": "", "ID": 1784553 }, "geometry": { "type": "Point", "coordinates": [ 32.825732, 39.877232 ] } },
{ "type": "Feature", "properties": { "NAME": "Elektrik Trafosu", "SUB_CATEGORY": "Şehiriçi Trafo", "CATEGORY": "Enerji Üretim, Dağıtım", "PHONE": "", "FAX": "", "EMAIL": "", "WEB": "", "ID": 1249677 }, "geometry": { "type": "Point", "coordinates": [ 32.827684, 39.882774 ] } },
{ "type": "Feature", "properties": { "NAME": "Elektrik Trafosu", "SUB_CATEGORY": "Şehiriçi Trafo", "CATEGORY": "Enerji Üretim, Dağıtım", "PHONE": "", "FAX": "", "EMAIL": "", "WEB": "", "ID": 1244181 }, "geometry": { "type": "Point", "coordinates": [ 32.851767, 39.883522 ] } },
{ "type": "Feature", "properties": { "NAME": "Elektrik Trafosu", "SUB_CATEGORY": "Şehiriçi Trafo", "CATEGORY": "Enerji Üretim, Dağıtım", "PHONE": "", "FAX": "", "EMAIL": "", "WEB": "", "ID": 1243949 }, "geometry": { "type": "Point", "coordinates": [ 32.846399, 39.879001 ] } },
{ "type": "Feature", "properties": { "NAME": "Elektrik Trafosu", "SUB_CATEGORY": "Şehiriçi Trafo", "CATEGORY": "Enerji Üretim, Dağıtım", "PHONE": "", "FAX": "", "EMAIL": "", "WEB": "", "ID": 1250530 }, "geometry": { "type": "Point", "coordinates": [ 32.846933, 39.88587 ] } },
{ "type": "Feature", "properties": { "NAME": "Elektrik Trafosu", "SUB_CATEGORY": "Şehiriçi Trafo", "CATEGORY": "Enerji Üretim, Dağıtım", "PHONE": "", "FAX": "", "EMAIL": "", "WEB": "", "ID": 1244976 }, "geometry": { "type": "Point", "coordinates": [ 32.840692, 39.88256 ] } },
{ "type": "Feature", "properties": { "NAME": "Elektrik Trafosu", "SUB_CATEGORY": "Şehiriçi Trafo", "CATEGORY": "Enerji Üretim, Dağıtım", "PHONE": "", "FAX": "", "EMAIL": "", "WEB": "", "ID": 3326059 }, "geometry": { "type": "Point", "coordinates": [ 32.842361, 39.881832 ] } },
{ "type": "Feature", "properties": { "NAME": "Elektrik Trafosu", "SUB_CATEGORY": "Şehiriçi Trafo", "CATEGORY": "Enerji Üretim, Dağıtım", "PHONE": "", "FAX": "", "EMAIL": "", "WEB": "", "ID": 1250531 }, "geometry": { "type": "Point", "coordinates": [ 32.842417, 39.883793 ] } },
{ "type": "Feature", "properties": { "NAME": "Elektrik Trafosu", "SUB_CATEGORY": "Şehiriçi Trafo", "CATEGORY": "Enerji Üretim, Dağıtım", "PHONE": "", "FAX": "", "EMAIL": "", "WEB": "", "ID": 1249959 }, "geometry": { "type": "Point", "coordinates": [ 32.845438, 39.891615 ] } },
{ "type": "Feature", "properties": { "NAME": "Elektrik Trafosu", "SUB_CATEGORY": "Şehiriçi Trafo", "CATEGORY": "Enerji Üretim, Dağıtım", "PHONE": "", "FAX": "", "EMAIL": "", "WEB": "", "ID": 1244577 }, "geometry": { "type": "Point", "coordinates": [ 32.84164, 39.88868 ] } },
{ "type": "Feature", "properties": { "NAME": "Elektrik Trafosu", "SUB_CATEGORY": "Şehiriçi Trafo", "CATEGORY": "Enerji Üretim, Dağıtım", "PHONE": "", "FAX": "", "EMAIL": "", "WEB": "", "ID": 1244586 }, "geometry": { "type": "Point", "coordinates": [ 32.840437, 39.887773 ] } },
{ "type": "Feature", "properties": { "NAME": "Elektrik Trafosu", "SUB_CATEGORY": "Şehiriçi Trafo", "CATEGORY": "Enerji Üretim, Dağıtım", "PHONE": "", "FAX": "", "EMAIL": "", "WEB": "", "ID": 1250503 }, "geometry": { "type": "Point", "coordinates": [ 32.842479, 39.89333 ] } },
{ "type": "Feature", "properties": { "NAME": "Elektrik Trafosu", "SUB_CATEGORY": "Şehiriçi Trafo", "CATEGORY": "Enerji Üretim, Dağıtım", "PHONE": "", "FAX": "", "EMAIL": "", "WEB": "", "ID": 1244582 }, "geometry": { "type": "Point", "coordinates": [ 32.839178, 39.888903 ] } },
{ "type": "Feature", "properties": { "NAME": "Elektrik Trafosu", "SUB_CATEGORY": "Şehiriçi Trafo", "CATEGORY": "Enerji Üretim, Dağıtım", "PHONE": "", "FAX": "", "EMAIL": "", "WEB": "", "ID": 1249718 }, "geometry": { "type": "Point", "coordinates": [ 32.8387, 39.890718 ] } },
{ "type": "Feature", "properties": { "NAME": "Elektrik Trafosu", "SUB_CATEGORY": "Şehiriçi Trafo", "CATEGORY": "Enerji Üretim, Dağıtım", "PHONE": "", "FAX": "", "EMAIL": "", "WEB": "", "ID": 10503321 }, "geometry": { "type": "Point", "coordinates": [ 32.838813, 39.893566 ] } },
{ "type": "Feature", "properties": { "NAME": "Elektrik Trafosu", "SUB_CATEGORY": "Şehiriçi Trafo", "CATEGORY": "Enerji Üretim, Dağıtım", "PHONE": "", "FAX": "", "EMAIL": "", "WEB": "", "ID": 8050553 }, "geometry": { "type": "Point", "coordinates": [ 32.834125, 39.887832 ] } },
{ "type": "Feature", "properties": { "NAME": "Elektrik Trafosu", "SUB_CATEGORY": "Şehiriçi Trafo", "CATEGORY": "Enerji Üretim, Dağıtım", "PHONE": "", "FAX": "", "EMAIL": "", "WEB": "", "ID": 9427398 }, "geometry": { "type": "Point", "coordinates": [ 32.836268, 39.892413 ] } },
{ "type": "Feature", "properties": { "NAME": "Elektrik Trafosu", "SUB_CATEGORY": "Şehiriçi Trafo", "CATEGORY": "Enerji Üretim, Dağıtım", "PHONE": "", "FAX": "", "EMAIL": "", "WEB": "", "ID": 1243306 }, "geometry": { "type": "Point", "coordinates": [ 32.839174, 39.895699 ] } },
{ "type": "Feature", "properties": { "NAME": "Elektrik Trafosu", "SUB_CATEGORY": "Şehiriçi Trafo", "CATEGORY": "Enerji Üretim, Dağıtım", "PHONE": "", "FAX": "", "EMAIL": "", "WEB": "", "ID": 1243337 }, "geometry": { "type": "Point", "coordinates": [ 32.836001, 39.895322 ] } },
{ "type": "Feature", "properties": { "NAME": "Elektrik Trafosu", "SUB_CATEGORY": "Şehiriçi Trafo", "CATEGORY": "Enerji Üretim, Dağıtım", "PHONE": "", "FAX": "", "EMAIL": "", "WEB": "", "ID": 9428458 }, "geometry": { "type": "Point", "coordinates": [ 32.833004, 39.893714 ] } },
{ "type": "Feature", "properties": { "NAME": "Elektrik Trafosu", "SUB_CATEGORY": "Şehiriçi Trafo", "CATEGORY": "Enerji Üretim, Dağıtım", "PHONE": "", "FAX": "", "EMAIL": "", "WEB": "", "ID": 3321102 }, "geometry": { "type": "Point", "coordinates": [ 32.847577, 39.875459 ] } },
{ "type": "Feature", "properties": { "NAME": "Elektrik Trafosu", "SUB_CATEGORY": "Şehiriçi Trafo", "CATEGORY": "Enerji Üretim, Dağıtım", "PHONE": "", "FAX": "", "EMAIL": "", "WEB": "", "ID": 3327423 }, "geometry": { "type": "Point", "coordinates": [ 32.842086, 39.870286 ] } },
{ "type": "Feature", "properties": { "NAME": "Elektrik Trafosu", "SUB_CATEGORY": "Şehiriçi Trafo", "CATEGORY": "Enerji Üretim, Dağıtım", "PHONE": "", "FAX": "", "EMAIL": "", "WEB": "", "ID": 11214403 }, "geometry": { "type": "Point", "coordinates": [ 32.841973, 39.873237 ] } },
{ "type": "Feature", "properties": { "NAME": "Elektrik Trafosu", "SUB_CATEGORY": "Şehiriçi Trafo", "CATEGORY": "Enerji Üretim, Dağıtım", "PHONE": "", "FAX": "", "EMAIL": "", "WEB": "", "ID": 929772 }, "geometry": { "type": "Point", "coordinates": [ 32.838144, 39.866689 ] } },
{ "type": "Feature", "properties": { "NAME": "Elektrik Trafosu", "SUB_CATEGORY": "Şehiriçi Trafo", "CATEGORY": "Enerji Üretim, Dağıtım", "PHONE": "", "FAX": "", "EMAIL": "", "WEB": "", "ID": 1243924 }, "geometry": { "type": "Point", "coordinates": [ 32.837651, 39.863414 ] } },
{ "type": "Feature", "properties": { "NAME": "Elektrik Trafosu", "SUB_CATEGORY": "Şehiriçi Trafo", "CATEGORY": "Enerji Üretim, Dağıtım", "PHONE": "", "FAX": "", "EMAIL": "", "WEB": "", "ID": 1249926 }, "geometry": { "type": "Point", "coordinates": [ 32.841051, 39.872203 ] } },
{ "type": "Feature", "properties": { "NAME": "Elektrik Trafosu", "SUB_CATEGORY": "Şehiriçi Trafo", "CATEGORY": "Enerji Üretim, Dağıtım", "PHONE": "", "FAX": "", "EMAIL": "", "WEB": "", "ID": 1243471 }, "geometry": { "type": "Point", "coordinates": [ 32.839033, 39.869709 ] } },
{ "type": "Feature", "properties": { "NAME": "Elektrik Trafosu", "SUB_CATEGORY": "Şehiriçi Trafo", "CATEGORY": "Enerji Üretim, Dağıtım", "PHONE": "", "FAX": "", "EMAIL": "", "WEB": "", "ID": 10490516 }, "geometry": { "type": "Point", "coordinates": [ 32.835807, 39.864668 ] } },
{ "type": "Feature", "properties": { "NAME": "Elektrik Trafosu", "SUB_CATEGORY": "Şehiriçi Trafo", "CATEGORY": "Enerji Üretim, Dağıtım", "PHONE": "", "FAX": "", "EMAIL": "", "WEB": "", "ID": 11212851 }, "geometry": { "type": "Point", "coordinates": [ 32.833729, 39.867374 ] } },
{ "type": "Feature", "properties": { "NAME": "Elektrik Trafosu", "SUB_CATEGORY": "Şehiriçi Trafo", "CATEGORY": "Enerji Üretim, Dağıtım", "PHONE": "", "FAX": "", "EMAIL": "", "WEB": "", "ID": 10498362 }, "geometry": { "type": "Point", "coordinates": [ 32.838407, 39.874118 ] } },
{ "type": "Feature", "properties": { "NAME": "Elektrik Trafosu", "SUB_CATEGORY": "Şehiriçi Trafo", "CATEGORY": "Enerji Üretim, Dağıtım", "PHONE": "", "FAX": "", "EMAIL": "", "WEB": "", "ID": 10500129 }, "geometry": { "type": "Point", "coordinates": [ 32.833108, 39.869845 ] } },
{ "type": "Feature", "properties": { "NAME": "Elektrik Trafosu", "SUB_CATEGORY": "Şehiriçi Trafo", "CATEGORY": "Enerji Üretim, Dağıtım", "PHONE": "", "FAX": "", "EMAIL": "", "WEB": "", "ID": 10498123 }, "geometry": { "type": "Point", "coordinates": [ 32.836158, 39.871987 ] } },
{ "type": "Feature", "properties": { "NAME": "Elektrik Trafosu", "SUB_CATEGORY": "Şehiriçi Trafo", "CATEGORY": "Enerji Üretim, Dağıtım", "PHONE": "", "FAX": "", "EMAIL": "", "WEB": "", "ID": 10498087 }, "geometry": { "type": "Point", "coordinates": [ 32.834176, 39.872219 ] } },
{ "type": "Feature", "properties": { "NAME": "Elektrik Trafosu", "SUB_CATEGORY": "Şehiriçi Trafo", "CATEGORY": "Enerji Üretim, Dağıtım", "PHONE": "", "FAX": "", "EMAIL": "", "WEB": "", "ID": 1243614 }, "geometry": { "type": "Point", "coordinates": [ 32.831725, 39.873902 ] } },
{ "type": "Feature", "properties": { "NAME": "Elektrik Trafosu", "SUB_CATEGORY": "Şehiriçi Trafo", "CATEGORY": "Enerji Üretim, Dağıtım", "PHONE": "", "FAX": "", "EMAIL": "", "WEB": "", "ID": 10505409 }, "geometry": { "type": "Point", "coordinates": [ 32.83154, 39.870163 ] } },
{ "type": "Feature", "properties": { "NAME": "Elektrik Trafosu", "SUB_CATEGORY": "Şehiriçi Trafo", "CATEGORY": "Enerji Üretim, Dağıtım", "PHONE": "", "FAX": "", "EMAIL": "", "WEB": "", "ID": 1242609 }, "geometry": { "type": "Point", "coordinates": [ 32.830822, 39.8752 ] } },
{ "type": "Feature", "properties": { "NAME": "Elektrik Trafosu", "SUB_CATEGORY": "Şehiriçi Trafo", "CATEGORY": "Enerji Üretim, Dağıtım", "PHONE": "", "FAX": "", "EMAIL": "", "WEB": "", "ID": 1243606 }, "geometry": { "type": "Point", "coordinates": [ 32.829662, 39.872102 ] } },
{ "type": "Feature", "properties": { "NAME": "Elektrik Trafosu", "SUB_CATEGORY": "Şehiriçi Trafo", "CATEGORY": "Enerji Üretim, Dağıtım", "PHONE": "", "FAX": "", "EMAIL": "", "WEB": "", "ID": 574548 }, "geometry": { "type": "Point", "coordinates": [ 32.826, 39.870511 ] } },
{ "type": "Feature", "properties": { "NAME": "Elektrik Trafosu", "SUB_CATEGORY": "Şehiriçi Trafo", "CATEGORY": "Enerji Üretim, Dağıtım", "PHONE": "", "FAX": "", "EMAIL": "", "WEB": "", "ID": 9419800 }, "geometry": { "type": "Point", "coordinates": [ 32.828399, 39.87441 ] } },
{ "type": "Feature", "properties": { "NAME": "Elektrik Trafosu", "SUB_CATEGORY": "Şehiriçi Trafo", "CATEGORY": "Enerji Üretim, Dağıtım", "PHONE": "", "FAX": "", "EMAIL": "", "WEB": "", "ID": 9427026 }, "geometry": { "type": "Point", "coordinates": [ 32.823521, 39.872849 ] } },
{ "type": "Feature", "properties": { "NAME": "Elektrik Trafosu", "SUB_CATEGORY": "Şehiriçi Trafo", "CATEGORY": "Enerji Üretim, Dağıtım", "PHONE": "", "FAX": "", "EMAIL": "", "WEB": "", "ID": 9416999 }, "geometry": { "type": "Point", "coordinates": [ 32.81539, 39.877193 ] } },
{ "type": "Feature", "properties": { "NAME": "Elektrik Trafosu", "SUB_CATEGORY": "Şehiriçi Trafo", "CATEGORY": "Enerji Üretim, Dağıtım", "PHONE": "", "FAX": "", "EMAIL": "", "WEB": "", "ID": 2764356 }, "geometry": { "type": "Point", "coordinates": [ 32.815387, 39.881406 ] } },
{ "type": "Feature", "properties": { "NAME": "Elektrik Trafosu", "SUB_CATEGORY": "Şehiriçi Trafo", "CATEGORY": "Enerji Üretim, Dağıtım", "PHONE": "", "FAX": "", "EMAIL": "", "WEB": "", "ID": 1243094 }, "geometry": { "type": "Point", "coordinates": [ 32.816566, 39.880853 ] } },
{ "type": "Feature", "properties": { "NAME": "Elektrik Trafosu", "SUB_CATEGORY": "Şehiriçi Trafo", "CATEGORY": "Enerji Üretim, Dağıtım", "PHONE": "", "FAX": "", "EMAIL": "", "WEB": "", "ID": 1243080 }, "geometry": { "type": "Point", "coordinates": [ 32.818642, 39.881158 ] } },
{ "type": "Feature", "properties": { "NAME": "Elektrik Trafosu", "SUB_CATEGORY": "Şehiriçi Trafo", "CATEGORY": "Enerji Üretim, Dağıtım", "PHONE": "", "FAX": "", "EMAIL": "", "WEB": "", "ID": 9429180 }, "geometry": { "type": "Point", "coordinates": [ 32.820894, 39.879094 ] } },
{ "type": "Feature", "properties": { "NAME": "Elektrik Trafosu", "SUB_CATEGORY": "Şehiriçi Trafo", "CATEGORY": "Enerji Üretim, Dağıtım", "PHONE": "", "FAX": "", "EMAIL": "", "WEB": "", "ID": 3053401 }, "geometry": { "type": "Point", "coordinates": [ 32.823202, 39.877862 ] } },
{ "type": "Feature", "properties": { "NAME": "Elektrik Trafosu", "SUB_CATEGORY": "Şehiriçi Trafo", "CATEGORY": "Enerji Üretim, Dağıtım", "PHONE": "", "FAX": "", "EMAIL": "", "WEB": "", "ID": 9430906 }, "geometry": { "type": "Point", "coordinates": [ 32.819973, 39.881577 ] } },
{ "type": "Feature", "properties": { "NAME": "Elektrik Trafosu", "SUB_CATEGORY": "Şehiriçi Trafo", "CATEGORY": "Enerji Üretim, Dağıtım", "PHONE": "", "FAX": "", "EMAIL": "", "WEB": "", "ID": 10499242 }, "geometry": { "type": "Point", "coordinates": [ 32.821936, 39.882495 ] } },
{ "type": "Feature", "properties": { "NAME": "Elektrik Trafosu", "SUB_CATEGORY": "Şehiriçi Trafo", "CATEGORY": "Enerji Üretim, Dağıtım", "PHONE": "", "FAX": "", "EMAIL": "", "WEB": "", "ID": 9418355 }, "geometry": { "type": "Point", "coordinates": [ 32.827665, 39.884128 ] } },
{ "type": "Feature", "properties": { "NAME": "Elektrik Trafosu", "SUB_CATEGORY": "Şehiriçi Trafo", "CATEGORY": "Enerji Üretim, Dağıtım", "PHONE": "", "FAX": "", "EMAIL": "", "WEB": "", "ID": 1248509 }, "geometry": { "type": "Point", "coordinates": [ 32.819029, 39.887973 ] } },
{ "type": "Feature", "properties": { "NAME": "Elektrik Trafosu", "SUB_CATEGORY": "Şehiriçi Trafo", "CATEGORY": "Enerji Üretim, Dağıtım", "PHONE": "", "FAX": "", "EMAIL": "", "WEB": "", "ID": 11215349 }, "geometry": { "type": "Point", "coordinates": [ 32.822978, 39.88572 ] } },
{ "type": "Feature", "properties": { "NAME": "Elektrik Trafosu", "SUB_CATEGORY": "Şehiriçi Trafo", "CATEGORY": "Enerji Üretim, Dağıtım", "PHONE": "", "FAX": "", "EMAIL": "", "WEB": "", "ID": 9425404 }, "geometry": { "type": "Point", "coordinates": [ 32.823381, 39.888316 ] } },
{ "type": "Feature", "properties": { "NAME": "Elektrik Trafosu", "SUB_CATEGORY": "Şehiriçi Trafo", "CATEGORY": "Enerji Üretim, Dağıtım", "PHONE": "", "FAX": "", "EMAIL": "", "WEB": "", "ID": 1242699 }, "geometry": { "type": "Point", "coordinates": [ 32.825924, 39.891001 ] } },
{ "type": "Feature", "properties": { "NAME": "Elektrik Trafosu", "SUB_CATEGORY": "Şehiriçi Trafo", "CATEGORY": "Enerji Üretim, Dağıtım", "PHONE": "", "FAX": "", "EMAIL": "", "WEB": "", "ID": 1243223 }, "geometry": { "type": "Point", "coordinates": [ 32.826842, 39.888902 ] } },
{ "type": "Feature", "properties": { "NAME": "Elektrik Trafosu", "SUB_CATEGORY": "Şehiriçi Trafo", "CATEGORY": "Enerji Üretim, Dağıtım", "PHONE": "", "FAX": "", "EMAIL": "", "WEB": "", "ID": 3333064 }, "geometry": { "type": "Point", "coordinates": [ 32.829838, 39.889478 ] } },
{ "type": "Feature", "properties": { "NAME": "Elektrik Trafosu", "SUB_CATEGORY": "Şehiriçi Trafo", "CATEGORY": "Enerji Üretim, Dağıtım", "PHONE": "", "FAX": "", "EMAIL": "", "WEB": "", "ID": 11215467 }, "geometry": { "type": "Point", "coordinates": [ 32.822921, 39.89336 ] } },
{ "type": "Feature", "properties": { "NAME": "Elektrik Trafosu", "SUB_CATEGORY": "Şehiriçi Trafo", "CATEGORY": "Enerji Üretim, Dağıtım", "PHONE": "", "FAX": "", "EMAIL": "", "WEB": "", "ID": 1784333 }, "geometry": { "type": "Point", "coordinates": [ 32.826812, 39.891971 ] } },
{ "type": "Feature", "properties": { "NAME": "Elektrik Trafosu", "SUB_CATEGORY": "Şehiriçi Trafo", "CATEGORY": "Enerji Üretim, Dağıtım", "PHONE": "", "FAX": "", "EMAIL": "", "WEB": "", "ID": 10497424 }, "geometry": { "type": "Point", "coordinates": [ 32.83149, 39.891478 ] } },
{ "type": "Feature", "properties": { "NAME": "Elektrik Trafosu", "SUB_CATEGORY": "Şehiriçi Trafo", "CATEGORY": "Enerji Üretim, Dağıtım", "PHONE": "", "FAX": "", "EMAIL": "", "WEB": "", "ID": 1243739 }, "geometry": { "type": "Point", "coordinates": [ 32.828824, 39.893631 ] } },
{ "type": "Feature", "properties": { "NAME": "Elektrik Trafosu", "SUB_CATEGORY": "Şehiriçi Trafo", "CATEGORY": "Enerji Üretim, Dağıtım", "PHONE": "", "FAX": "", "EMAIL": "", "WEB": "", "ID": 10491107 }, "geometry": { "type": "Point", "coordinates": [ 32.834764, 39.859622 ] } },
{ "type": "Feature", "properties": { "NAME": "Elektrik Trafosu", "SUB_CATEGORY": "Şehiriçi Trafo", "CATEGORY": "Enerji Üretim, Dağıtım", "PHONE": "", "FAX": "", "EMAIL": "", "WEB": "", "ID": 929814 }, "geometry": { "type": "Point", "coordinates": [ 32.832582, 39.857159 ] } },
{ "type": "Feature", "properties": { "NAME": "Elektrik Trafosu", "SUB_CATEGORY": "Şehiriçi Trafo", "CATEGORY": "Enerji Üretim, Dağıtım", "PHONE": "", "FAX": "", "EMAIL": "", "WEB": "", "ID": 1244534 }, "geometry": { "type": "Point", "coordinates": [ 32.83414, 39.862 ] } },
{ "type": "Feature", "properties": { "NAME": "Elektrik Trafosu", "SUB_CATEGORY": "Şehiriçi Trafo", "CATEGORY": "Enerji Üretim, Dağıtım", "PHONE": "", "FAX": "", "EMAIL": "", "WEB": "", "ID": 1243934 }, "geometry": { "type": "Point", "coordinates": [ 32.832254, 39.860801 ] } },
{ "type": "Feature", "properties": { "NAME": "Elektrik Trafosu", "SUB_CATEGORY": "Şehiriçi Trafo", "CATEGORY": "Enerji Üretim, Dağıtım", "PHONE": "", "FAX": "", "EMAIL": "", "WEB": "", "ID": 10490951 }, "geometry": { "type": "Point", "coordinates": [ 32.831965, 39.860104 ] } },
{ "type": "Feature", "properties": { "NAME": "Elektrik Trafosu", "SUB_CATEGORY": "Şehiriçi Trafo", "CATEGORY": "Enerji Üretim, Dağıtım", "PHONE": "", "FAX": "", "EMAIL": "", "WEB": "", "ID": 1244657 }, "geometry": { "type": "Point", "coordinates": [ 32.828904, 39.857528 ] } },
{ "type": "Feature", "properties": { "NAME": "Elektrik Trafosu", "SUB_CATEGORY": "Şehiriçi Trafo", "CATEGORY": "Enerji Üretim, Dağıtım", "PHONE": "", "FAX": "", "EMAIL": "", "WEB": "", "ID": 3325889 }, "geometry": { "type": "Point", "coordinates": [ 32.827956, 39.852548 ] } },
{ "type": "Feature", "properties": { "NAME": "Elektrik Trafosu", "SUB_CATEGORY": "Şehiriçi Trafo", "CATEGORY": "Enerji Üretim, Dağıtım", "PHONE": "", "FAX": "", "EMAIL": "", "WEB": "", "ID": 571110 }, "geometry": { "type": "Point", "coordinates": [ 32.831684, 39.850326 ] } },
{ "type": "Feature", "properties": { "NAME": "Elektrik Trafosu", "SUB_CATEGORY": "Şehiriçi Trafo", "CATEGORY": "Enerji Üretim, Dağıtım", "PHONE": "", "FAX": "", "EMAIL": "", "WEB": "", "ID": 10499995 }, "geometry": { "type": "Point", "coordinates": [ 32.83063, 39.865279 ] } },
{ "type": "Feature", "properties": { "NAME": "Elektrik Trafosu", "SUB_CATEGORY": "Şehiriçi Trafo", "CATEGORY": "Enerji Üretim, Dağıtım", "PHONE": "", "FAX": "", "EMAIL": "", "WEB": "", "ID": 3328661 }, "geometry": { "type": "Point", "coordinates": [ 32.828149, 39.861808 ] } },
{ "type": "Feature", "properties": { "NAME": "Elektrik Trafosu", "SUB_CATEGORY": "Şehiriçi Trafo", "CATEGORY": "Enerji Üretim, Dağıtım", "PHONE": "", "FAX": "", "EMAIL": "", "WEB": "", "ID": 1849975 }, "geometry": { "type": "Point", "coordinates": [ 32.829475, 39.860462 ] } },
{ "type": "Feature", "properties": { "NAME": "Direk Üstü Elektrik Trafosu", "SUB_CATEGORY": "Şehiriçi Trafo", "CATEGORY": "Enerji Üretim, Dağıtım", "PHONE": "", "FAX": "", "EMAIL": "", "WEB": "", "ID": 11217189 }, "geometry": { "type": "Point", "coordinates": [ 32.827508, 39.860463 ] } },
{ "type": "Feature", "properties": { "NAME": "Direk Üstü Elektrik Trafosu", "SUB_CATEGORY": "Şehiriçi Trafo", "CATEGORY": "Enerji Üretim, Dağıtım", "PHONE": "", "FAX": "", "EMAIL": "", "WEB": "", "ID": 10505145 }, "geometry": { "type": "Point", "coordinates": [ 32.826384, 39.860366 ] } },
{ "type": "Feature", "properties": { "NAME": "Elektrik Trafosu", "SUB_CATEGORY": "Şehiriçi Trafo", "CATEGORY": "Enerji Üretim, Dağıtım", "PHONE": "", "FAX": "", "EMAIL": "", "WEB": "", "ID": 1243937 }, "geometry": { "type": "Point", "coordinates": [ 32.826206, 39.860273 ] } },
{ "type": "Feature", "properties": { "NAME": "Elektrik Trafosu", "SUB_CATEGORY": "Şehiriçi Trafo", "CATEGORY": "Enerji Üretim, Dağıtım", "PHONE": "", "FAX": "", "EMAIL": "", "WEB": "", "ID": 834903 }, "geometry": { "type": "Point", "coordinates": [ 32.827363, 39.852132 ] } },
{ "type": "Feature", "properties": { "NAME": "Elektrik Trafosu", "SUB_CATEGORY": "Şehiriçi Trafo", "CATEGORY": "Enerji Üretim, Dağıtım", "PHONE": "", "FAX": "", "EMAIL": "", "WEB": "", "ID": 929839 }, "geometry": { "type": "Point", "coordinates": [ 32.825308, 39.85054 ] } },
{ "type": "Feature", "properties": { "NAME": "Elektrik Trafosu", "SUB_CATEGORY": "Şehiriçi Trafo", "CATEGORY": "Enerji Üretim, Dağıtım", "PHONE": "", "FAX": "", "EMAIL": "", "WEB": "", "ID": 929840 }, "geometry": { "type": "Point", "coordinates": [ 32.826068, 39.849907 ] } },
{ "type": "Feature", "properties": { "NAME": "Elektrik Trafosu", "SUB_CATEGORY": "Şehiriçi Trafo", "CATEGORY": "Enerji Üretim, Dağıtım", "PHONE": "", "FAX": "", "EMAIL": "", "WEB": "", "ID": 571119 }, "geometry": { "type": "Point", "coordinates": [ 32.821846, 39.851346 ] } },
{ "type": "Feature", "properties": { "NAME": "Elektrik Trafosu", "SUB_CATEGORY": "Şehiriçi Trafo", "CATEGORY": "Enerji Üretim, Dağıtım", "PHONE": "", "FAX": "", "EMAIL": "", "WEB": "", "ID": 931939 }, "geometry": { "type": "Point", "coordinates": [ 32.82243, 39.849853 ] } },
{ "type": "Feature", "properties": { "NAME": "Elektrik Trafosu", "SUB_CATEGORY": "Şehiriçi Trafo", "CATEGORY": "Enerji Üretim, Dağıtım", "PHONE": "", "FAX": "", "EMAIL": "", "WEB": "", "ID": 3328700 }, "geometry": { "type": "Point", "coordinates": [ 32.827522, 39.866431 ] } },
{ "type": "Feature", "properties": { "NAME": "Elektrik Trafosu", "SUB_CATEGORY": "Şehiriçi Trafo", "CATEGORY": "Enerji Üretim, Dağıtım", "PHONE": "", "FAX": "", "EMAIL": "", "WEB": "", "ID": 11217030 }, "geometry": { "type": "Point", "coordinates": [ 32.824136, 39.862128 ] } },
{ "type": "Feature", "properties": { "NAME": "Elektrik Trafosu", "SUB_CATEGORY": "Şehiriçi Trafo", "CATEGORY": "Enerji Üretim, Dağıtım", "PHONE": "", "FAX": "", "EMAIL": "", "WEB": "", "ID": 1253625 }, "geometry": { "type": "Point", "coordinates": [ 32.814231, 39.849978 ] } },
{ "type": "Feature", "properties": { "NAME": "Elektrik Trafosu", "SUB_CATEGORY": "Şehiriçi Trafo", "CATEGORY": "Enerji Üretim, Dağıtım", "PHONE": "", "FAX": "", "EMAIL": "", "WEB": "", "ID": 8044694 }, "geometry": { "type": "Point", "coordinates": [ 32.817524, 39.850794 ] } },
{ "type": "Feature", "properties": { "NAME": "Elektrik Trafosu", "SUB_CATEGORY": "Şehiriçi Trafo", "CATEGORY": "Enerji Üretim, Dağıtım", "PHONE": "", "FAX": "", "EMAIL": "", "WEB": "", "ID": 1248550 }, "geometry": { "type": "Point", "coordinates": [ 32.819739, 39.852032 ] } },
{ "type": "Feature", "properties": { "NAME": "Elektrik Trafosu", "SUB_CATEGORY": "Şehiriçi Trafo", "CATEGORY": "Enerji Üretim, Dağıtım", "PHONE": "", "FAX": "", "EMAIL": "", "WEB": "", "ID": 11217047 }, "geometry": { "type": "Point", "coordinates": [ 32.822508, 39.866492 ] } },
{ "type": "Feature", "properties": { "NAME": "Elektrik Trafosu", "SUB_CATEGORY": "Şehiriçi Trafo", "CATEGORY": "Enerji Üretim, Dağıtım", "PHONE": "", "FAX": "", "EMAIL": "", "WEB": "", "ID": 1244706 }, "geometry": { "type": "Point", "coordinates": [ 32.822556, 39.865155 ] } },
{ "type": "Feature", "properties": { "NAME": "Elektrik Trafosu", "SUB_CATEGORY": "Şehiriçi Trafo", "CATEGORY": "Enerji Üretim, Dağıtım", "PHONE": "", "FAX": "", "EMAIL": "", "WEB": "", "ID": 10503444 }, "geometry": { "type": "Point", "coordinates": [ 32.823419, 39.866411 ] } },
{ "type": "Feature", "properties": { "NAME": "Elektrik Trafosu", "SUB_CATEGORY": "Şehiriçi Trafo", "CATEGORY": "Enerji Üretim, Dağıtım", "PHONE": "", "FAX": "", "EMAIL": "", "WEB": "", "ID": 3329000 }, "geometry": { "type": "Point", "coordinates": [ 32.822225, 39.864132 ] } },
{ "type": "Feature", "properties": { "NAME": "Elektrik Trafosu", "SUB_CATEGORY": "Şehiriçi Trafo", "CATEGORY": "Enerji Üretim, Dağıtım", "PHONE": "", "FAX": "", "EMAIL": "", "WEB": "", "ID": 11214042 }, "geometry": { "type": "Point", "coordinates": [ 32.824187, 39.869712 ] } },
{ "type": "Feature", "properties": { "NAME": "Elektrik Trafosu", "SUB_CATEGORY": "Şehiriçi Trafo", "CATEGORY": "Enerji Üretim, Dağıtım", "PHONE": "", "FAX": "", "EMAIL": "", "WEB": "", "ID": 3328626 }, "geometry": { "type": "Point", "coordinates": [ 32.82416, 39.867829 ] } },
{ "type": "Feature", "properties": { "NAME": "Elektrik Trafosu", "SUB_CATEGORY": "Şehiriçi Trafo", "CATEGORY": "Enerji Üretim, Dağıtım", "PHONE": "", "FAX": "", "EMAIL": "", "WEB": "", "ID": 3328890 }, "geometry": { "type": "Point", "coordinates": [ 32.820226, 39.863302 ] } },
{ "type": "Feature", "properties": { "NAME": "Elektrik Trafosu", "SUB_CATEGORY": "Şehiriçi Trafo", "CATEGORY": "Enerji Üretim, Dağıtım", "PHONE": "", "FAX": "", "EMAIL": "", "WEB": "", "ID": 3328771 }, "geometry": { "type": "Point", "coordinates": [ 32.819297, 39.859386 ] } },
{ "type": "Feature", "properties": { "NAME": "Direk Üstü Elektrik Trafosu", "SUB_CATEGORY": "Şehiriçi Trafo", "CATEGORY": "Enerji Üretim, Dağıtım", "PHONE": "", "FAX": "", "EMAIL": "", "WEB": "", "ID": 10505195 }, "geometry": { "type": "Point", "coordinates": [ 32.819462, 39.857969 ] } },
{ "type": "Feature", "properties": { "NAME": "Elektrik Trafosu", "SUB_CATEGORY": "Şehiriçi Trafo", "CATEGORY": "Enerji Üretim, Dağıtım", "PHONE": "", "FAX": "", "EMAIL": "", "WEB": "", "ID": 9419964 }, "geometry": { "type": "Point", "coordinates": [ 32.815578, 39.858949 ] } },
{ "type": "Feature", "properties": { "NAME": "Elektrik Trafosu", "SUB_CATEGORY": "Şehiriçi Trafo", "CATEGORY": "Enerji Üretim, Dağıtım", "PHONE": "", "FAX": "", "EMAIL": "", "WEB": "", "ID": 1244484 }, "geometry": { "type": "Point", "coordinates": [ 32.819418, 39.866865 ] } },
{ "type": "Feature", "properties": { "NAME": "Gazmatik - Altunbilekler Dikmen Şubesi", "SUB_CATEGORY": "Enerji Üretim, Dağıtım/Diğer", "CATEGORY": "Enerji Üretim, Dağıtım", "PHONE": "", "FAX": "", "EMAIL": "", "WEB": "", "ID": 3971699 }, "geometry": { "type": "Point", "coordinates": [ 32.821828, 39.867151 ] } },
{ "type": "Feature", "properties": { "NAME": "Elektrik Trafosu", "SUB_CATEGORY": "Şehiriçi Trafo", "CATEGORY": "Enerji Üretim, Dağıtım", "PHONE": "", "FAX": "", "EMAIL": "", "WEB": "", "ID": 3332637 }, "geometry": { "type": "Point", "coordinates": [ 32.818216, 39.868503 ] } },
{ "type": "Feature", "properties": { "NAME": "Elektrik Trafosu", "SUB_CATEGORY": "Şehiriçi Trafo", "CATEGORY": "Enerji Üretim, Dağıtım", "PHONE": "", "FAX": "", "EMAIL": "", "WEB": "", "ID": 10498150 }, "geometry": { "type": "Point", "coordinates": [ 32.820088, 39.869829 ] } },
{ "type": "Feature", "properties": { "NAME": "Elektrik Trafosu", "SUB_CATEGORY": "Şehiriçi Trafo", "CATEGORY": "Enerji Üretim, Dağıtım", "PHONE": "", "FAX": "", "EMAIL": "", "WEB": "", "ID": 1244703 }, "geometry": { "type": "Point", "coordinates": [ 32.817144, 39.865916 ] } },
{ "type": "Feature", "properties": { "NAME": "Elektrik Trafosu", "SUB_CATEGORY": "Şehiriçi Trafo", "CATEGORY": "Enerji Üretim, Dağıtım", "PHONE": "", "FAX": "", "EMAIL": "", "WEB": "", "ID": 3333839 }, "geometry": { "type": "Point", "coordinates": [ 32.820372, 39.874251 ] } },
{ "type": "Feature", "properties": { "NAME": "Elektrik Trafosu", "SUB_CATEGORY": "Şehiriçi Trafo", "CATEGORY": "Enerji Üretim, Dağıtım", "PHONE": "", "FAX": "", "EMAIL": "", "WEB": "", "ID": 1253431 }, "geometry": { "type": "Point", "coordinates": [ 32.811627, 39.856255 ] } },
{ "type": "Feature", "properties": { "NAME": "Elektrik Trafosu", "SUB_CATEGORY": "Şehiriçi Trafo", "CATEGORY": "Enerji Üretim, Dağıtım", "PHONE": "", "FAX": "", "EMAIL": "", "WEB": "", "ID": 1244522 }, "geometry": { "type": "Point", "coordinates": [ 32.814343, 39.858782 ] } },
{ "type": "Feature", "properties": { "NAME": "Elektrik Trafosu", "SUB_CATEGORY": "Şehiriçi Trafo", "CATEGORY": "Enerji Üretim, Dağıtım", "PHONE": "", "FAX": "", "EMAIL": "", "WEB": "", "ID": 2764390 }, "geometry": { "type": "Point", "coordinates": [ 32.811758, 39.86089 ] } },
{ "type": "Feature", "properties": { "NAME": "Elektrik Trafosu", "SUB_CATEGORY": "Şehiriçi Trafo", "CATEGORY": "Enerji Üretim, Dağıtım", "PHONE": "", "FAX": "", "EMAIL": "", "WEB": "", "ID": 1244518 }, "geometry": { "type": "Point", "coordinates": [ 32.814748, 39.861219 ] } },
{ "type": "Feature", "properties": { "NAME": "Elektrik Trafosu", "SUB_CATEGORY": "Şehiriçi Trafo", "CATEGORY": "Enerji Üretim, Dağıtım", "PHONE": "", "FAX": "", "EMAIL": "", "WEB": "", "ID": 9419451 }, "geometry": { "type": "Point", "coordinates": [ 32.812756, 39.865732 ] } },
{ "type": "Feature", "properties": { "NAME": "Elektrik Trafosu", "SUB_CATEGORY": "Şehiriçi Trafo", "CATEGORY": "Enerji Üretim, Dağıtım", "PHONE": "", "FAX": "", "EMAIL": "", "WEB": "", "ID": 571632 }, "geometry": { "type": "Point", "coordinates": [ 32.81628, 39.873591 ] } },
{ "type": "Feature", "properties": { "NAME": "Elektrik Trafosu", "SUB_CATEGORY": "Şehiriçi Trafo", "CATEGORY": "Enerji Üretim, Dağıtım", "PHONE": "", "FAX": "", "EMAIL": "", "WEB": "", "ID": 1244699 }, "geometry": { "type": "Point", "coordinates": [ 32.813066, 39.869498 ] } },
{ "type": "Feature", "properties": { "NAME": "Elektrik Trafosu", "SUB_CATEGORY": "Şehiriçi Trafo", "CATEGORY": "Enerji Üretim, Dağıtım", "PHONE": "", "FAX": "", "EMAIL": "", "WEB": "", "ID": 571640 }, "geometry": { "type": "Point", "coordinates": [ 32.814576, 39.87334 ] } },
{ "type": "Feature", "properties": { "NAME": "Trafo", "SUB_CATEGORY": "Şehiriçi Trafo", "CATEGORY": "Enerji Üretim, Dağıtım", "PHONE": "", "FAX": "", "EMAIL": "", "WEB": "", "ID": 11212408 }, "geometry": { "type": "Point", "coordinates": [ 32.786658, 39.849785 ] } },
{ "type": "Feature", "properties": { "NAME": "Elektrik Trafosu", "SUB_CATEGORY": "Şehiriçi Trafo", "CATEGORY": "Enerji Üretim, Dağıtım", "PHONE": "", "FAX": "", "EMAIL": "", "WEB": "", "ID": 1253629 }, "geometry": { "type": "Point", "coordinates": [ 32.810766, 39.852716 ] } },
{ "type": "Feature", "properties": { "NAME": "Elektrik Trafosu", "SUB_CATEGORY": "Şehiriçi Trafo", "CATEGORY": "Enerji Üretim, Dağıtım", "PHONE": "", "FAX": "", "EMAIL": "", "WEB": "", "ID": 9426798 }, "geometry": { "type": "Point", "coordinates": [ 32.813375, 39.908881 ] } },
{ "type": "Feature", "properties": { "NAME": "Elektrik Trafosu", "SUB_CATEGORY": "Şehiriçi Trafo", "CATEGORY": "Enerji Üretim, Dağıtım", "PHONE": "", "FAX": "", "EMAIL": "", "WEB": "", "ID": 1784107 }, "geometry": { "type": "Point", "coordinates": [ 32.816832, 39.905771 ] } },
{ "type": "Feature", "properties": { "NAME": "Elektrik Trafosu", "SUB_CATEGORY": "Şehiriçi Trafo", "CATEGORY": "Enerji Üretim, Dağıtım", "PHONE": "", "FAX": "", "EMAIL": "", "WEB": "", "ID": 3337141 }, "geometry": { "type": "Point", "coordinates": [ 32.815272, 39.90722 ] } },
{ "type": "Feature", "properties": { "NAME": "Elektrik Trafosu", "SUB_CATEGORY": "Şehiriçi Trafo", "CATEGORY": "Enerji Üretim, Dağıtım", "PHONE": "", "FAX": "", "EMAIL": "", "WEB": "", "ID": 1253011 }, "geometry": { "type": "Point", "coordinates": [ 32.819157, 39.90536 ] } },
{ "type": "Feature", "properties": { "NAME": "Elektrik Trafosu", "SUB_CATEGORY": "Şehiriçi Trafo", "CATEGORY": "Enerji Üretim, Dağıtım", "PHONE": "", "FAX": "", "EMAIL": "", "WEB": "", "ID": 2242436 }, "geometry": { "type": "Point", "coordinates": [ 32.811819, 39.902815 ] } },
{ "type": "Feature", "properties": { "NAME": "Elektrik Trafosu", "SUB_CATEGORY": "Şehiriçi Trafo", "CATEGORY": "Enerji Üretim, Dağıtım", "PHONE": "", "FAX": "", "EMAIL": "", "WEB": "", "ID": 11217443 }, "geometry": { "type": "Point", "coordinates": [ 32.812669, 39.902862 ] } },
{ "type": "Feature", "properties": { "NAME": "Elektrik Trafosu", "SUB_CATEGORY": "Şehiriçi Trafo", "CATEGORY": "Enerji Üretim, Dağıtım", "PHONE": "", "FAX": "", "EMAIL": "", "WEB": "", "ID": 9427208 }, "geometry": { "type": "Point", "coordinates": [ 32.813022, 39.90307 ] } },
{ "type": "Feature", "properties": { "NAME": "Elektrik Trafosu", "SUB_CATEGORY": "Şehiriçi Trafo", "CATEGORY": "Enerji Üretim, Dağıtım", "PHONE": "", "FAX": "", "EMAIL": "", "WEB": "", "ID": 9873206 }, "geometry": { "type": "Point", "coordinates": [ 32.812732, 39.901961 ] } },
{ "type": "Feature", "properties": { "NAME": "Elektrik Trafosu", "SUB_CATEGORY": "Şehiriçi Trafo", "CATEGORY": "Enerji Üretim, Dağıtım", "PHONE": "", "FAX": "", "EMAIL": "", "WEB": "", "ID": 10500154 }, "geometry": { "type": "Point", "coordinates": [ 32.820249, 39.902842 ] } },
{ "type": "Feature", "properties": { "NAME": "Elektrik Trafosu", "SUB_CATEGORY": "Şehiriçi Trafo", "CATEGORY": "Enerji Üretim, Dağıtım", "PHONE": "", "FAX": "", "EMAIL": "", "WEB": "", "ID": 9873209 }, "geometry": { "type": "Point", "coordinates": [ 32.813213, 39.901589 ] } },
{ "type": "Feature", "properties": { "NAME": "Elektrik Trafosu", "SUB_CATEGORY": "Şehiriçi Trafo", "CATEGORY": "Enerji Üretim, Dağıtım", "PHONE": "", "FAX": "", "EMAIL": "", "WEB": "", "ID": 11221716 }, "geometry": { "type": "Point", "coordinates": [ 32.815029, 39.901822 ] } },
{ "type": "Feature", "properties": { "NAME": "Elektrik Trafosu", "SUB_CATEGORY": "Şehiriçi Trafo", "CATEGORY": "Enerji Üretim, Dağıtım", "PHONE": "", "FAX": "", "EMAIL": "", "WEB": "", "ID": 8048887 }, "geometry": { "type": "Point", "coordinates": [ 32.818606, 39.901078 ] } },
{ "type": "Feature", "properties": { "NAME": "Elektrik Trafosu", "SUB_CATEGORY": "Şehiriçi Trafo", "CATEGORY": "Enerji Üretim, Dağıtım", "PHONE": "", "FAX": "", "EMAIL": "", "WEB": "", "ID": 11221391 }, "geometry": { "type": "Point", "coordinates": [ 32.816312, 39.899143 ] } },
{ "type": "Feature", "properties": { "NAME": "Elektrik Trafosu", "SUB_CATEGORY": "Şehiriçi Trafo", "CATEGORY": "Enerji Üretim, Dağıtım", "PHONE": "", "FAX": "", "EMAIL": "", "WEB": "", "ID": 1784147 }, "geometry": { "type": "Point", "coordinates": [ 32.818373, 39.897972 ] } },
{ "type": "Feature", "properties": { "NAME": "Elektrik Trafosu", "SUB_CATEGORY": "Şehiriçi Trafo", "CATEGORY": "Enerji Üretim, Dağıtım", "PHONE": "", "FAX": "", "EMAIL": "", "WEB": "", "ID": 3679825 }, "geometry": { "type": "Point", "coordinates": [ 32.812767, 39.896531 ] } },
{ "type": "Feature", "properties": { "NAME": "Direk Üstü Elektrik Trafosu", "SUB_CATEGORY": "Şehiriçi Trafo", "CATEGORY": "Enerji Üretim, Dağıtım", "PHONE": "", "FAX": "", "EMAIL": "", "WEB": "", "ID": 10500123 }, "geometry": { "type": "Point", "coordinates": [ 32.812829, 39.896505 ] } },
{ "type": "Feature", "properties": { "NAME": "Elektrik Trafosu", "SUB_CATEGORY": "Şehiriçi Trafo", "CATEGORY": "Enerji Üretim, Dağıtım", "PHONE": "", "FAX": "", "EMAIL": "", "WEB": "", "ID": 9424753 }, "geometry": { "type": "Point", "coordinates": [ 32.806438, 39.897007 ] } },
{ "type": "Feature", "properties": { "NAME": "Elektrik Trafosu", "SUB_CATEGORY": "Şehiriçi Trafo", "CATEGORY": "Enerji Üretim, Dağıtım", "PHONE": "", "FAX": "", "EMAIL": "", "WEB": "", "ID": 1793135 }, "geometry": { "type": "Point", "coordinates": [ 32.807908, 39.898743 ] } },
{ "type": "Feature", "properties": { "NAME": "Elektrik Trafosu", "SUB_CATEGORY": "Şehiriçi Trafo", "CATEGORY": "Enerji Üretim, Dağıtım", "PHONE": "", "FAX": "", "EMAIL": "", "WEB": "", "ID": 1201477 }, "geometry": { "type": "Point", "coordinates": [ 32.80597, 39.899299 ] } },
{ "type": "Feature", "properties": { "NAME": "Elektrik Trafosu", "SUB_CATEGORY": "Şehiriçi Trafo", "CATEGORY": "Enerji Üretim, Dağıtım", "PHONE": "", "FAX": "", "EMAIL": "", "WEB": "", "ID": 1784207 }, "geometry": { "type": "Point", "coordinates": [ 32.820207, 39.89788 ] } },
{ "type": "Feature", "properties": { "NAME": "Elektrik Trafosu", "SUB_CATEGORY": "Şehiriçi Trafo", "CATEGORY": "Enerji Üretim, Dağıtım", "PHONE": "", "FAX": "", "EMAIL": "", "WEB": "", "ID": 1201734 }, "geometry": { "type": "Point", "coordinates": [ 32.811526, 39.89813 ] } },
{ "type": "Feature", "properties": { "NAME": "Elektrik Trafosu", "SUB_CATEGORY": "Şehiriçi Trafo", "CATEGORY": "Enerji Üretim, Dağıtım", "PHONE": "", "FAX": "", "EMAIL": "", "WEB": "", "ID": 9418296 }, "geometry": { "type": "Point", "coordinates": [ 32.816586, 39.896694 ] } },
{ "type": "Feature", "properties": { "NAME": "Elektrik Trafosu", "SUB_CATEGORY": "Şehiriçi Trafo", "CATEGORY": "Enerji Üretim, Dağıtım", "PHONE": "", "FAX": "", "EMAIL": "", "WEB": "", "ID": 11214380 }, "geometry": { "type": "Point", "coordinates": [ 32.815072, 39.847528 ] } },
{ "type": "Feature", "properties": { "NAME": "Elektrik Trafosu", "SUB_CATEGORY": "Şehiriçi Trafo", "CATEGORY": "Enerji Üretim, Dağıtım", "PHONE": "", "FAX": "", "EMAIL": "", "WEB": "", "ID": 10514649 }, "geometry": { "type": "Point", "coordinates": [ 32.816195, 39.84816 ] } },
{ "type": "Feature", "properties": { "NAME": "Elektrik Trafosu", "SUB_CATEGORY": "Şehiriçi Trafo", "CATEGORY": "Enerji Üretim, Dağıtım", "PHONE": "", "FAX": "", "EMAIL": "", "WEB": "", "ID": 1248544 }, "geometry": { "type": "Point", "coordinates": [ 32.824579, 39.848866 ] } },
{ "type": "Feature", "properties": { "NAME": "Elektrik Trafosu", "SUB_CATEGORY": "Şehiriçi Trafo", "CATEGORY": "Enerji Üretim, Dağıtım", "PHONE": "", "FAX": "", "EMAIL": "", "WEB": "", "ID": 834916 }, "geometry": { "type": "Point", "coordinates": [ 32.82477, 39.846777 ] } },
{ "type": "Feature", "properties": { "NAME": "Elektrik Trafosu", "SUB_CATEGORY": "Şehiriçi Trafo", "CATEGORY": "Enerji Üretim, Dağıtım", "PHONE": "", "FAX": "", "EMAIL": "", "WEB": "", "ID": 1248545 }, "geometry": { "type": "Point", "coordinates": [ 32.827571, 39.848471 ] } },
{ "type": "Feature", "properties": { "NAME": "Elektrik Trafosu", "SUB_CATEGORY": "Şehiriçi Trafo", "CATEGORY": "Enerji Üretim, Dağıtım", "PHONE": "", "FAX": "", "EMAIL": "", "WEB": "", "ID": 10516532 }, "geometry": { "type": "Point", "coordinates": [ 32.832414, 39.846941 ] } },
{ "type": "Feature", "properties": { "NAME": "Elektrik Trafosu", "SUB_CATEGORY": "Şehiriçi Trafo", "CATEGORY": "Enerji Üretim, Dağıtım", "PHONE": "", "FAX": "", "EMAIL": "", "WEB": "", "ID": 571111 }, "geometry": { "type": "Point", "coordinates": [ 32.830362, 39.849408 ] } },
{ "type": "Feature", "properties": { "NAME": "Elektrik Trafosu", "SUB_CATEGORY": "Şehiriçi Trafo", "CATEGORY": "Enerji Üretim, Dağıtım", "PHONE": "", "FAX": "", "EMAIL": "", "WEB": "", "ID": 834914 }, "geometry": { "type": "Point", "coordinates": [ 32.821014, 39.848162 ] } },
{ "type": "Feature", "properties": { "NAME": "Elektrik Trafosu", "SUB_CATEGORY": "Şehiriçi Trafo", "CATEGORY": "Enerji Üretim, Dağıtım", "PHONE": "", "FAX": "", "EMAIL": "", "WEB": "", "ID": 10062126 }, "geometry": { "type": "Point", "coordinates": [ 32.78161, 39.844552 ] } },
{ "type": "Feature", "properties": { "NAME": "Elektrik Trafosu", "SUB_CATEGORY": "Şehiriçi Trafo", "CATEGORY": "Enerji Üretim, Dağıtım", "PHONE": "", "FAX": "", "EMAIL": "", "WEB": "", "ID": 1897082 }, "geometry": { "type": "Point", "coordinates": [ 32.792276, 39.845223 ] } },
{ "type": "Feature", "properties": { "NAME": "Elektrik Trafosu", "SUB_CATEGORY": "Şehiriçi Trafo", "CATEGORY": "Enerji Üretim, Dağıtım", "PHONE": "", "FAX": "", "EMAIL": "", "WEB": "", "ID": 2984081 }, "geometry": { "type": "Point", "coordinates": [ 32.795462, 39.843928 ] } },
{ "type": "Feature", "properties": { "NAME": "Kepekli Elektrik Trafosu", "SUB_CATEGORY": "Şehiriçi Trafo", "CATEGORY": "Enerji Üretim, Dağıtım", "PHONE": "", "FAX": "", "EMAIL": "", "WEB": "", "ID": 1596487 }, "geometry": { "type": "Point", "coordinates": [ 32.804694, 39.842557 ] } },
{ "type": "Feature", "properties": { "NAME": "Elektrik Trafosu", "SUB_CATEGORY": "Şehiriçi Trafo", "CATEGORY": "Enerji Üretim, Dağıtım", "PHONE": "", "FAX": "", "EMAIL": "", "WEB": "", "ID": 8013075 }, "geometry": { "type": "Point", "coordinates": [ 32.797353, 39.819062 ] } },
{ "type": "Feature", "properties": { "NAME": "Elektrik Trafosu", "SUB_CATEGORY": "Şehiriçi Trafo", "CATEGORY": "Enerji Üretim, Dağıtım", "PHONE": "", "FAX": "", "EMAIL": "", "WEB": "", "ID": 1834755 }, "geometry": { "type": "Point", "coordinates": [ 32.796962, 39.822569 ] } },
{ "type": "Feature", "properties": { "NAME": "Direk Üstü Elektrik Trafosu", "SUB_CATEGORY": "Şehiriçi Trafo", "CATEGORY": "Enerji Üretim, Dağıtım", "PHONE": "", "FAX": "", "EMAIL": "", "WEB": "", "ID": 10512540 }, "geometry": { "type": "Point", "coordinates": [ 32.797625, 39.830926 ] } },
{ "type": "Feature", "properties": { "NAME": "Elektrik Trafosu", "SUB_CATEGORY": "Şehiriçi Trafo", "CATEGORY": "Enerji Üretim, Dağıtım", "PHONE": "", "FAX": "", "EMAIL": "", "WEB": "", "ID": 1244213 }, "geometry": { "type": "Point", "coordinates": [ 32.818609, 39.89613 ] } },
{ "type": "Feature", "properties": { "NAME": "Elektrik Trafosu", "SUB_CATEGORY": "Şehiriçi Trafo", "CATEGORY": "Enerji Üretim, Dağıtım", "PHONE": "", "FAX": "", "EMAIL": "", "WEB": "", "ID": 1793168 }, "geometry": { "type": "Point", "coordinates": [ 32.80416, 39.895554 ] } },
{ "type": "Feature", "properties": { "NAME": "Elektrik Trafosu", "SUB_CATEGORY": "Şehiriçi Trafo", "CATEGORY": "Enerji Üretim, Dağıtım", "PHONE": "", "FAX": "", "EMAIL": "", "WEB": "", "ID": 11212937 }, "geometry": { "type": "Point", "coordinates": [ 32.807831, 39.895407 ] } },
{ "type": "Feature", "properties": { "NAME": "Trafo Merkezi", "SUB_CATEGORY": "Trafo Dağıtım Merkezi", "CATEGORY": "Enerji Üretim, Dağıtım", "PHONE": "", "FAX": "", "EMAIL": "", "WEB": "", "ID": 1201459 }, "geometry": { "type": "Point", "coordinates": [ 32.807939, 39.895538 ] } },
{ "type": "Feature", "properties": { "NAME": "Elektrik Trafosu", "SUB_CATEGORY": "Şehiriçi Trafo", "CATEGORY": "Enerji Üretim, Dağıtım", "PHONE": "", "FAX": "", "EMAIL": "", "WEB": "", "ID": 11212935 }, "geometry": { "type": "Point", "coordinates": [ 32.808187, 39.895782 ] } },
{ "type": "Feature", "properties": { "NAME": "Elektrik Trafosu", "SUB_CATEGORY": "Şehiriçi Trafo", "CATEGORY": "Enerji Üretim, Dağıtım", "PHONE": "", "FAX": "", "EMAIL": "", "WEB": "", "ID": 10499544 }, "geometry": { "type": "Point", "coordinates": [ 32.812873, 39.895455 ] } },
{ "type": "Feature", "properties": { "NAME": "Elektrik Trafosu", "SUB_CATEGORY": "Şehiriçi Trafo", "CATEGORY": "Enerji Üretim, Dağıtım", "PHONE": "", "FAX": "", "EMAIL": "", "WEB": "", "ID": 1596354 }, "geometry": { "type": "Point", "coordinates": [ 32.812784, 39.894106 ] } },
{ "type": "Feature", "properties": { "NAME": "Elektrik Trafosu", "SUB_CATEGORY": "Şehiriçi Trafo", "CATEGORY": "Enerji Üretim, Dağıtım", "PHONE": "", "FAX": "", "EMAIL": "", "WEB": "", "ID": 1074763 }, "geometry": { "type": "Point", "coordinates": [ 32.81695, 39.893527 ] } },
{ "type": "Feature", "properties": { "NAME": "Elektrik Trafosu", "SUB_CATEGORY": "Şehiriçi Trafo", "CATEGORY": "Enerji Üretim, Dağıtım", "PHONE": "", "FAX": "", "EMAIL": "", "WEB": "", "ID": 9425689 }, "geometry": { "type": "Point", "coordinates": [ 32.820033, 39.893221 ] } },
{ "type": "Feature", "properties": { "NAME": "Elektrik Trafosu", "SUB_CATEGORY": "Şehiriçi Trafo", "CATEGORY": "Enerji Üretim, Dağıtım", "PHONE": "", "FAX": "", "EMAIL": "", "WEB": "", "ID": 1596417 }, "geometry": { "type": "Point", "coordinates": [ 32.804614, 39.893874 ] } },
{ "type": "Feature", "properties": { "NAME": "Elektrik Trafosu", "SUB_CATEGORY": "Şehiriçi Trafo", "CATEGORY": "Enerji Üretim, Dağıtım", "PHONE": "", "FAX": "", "EMAIL": "", "WEB": "", "ID": 10497301 }, "geometry": { "type": "Point", "coordinates": [ 32.809672, 39.893665 ] } },
{ "type": "Feature", "properties": { "NAME": "Elektrik Trafosu", "SUB_CATEGORY": "Şehiriçi Trafo", "CATEGORY": "Enerji Üretim, Dağıtım", "PHONE": "", "FAX": "", "EMAIL": "", "WEB": "", "ID": 1596490 }, "geometry": { "type": "Point", "coordinates": [ 32.808057, 39.893795 ] } },
{ "type": "Feature", "properties": { "NAME": "Elektrik Trafosu", "SUB_CATEGORY": "Şehiriçi Trafo", "CATEGORY": "Enerji Üretim, Dağıtım", "PHONE": "", "FAX": "", "EMAIL": "", "WEB": "", "ID": 8056503 }, "geometry": { "type": "Point", "coordinates": [ 32.817589, 39.890676 ] } },
{ "type": "Feature", "properties": { "NAME": "Elektrik Trafosu", "SUB_CATEGORY": "Şehiriçi Trafo", "CATEGORY": "Enerji Üretim, Dağıtım", "PHONE": "", "FAX": "", "EMAIL": "", "WEB": "", "ID": 1799448 }, "geometry": { "type": "Point", "coordinates": [ 32.80972, 39.891648 ] } },
{ "type": "Feature", "properties": { "NAME": "Elektrik Trafosu", "SUB_CATEGORY": "Şehiriçi Trafo", "CATEGORY": "Enerji Üretim, Dağıtım", "PHONE": "", "FAX": "", "EMAIL": "", "WEB": "", "ID": 1201255 }, "geometry": { "type": "Point", "coordinates": [ 32.809142, 39.889273 ] } },
{ "type": "Feature", "properties": { "NAME": "Elektrik Trafosu", "SUB_CATEGORY": "Şehiriçi Trafo", "CATEGORY": "Enerji Üretim, Dağıtım", "PHONE": "", "FAX": "", "EMAIL": "", "WEB": "", "ID": 11215731 }, "geometry": { "type": "Point", "coordinates": [ 32.807713, 39.891572 ] } },
{ "type": "Feature", "properties": { "NAME": "Elektrik Trafosu", "SUB_CATEGORY": "Şehiriçi Trafo", "CATEGORY": "Enerji Üretim, Dağıtım", "PHONE": "", "FAX": "", "EMAIL": "", "WEB": "", "ID": 1671167 }, "geometry": { "type": "Point", "coordinates": [ 32.800474, 39.890309 ] } },
{ "type": "Feature", "properties": { "NAME": "Elektrik Trafosu", "SUB_CATEGORY": "Şehiriçi Trafo", "CATEGORY": "Enerji Üretim, Dağıtım", "PHONE": "", "FAX": "", "EMAIL": "", "WEB": "", "ID": 8050570 }, "geometry": { "type": "Point", "coordinates": [ 32.804467, 39.884889 ] } },
{ "type": "Feature", "properties": { "NAME": "Elektrik Trafosu", "SUB_CATEGORY": "Şehiriçi Trafo", "CATEGORY": "Enerji Üretim, Dağıtım", "PHONE": "", "FAX": "", "EMAIL": "", "WEB": "", "ID": 9422524 }, "geometry": { "type": "Point", "coordinates": [ 32.815329, 39.886084 ] } },
{ "type": "Feature", "properties": { "NAME": "Elektrik Trafosu", "SUB_CATEGORY": "Şehiriçi Trafo", "CATEGORY": "Enerji Üretim, Dağıtım", "PHONE": "", "FAX": "", "EMAIL": "", "WEB": "", "ID": 8050571 }, "geometry": { "type": "Point", "coordinates": [ 32.806173, 39.884651 ] } },
{ "type": "Feature", "properties": { "NAME": "Elektrik Trafosu", "SUB_CATEGORY": "Şehiriçi Trafo", "CATEGORY": "Enerji Üretim, Dağıtım", "PHONE": "", "FAX": "", "EMAIL": "", "WEB": "", "ID": 1243135 }, "geometry": { "type": "Point", "coordinates": [ 32.81657, 39.883848 ] } },
{ "type": "Feature", "properties": { "NAME": "Elektrik Trafosu", "SUB_CATEGORY": "Şehiriçi Trafo", "CATEGORY": "Enerji Üretim, Dağıtım", "PHONE": "", "FAX": "", "EMAIL": "", "WEB": "", "ID": 10063044 }, "geometry": { "type": "Point", "coordinates": [ 32.812817, 39.883196 ] } },
{ "type": "Feature", "properties": { "NAME": "Elektrik Trafosu", "SUB_CATEGORY": "Şehiriçi Trafo", "CATEGORY": "Enerji Üretim, Dağıtım", "PHONE": "", "FAX": "", "EMAIL": "", "WEB": "", "ID": 9419421 }, "geometry": { "type": "Point", "coordinates": [ 32.808158, 39.883201 ] } },
{ "type": "Feature", "properties": { "NAME": "Elektrik Trafosu", "SUB_CATEGORY": "Şehiriçi Trafo", "CATEGORY": "Enerji Üretim, Dağıtım", "PHONE": "", "FAX": "", "EMAIL": "", "WEB": "", "ID": 1201311 }, "geometry": { "type": "Point", "coordinates": [ 32.803404, 39.881582 ] } },
{ "type": "Feature", "properties": { "NAME": "Elektrik Trafosu", "SUB_CATEGORY": "Şehiriçi Trafo", "CATEGORY": "Enerji Üretim, Dağıtım", "PHONE": "", "FAX": "", "EMAIL": "", "WEB": "", "ID": 1625871 }, "geometry": { "type": "Point", "coordinates": [ 32.812616, 39.878934 ] } },
{ "type": "Feature", "properties": { "NAME": "Elektrik Trafosu", "SUB_CATEGORY": "Şehiriçi Trafo", "CATEGORY": "Enerji Üretim, Dağıtım", "PHONE": "", "FAX": "", "EMAIL": "", "WEB": "", "ID": 10497131 }, "geometry": { "type": "Point", "coordinates": [ 32.799414, 39.880412 ] } },
{ "type": "Feature", "properties": { "NAME": "Elektrik Trafosu", "SUB_CATEGORY": "Şehiriçi Trafo", "CATEGORY": "Enerji Üretim, Dağıtım", "PHONE": "", "FAX": "", "EMAIL": "", "WEB": "", "ID": 10497386 }, "geometry": { "type": "Point", "coordinates": [ 32.805513, 39.880511 ] } },
{ "type": "Feature", "properties": { "NAME": "TEİAŞ Çiğdem Trafo Merkezi", "SUB_CATEGORY": "Trafo Dağıtım Merkezi", "CATEGORY": "Enerji Üretim, Dağıtım", "PHONE": "", "FAX": "", "EMAIL": "", "WEB": "", "ID": 2980317 }, "geometry": { "type": "Point", "coordinates": [ 32.804636, 39.876945 ] } },
{ "type": "Feature", "properties": { "NAME": "Elektrik Trafosu", "SUB_CATEGORY": "Şehiriçi Trafo", "CATEGORY": "Enerji Üretim, Dağıtım", "PHONE": "", "FAX": "", "EMAIL": "", "WEB": "", "ID": 9869223 }, "geometry": { "type": "Point", "coordinates": [ 32.818738, 39.923931 ] } },
{ "type": "Feature", "properties": { "NAME": "Elektrik Trafosu", "SUB_CATEGORY": "Şehiriçi Trafo", "CATEGORY": "Enerji Üretim, Dağıtım", "PHONE": "", "FAX": "", "EMAIL": "", "WEB": "", "ID": 1253151 }, "geometry": { "type": "Point", "coordinates": [ 32.82006, 39.920458 ] } },
{ "type": "Feature", "properties": { "NAME": "Elektrik Trafosu", "SUB_CATEGORY": "Şehiriçi Trafo", "CATEGORY": "Enerji Üretim, Dağıtım", "PHONE": "", "FAX": "", "EMAIL": "", "WEB": "", "ID": 10526517 }, "geometry": { "type": "Point", "coordinates": [ 32.827105, 39.920257 ] } },
{ "type": "Feature", "properties": { "NAME": "Elektrik Trafosu", "SUB_CATEGORY": "Şehiriçi Trafo", "CATEGORY": "Enerji Üretim, Dağıtım", "PHONE": "", "FAX": "", "EMAIL": "", "WEB": "", "ID": 10553527 }, "geometry": { "type": "Point", "coordinates": [ 32.822162, 39.921153 ] } },
{ "type": "Feature", "properties": { "NAME": "Elektrik Trafosu", "SUB_CATEGORY": "Şehiriçi Trafo", "CATEGORY": "Enerji Üretim, Dağıtım", "PHONE": "", "FAX": "", "EMAIL": "", "WEB": "", "ID": 11240767 }, "geometry": { "type": "Point", "coordinates": [ 32.81971, 39.918368 ] } },
{ "type": "Feature", "properties": { "NAME": "Elektrik Trafosu", "SUB_CATEGORY": "Şehiriçi Trafo", "CATEGORY": "Enerji Üretim, Dağıtım", "PHONE": "", "FAX": "", "EMAIL": "", "WEB": "", "ID": 9871457 }, "geometry": { "type": "Point", "coordinates": [ 32.821248, 39.917216 ] } },
{ "type": "Feature", "properties": { "NAME": "Elektrik Trafosu", "SUB_CATEGORY": "Şehiriçi Trafo", "CATEGORY": "Enerji Üretim, Dağıtım", "PHONE": "", "FAX": "", "EMAIL": "", "WEB": "", "ID": 9873350 }, "geometry": { "type": "Point", "coordinates": [ 32.81556, 39.918247 ] } },
{ "type": "Feature", "properties": { "NAME": "Elektrik Trafosu", "SUB_CATEGORY": "Şehiriçi Trafo", "CATEGORY": "Enerji Üretim, Dağıtım", "PHONE": "", "FAX": "", "EMAIL": "", "WEB": "", "ID": 11247421 }, "geometry": { "type": "Point", "coordinates": [ 32.825538, 39.917169 ] } },
{ "type": "Feature", "properties": { "NAME": "Elektrik Trafosu", "SUB_CATEGORY": "Şehiriçi Trafo", "CATEGORY": "Enerji Üretim, Dağıtım", "PHONE": "", "FAX": "", "EMAIL": "", "WEB": "", "ID": 1252801 }, "geometry": { "type": "Point", "coordinates": [ 32.829375, 39.916276 ] } },
{ "type": "Feature", "properties": { "NAME": "Elektrik Trafosu", "SUB_CATEGORY": "Şehiriçi Trafo", "CATEGORY": "Enerji Üretim, Dağıtım", "PHONE": "", "FAX": "", "EMAIL": "", "WEB": "", "ID": 9875489 }, "geometry": { "type": "Point", "coordinates": [ 32.818746, 39.911539 ] } },
{ "type": "Feature", "properties": { "NAME": "Elektrik Trafosu", "SUB_CATEGORY": "Şehiriçi Trafo", "CATEGORY": "Enerji Üretim, Dağıtım", "PHONE": "", "FAX": "", "EMAIL": "", "WEB": "", "ID": 1784168 }, "geometry": { "type": "Point", "coordinates": [ 32.820756, 39.908986 ] } },
{ "type": "Feature", "properties": { "NAME": "Elektrik Trafosu", "SUB_CATEGORY": "Şehiriçi Trafo", "CATEGORY": "Enerji Üretim, Dağıtım", "PHONE": "", "FAX": "", "EMAIL": "", "WEB": "", "ID": 8048890 }, "geometry": { "type": "Point", "coordinates": [ 32.818181, 39.906966 ] } },
{ "type": "Feature", "properties": { "NAME": "Elektrik Trafosu", "SUB_CATEGORY": "Şehiriçi Trafo", "CATEGORY": "Enerji Üretim, Dağıtım", "PHONE": "", "FAX": "", "EMAIL": "", "WEB": "", "ID": 1252802 }, "geometry": { "type": "Point", "coordinates": [ 32.823014, 39.906944 ] } },
{ "type": "Feature", "properties": { "NAME": "Elektrik Trafosu", "SUB_CATEGORY": "Şehiriçi Trafo", "CATEGORY": "Enerji Üretim, Dağıtım", "PHONE": "", "FAX": "", "EMAIL": "", "WEB": "", "ID": 10496030 }, "geometry": { "type": "Point", "coordinates": [ 32.795388, 39.913648 ] } },
{ "type": "Feature", "properties": { "NAME": "Elektrik Trafosu", "SUB_CATEGORY": "Şehiriçi Trafo", "CATEGORY": "Enerji Üretim, Dağıtım", "PHONE": "", "FAX": "", "EMAIL": "", "WEB": "", "ID": 9431760 }, "geometry": { "type": "Point", "coordinates": [ 32.795054, 39.9128 ] } },
{ "type": "Feature", "properties": { "NAME": "Elektrik Trafosu", "SUB_CATEGORY": "Şehiriçi Trafo", "CATEGORY": "Enerji Üretim, Dağıtım", "PHONE": "", "FAX": "", "EMAIL": "", "WEB": "", "ID": 2632235 }, "geometry": { "type": "Point", "coordinates": [ 32.804763, 39.906862 ] } },
{ "type": "Feature", "properties": { "NAME": "Elektrik Trafosu", "SUB_CATEGORY": "Şehiriçi Trafo", "CATEGORY": "Enerji Üretim, Dağıtım", "PHONE": "", "FAX": "", "EMAIL": "", "WEB": "", "ID": 1799415 }, "geometry": { "type": "Point", "coordinates": [ 32.801915, 39.906508 ] } },
{ "type": "Feature", "properties": { "NAME": "Elektrik Trafosu", "SUB_CATEGORY": "Şehiriçi Trafo", "CATEGORY": "Enerji Üretim, Dağıtım", "PHONE": "", "FAX": "", "EMAIL": "", "WEB": "", "ID": 10496803 }, "geometry": { "type": "Point", "coordinates": [ 32.801901, 39.914012 ] } },
{ "type": "Feature", "properties": { "NAME": "Elektrik Trafosu", "SUB_CATEGORY": "Şehiriçi Trafo", "CATEGORY": "Enerji Üretim, Dağıtım", "PHONE": "", "FAX": "", "EMAIL": "", "WEB": "", "ID": 9427911 }, "geometry": { "type": "Point", "coordinates": [ 32.80985, 39.910297 ] } },
{ "type": "Feature", "properties": { "NAME": "Elektrik Trafosu", "SUB_CATEGORY": "Şehiriçi Trafo", "CATEGORY": "Enerji Üretim, Dağıtım", "PHONE": "", "FAX": "", "EMAIL": "", "WEB": "", "ID": 1596464 }, "geometry": { "type": "Point", "coordinates": [ 32.811261, 39.911188 ] } },
{ "type": "Feature", "properties": { "NAME": "Elektrik Trafosu", "SUB_CATEGORY": "Şehiriçi Trafo", "CATEGORY": "Enerji Üretim, Dağıtım", "PHONE": "", "FAX": "", "EMAIL": "", "WEB": "", "ID": 9873551 }, "geometry": { "type": "Point", "coordinates": [ 32.814696, 39.918333 ] } },
{ "type": "Feature", "properties": { "NAME": "Elektrik Trafosu", "SUB_CATEGORY": "Şehiriçi Trafo", "CATEGORY": "Enerji Üretim, Dağıtım", "PHONE": "", "FAX": "", "EMAIL": "", "WEB": "", "ID": 9873185 }, "geometry": { "type": "Point", "coordinates": [ 32.814558, 39.919262 ] } },
{ "type": "Feature", "properties": { "NAME": "Elektrik Trafosu", "SUB_CATEGORY": "Şehiriçi Trafo", "CATEGORY": "Enerji Üretim, Dağıtım", "PHONE": "", "FAX": "", "EMAIL": "", "WEB": "", "ID": 10522246 }, "geometry": { "type": "Point", "coordinates": [ 32.815475, 39.923931 ] } },
{ "type": "Feature", "properties": { "NAME": "Elektrik Trafosu", "SUB_CATEGORY": "Şehiriçi Trafo", "CATEGORY": "Enerji Üretim, Dağıtım", "PHONE": "", "FAX": "", "EMAIL": "", "WEB": "", "ID": 9869068 }, "geometry": { "type": "Point", "coordinates": [ 32.81623, 39.924327 ] } },
{ "type": "Feature", "properties": { "NAME": "Elektrik Trafosu", "SUB_CATEGORY": "Şehiriçi Trafo", "CATEGORY": "Enerji Üretim, Dağıtım", "PHONE": "", "FAX": "", "EMAIL": "", "WEB": "", "ID": 10522159 }, "geometry": { "type": "Point", "coordinates": [ 32.816982, 39.927585 ] } },
{ "type": "Feature", "properties": { "NAME": "Elektrik Trafosu", "SUB_CATEGORY": "Şehiriçi Trafo", "CATEGORY": "Enerji Üretim, Dağıtım", "PHONE": "", "FAX": "", "EMAIL": "", "WEB": "", "ID": 9864141 }, "geometry": { "type": "Point", "coordinates": [ 32.79869, 39.892012 ] } },
{ "type": "Feature", "properties": { "NAME": "Elektrik Trafosu", "SUB_CATEGORY": "Şehiriçi Trafo", "CATEGORY": "Enerji Üretim, Dağıtım", "PHONE": "", "FAX": "", "EMAIL": "", "WEB": "", "ID": 2632305 }, "geometry": { "type": "Point", "coordinates": [ 32.805235, 39.9021 ] } },
{ "type": "Feature", "properties": { "NAME": "Elektrik Trafosu", "SUB_CATEGORY": "Şehiriçi Trafo", "CATEGORY": "Enerji Üretim, Dağıtım", "PHONE": "", "FAX": "", "EMAIL": "", "WEB": "", "ID": 11215568 }, "geometry": { "type": "Point", "coordinates": [ 32.801552, 39.894589 ] } },
{ "type": "Feature", "properties": { "NAME": "Elektrik Trafosu", "SUB_CATEGORY": "Şehiriçi Trafo", "CATEGORY": "Enerji Üretim, Dağıtım", "PHONE": "", "FAX": "", "EMAIL": "", "WEB": "", "ID": 10497069 }, "geometry": { "type": "Point", "coordinates": [ 32.800362, 39.895072 ] } },
{ "type": "Feature", "properties": { "NAME": "Elektrik Trafosu", "SUB_CATEGORY": "Şehiriçi Trafo", "CATEGORY": "Enerji Üretim, Dağıtım", "PHONE": "", "FAX": "", "EMAIL": "", "WEB": "", "ID": 8057731 }, "geometry": { "type": "Point", "coordinates": [ 32.8018, 39.899277 ] } },
{ "type": "Feature", "properties": { "NAME": "Elektrik Trafosu", "SUB_CATEGORY": "Şehiriçi Trafo", "CATEGORY": "Enerji Üretim, Dağıtım", "PHONE": "", "FAX": "", "EMAIL": "", "WEB": "", "ID": 1201489 }, "geometry": { "type": "Point", "coordinates": [ 32.802109, 39.902039 ] } },
{ "type": "Feature", "properties": { "NAME": "Direk Üstü Elektrik Trafosu", "SUB_CATEGORY": "Şehiriçi Trafo", "CATEGORY": "Enerji Üretim, Dağıtım", "PHONE": "", "FAX": "", "EMAIL": "", "WEB": "", "ID": 11215613 }, "geometry": { "type": "Point", "coordinates": [ 32.796811, 39.891294 ] } },
{ "type": "Feature", "properties": { "NAME": "Elektrik Trafosu", "SUB_CATEGORY": "Şehiriçi Trafo", "CATEGORY": "Enerji Üretim, Dağıtım", "PHONE": "", "FAX": "", "EMAIL": "", "WEB": "", "ID": 954115 }, "geometry": { "type": "Point", "coordinates": [ 32.796991, 39.896174 ] } },
{ "type": "Feature", "properties": { "NAME": "Elektrik Trafosu", "SUB_CATEGORY": "Şehiriçi Trafo", "CATEGORY": "Enerji Üretim, Dağıtım", "PHONE": "", "FAX": "", "EMAIL": "", "WEB": "", "ID": 954135 }, "geometry": { "type": "Point", "coordinates": [ 32.798328, 39.898353 ] } },
{ "type": "Feature", "properties": { "NAME": "Elektrik Trafosu", "SUB_CATEGORY": "Şehiriçi Trafo", "CATEGORY": "Enerji Üretim, Dağıtım", "PHONE": "", "FAX": "", "EMAIL": "", "WEB": "", "ID": 954113 }, "geometry": { "type": "Point", "coordinates": [ 32.79734, 39.896972 ] } },
{ "type": "Feature", "properties": { "NAME": "Elektrik Trafosu", "SUB_CATEGORY": "Şehiriçi Trafo", "CATEGORY": "Enerji Üretim, Dağıtım", "PHONE": "", "FAX": "", "EMAIL": "", "WEB": "", "ID": 10496438 }, "geometry": { "type": "Point", "coordinates": [ 32.796362, 39.887363 ] } },
{ "type": "Feature", "properties": { "NAME": "Elektrik Trafosu", "SUB_CATEGORY": "Şehiriçi Trafo", "CATEGORY": "Enerji Üretim, Dağıtım", "PHONE": "", "FAX": "", "EMAIL": "", "WEB": "", "ID": 1799455 }, "geometry": { "type": "Point", "coordinates": [ 32.797392, 39.886395 ] } },
{ "type": "Feature", "properties": { "NAME": "Elektrik Trafosu", "SUB_CATEGORY": "Şehiriçi Trafo", "CATEGORY": "Enerji Üretim, Dağıtım", "PHONE": "", "FAX": "", "EMAIL": "", "WEB": "", "ID": 10501227 }, "geometry": { "type": "Point", "coordinates": [ 32.790474, 39.889212 ] } },
{ "type": "Feature", "properties": { "NAME": "Elektrik Trafosu", "SUB_CATEGORY": "Şehiriçi Trafo", "CATEGORY": "Enerji Üretim, Dağıtım", "PHONE": "", "FAX": "", "EMAIL": "", "WEB": "", "ID": 11215387 }, "geometry": { "type": "Point", "coordinates": [ 32.797315, 39.900805 ] } },
{ "type": "Feature", "properties": { "NAME": "Elektrik Trafosu", "SUB_CATEGORY": "Şehiriçi Trafo", "CATEGORY": "Enerji Üretim, Dağıtım", "PHONE": "", "FAX": "", "EMAIL": "", "WEB": "", "ID": 954110 }, "geometry": { "type": "Point", "coordinates": [ 32.796636, 39.89935 ] } },
{ "type": "Feature", "properties": { "NAME": "Elektrik Trafosu", "SUB_CATEGORY": "Şehiriçi Trafo", "CATEGORY": "Enerji Üretim, Dağıtım", "PHONE": "", "FAX": "", "EMAIL": "", "WEB": "", "ID": 1201432 }, "geometry": { "type": "Point", "coordinates": [ 32.796364, 39.893251 ] } },
{ "type": "Feature", "properties": { "NAME": "Elektrik Trafosu", "SUB_CATEGORY": "Şehiriçi Trafo", "CATEGORY": "Enerji Üretim, Dağıtım", "PHONE": "", "FAX": "", "EMAIL": "", "WEB": "", "ID": 11218241 }, "geometry": { "type": "Point", "coordinates": [ 32.799948, 39.902185 ] } },
{ "type": "Feature", "properties": { "NAME": "Elektrik Trafosu", "SUB_CATEGORY": "Şehiriçi Trafo", "CATEGORY": "Enerji Üretim, Dağıtım", "PHONE": "", "FAX": "", "EMAIL": "", "WEB": "", "ID": 10495391 }, "geometry": { "type": "Point", "coordinates": [ 32.789069, 39.892861 ] } },
{ "type": "Feature", "properties": { "NAME": "Elektrik Trafosu", "SUB_CATEGORY": "Şehiriçi Trafo", "CATEGORY": "Enerji Üretim, Dağıtım", "PHONE": "", "FAX": "", "EMAIL": "", "WEB": "", "ID": 10495467 }, "geometry": { "type": "Point", "coordinates": [ 32.78397, 39.891195 ] } },
{ "type": "Feature", "properties": { "NAME": "Elektrik Trafosu", "SUB_CATEGORY": "Şehiriçi Trafo", "CATEGORY": "Enerji Üretim, Dağıtım", "PHONE": "", "FAX": "", "EMAIL": "", "WEB": "", "ID": 10495501 }, "geometry": { "type": "Point", "coordinates": [ 32.781578, 39.885476 ] } },
{ "type": "Feature", "properties": { "NAME": "Elektrik Trafosu", "SUB_CATEGORY": "Şehiriçi Trafo", "CATEGORY": "Enerji Üretim, Dağıtım", "PHONE": "", "FAX": "", "EMAIL": "", "WEB": "", "ID": 10496743 }, "geometry": { "type": "Point", "coordinates": [ 32.778292, 39.887143 ] } },
{ "type": "Feature", "properties": { "NAME": "Elektrik Trafosu", "SUB_CATEGORY": "Şehiriçi Trafo", "CATEGORY": "Enerji Üretim, Dağıtım", "PHONE": "", "FAX": "", "EMAIL": "", "WEB": "", "ID": 10497644 }, "geometry": { "type": "Point", "coordinates": [ 32.780059, 39.889132 ] } },
{ "type": "Feature", "properties": { "NAME": "Elektrik Trafosu", "SUB_CATEGORY": "Şehiriçi Trafo", "CATEGORY": "Enerji Üretim, Dağıtım", "PHONE": "", "FAX": "", "EMAIL": "", "WEB": "", "ID": 10495527 }, "geometry": { "type": "Point", "coordinates": [ 32.781542, 39.890074 ] } },
{ "type": "Feature", "properties": { "NAME": "Elektrik Trafosu", "SUB_CATEGORY": "Şehiriçi Trafo", "CATEGORY": "Enerji Üretim, Dağıtım", "PHONE": "", "FAX": "", "EMAIL": "", "WEB": "", "ID": 10497675 }, "geometry": { "type": "Point", "coordinates": [ 32.781208, 39.895089 ] } },
{ "type": "Feature", "properties": { "NAME": "Elektrik Trafosu", "SUB_CATEGORY": "Şehiriçi Trafo", "CATEGORY": "Enerji Üretim, Dağıtım", "PHONE": "", "FAX": "", "EMAIL": "", "WEB": "", "ID": 10495536 }, "geometry": { "type": "Point", "coordinates": [ 32.78116, 39.893756 ] } },
{ "type": "Feature", "properties": { "NAME": "Elektrik Trafosu", "SUB_CATEGORY": "Şehiriçi Trafo", "CATEGORY": "Enerji Üretim, Dağıtım", "PHONE": "", "FAX": "", "EMAIL": "", "WEB": "", "ID": 10499660 }, "geometry": { "type": "Point", "coordinates": [ 32.784446, 39.894416 ] } },
{ "type": "Feature", "properties": { "NAME": "Elektrik Trafosu", "SUB_CATEGORY": "Şehiriçi Trafo", "CATEGORY": "Enerji Üretim, Dağıtım", "PHONE": "", "FAX": "", "EMAIL": "", "WEB": "", "ID": 9420825 }, "geometry": { "type": "Point", "coordinates": [ 32.789104, 39.908558 ] } },
{ "type": "Feature", "properties": { "NAME": "Elektrik Trafosu", "SUB_CATEGORY": "Şehiriçi Trafo", "CATEGORY": "Enerji Üretim, Dağıtım", "PHONE": "", "FAX": "", "EMAIL": "", "WEB": "", "ID": 10497951 }, "geometry": { "type": "Point", "coordinates": [ 32.780998, 39.899182 ] } },
{ "type": "Feature", "properties": { "NAME": "Elektrik Trafosu", "SUB_CATEGORY": "Şehiriçi Trafo", "CATEGORY": "Enerji Üretim, Dağıtım", "PHONE": "", "FAX": "", "EMAIL": "", "WEB": "", "ID": 9431183 }, "geometry": { "type": "Point", "coordinates": [ 32.78548, 39.913052 ] } },
{ "type": "Feature", "properties": { "NAME": "Elektrik Trafosu", "SUB_CATEGORY": "Şehiriçi Trafo", "CATEGORY": "Enerji Üretim, Dağıtım", "PHONE": "", "FAX": "", "EMAIL": "", "WEB": "", "ID": 11213250 }, "geometry": { "type": "Point", "coordinates": [ 32.787566, 39.916381 ] } },
{ "type": "Feature", "properties": { "NAME": "Elektrik Trafosu", "SUB_CATEGORY": "Şehiriçi Trafo", "CATEGORY": "Enerji Üretim, Dağıtım", "PHONE": "", "FAX": "", "EMAIL": "", "WEB": "", "ID": 9431256 }, "geometry": { "type": "Point", "coordinates": [ 32.786693, 39.910791 ] } },
{ "type": "Feature", "properties": { "NAME": "Elektrik Trafosu", "SUB_CATEGORY": "Şehiriçi Trafo", "CATEGORY": "Enerji Üretim, Dağıtım", "PHONE": "", "FAX": "", "EMAIL": "", "WEB": "", "ID": 10495530 }, "geometry": { "type": "Point", "coordinates": [ 32.781304, 39.891885 ] } },
{ "type": "Feature", "properties": { "NAME": "Elektrik Trafosu", "SUB_CATEGORY": "Şehiriçi Trafo", "CATEGORY": "Enerji Üretim, Dağıtım", "PHONE": "", "FAX": "", "EMAIL": "", "WEB": "", "ID": 10494784 }, "geometry": { "type": "Point", "coordinates": [ 32.786662, 39.917679 ] } },
{ "type": "Feature", "properties": { "NAME": "Elektrik Trafosu", "SUB_CATEGORY": "Şehiriçi Trafo", "CATEGORY": "Enerji Üretim, Dağıtım", "PHONE": "", "FAX": "", "EMAIL": "", "WEB": "", "ID": 10495924 }, "geometry": { "type": "Point", "coordinates": [ 32.784496, 39.917597 ] } },
{ "type": "Feature", "properties": { "NAME": "Elektrik Trafosu", "SUB_CATEGORY": "Şehiriçi Trafo", "CATEGORY": "Enerji Üretim, Dağıtım", "PHONE": "", "FAX": "", "EMAIL": "", "WEB": "", "ID": 1209477 }, "geometry": { "type": "Point", "coordinates": [ 32.783786, 39.913623 ] } },
{ "type": "Feature", "properties": { "NAME": "Elektrik Trafosu", "SUB_CATEGORY": "Şehiriçi Trafo", "CATEGORY": "Enerji Üretim, Dağıtım", "PHONE": "", "FAX": "", "EMAIL": "", "WEB": "", "ID": 10497092 }, "geometry": { "type": "Point", "coordinates": [ 32.780955, 39.912104 ] } },
{ "type": "Feature", "properties": { "NAME": "Elektrik Trafosu", "SUB_CATEGORY": "Şehiriçi Trafo", "CATEGORY": "Enerji Üretim, Dağıtım", "PHONE": "", "FAX": "", "EMAIL": "", "WEB": "", "ID": 11213495 }, "geometry": { "type": "Point", "coordinates": [ 32.78077, 39.912078 ] } },
{ "type": "Feature", "properties": { "NAME": "Elektrik Trafosu", "SUB_CATEGORY": "Şehiriçi Trafo", "CATEGORY": "Enerji Üretim, Dağıtım", "PHONE": "", "FAX": "", "EMAIL": "", "WEB": "", "ID": 10496486 }, "geometry": { "type": "Point", "coordinates": [ 32.780047, 39.911412 ] } },
{ "type": "Feature", "properties": { "NAME": "Gazmatik - Cepa AVM", "SUB_CATEGORY": "Enerji Üretim, Dağıtım/Diğer", "CATEGORY": "Enerji Üretim, Dağıtım", "PHONE": "", "FAX": "", "EMAIL": "", "WEB": "", "ID": 3971688 }, "geometry": { "type": "Point", "coordinates": [ 32.77815, 39.910698 ] } },
{ "type": "Feature", "properties": { "NAME": "Elektrik Trafosu", "SUB_CATEGORY": "Şehiriçi Trafo", "CATEGORY": "Enerji Üretim, Dağıtım", "PHONE": "", "FAX": "", "EMAIL": "", "WEB": "", "ID": 10496729 }, "geometry": { "type": "Point", "coordinates": [ 32.778239, 39.885103 ] } },
{ "type": "Feature", "properties": { "NAME": "Elektrik Trafosu", "SUB_CATEGORY": "Şehiriçi Trafo", "CATEGORY": "Enerji Üretim, Dağıtım", "PHONE": "", "FAX": "", "EMAIL": "", "WEB": "", "ID": 10496173 }, "geometry": { "type": "Point", "coordinates": [ 32.777833, 39.88479 ] } },
{ "type": "Feature", "properties": { "NAME": "Tetaş", "SUB_CATEGORY": "Enerji Üretim, Dağıtım/Diğer", "CATEGORY": "Enerji Üretim, Dağıtım", "PHONE": "", "FAX": "", "EMAIL": "", "WEB": "", "ID": 2141665 }, "geometry": { "type": "Point", "coordinates": [ 32.772144, 39.908686 ] } },
{ "type": "Feature", "properties": { "NAME": "Elektrik Trafosu", "SUB_CATEGORY": "Şehiriçi Trafo", "CATEGORY": "Enerji Üretim, Dağıtım", "PHONE": "", "FAX": "", "EMAIL": "", "WEB": "", "ID": 11214297 }, "geometry": { "type": "Point", "coordinates": [ 32.777258, 39.908582 ] } },
{ "type": "Feature", "properties": { "NAME": "Elektrik Trafosu", "SUB_CATEGORY": "Şehiriçi Trafo", "CATEGORY": "Enerji Üretim, Dağıtım", "PHONE": "", "FAX": "", "EMAIL": "", "WEB": "", "ID": 11212479 }, "geometry": { "type": "Point", "coordinates": [ 32.783611, 39.908342 ] } },
{ "type": "Feature", "properties": { "NAME": "Elektrik Trafosu", "SUB_CATEGORY": "Şehiriçi Trafo", "CATEGORY": "Enerji Üretim, Dağıtım", "PHONE": "", "FAX": "", "EMAIL": "", "WEB": "", "ID": 10499391 }, "geometry": { "type": "Point", "coordinates": [ 32.769437, 39.904301 ] } },
{ "type": "Feature", "properties": { "NAME": "Elektrik Trafosu", "SUB_CATEGORY": "Şehiriçi Trafo", "CATEGORY": "Enerji Üretim, Dağıtım", "PHONE": "", "FAX": "", "EMAIL": "", "WEB": "", "ID": 10496253 }, "geometry": { "type": "Point", "coordinates": [ 32.774961, 39.910854 ] } },
{ "type": "Feature", "properties": { "NAME": "Elektrik Trafosu", "SUB_CATEGORY": "Şehiriçi Trafo", "CATEGORY": "Enerji Üretim, Dağıtım", "PHONE": "", "FAX": "", "EMAIL": "", "WEB": "", "ID": 8057736 }, "geometry": { "type": "Point", "coordinates": [ 32.774226, 39.910957 ] } },
{ "type": "Feature", "properties": { "NAME": "Direk ÜStü Elektrik Trafosu", "SUB_CATEGORY": "Şehiriçi Trafo", "CATEGORY": "Enerji Üretim, Dağıtım", "PHONE": "", "FAX": "", "EMAIL": "", "WEB": "", "ID": 11214313 }, "geometry": { "type": "Point", "coordinates": [ 32.774889, 39.911379 ] } },
{ "type": "Feature", "properties": { "NAME": "Elektrik Trafosu", "SUB_CATEGORY": "Şehiriçi Trafo", "CATEGORY": "Enerji Üretim, Dağıtım", "PHONE": "", "FAX": "", "EMAIL": "", "WEB": "", "ID": 10496009 }, "geometry": { "type": "Point", "coordinates": [ 32.780766, 39.915716 ] } },
{ "type": "Feature", "properties": { "NAME": "Elektrik Trafosu", "SUB_CATEGORY": "Şehiriçi Trafo", "CATEGORY": "Enerji Üretim, Dağıtım", "PHONE": "", "FAX": "", "EMAIL": "", "WEB": "", "ID": 3604926 }, "geometry": { "type": "Point", "coordinates": [ 32.732447, 39.906177 ] } },
{ "type": "Feature", "properties": { "NAME": "Elektrik Trafosu", "SUB_CATEGORY": "Şehiriçi Trafo", "CATEGORY": "Enerji Üretim, Dağıtım", "PHONE": "", "FAX": "", "EMAIL": "", "WEB": "", "ID": 1201355 }, "geometry": { "type": "Point", "coordinates": [ 32.72575, 39.893023 ] } },
{ "type": "Feature", "properties": { "NAME": "Elektrik Trafosu", "SUB_CATEGORY": "Şehiriçi Trafo", "CATEGORY": "Enerji Üretim, Dağıtım", "PHONE": "", "FAX": "", "EMAIL": "", "WEB": "", "ID": 10495817 }, "geometry": { "type": "Point", "coordinates": [ 32.730712, 39.890052 ] } },
{ "type": "Feature", "properties": { "NAME": "Elektrik Trafosu", "SUB_CATEGORY": "Şehiriçi Trafo", "CATEGORY": "Enerji Üretim, Dağıtım", "PHONE": "", "FAX": "", "EMAIL": "", "WEB": "", "ID": 1201119 }, "geometry": { "type": "Point", "coordinates": [ 32.718771, 39.88945 ] } },
{ "type": "Feature", "properties": { "NAME": "Elektrik Trafosu", "SUB_CATEGORY": "Şehiriçi Trafo", "CATEGORY": "Enerji Üretim, Dağıtım", "PHONE": "", "FAX": "", "EMAIL": "", "WEB": "", "ID": 573339 }, "geometry": { "type": "Point", "coordinates": [ 32.759817, 39.885348 ] } },
{ "type": "Feature", "properties": { "NAME": "Direk Üstü Elektrik Trafosu", "SUB_CATEGORY": "Şehiriçi Trafo", "CATEGORY": "Enerji Üretim, Dağıtım", "PHONE": "", "FAX": "", "EMAIL": "", "WEB": "", "ID": 10495716 }, "geometry": { "type": "Point", "coordinates": [ 32.754398, 39.891347 ] } },
{ "type": "Feature", "properties": { "NAME": "Elektrik Trafosu", "SUB_CATEGORY": "Şehiriçi Trafo", "CATEGORY": "Enerji Üretim, Dağıtım", "PHONE": "", "FAX": "", "EMAIL": "", "WEB": "", "ID": 10497104 }, "geometry": { "type": "Point", "coordinates": [ 32.750606, 39.883583 ] } },
{ "type": "Feature", "properties": { "NAME": "Elektrik Trafosu", "SUB_CATEGORY": "Şehiriçi Trafo", "CATEGORY": "Enerji Üretim, Dağıtım", "PHONE": "", "FAX": "", "EMAIL": "", "WEB": "", "ID": 10497064 }, "geometry": { "type": "Point", "coordinates": [ 32.752375, 39.883602 ] } },
{ "type": "Feature", "properties": { "NAME": "Elektrik Trafosu", "SUB_CATEGORY": "Şehiriçi Trafo", "CATEGORY": "Enerji Üretim, Dağıtım", "PHONE": "", "FAX": "", "EMAIL": "", "WEB": "", "ID": 10497194 }, "geometry": { "type": "Point", "coordinates": [ 32.752066, 39.880702 ] } },
{ "type": "Feature", "properties": { "NAME": "Elektrik Trafosu", "SUB_CATEGORY": "Şehiriçi Trafo", "CATEGORY": "Enerji Üretim, Dağıtım", "PHONE": "", "FAX": "", "EMAIL": "", "WEB": "", "ID": 1200689 }, "geometry": { "type": "Point", "coordinates": [ 32.758313, 39.880587 ] } },
{ "type": "Feature", "properties": { "NAME": "Elektrik Trafosu", "SUB_CATEGORY": "Şehiriçi Trafo", "CATEGORY": "Enerji Üretim, Dağıtım", "PHONE": "", "FAX": "", "EMAIL": "", "WEB": "", "ID": 10497117 }, "geometry": { "type": "Point", "coordinates": [ 32.7483, 39.881382 ] } },
{ "type": "Feature", "properties": { "NAME": "Elektrik Trafosu", "SUB_CATEGORY": "Şehiriçi Trafo", "CATEGORY": "Enerji Üretim, Dağıtım", "PHONE": "", "FAX": "", "EMAIL": "", "WEB": "", "ID": 10497135 }, "geometry": { "type": "Point", "coordinates": [ 32.750741, 39.879481 ] } },
{ "type": "Feature", "properties": { "NAME": "Elektrik Trafosu", "SUB_CATEGORY": "Şehiriçi Trafo", "CATEGORY": "Enerji Üretim, Dağıtım", "PHONE": "", "FAX": "", "EMAIL": "", "WEB": "", "ID": 10490139 }, "geometry": { "type": "Point", "coordinates": [ 32.715681, 39.883511 ] } },
{ "type": "Feature", "properties": { "NAME": "Elektrik Trafosu", "SUB_CATEGORY": "Şehiriçi Trafo", "CATEGORY": "Enerji Üretim, Dağıtım", "PHONE": "", "FAX": "", "EMAIL": "", "WEB": "", "ID": 9431662 }, "geometry": { "type": "Point", "coordinates": [ 32.716603, 39.879905 ] } },
{ "type": "Feature", "properties": { "NAME": "Elektrik Trafosu", "SUB_CATEGORY": "Şehiriçi Trafo", "CATEGORY": "Enerji Üretim, Dağıtım", "PHONE": "", "FAX": "", "EMAIL": "", "WEB": "", "ID": 10498846 }, "geometry": { "type": "Point", "coordinates": [ 32.75056, 39.875023 ] } },
{ "type": "Feature", "properties": { "NAME": "Elektrik Trafosu", "SUB_CATEGORY": "Şehiriçi Trafo", "CATEGORY": "Enerji Üretim, Dağıtım", "PHONE": "", "FAX": "", "EMAIL": "", "WEB": "", "ID": 10497658 }, "geometry": { "type": "Point", "coordinates": [ 32.756587, 39.878802 ] } },
{ "type": "Feature", "properties": { "NAME": "Elektrik Trafosu", "SUB_CATEGORY": "Şehiriçi Trafo", "CATEGORY": "Enerji Üretim, Dağıtım", "PHONE": "", "FAX": "", "EMAIL": "", "WEB": "", "ID": 1200694 }, "geometry": { "type": "Point", "coordinates": [ 32.76024, 39.879409 ] } },
{ "type": "Feature", "properties": { "NAME": "Elektrik Trafosu", "SUB_CATEGORY": "Şehiriçi Trafo", "CATEGORY": "Enerji Üretim, Dağıtım", "PHONE": "", "FAX": "", "EMAIL": "", "WEB": "", "ID": 11212178 }, "geometry": { "type": "Point", "coordinates": [ 32.764752, 39.873658 ] } },
{ "type": "Feature", "properties": { "NAME": "Elektrik Trafosu", "SUB_CATEGORY": "Şehiriçi Trafo", "CATEGORY": "Enerji Üretim, Dağıtım", "PHONE": "", "FAX": "", "EMAIL": "", "WEB": "", "ID": 10496754 }, "geometry": { "type": "Point", "coordinates": [ 32.76414, 39.874202 ] } },
{ "type": "Feature", "properties": { "NAME": "Elektrik Trafosu", "SUB_CATEGORY": "Şehiriçi Trafo", "CATEGORY": "Enerji Üretim, Dağıtım", "PHONE": "", "FAX": "", "EMAIL": "", "WEB": "", "ID": 10499266 }, "geometry": { "type": "Point", "coordinates": [ 32.750189, 39.873438 ] } },
{ "type": "Feature", "properties": { "NAME": "Elektrik Trafosu", "SUB_CATEGORY": "Şehiriçi Trafo", "CATEGORY": "Enerji Üretim, Dağıtım", "PHONE": "", "FAX": "", "EMAIL": "", "WEB": "", "ID": 1201089 }, "geometry": { "type": "Point", "coordinates": [ 32.720021, 39.8714 ] } },
{ "type": "Feature", "properties": { "NAME": "Elektrik Trafosu", "SUB_CATEGORY": "Şehiriçi Trafo", "CATEGORY": "Enerji Üretim, Dağıtım", "PHONE": "", "FAX": "", "EMAIL": "", "WEB": "", "ID": 1201095 }, "geometry": { "type": "Point", "coordinates": [ 32.714626, 39.874285 ] } },
{ "type": "Feature", "properties": { "NAME": "Elektrik Trafosu", "SUB_CATEGORY": "Şehiriçi Trafo", "CATEGORY": "Enerji Üretim, Dağıtım", "PHONE": "", "FAX": "", "EMAIL": "", "WEB": "", "ID": 1201093 }, "geometry": { "type": "Point", "coordinates": [ 32.710946, 39.875535 ] } },
{ "type": "Feature", "properties": { "NAME": "Elektrik Trafosu", "SUB_CATEGORY": "Şehiriçi Trafo", "CATEGORY": "Enerji Üretim, Dağıtım", "PHONE": "", "FAX": "", "EMAIL": "", "WEB": "", "ID": 10498407 }, "geometry": { "type": "Point", "coordinates": [ 32.717694, 39.876039 ] } },
{ "type": "Feature", "properties": { "NAME": "Elektrik Trafosu", "SUB_CATEGORY": "Şehiriçi Trafo", "CATEGORY": "Enerji Üretim, Dağıtım", "PHONE": "", "FAX": "", "EMAIL": "", "WEB": "", "ID": 3042440 }, "geometry": { "type": "Point", "coordinates": [ 32.717382, 39.876289 ] } },
{ "type": "Feature", "properties": { "NAME": "Elektrik Trafosu", "SUB_CATEGORY": "Şehiriçi Trafo", "CATEGORY": "Enerji Üretim, Dağıtım", "PHONE": "", "FAX": "", "EMAIL": "", "WEB": "", "ID": 1201102 }, "geometry": { "type": "Point", "coordinates": [ 32.714326, 39.878055 ] } },
{ "type": "Feature", "properties": { "NAME": "Elektrik Trafosu", "SUB_CATEGORY": "Şehiriçi Trafo", "CATEGORY": "Enerji Üretim, Dağıtım", "PHONE": "", "FAX": "", "EMAIL": "", "WEB": "", "ID": 10488339 }, "geometry": { "type": "Point", "coordinates": [ 32.711324, 39.866525 ] } },
{ "type": "Feature", "properties": { "NAME": "Elektrik Trafosu", "SUB_CATEGORY": "Şehiriçi Trafo", "CATEGORY": "Enerji Üretim, Dağıtım", "PHONE": "", "FAX": "", "EMAIL": "", "WEB": "", "ID": 9424866 }, "geometry": { "type": "Point", "coordinates": [ 32.708073, 39.864637 ] } },
{ "type": "Feature", "properties": { "NAME": "Elektrik Trafosu", "SUB_CATEGORY": "Şehiriçi Trafo", "CATEGORY": "Enerji Üretim, Dağıtım", "PHONE": "", "FAX": "", "EMAIL": "", "WEB": "", "ID": 9425213 }, "geometry": { "type": "Point", "coordinates": [ 32.711208, 39.863999 ] } },
{ "type": "Feature", "properties": { "NAME": "Elektrik Trafosu", "SUB_CATEGORY": "Şehiriçi Trafo", "CATEGORY": "Enerji Üretim, Dağıtım", "PHONE": "", "FAX": "", "EMAIL": "", "WEB": "", "ID": 10491266 }, "geometry": { "type": "Point", "coordinates": [ 32.712851, 39.864169 ] } },
{ "type": "Feature", "properties": { "NAME": "Elektrik Trafosu", "SUB_CATEGORY": "Şehiriçi Trafo", "CATEGORY": "Enerji Üretim, Dağıtım", "PHONE": "", "FAX": "", "EMAIL": "", "WEB": "", "ID": 10496233 }, "geometry": { "type": "Point", "coordinates": [ 32.736898, 39.866015 ] } },
{ "type": "Feature", "properties": { "NAME": "Elektrik Trafosu", "SUB_CATEGORY": "Şehiriçi Trafo", "CATEGORY": "Enerji Üretim, Dağıtım", "PHONE": "", "FAX": "", "EMAIL": "", "WEB": "", "ID": 9424990 }, "geometry": { "type": "Point", "coordinates": [ 32.711007, 39.863412 ] } },
{ "type": "Feature", "properties": { "NAME": "Elektrik Trafosu", "SUB_CATEGORY": "Şehiriçi Trafo", "CATEGORY": "Enerji Üretim, Dağıtım", "PHONE": "", "FAX": "", "EMAIL": "", "WEB": "", "ID": 9427226 }, "geometry": { "type": "Point", "coordinates": [ 32.710963, 39.862627 ] } },
{ "type": "Feature", "properties": { "NAME": "Elektrik Trafosu", "SUB_CATEGORY": "Şehiriçi Trafo", "CATEGORY": "Enerji Üretim, Dağıtım", "PHONE": "", "FAX": "", "EMAIL": "", "WEB": "", "ID": 9429643 }, "geometry": { "type": "Point", "coordinates": [ 32.741838, 39.867708 ] } },
{ "type": "Feature", "properties": { "NAME": "Elektrik Trafosu", "SUB_CATEGORY": "Şehiriçi Trafo", "CATEGORY": "Enerji Üretim, Dağıtım", "PHONE": "", "FAX": "", "EMAIL": "", "WEB": "", "ID": 10497235 }, "geometry": { "type": "Point", "coordinates": [ 32.746721, 39.863041 ] } },
{ "type": "Feature", "properties": { "NAME": "Elektrik Trafosu", "SUB_CATEGORY": "Şehiriçi Trafo", "CATEGORY": "Enerji Üretim, Dağıtım", "PHONE": "", "FAX": "", "EMAIL": "", "WEB": "", "ID": 10491614 }, "geometry": { "type": "Point", "coordinates": [ 32.713273, 39.861647 ] } },
{ "type": "Feature", "properties": { "NAME": "Elektrik Trafosu", "SUB_CATEGORY": "Şehiriçi Trafo", "CATEGORY": "Enerji Üretim, Dağıtım", "PHONE": "", "FAX": "", "EMAIL": "", "WEB": "", "ID": 10491355 }, "geometry": { "type": "Point", "coordinates": [ 32.715758, 39.863431 ] } },
{ "type": "Feature", "properties": { "NAME": "Elektrik Trafosu", "SUB_CATEGORY": "Şehiriçi Trafo", "CATEGORY": "Enerji Üretim, Dağıtım", "PHONE": "", "FAX": "", "EMAIL": "", "WEB": "", "ID": 9422804 }, "geometry": { "type": "Point", "coordinates": [ 32.715026, 39.859036 ] } },
{ "type": "Feature", "properties": { "NAME": "Elektrik Trafosu", "SUB_CATEGORY": "Şehiriçi Trafo", "CATEGORY": "Enerji Üretim, Dağıtım", "PHONE": "", "FAX": "", "EMAIL": "", "WEB": "", "ID": 1897298 }, "geometry": { "type": "Point", "coordinates": [ 32.765958, 39.863918 ] } },
{ "type": "Feature", "properties": { "NAME": "Elektrik Trafosu", "SUB_CATEGORY": "Şehiriçi Trafo", "CATEGORY": "Enerji Üretim, Dağıtım", "PHONE": "", "FAX": "", "EMAIL": "", "WEB": "", "ID": 9422759 }, "geometry": { "type": "Point", "coordinates": [ 32.716477, 39.857391 ] } },
{ "type": "Feature", "properties": { "NAME": "Elektrik Trafosu", "SUB_CATEGORY": "Şehiriçi Trafo", "CATEGORY": "Enerji Üretim, Dağıtım", "PHONE": "", "FAX": "", "EMAIL": "", "WEB": "", "ID": 9422043 }, "geometry": { "type": "Point", "coordinates": [ 32.711881, 39.859008 ] } },
{ "type": "Feature", "properties": { "NAME": "Elektrik Trafosu", "SUB_CATEGORY": "Şehiriçi Trafo", "CATEGORY": "Enerji Üretim, Dağıtım", "PHONE": "", "FAX": "", "EMAIL": "", "WEB": "", "ID": 9421503 }, "geometry": { "type": "Point", "coordinates": [ 32.708416, 39.857762 ] } },
{ "type": "Feature", "properties": { "NAME": "Elektrik Trafosu", "SUB_CATEGORY": "Şehiriçi Trafo", "CATEGORY": "Enerji Üretim, Dağıtım", "PHONE": "", "FAX": "", "EMAIL": "", "WEB": "", "ID": 9432883 }, "geometry": { "type": "Point", "coordinates": [ 32.701668, 39.859311 ] } },
{ "type": "Feature", "properties": { "NAME": "Elektrik Trafosu", "SUB_CATEGORY": "Şehiriçi Trafo", "CATEGORY": "Enerji Üretim, Dağıtım", "PHONE": "", "FAX": "", "EMAIL": "", "WEB": "", "ID": 9425302 }, "geometry": { "type": "Point", "coordinates": [ 32.708556, 39.860976 ] } },
{ "type": "Feature", "properties": { "NAME": "Elektrik Trafosu", "SUB_CATEGORY": "Şehiriçi Trafo", "CATEGORY": "Enerji Üretim, Dağıtım", "PHONE": "", "FAX": "", "EMAIL": "", "WEB": "", "ID": 10498300 }, "geometry": { "type": "Point", "coordinates": [ 32.735835, 39.861491 ] } },
{ "type": "Feature", "properties": { "NAME": "Elektrik Trafosu", "SUB_CATEGORY": "Şehiriçi Trafo", "CATEGORY": "Enerji Üretim, Dağıtım", "PHONE": "", "FAX": "", "EMAIL": "", "WEB": "", "ID": 9427430 }, "geometry": { "type": "Point", "coordinates": [ 32.722976, 39.860866 ] } },
{ "type": "Feature", "properties": { "NAME": "Elektrik Trafosu", "SUB_CATEGORY": "Şehiriçi Trafo", "CATEGORY": "Enerji Üretim, Dağıtım", "PHONE": "", "FAX": "", "EMAIL": "", "WEB": "", "ID": 10488590 }, "geometry": { "type": "Point", "coordinates": [ 32.73243, 39.852865 ] } },
{ "type": "Feature", "properties": { "NAME": "Direk Üstü Elektrik Trafosu", "SUB_CATEGORY": "Şehiriçi Trafo", "CATEGORY": "Enerji Üretim, Dağıtım", "PHONE": "", "FAX": "", "EMAIL": "", "WEB": "", "ID": 10489902 }, "geometry": { "type": "Point", "coordinates": [ 32.740626, 39.85655 ] } },
{ "type": "Feature", "properties": { "NAME": "Elektrik Trafosu", "SUB_CATEGORY": "Şehiriçi Trafo", "CATEGORY": "Enerji Üretim, Dağıtım", "PHONE": "", "FAX": "", "EMAIL": "", "WEB": "", "ID": 10495366 }, "geometry": { "type": "Point", "coordinates": [ 32.757577, 39.856086 ] } },
{ "type": "Feature", "properties": { "NAME": "Elektrik Trafosu", "SUB_CATEGORY": "Şehiriçi Trafo", "CATEGORY": "Enerji Üretim, Dağıtım", "PHONE": "", "FAX": "", "EMAIL": "", "WEB": "", "ID": 10489665 }, "geometry": { "type": "Point", "coordinates": [ 32.746741, 39.857496 ] } },
{ "type": "Feature", "properties": { "NAME": "Elektrik Trafosu", "SUB_CATEGORY": "Şehiriçi Trafo", "CATEGORY": "Enerji Üretim, Dağıtım", "PHONE": "", "FAX": "", "EMAIL": "", "WEB": "", "ID": 1897287 }, "geometry": { "type": "Point", "coordinates": [ 32.750345, 39.853324 ] } },
{ "type": "Feature", "properties": { "NAME": "Elektrik Trafosu", "SUB_CATEGORY": "Şehiriçi Trafo", "CATEGORY": "Enerji Üretim, Dağıtım", "PHONE": "", "FAX": "", "EMAIL": "", "WEB": "", "ID": 1200863 }, "geometry": { "type": "Point", "coordinates": [ 32.753812, 39.856716 ] } },
{ "type": "Feature", "properties": { "NAME": "Elektrik Trafosu", "SUB_CATEGORY": "Şehiriçi Trafo", "CATEGORY": "Enerji Üretim, Dağıtım", "PHONE": "", "FAX": "", "EMAIL": "", "WEB": "", "ID": 9420074 }, "geometry": { "type": "Point", "coordinates": [ 32.753757, 39.855147 ] } },
{ "type": "Feature", "properties": { "NAME": "Elektrik Trafosu", "SUB_CATEGORY": "Şehiriçi Trafo", "CATEGORY": "Enerji Üretim, Dağıtım", "PHONE": "", "FAX": "", "EMAIL": "", "WEB": "", "ID": 9422741 }, "geometry": { "type": "Point", "coordinates": [ 32.72271, 39.854251 ] } },
{ "type": "Feature", "properties": { "NAME": "Elektrik Trafosu", "SUB_CATEGORY": "Şehiriçi Trafo", "CATEGORY": "Enerji Üretim, Dağıtım", "PHONE": "", "FAX": "", "EMAIL": "", "WEB": "", "ID": 1201746 }, "geometry": { "type": "Point", "coordinates": [ 32.71306, 39.855963 ] } },
{ "type": "Feature", "properties": { "NAME": "Elektrik Trafosu", "SUB_CATEGORY": "Şehiriçi Trafo", "CATEGORY": "Enerji Üretim, Dağıtım", "PHONE": "", "FAX": "", "EMAIL": "", "WEB": "", "ID": 10491598 }, "geometry": { "type": "Point", "coordinates": [ 32.713675, 39.855464 ] } },
{ "type": "Feature", "properties": { "NAME": "Elektrik Trafosu", "SUB_CATEGORY": "Şehiriçi Trafo", "CATEGORY": "Enerji Üretim, Dağıtım", "PHONE": "", "FAX": "", "EMAIL": "", "WEB": "", "ID": 8073664 }, "geometry": { "type": "Point", "coordinates": [ 32.710264, 39.853574 ] } },
{ "type": "Feature", "properties": { "NAME": "Elektrik Trafosu", "SUB_CATEGORY": "Şehiriçi Trafo", "CATEGORY": "Enerji Üretim, Dağıtım", "PHONE": "", "FAX": "", "EMAIL": "", "WEB": "", "ID": 10491378 }, "geometry": { "type": "Point", "coordinates": [ 32.72274, 39.842607 ] } },
{ "type": "Feature", "properties": { "NAME": "Elektrik Trafosu", "SUB_CATEGORY": "Şehiriçi Trafo", "CATEGORY": "Enerji Üretim, Dağıtım", "PHONE": "", "FAX": "", "EMAIL": "", "WEB": "", "ID": 2463507 }, "geometry": { "type": "Point", "coordinates": [ 32.725491, 39.84099 ] } },
{ "type": "Feature", "properties": { "NAME": "Beytepe Murat Erdi Eker Devlet Hastanesi Isı Merkezi", "SUB_CATEGORY": "Enerji Üretim, Dağıtım/Diğer", "CATEGORY": "Enerji Üretim, Dağıtım", "PHONE": "", "FAX": "", "EMAIL": "", "WEB": "", "ID": 3055418 }, "geometry": { "type": "Point", "coordinates": [ 32.729522, 39.844592 ] } },
{ "type": "Feature", "properties": { "NAME": "Elektrik Trafosu", "SUB_CATEGORY": "Şehiriçi Trafo", "CATEGORY": "Enerji Üretim, Dağıtım", "PHONE": "", "FAX": "", "EMAIL": "", "WEB": "", "ID": 10491475 }, "geometry": { "type": "Point", "coordinates": [ 32.728076, 39.841832 ] } },
{ "type": "Feature", "properties": { "NAME": "Elektrik Trafosu", "SUB_CATEGORY": "Şehiriçi Trafo", "CATEGORY": "Enerji Üretim, Dağıtım", "PHONE": "", "FAX": "", "EMAIL": "", "WEB": "", "ID": 928047 }, "geometry": { "type": "Point", "coordinates": [ 32.740561, 39.836406 ] } },
{ "type": "Feature", "properties": { "NAME": "Elektrik Trafosu", "SUB_CATEGORY": "Şehiriçi Trafo", "CATEGORY": "Enerji Üretim, Dağıtım", "PHONE": "", "FAX": "", "EMAIL": "", "WEB": "", "ID": 928045 }, "geometry": { "type": "Point", "coordinates": [ 32.745922, 39.838305 ] } },
{ "type": "Feature", "properties": { "NAME": "Elektrik Trafosu", "SUB_CATEGORY": "Şehiriçi Trafo", "CATEGORY": "Enerji Üretim, Dağıtım", "PHONE": "", "FAX": "", "EMAIL": "", "WEB": "", "ID": 928044 }, "geometry": { "type": "Point", "coordinates": [ 32.754713, 39.834667 ] } },
{ "type": "Feature", "properties": { "NAME": "Elektrik Trafosu", "SUB_CATEGORY": "Şehiriçi Trafo", "CATEGORY": "Enerji Üretim, Dağıtım", "PHONE": "", "FAX": "", "EMAIL": "", "WEB": "", "ID": 1897091 }, "geometry": { "type": "Point", "coordinates": [ 32.750032, 39.836066 ] } },
{ "type": "Feature", "properties": { "NAME": "Elektrik Trafosu", "SUB_CATEGORY": "Şehiriçi Trafo", "CATEGORY": "Enerji Üretim, Dağıtım", "PHONE": "", "FAX": "", "EMAIL": "", "WEB": "", "ID": 1262142 }, "geometry": { "type": "Point", "coordinates": [ 32.7513, 39.83863 ] } },
{ "type": "Feature", "properties": { "NAME": "Elektrik Trafosu", "SUB_CATEGORY": "Şehiriçi Trafo", "CATEGORY": "Enerji Üretim, Dağıtım", "PHONE": "", "FAX": "", "EMAIL": "", "WEB": "", "ID": 10489105 }, "geometry": { "type": "Point", "coordinates": [ 32.753425, 39.849902 ] } },
{ "type": "Feature", "properties": { "NAME": "Elektrik Trafosu", "SUB_CATEGORY": "Şehiriçi Trafo", "CATEGORY": "Enerji Üretim, Dağıtım", "PHONE": "", "FAX": "", "EMAIL": "", "WEB": "", "ID": 10488913 }, "geometry": { "type": "Point", "coordinates": [ 32.757758, 39.851954 ] } },
{ "type": "Feature", "properties": { "NAME": "Elektrik Trafosu", "SUB_CATEGORY": "Şehiriçi Trafo", "CATEGORY": "Enerji Üretim, Dağıtım", "PHONE": "", "FAX": "", "EMAIL": "", "WEB": "", "ID": 2984076 }, "geometry": { "type": "Point", "coordinates": [ 32.768447, 39.83528 ] } },
{ "type": "Feature", "properties": { "NAME": "Elektrik Trafosu", "SUB_CATEGORY": "Şehiriçi Trafo", "CATEGORY": "Enerji Üretim, Dağıtım", "PHONE": "", "FAX": "", "EMAIL": "", "WEB": "", "ID": 10058321 }, "geometry": { "type": "Point", "coordinates": [ 32.759445, 39.835866 ] } },
{ "type": "Feature", "properties": { "NAME": "Elektrik Trafosu", "SUB_CATEGORY": "Şehiriçi Trafo", "CATEGORY": "Enerji Üretim, Dağıtım", "PHONE": "", "FAX": "", "EMAIL": "", "WEB": "", "ID": 928053 }, "geometry": { "type": "Point", "coordinates": [ 32.736881, 39.832126 ] } },
{ "type": "Feature", "properties": { "NAME": "Elektrik Trafosu", "SUB_CATEGORY": "Şehiriçi Trafo", "CATEGORY": "Enerji Üretim, Dağıtım", "PHONE": "", "FAX": "", "EMAIL": "", "WEB": "", "ID": 928052 }, "geometry": { "type": "Point", "coordinates": [ 32.740882, 39.833232 ] } },
{ "type": "Feature", "properties": { "NAME": "Elektrik Trafosu", "SUB_CATEGORY": "Şehiriçi Trafo", "CATEGORY": "Enerji Üretim, Dağıtım", "PHONE": "", "FAX": "", "EMAIL": "", "WEB": "", "ID": 11214157 }, "geometry": { "type": "Point", "coordinates": [ 32.744433, 39.835116 ] } },
{ "type": "Feature", "properties": { "NAME": "Elektrik Trafosu", "SUB_CATEGORY": "Şehiriçi Trafo", "CATEGORY": "Enerji Üretim, Dağıtım", "PHONE": "", "FAX": "", "EMAIL": "", "WEB": "", "ID": 10058444 }, "geometry": { "type": "Point", "coordinates": [ 32.748099, 39.83449 ] } },
{ "type": "Feature", "properties": { "NAME": "Elektrik Trafosu", "SUB_CATEGORY": "Şehiriçi Trafo", "CATEGORY": "Enerji Üretim, Dağıtım", "PHONE": "", "FAX": "", "EMAIL": "", "WEB": "", "ID": 928051 }, "geometry": { "type": "Point", "coordinates": [ 32.749526, 39.832933 ] } },
{ "type": "Feature", "properties": { "NAME": "Elektrik Trafosu", "SUB_CATEGORY": "Şehiriçi Trafo", "CATEGORY": "Enerji Üretim, Dağıtım", "PHONE": "", "FAX": "", "EMAIL": "", "WEB": "", "ID": 928055 }, "geometry": { "type": "Point", "coordinates": [ 32.745012, 39.834152 ] } },
{ "type": "Feature", "properties": { "NAME": "Elektrik Trafosu", "SUB_CATEGORY": "Şehiriçi Trafo", "CATEGORY": "Enerji Üretim, Dağıtım", "PHONE": "", "FAX": "", "EMAIL": "", "WEB": "", "ID": 928058 }, "geometry": { "type": "Point", "coordinates": [ 32.74417, 39.830794 ] } },
{ "type": "Feature", "properties": { "NAME": "Elektrik Trafosu", "SUB_CATEGORY": "Şehiriçi Trafo", "CATEGORY": "Enerji Üretim, Dağıtım", "PHONE": "", "FAX": "", "EMAIL": "", "WEB": "", "ID": 10502041 }, "geometry": { "type": "Point", "coordinates": [ 32.771087, 39.916333 ] } },
{ "type": "Feature", "properties": { "NAME": "Elektrik Trafosu", "SUB_CATEGORY": "Şehiriçi Trafo", "CATEGORY": "Enerji Üretim, Dağıtım", "PHONE": "", "FAX": "", "EMAIL": "", "WEB": "", "ID": 9431162 }, "geometry": { "type": "Point", "coordinates": [ 32.771468, 39.916624 ] } },
{ "type": "Feature", "properties": { "NAME": "Moneta Enerji", "SUB_CATEGORY": "Enerji Üretim, Dağıtım/Diğer", "CATEGORY": "Enerji Üretim, Dağıtım", "PHONE": "3122197075", "FAX": "", "EMAIL": "", "WEB": "", "ID": 10503660 }, "geometry": { "type": "Point", "coordinates": [ 32.768093, 39.912707 ] } },
{ "type": "Feature", "properties": { "NAME": "Elektrik Trafosu", "SUB_CATEGORY": "Şehiriçi Trafo", "CATEGORY": "Enerji Üretim, Dağıtım", "PHONE": "", "FAX": "", "EMAIL": "", "WEB": "", "ID": 1209509 }, "geometry": { "type": "Point", "coordinates": [ 32.768493, 39.910193 ] } },
{ "type": "Feature", "properties": { "NAME": "Elektrik Trafosu", "SUB_CATEGORY": "Şehiriçi Trafo", "CATEGORY": "Enerji Üretim, Dağıtım", "PHONE": "", "FAX": "", "EMAIL": "", "WEB": "", "ID": 11214299 }, "geometry": { "type": "Point", "coordinates": [ 32.770118, 39.908254 ] } },
{ "type": "Feature", "properties": { "NAME": "Elektrik Trafosu", "SUB_CATEGORY": "Şehiriçi Trafo", "CATEGORY": "Enerji Üretim, Dağıtım", "PHONE": "", "FAX": "", "EMAIL": "", "WEB": "", "ID": 10496193 }, "geometry": { "type": "Point", "coordinates": [ 32.766493, 39.90825 ] } },
{ "type": "Feature", "properties": { "NAME": "Orta Doğu Teknik Üniversitesi (ODTÜ) Elektrik İşletme Müdürlüğü", "SUB_CATEGORY": "Enerji Üretim, Dağıtım/Diğer", "CATEGORY": "Enerji Üretim, Dağıtım", "PHONE": "", "FAX": "", "EMAIL": "", "WEB": "", "ID": 976125 }, "geometry": { "type": "Point", "coordinates": [ 32.768596, 39.906249 ] } },
{ "type": "Feature", "properties": { "NAME": "Elektrik Trafosu", "SUB_CATEGORY": "Şehiriçi Trafo", "CATEGORY": "Enerji Üretim, Dağıtım", "PHONE": "", "FAX": "", "EMAIL": "", "WEB": "", "ID": 10501429 }, "geometry": { "type": "Point", "coordinates": [ 32.765644, 39.912655 ] } },
{ "type": "Feature", "properties": { "NAME": "Elektrik Trafosu", "SUB_CATEGORY": "Şehiriçi Trafo", "CATEGORY": "Enerji Üretim, Dağıtım", "PHONE": "", "FAX": "", "EMAIL": "", "WEB": "", "ID": 11212338 }, "geometry": { "type": "Point", "coordinates": [ 32.760407, 39.89716 ] } },
{ "type": "Feature", "properties": { "NAME": "Elektrik Trafosu", "SUB_CATEGORY": "Şehiriçi Trafo", "CATEGORY": "Enerji Üretim, Dağıtım", "PHONE": "", "FAX": "", "EMAIL": "", "WEB": "", "ID": 11216185 }, "geometry": { "type": "Point", "coordinates": [ 32.765692, 39.916122 ] } },
{ "type": "Feature", "properties": { "NAME": "Elektrik Trafosu", "SUB_CATEGORY": "Şehiriçi Trafo", "CATEGORY": "Enerji Üretim, Dağıtım", "PHONE": "", "FAX": "", "EMAIL": "", "WEB": "", "ID": 11212380 }, "geometry": { "type": "Point", "coordinates": [ 32.764669, 39.905287 ] } },
{ "type": "Feature", "properties": { "NAME": "Elektrik Trafosu", "SUB_CATEGORY": "Şehiriçi Trafo", "CATEGORY": "Enerji Üretim, Dağıtım", "PHONE": "", "FAX": "", "EMAIL": "", "WEB": "", "ID": 10497155 }, "geometry": { "type": "Point", "coordinates": [ 32.762384, 39.903675 ] } },
{ "type": "Feature", "properties": { "NAME": "Elektrik Trafosu", "SUB_CATEGORY": "Şehiriçi Trafo", "CATEGORY": "Enerji Üretim, Dağıtım", "PHONE": "", "FAX": "", "EMAIL": "", "WEB": "", "ID": 10497368 }, "geometry": { "type": "Point", "coordinates": [ 32.761398, 39.913407 ] } },
{ "type": "Feature", "properties": { "NAME": "Elektrik Trafosu", "SUB_CATEGORY": "Şehiriçi Trafo", "CATEGORY": "Enerji Üretim, Dağıtım", "PHONE": "", "FAX": "", "EMAIL": "", "WEB": "", "ID": 9431992 }, "geometry": { "type": "Point", "coordinates": [ 32.76193, 39.91028 ] } },
{ "type": "Feature", "properties": { "NAME": "Elektrik Trafosu", "SUB_CATEGORY": "Şehiriçi Trafo", "CATEGORY": "Enerji Üretim, Dağıtım", "PHONE": "", "FAX": "", "EMAIL": "", "WEB": "", "ID": 928082 }, "geometry": { "type": "Point", "coordinates": [ 32.762736, 39.91027 ] } },
{ "type": "Feature", "properties": { "NAME": "Elektrik Trafosu", "SUB_CATEGORY": "Şehiriçi Trafo", "CATEGORY": "Enerji Üretim, Dağıtım", "PHONE": "", "FAX": "", "EMAIL": "", "WEB": "", "ID": 7209905 }, "geometry": { "type": "Point", "coordinates": [ 32.751838, 39.894659 ] } },
{ "type": "Feature", "properties": { "NAME": "Elektrik Trafosu", "SUB_CATEGORY": "Şehiriçi Trafo", "CATEGORY": "Enerji Üretim, Dağıtım", "PHONE": "", "FAX": "", "EMAIL": "", "WEB": "", "ID": 4118361 }, "geometry": { "type": "Point", "coordinates": [ 32.755795, 39.895988 ] } },
{ "type": "Feature", "properties": { "NAME": "Elektrik Trafosu", "SUB_CATEGORY": "Şehiriçi Trafo", "CATEGORY": "Enerji Üretim, Dağıtım", "PHONE": "", "FAX": "", "EMAIL": "", "WEB": "", "ID": 11216182 }, "geometry": { "type": "Point", "coordinates": [ 32.758847, 39.915425 ] } },
{ "type": "Feature", "properties": { "NAME": "Elektrik Trafosu", "SUB_CATEGORY": "Şehiriçi Trafo", "CATEGORY": "Enerji Üretim, Dağıtım", "PHONE": "", "FAX": "", "EMAIL": "", "WEB": "", "ID": 1209505 }, "geometry": { "type": "Point", "coordinates": [ 32.760459, 39.91275 ] } },
{ "type": "Feature", "properties": { "NAME": "Elektrik Trafosu", "SUB_CATEGORY": "Şehiriçi Trafo", "CATEGORY": "Enerji Üretim, Dağıtım", "PHONE": "", "FAX": "", "EMAIL": "", "WEB": "", "ID": 1209501 }, "geometry": { "type": "Point", "coordinates": [ 32.757932, 39.911854 ] } },
{ "type": "Feature", "properties": { "NAME": "Elektrik Trafosu", "SUB_CATEGORY": "Şehiriçi Trafo", "CATEGORY": "Enerji Üretim, Dağıtım", "PHONE": "", "FAX": "", "EMAIL": "", "WEB": "", "ID": 10497490 }, "geometry": { "type": "Point", "coordinates": [ 32.750884, 39.910315 ] } },
{ "type": "Feature", "properties": { "NAME": "Elektrik Trafosu", "SUB_CATEGORY": "Şehiriçi Trafo", "CATEGORY": "Enerji Üretim, Dağıtım", "PHONE": "", "FAX": "", "EMAIL": "", "WEB": "", "ID": 10497495 }, "geometry": { "type": "Point", "coordinates": [ 32.751372, 39.913829 ] } },
{ "type": "Feature", "properties": { "NAME": "Elektrik Trafosu", "SUB_CATEGORY": "Şehiriçi Trafo", "CATEGORY": "Enerji Üretim, Dağıtım", "PHONE": "", "FAX": "", "EMAIL": "", "WEB": "", "ID": 10495415 }, "geometry": { "type": "Point", "coordinates": [ 32.748856, 39.900619 ] } },
{ "type": "Feature", "properties": { "NAME": "Elektrik Trafosu", "SUB_CATEGORY": "Şehiriçi Trafo", "CATEGORY": "Enerji Üretim, Dağıtım", "PHONE": "", "FAX": "", "EMAIL": "", "WEB": "", "ID": 11212439 }, "geometry": { "type": "Point", "coordinates": [ 32.747674, 39.900288 ] } },
{ "type": "Feature", "properties": { "NAME": "Elektrik Trafosu", "SUB_CATEGORY": "Şehiriçi Trafo", "CATEGORY": "Enerji Üretim, Dağıtım", "PHONE": "", "FAX": "", "EMAIL": "", "WEB": "", "ID": 10495401 }, "geometry": { "type": "Point", "coordinates": [ 32.74202, 39.906676 ] } },
{ "type": "Feature", "properties": { "NAME": "Elektrik Trafosu", "SUB_CATEGORY": "Şehiriçi Trafo", "CATEGORY": "Enerji Üretim, Dağıtım", "PHONE": "", "FAX": "", "EMAIL": "", "WEB": "", "ID": 3604924 }, "geometry": { "type": "Point", "coordinates": [ 32.745858, 39.91263 ] } },
{ "type": "Feature", "properties": { "NAME": "Elektrik Trafosu", "SUB_CATEGORY": "Şehiriçi Trafo", "CATEGORY": "Enerji Üretim, Dağıtım", "PHONE": "", "FAX": "", "EMAIL": "", "WEB": "", "ID": 10495102 }, "geometry": { "type": "Point", "coordinates": [ 32.700658, 39.863866 ] } },
{ "type": "Feature", "properties": { "NAME": "Elektrik Trafosu", "SUB_CATEGORY": "Şehiriçi Trafo", "CATEGORY": "Enerji Üretim, Dağıtım", "PHONE": "", "FAX": "", "EMAIL": "", "WEB": "", "ID": 10492875 }, "geometry": { "type": "Point", "coordinates": [ 32.703491, 39.865525 ] } },
{ "type": "Feature", "properties": { "NAME": "Elektrik Trafosu", "SUB_CATEGORY": "Şehiriçi Trafo", "CATEGORY": "Enerji Üretim, Dağıtım", "PHONE": "", "FAX": "", "EMAIL": "", "WEB": "", "ID": 8058767 }, "geometry": { "type": "Point", "coordinates": [ 32.702842, 39.871244 ] } },
{ "type": "Feature", "properties": { "NAME": "Güneşin Güneş Panelleri", "SUB_CATEGORY": "Enerji Üretim, Dağıtım/Diğer", "CATEGORY": "Enerji Üretim, Dağıtım", "PHONE": "", "FAX": "", "EMAIL": "", "WEB": "www.gunesin.com", "ID": 9423754 }, "geometry": { "type": "Point", "coordinates": [ 32.704297, 39.870896 ] } },
{ "type": "Feature", "properties": { "NAME": "Elektrik Trafosu", "SUB_CATEGORY": "Şehiriçi Trafo", "CATEGORY": "Enerji Üretim, Dağıtım", "PHONE": "", "FAX": "", "EMAIL": "", "WEB": "", "ID": 1201097 }, "geometry": { "type": "Point", "coordinates": [ 32.706264, 39.873564 ] } },
{ "type": "Feature", "properties": { "NAME": "Baş Energy Güneş Enerjisi Sistemleri", "SUB_CATEGORY": "Enerji Üretim, Dağıtım/Diğer", "CATEGORY": "Enerji Üretim, Dağıtım", "PHONE": "5327132269", "FAX": "", "EMAIL": "", "WEB": "www.basenerji.com.tr", "ID": 10489176 }, "geometry": { "type": "Point", "coordinates": [ 32.704978, 39.870534 ] } },
{ "type": "Feature", "properties": { "NAME": "Elektrik Trafosu", "SUB_CATEGORY": "Şehiriçi Trafo", "CATEGORY": "Enerji Üretim, Dağıtım", "PHONE": "", "FAX": "", "EMAIL": "", "WEB": "", "ID": 1201075 }, "geometry": { "type": "Point", "coordinates": [ 32.696885, 39.866255 ] } },
{ "type": "Feature", "properties": { "NAME": "Elektrik Trafosu", "SUB_CATEGORY": "Şehiriçi Trafo", "CATEGORY": "Enerji Üretim, Dağıtım", "PHONE": "", "FAX": "", "EMAIL": "", "WEB": "", "ID": 11214071 }, "geometry": { "type": "Point", "coordinates": [ 32.700604, 39.875532 ] } },
{ "type": "Feature", "properties": { "NAME": "Elektrik Trafosu", "SUB_CATEGORY": "Şehiriçi Trafo", "CATEGORY": "Enerji Üretim, Dağıtım", "PHONE": "", "FAX": "", "EMAIL": "", "WEB": "", "ID": 2463479 }, "geometry": { "type": "Point", "coordinates": [ 32.70472, 39.87698 ] } },
{ "type": "Feature", "properties": { "NAME": "Elektrik Trafosu", "SUB_CATEGORY": "Şehiriçi Trafo", "CATEGORY": "Enerji Üretim, Dağıtım", "PHONE": "", "FAX": "", "EMAIL": "", "WEB": "", "ID": 10479983 }, "geometry": { "type": "Point", "coordinates": [ 32.696962, 39.876291 ] } },
{ "type": "Feature", "properties": { "NAME": "Elektrik Trafosu", "SUB_CATEGORY": "Şehiriçi Trafo", "CATEGORY": "Enerji Üretim, Dağıtım", "PHONE": "", "FAX": "", "EMAIL": "", "WEB": "", "ID": 1201229 }, "geometry": { "type": "Point", "coordinates": [ 32.697462, 39.874496 ] } },
{ "type": "Feature", "properties": { "NAME": "Elektrik Trafosu", "SUB_CATEGORY": "Şehiriçi Trafo", "CATEGORY": "Enerji Üretim, Dağıtım", "PHONE": "", "FAX": "", "EMAIL": "", "WEB": "", "ID": 1201267 }, "geometry": { "type": "Point", "coordinates": [ 32.691697, 39.871458 ] } },
{ "type": "Feature", "properties": { "NAME": "Elektrik Trafosu", "SUB_CATEGORY": "Şehiriçi Trafo", "CATEGORY": "Enerji Üretim, Dağıtım", "PHONE": "", "FAX": "", "EMAIL": "", "WEB": "", "ID": 1201368 }, "geometry": { "type": "Point", "coordinates": [ 32.690564, 39.866988 ] } },
{ "type": "Feature", "properties": { "NAME": "Elektrik Trafosu", "SUB_CATEGORY": "Şehiriçi Trafo", "CATEGORY": "Enerji Üretim, Dağıtım", "PHONE": "", "FAX": "", "EMAIL": "", "WEB": "", "ID": 1201365 }, "geometry": { "type": "Point", "coordinates": [ 32.692724, 39.86743 ] } },
{ "type": "Feature", "properties": { "NAME": "Elektrik Trafosu", "SUB_CATEGORY": "Şehiriçi Trafo", "CATEGORY": "Enerji Üretim, Dağıtım", "PHONE": "", "FAX": "", "EMAIL": "", "WEB": "", "ID": 11214001 }, "geometry": { "type": "Point", "coordinates": [ 32.70099, 39.882386 ] } },
{ "type": "Feature", "properties": { "NAME": "Elektrik Trafosu", "SUB_CATEGORY": "Şehiriçi Trafo", "CATEGORY": "Enerji Üretim, Dağıtım", "PHONE": "", "FAX": "", "EMAIL": "", "WEB": "", "ID": 11214004 }, "geometry": { "type": "Point", "coordinates": [ 32.700364, 39.87978 ] } },
{ "type": "Feature", "properties": { "NAME": "Elektrik Trafosu", "SUB_CATEGORY": "Şehiriçi Trafo", "CATEGORY": "Enerji Üretim, Dağıtım", "PHONE": "", "FAX": "", "EMAIL": "", "WEB": "", "ID": 1201214 }, "geometry": { "type": "Point", "coordinates": [ 32.690541, 39.875845 ] } },
{ "type": "Feature", "properties": { "NAME": "Elektrik Trafosu", "SUB_CATEGORY": "Şehiriçi Trafo", "CATEGORY": "Enerji Üretim, Dağıtım", "PHONE": "", "FAX": "", "EMAIL": "", "WEB": "", "ID": 10487272 }, "geometry": { "type": "Point", "coordinates": [ 32.692514, 39.876661 ] } },
{ "type": "Feature", "properties": { "NAME": "Elektrik Trafosu", "SUB_CATEGORY": "Şehiriçi Trafo", "CATEGORY": "Enerji Üretim, Dağıtım", "PHONE": "", "FAX": "", "EMAIL": "", "WEB": "", "ID": 10478493 }, "geometry": { "type": "Point", "coordinates": [ 32.693133, 39.876455 ] } },
{ "type": "Feature", "properties": { "NAME": "Elektrik Trafosu", "SUB_CATEGORY": "Şehiriçi Trafo", "CATEGORY": "Enerji Üretim, Dağıtım", "PHONE": "", "FAX": "", "EMAIL": "", "WEB": "", "ID": 8058963 }, "geometry": { "type": "Point", "coordinates": [ 32.688423, 39.870987 ] } },
{ "type": "Feature", "properties": { "NAME": "Elektrik Trafosu", "SUB_CATEGORY": "Şehiriçi Trafo", "CATEGORY": "Enerji Üretim, Dağıtım", "PHONE": "", "FAX": "", "EMAIL": "", "WEB": "", "ID": 10484053 }, "geometry": { "type": "Point", "coordinates": [ 32.695549, 39.885622 ] } },
{ "type": "Feature", "properties": { "NAME": "Elektrik Trafosu", "SUB_CATEGORY": "Şehiriçi Trafo", "CATEGORY": "Enerji Üretim, Dağıtım", "PHONE": "", "FAX": "", "EMAIL": "", "WEB": "", "ID": 9873898 }, "geometry": { "type": "Point", "coordinates": [ 32.695557, 39.885949 ] } },
{ "type": "Feature", "properties": { "NAME": "Elektrik Trafosu", "SUB_CATEGORY": "Şehiriçi Trafo", "CATEGORY": "Enerji Üretim, Dağıtım", "PHONE": "", "FAX": "", "EMAIL": "", "WEB": "", "ID": 10465707 }, "geometry": { "type": "Point", "coordinates": [ 32.691266, 39.881089 ] } },
{ "type": "Feature", "properties": { "NAME": "Elektrik Trafosu", "SUB_CATEGORY": "Şehiriçi Trafo", "CATEGORY": "Enerji Üretim, Dağıtım", "PHONE": "", "FAX": "", "EMAIL": "", "WEB": "", "ID": 1201348 }, "geometry": { "type": "Point", "coordinates": [ 32.69475, 39.878038 ] } },
{ "type": "Feature", "properties": { "NAME": "Elektrik Trafosu", "SUB_CATEGORY": "Şehiriçi Trafo", "CATEGORY": "Enerji Üretim, Dağıtım", "PHONE": "", "FAX": "", "EMAIL": "", "WEB": "", "ID": 1201211 }, "geometry": { "type": "Point", "coordinates": [ 32.691273, 39.877936 ] } },
{ "type": "Feature", "properties": { "NAME": "Elektrik Trafosu", "SUB_CATEGORY": "Şehiriçi Trafo", "CATEGORY": "Enerji Üretim, Dağıtım", "PHONE": "", "FAX": "", "EMAIL": "", "WEB": "", "ID": 11214940 }, "geometry": { "type": "Point", "coordinates": [ 32.688766, 39.874591 ] } },
{ "type": "Feature", "properties": { "NAME": "Elektrik Trafosu", "SUB_CATEGORY": "Şehiriçi Trafo", "CATEGORY": "Enerji Üretim, Dağıtım", "PHONE": "", "FAX": "", "EMAIL": "", "WEB": "", "ID": 580762 }, "geometry": { "type": "Point", "coordinates": [ 32.689308, 39.883523 ] } },
{ "type": "Feature", "properties": { "NAME": "Elektrik Trafosu", "SUB_CATEGORY": "Şehiriçi Trafo", "CATEGORY": "Enerji Üretim, Dağıtım", "PHONE": "", "FAX": "", "EMAIL": "", "WEB": "", "ID": 1201344 }, "geometry": { "type": "Point", "coordinates": [ 32.691309, 39.885496 ] } },
{ "type": "Feature", "properties": { "NAME": "Elektrik Trafosu", "SUB_CATEGORY": "Şehiriçi Trafo", "CATEGORY": "Enerji Üretim, Dağıtım", "PHONE": "", "FAX": "", "EMAIL": "", "WEB": "", "ID": 11213298 }, "geometry": { "type": "Point", "coordinates": [ 32.683932, 39.872541 ] } },
{ "type": "Feature", "properties": { "NAME": "Elektrik Trafosu", "SUB_CATEGORY": "Şehiriçi Trafo", "CATEGORY": "Enerji Üretim, Dağıtım", "PHONE": "", "FAX": "", "EMAIL": "", "WEB": "", "ID": 1200609 }, "geometry": { "type": "Point", "coordinates": [ 32.686011, 39.874579 ] } },
{ "type": "Feature", "properties": { "NAME": "Elektrik Trafosu", "SUB_CATEGORY": "Şehiriçi Trafo", "CATEGORY": "Enerji Üretim, Dağıtım", "PHONE": "", "FAX": "", "EMAIL": "", "WEB": "", "ID": 1201346 }, "geometry": { "type": "Point", "coordinates": [ 32.68801, 39.880722 ] } },
{ "type": "Feature", "properties": { "NAME": "Elektrik Trafosu", "SUB_CATEGORY": "Şehiriçi Trafo", "CATEGORY": "Enerji Üretim, Dağıtım", "PHONE": "", "FAX": "", "EMAIL": "", "WEB": "", "ID": 1927043 }, "geometry": { "type": "Point", "coordinates": [ 32.685064, 39.881601 ] } },
{ "type": "Feature", "properties": { "NAME": "Elektrik Trafosu", "SUB_CATEGORY": "Şehiriçi Trafo", "CATEGORY": "Enerji Üretim, Dağıtım", "PHONE": "", "FAX": "", "EMAIL": "", "WEB": "", "ID": 580586 }, "geometry": { "type": "Point", "coordinates": [ 32.683227, 39.8775 ] } },
{ "type": "Feature", "properties": { "NAME": "Elektrik Trafosu", "SUB_CATEGORY": "Şehiriçi Trafo", "CATEGORY": "Enerji Üretim, Dağıtım", "PHONE": "", "FAX": "", "EMAIL": "", "WEB": "", "ID": 3036645 }, "geometry": { "type": "Point", "coordinates": [ 32.687673, 39.889118 ] } },
{ "type": "Feature", "properties": { "NAME": "Elektrik Trafosu", "SUB_CATEGORY": "Şehiriçi Trafo", "CATEGORY": "Enerji Üretim, Dağıtım", "PHONE": "", "FAX": "", "EMAIL": "", "WEB": "", "ID": 2461381 }, "geometry": { "type": "Point", "coordinates": [ 32.69003, 39.888939 ] } },
{ "type": "Feature", "properties": { "NAME": "Elektrik Trafosu", "SUB_CATEGORY": "Şehiriçi Trafo", "CATEGORY": "Enerji Üretim, Dağıtım", "PHONE": "", "FAX": "", "EMAIL": "", "WEB": "", "ID": 1919156 }, "geometry": { "type": "Point", "coordinates": [ 32.693398, 39.888427 ] } },
{ "type": "Feature", "properties": { "NAME": "Elektrik Trafosu", "SUB_CATEGORY": "Şehiriçi Trafo", "CATEGORY": "Enerji Üretim, Dağıtım", "PHONE": "", "FAX": "", "EMAIL": "", "WEB": "", "ID": 10479451 }, "geometry": { "type": "Point", "coordinates": [ 32.688207, 39.884278 ] } },
{ "type": "Feature", "properties": { "NAME": "Gazmatik - Arcadıum AVM", "SUB_CATEGORY": "Enerji Üretim, Dağıtım/Diğer", "CATEGORY": "Enerji Üretim, Dağıtım", "PHONE": "", "FAX": "", "EMAIL": "", "WEB": "", "ID": 3562018 }, "geometry": { "type": "Point", "coordinates": [ 32.685722, 39.883121 ] } },
{ "type": "Feature", "properties": { "NAME": "Elektrik Trafosu", "SUB_CATEGORY": "Şehiriçi Trafo", "CATEGORY": "Enerji Üretim, Dağıtım", "PHONE": "", "FAX": "", "EMAIL": "", "WEB": "", "ID": 10479053 }, "geometry": { "type": "Point", "coordinates": [ 32.682659, 39.882255 ] } },
{ "type": "Feature", "properties": { "NAME": "Elektrik Trafosu", "SUB_CATEGORY": "Şehiriçi Trafo", "CATEGORY": "Enerji Üretim, Dağıtım", "PHONE": "", "FAX": "", "EMAIL": "", "WEB": "", "ID": 580581 }, "geometry": { "type": "Point", "coordinates": [ 32.679335, 39.877731 ] } },
{ "type": "Feature", "properties": { "NAME": "Elektrik Trafosu", "SUB_CATEGORY": "Şehiriçi Trafo", "CATEGORY": "Enerji Üretim, Dağıtım", "PHONE": "", "FAX": "", "EMAIL": "", "WEB": "", "ID": 11212927 }, "geometry": { "type": "Point", "coordinates": [ 32.681257, 39.881515 ] } },
{ "type": "Feature", "properties": { "NAME": "Elektrik Trafosu", "SUB_CATEGORY": "Şehiriçi Trafo", "CATEGORY": "Enerji Üretim, Dağıtım", "PHONE": "", "FAX": "", "EMAIL": "", "WEB": "", "ID": 1201530 }, "geometry": { "type": "Point", "coordinates": [ 32.683632, 39.880254 ] } },
{ "type": "Feature", "properties": { "NAME": "Elektrik Trafosu", "SUB_CATEGORY": "Şehiriçi Trafo", "CATEGORY": "Enerji Üretim, Dağıtım", "PHONE": "", "FAX": "", "EMAIL": "", "WEB": "", "ID": 580759 }, "geometry": { "type": "Point", "coordinates": [ 32.68782, 39.885378 ] } },
{ "type": "Feature", "properties": { "NAME": "Elektrik Trafosu", "SUB_CATEGORY": "Şehiriçi Trafo", "CATEGORY": "Enerji Üretim, Dağıtım", "PHONE": "", "FAX": "", "EMAIL": "", "WEB": "", "ID": 9429950 }, "geometry": { "type": "Point", "coordinates": [ 32.688552, 39.885626 ] } },
{ "type": "Feature", "properties": { "NAME": "Elektrik Trafosu", "SUB_CATEGORY": "Şehiriçi Trafo", "CATEGORY": "Enerji Üretim, Dağıtım", "PHONE": "", "FAX": "", "EMAIL": "", "WEB": "", "ID": 1927093 }, "geometry": { "type": "Point", "coordinates": [ 32.683738, 39.887109 ] } },
{ "type": "Feature", "properties": { "NAME": "Elektrik Trafosu", "SUB_CATEGORY": "Şehiriçi Trafo", "CATEGORY": "Enerji Üretim, Dağıtım", "PHONE": "", "FAX": "", "EMAIL": "", "WEB": "", "ID": 10478915 }, "geometry": { "type": "Point", "coordinates": [ 32.679368, 39.881432 ] } },
{ "type": "Feature", "properties": { "NAME": "Elektrik Trafosu", "SUB_CATEGORY": "Şehiriçi Trafo", "CATEGORY": "Enerji Üretim, Dağıtım", "PHONE": "", "FAX": "", "EMAIL": "", "WEB": "", "ID": 3036617 }, "geometry": { "type": "Point", "coordinates": [ 32.68211, 39.890364 ] } },
{ "type": "Feature", "properties": { "NAME": "Elektrik Trafosu", "SUB_CATEGORY": "Şehiriçi Trafo", "CATEGORY": "Enerji Üretim, Dağıtım", "PHONE": "", "FAX": "", "EMAIL": "", "WEB": "", "ID": 1201743 }, "geometry": { "type": "Point", "coordinates": [ 32.681689, 39.895609 ] } },
{ "type": "Feature", "properties": { "NAME": "Elektrik Trafosu", "SUB_CATEGORY": "Şehiriçi Trafo", "CATEGORY": "Enerji Üretim, Dağıtım", "PHONE": "", "FAX": "", "EMAIL": "", "WEB": "", "ID": 11213439 }, "geometry": { "type": "Point", "coordinates": [ 32.680613, 39.892376 ] } },
{ "type": "Feature", "properties": { "NAME": "Elektrik Trafosu", "SUB_CATEGORY": "Şehiriçi Trafo", "CATEGORY": "Enerji Üretim, Dağıtım", "PHONE": "", "FAX": "", "EMAIL": "", "WEB": "", "ID": 2461384 }, "geometry": { "type": "Point", "coordinates": [ 32.682679, 39.893848 ] } },
{ "type": "Feature", "properties": { "NAME": "Elektrik Trafosu", "SUB_CATEGORY": "Şehiriçi Trafo", "CATEGORY": "Enerji Üretim, Dağıtım", "PHONE": "", "FAX": "", "EMAIL": "", "WEB": "", "ID": 10478485 }, "geometry": { "type": "Point", "coordinates": [ 32.683086, 39.893363 ] } },
{ "type": "Feature", "properties": { "NAME": "Elektrik Trafosu", "SUB_CATEGORY": "Şehiriçi Trafo", "CATEGORY": "Enerji Üretim, Dağıtım", "PHONE": "", "FAX": "", "EMAIL": "", "WEB": "", "ID": 2461383 }, "geometry": { "type": "Point", "coordinates": [ 32.684253, 39.891892 ] } },
{ "type": "Feature", "properties": { "NAME": "Elektrik Trafosu", "SUB_CATEGORY": "Şehiriçi Trafo", "CATEGORY": "Enerji Üretim, Dağıtım", "PHONE": "", "FAX": "", "EMAIL": "", "WEB": "", "ID": 10478483 }, "geometry": { "type": "Point", "coordinates": [ 32.684462, 39.891994 ] } },
{ "type": "Feature", "properties": { "NAME": "Elektrik Trafosu", "SUB_CATEGORY": "Şehiriçi Trafo", "CATEGORY": "Enerji Üretim, Dağıtım", "PHONE": "", "FAX": "", "EMAIL": "", "WEB": "", "ID": 3036629 }, "geometry": { "type": "Point", "coordinates": [ 32.682442, 39.88786 ] } },
{ "type": "Feature", "properties": { "NAME": "Elektrik Trafosu", "SUB_CATEGORY": "Şehiriçi Trafo", "CATEGORY": "Enerji Üretim, Dağıtım", "PHONE": "", "FAX": "", "EMAIL": "", "WEB": "", "ID": 585369 }, "geometry": { "type": "Point", "coordinates": [ 32.678121, 39.890133 ] } },
{ "type": "Feature", "properties": { "NAME": "Elektrik Trafosu", "SUB_CATEGORY": "Şehiriçi Trafo", "CATEGORY": "Enerji Üretim, Dağıtım", "PHONE": "", "FAX": "", "EMAIL": "", "WEB": "", "ID": 1201517 }, "geometry": { "type": "Point", "coordinates": [ 32.680513, 39.886265 ] } },
{ "type": "Feature", "properties": { "NAME": "Elektrik Trafosu", "SUB_CATEGORY": "Şehiriçi Trafo", "CATEGORY": "Enerji Üretim, Dağıtım", "PHONE": "", "FAX": "", "EMAIL": "", "WEB": "", "ID": 585370 }, "geometry": { "type": "Point", "coordinates": [ 32.680344, 39.884118 ] } },
{ "type": "Feature", "properties": { "NAME": "Elektrik Trafosu", "SUB_CATEGORY": "Şehiriçi Trafo", "CATEGORY": "Enerji Üretim, Dağıtım", "PHONE": "", "FAX": "", "EMAIL": "", "WEB": "", "ID": 1201199 }, "geometry": { "type": "Point", "coordinates": [ 32.672119, 39.881885 ] } },
{ "type": "Feature", "properties": { "NAME": "Elektrik Trafosu", "SUB_CATEGORY": "Şehiriçi Trafo", "CATEGORY": "Enerji Üretim, Dağıtım", "PHONE": "", "FAX": "", "EMAIL": "", "WEB": "", "ID": 928156 }, "geometry": { "type": "Point", "coordinates": [ 32.674757, 39.882809 ] } },
{ "type": "Feature", "properties": { "NAME": "Elektrik Trafosu", "SUB_CATEGORY": "Şehiriçi Trafo", "CATEGORY": "Enerji Üretim, Dağıtım", "PHONE": "", "FAX": "", "EMAIL": "", "WEB": "", "ID": 3031040 }, "geometry": { "type": "Point", "coordinates": [ 32.67699, 39.882989 ] } },
{ "type": "Feature", "properties": { "NAME": "Elektrik Trafosu", "SUB_CATEGORY": "Şehiriçi Trafo", "CATEGORY": "Enerji Üretim, Dağıtım", "PHONE": "", "FAX": "", "EMAIL": "", "WEB": "", "ID": 580582 }, "geometry": { "type": "Point", "coordinates": [ 32.676684, 39.880386 ] } },
{ "type": "Feature", "properties": { "NAME": "Elektrik Trafosu", "SUB_CATEGORY": "Şehiriçi Trafo", "CATEGORY": "Enerji Üretim, Dağıtım", "PHONE": "", "FAX": "", "EMAIL": "", "WEB": "", "ID": 580754 }, "geometry": { "type": "Point", "coordinates": [ 32.678634, 39.892268 ] } },
{ "type": "Feature", "properties": { "NAME": "Elektrik Trafosu", "SUB_CATEGORY": "Şehiriçi Trafo", "CATEGORY": "Enerji Üretim, Dağıtım", "PHONE": "", "FAX": "", "EMAIL": "", "WEB": "", "ID": 1927131 }, "geometry": { "type": "Point", "coordinates": [ 32.669652, 39.88627 ] } },
{ "type": "Feature", "properties": { "NAME": "Elektrik Trafosu", "SUB_CATEGORY": "Şehiriçi Trafo", "CATEGORY": "Enerji Üretim, Dağıtım", "PHONE": "", "FAX": "", "EMAIL": "", "WEB": "", "ID": 1927129 }, "geometry": { "type": "Point", "coordinates": [ 32.66862, 39.884183 ] } },
{ "type": "Feature", "properties": { "NAME": "Elektrik Trafosu", "SUB_CATEGORY": "Şehiriçi Trafo", "CATEGORY": "Enerji Üretim, Dağıtım", "PHONE": "", "FAX": "", "EMAIL": "", "WEB": "", "ID": 10483884 }, "geometry": { "type": "Point", "coordinates": [ 32.672657, 39.889673 ] } },
{ "type": "Feature", "properties": { "NAME": "Elektrik Trafosu", "SUB_CATEGORY": "Şehiriçi Trafo", "CATEGORY": "Enerji Üretim, Dağıtım", "PHONE": "", "FAX": "", "EMAIL": "", "WEB": "", "ID": 1201687 }, "geometry": { "type": "Point", "coordinates": [ 32.67301, 39.889189 ] } },
{ "type": "Feature", "properties": { "NAME": "Elektrik Trafosu", "SUB_CATEGORY": "Şehiriçi Trafo", "CATEGORY": "Enerji Üretim, Dağıtım", "PHONE": "", "FAX": "", "EMAIL": "", "WEB": "", "ID": 1201430 }, "geometry": { "type": "Point", "coordinates": [ 32.671925, 39.884566 ] } },
{ "type": "Feature", "properties": { "NAME": "Elektrik Trafosu", "SUB_CATEGORY": "Şehiriçi Trafo", "CATEGORY": "Enerji Üretim, Dağıtım", "PHONE": "", "FAX": "", "EMAIL": "", "WEB": "", "ID": 580610 }, "geometry": { "type": "Point", "coordinates": [ 32.712011, 39.883657 ] } },
{ "type": "Feature", "properties": { "NAME": "Elektrik Trafosu", "SUB_CATEGORY": "Şehiriçi Trafo", "CATEGORY": "Enerji Üretim, Dağıtım", "PHONE": "", "FAX": "", "EMAIL": "", "WEB": "", "ID": 9431652 }, "geometry": { "type": "Point", "coordinates": [ 32.712887, 39.891858 ] } },
{ "type": "Feature", "properties": { "NAME": "Elektrik Trafosu", "SUB_CATEGORY": "Şehiriçi Trafo", "CATEGORY": "Enerji Üretim, Dağıtım", "PHONE": "", "FAX": "", "EMAIL": "", "WEB": "", "ID": 9431673 }, "geometry": { "type": "Point", "coordinates": [ 32.713231, 39.893107 ] } },
{ "type": "Feature", "properties": { "NAME": "Elektrik Trafosu", "SUB_CATEGORY": "Şehiriçi Trafo", "CATEGORY": "Enerji Üretim, Dağıtım", "PHONE": "", "FAX": "", "EMAIL": "", "WEB": "", "ID": 11212730 }, "geometry": { "type": "Point", "coordinates": [ 32.715483, 39.895884 ] } },
{ "type": "Feature", "properties": { "NAME": "Elektrik Trafosu", "SUB_CATEGORY": "Şehiriçi Trafo", "CATEGORY": "Enerji Üretim, Dağıtım", "PHONE": "", "FAX": "", "EMAIL": "", "WEB": "", "ID": 3042420 }, "geometry": { "type": "Point", "coordinates": [ 32.718444, 39.893157 ] } },
{ "type": "Feature", "properties": { "NAME": "Elektrik Trafosu", "SUB_CATEGORY": "Şehiriçi Trafo", "CATEGORY": "Enerji Üretim, Dağıtım", "PHONE": "", "FAX": "", "EMAIL": "", "WEB": "", "ID": 1201358 }, "geometry": { "type": "Point", "coordinates": [ 32.720508, 39.894854 ] } },
{ "type": "Feature", "properties": { "NAME": "Elektrik Trafosu", "SUB_CATEGORY": "Şehiriçi Trafo", "CATEGORY": "Enerji Üretim, Dağıtım", "PHONE": "", "FAX": "", "EMAIL": "", "WEB": "", "ID": 10489270 }, "geometry": { "type": "Point", "coordinates": [ 32.715024, 39.885126 ] } },
{ "type": "Feature", "properties": { "NAME": "Elektrik Trafosu", "SUB_CATEGORY": "Şehiriçi Trafo", "CATEGORY": "Enerji Üretim, Dağıtım", "PHONE": "", "FAX": "", "EMAIL": "", "WEB": "", "ID": 10479136 }, "geometry": { "type": "Point", "coordinates": [ 32.709499, 39.886614 ] } },
{ "type": "Feature", "properties": { "NAME": "Elektrik Trafosu", "SUB_CATEGORY": "Şehiriçi Trafo", "CATEGORY": "Enerji Üretim, Dağıtım", "PHONE": "", "FAX": "", "EMAIL": "", "WEB": "", "ID": 1200959 }, "geometry": { "type": "Point", "coordinates": [ 32.709498, 39.897979 ] } },
{ "type": "Feature", "properties": { "NAME": "Elektrik Trafosu", "SUB_CATEGORY": "Şehiriçi Trafo", "CATEGORY": "Enerji Üretim, Dağıtım", "PHONE": "", "FAX": "", "EMAIL": "", "WEB": "", "ID": 2461449 }, "geometry": { "type": "Point", "coordinates": [ 32.708631, 39.891414 ] } },
{ "type": "Feature", "properties": { "NAME": "Elektrik Trafosu", "SUB_CATEGORY": "Şehiriçi Trafo", "CATEGORY": "Enerji Üretim, Dağıtım", "PHONE": "", "FAX": "", "EMAIL": "", "WEB": "", "ID": 2988309 }, "geometry": { "type": "Point", "coordinates": [ 32.71094, 39.880246 ] } },
{ "type": "Feature", "properties": { "NAME": "Elektrik Trafosu", "SUB_CATEGORY": "Şehiriçi Trafo", "CATEGORY": "Enerji Üretim, Dağıtım", "PHONE": "", "FAX": "", "EMAIL": "", "WEB": "", "ID": 9427336 }, "geometry": { "type": "Point", "coordinates": [ 32.707348, 39.882903 ] } },
{ "type": "Feature", "properties": { "NAME": "Elektrik Trafosu", "SUB_CATEGORY": "Şehiriçi Trafo", "CATEGORY": "Enerji Üretim, Dağıtım", "PHONE": "", "FAX": "", "EMAIL": "", "WEB": "", "ID": 2463467 }, "geometry": { "type": "Point", "coordinates": [ 32.702414, 39.882871 ] } },
{ "type": "Feature", "properties": { "NAME": "Elektrik Trafosu", "SUB_CATEGORY": "Şehiriçi Trafo", "CATEGORY": "Enerji Üretim, Dağıtım", "PHONE": "", "FAX": "", "EMAIL": "", "WEB": "", "ID": 10490475 }, "geometry": { "type": "Point", "coordinates": [ 32.71097, 39.892839 ] } },
{ "type": "Feature", "properties": { "NAME": "Elektrik Trafosu", "SUB_CATEGORY": "Şehiriçi Trafo", "CATEGORY": "Enerji Üretim, Dağıtım", "PHONE": "", "FAX": "", "EMAIL": "", "WEB": "", "ID": 581158 }, "geometry": { "type": "Point", "coordinates": [ 32.708072, 39.893951 ] } },
{ "type": "Feature", "properties": { "NAME": "Elektrik Trafosu", "SUB_CATEGORY": "Şehiriçi Trafo", "CATEGORY": "Enerji Üretim, Dağıtım", "PHONE": "", "FAX": "", "EMAIL": "", "WEB": "", "ID": 580712 }, "geometry": { "type": "Point", "coordinates": [ 32.71117, 39.894915 ] } },
{ "type": "Feature", "properties": { "NAME": "Direk ÜStü Elektrik Trafosu", "SUB_CATEGORY": "Şehiriçi Trafo", "CATEGORY": "Enerji Üretim, Dağıtım", "PHONE": "", "FAX": "", "EMAIL": "", "WEB": "", "ID": 11212718 }, "geometry": { "type": "Point", "coordinates": [ 32.706913, 39.888604 ] } },
{ "type": "Feature", "properties": { "NAME": "Elektrik Trafosu", "SUB_CATEGORY": "Şehiriçi Trafo", "CATEGORY": "Enerji Üretim, Dağıtım", "PHONE": "", "FAX": "", "EMAIL": "", "WEB": "", "ID": 1201127 }, "geometry": { "type": "Point", "coordinates": [ 32.705786, 39.889908 ] } },
{ "type": "Feature", "properties": { "NAME": "Elektrik Trafosu", "SUB_CATEGORY": "Şehiriçi Trafo", "CATEGORY": "Enerji Üretim, Dağıtım", "PHONE": "", "FAX": "", "EMAIL": "", "WEB": "", "ID": 11212647 }, "geometry": { "type": "Point", "coordinates": [ 32.713637, 39.900272 ] } },
{ "type": "Feature", "properties": { "NAME": "Elektrik Trafosu", "SUB_CATEGORY": "Şehiriçi Trafo", "CATEGORY": "Enerji Üretim, Dağıtım", "PHONE": "", "FAX": "", "EMAIL": "", "WEB": "", "ID": 10489568 }, "geometry": { "type": "Point", "coordinates": [ 32.704923, 39.895702 ] } },
{ "type": "Feature", "properties": { "NAME": "Elektrik Trafosu", "SUB_CATEGORY": "Şehiriçi Trafo", "CATEGORY": "Enerji Üretim, Dağıtım", "PHONE": "", "FAX": "", "EMAIL": "", "WEB": "", "ID": 8058861 }, "geometry": { "type": "Point", "coordinates": [ 32.703257, 39.893165 ] } },
{ "type": "Feature", "properties": { "NAME": "Elektrik Trafosu", "SUB_CATEGORY": "Şehiriçi Trafo", "CATEGORY": "Enerji Üretim, Dağıtım", "PHONE": "", "FAX": "", "EMAIL": "", "WEB": "", "ID": 9431105 }, "geometry": { "type": "Point", "coordinates": [ 32.725425, 39.905986 ] } },
{ "type": "Feature", "properties": { "NAME": "Elektrik Trafosu", "SUB_CATEGORY": "Şehiriçi Trafo", "CATEGORY": "Enerji Üretim, Dağıtım", "PHONE": "", "FAX": "", "EMAIL": "", "WEB": "", "ID": 10481201 }, "geometry": { "type": "Point", "coordinates": [ 32.698471, 39.888925 ] } },
{ "type": "Feature", "properties": { "NAME": "Elektrik Trafosu", "SUB_CATEGORY": "Şehiriçi Trafo", "CATEGORY": "Enerji Üretim, Dağıtım", "PHONE": "", "FAX": "", "EMAIL": "", "WEB": "", "ID": 585312 }, "geometry": { "type": "Point", "coordinates": [ 32.700131, 39.886577 ] } },
{ "type": "Feature", "properties": { "NAME": "Elektrik Trafosu", "SUB_CATEGORY": "Şehiriçi Trafo", "CATEGORY": "Enerji Üretim, Dağıtım", "PHONE": "", "FAX": "", "EMAIL": "", "WEB": "", "ID": 580580 }, "geometry": { "type": "Point", "coordinates": [ 32.701015, 39.892505 ] } },
{ "type": "Feature", "properties": { "NAME": "Portal Enerji", "SUB_CATEGORY": "Enerji Üretim, Dağıtım/Diğer", "CATEGORY": "Enerji Üretim, Dağıtım", "PHONE": "", "FAX": "", "EMAIL": "", "WEB": "", "ID": 10481110 }, "geometry": { "type": "Point", "coordinates": [ 32.701428, 39.893687 ] } },
{ "type": "Feature", "properties": { "NAME": "Elektrik Trafosu", "SUB_CATEGORY": "Şehiriçi Trafo", "CATEGORY": "Enerji Üretim, Dağıtım", "PHONE": "", "FAX": "", "EMAIL": "", "WEB": "", "ID": 1919189 }, "geometry": { "type": "Point", "coordinates": [ 32.701373, 39.895549 ] } },
{ "type": "Feature", "properties": { "NAME": "Elektrik Trafosu", "SUB_CATEGORY": "Şehiriçi Trafo", "CATEGORY": "Enerji Üretim, Dağıtım", "PHONE": "", "FAX": "", "EMAIL": "", "WEB": "", "ID": 2461367 }, "geometry": { "type": "Point", "coordinates": [ 32.702301, 39.902286 ] } },
{ "type": "Feature", "properties": { "NAME": "Elektrik Trafosu", "SUB_CATEGORY": "Şehiriçi Trafo", "CATEGORY": "Enerji Üretim, Dağıtım", "PHONE": "", "FAX": "", "EMAIL": "", "WEB": "", "ID": 1201419 }, "geometry": { "type": "Point", "coordinates": [ 32.700951, 39.902639 ] } },
{ "type": "Feature", "properties": { "NAME": "Elektrik Trafosu", "SUB_CATEGORY": "Şehiriçi Trafo", "CATEGORY": "Enerji Üretim, Dağıtım", "PHONE": "", "FAX": "", "EMAIL": "", "WEB": "", "ID": 3036666 }, "geometry": { "type": "Point", "coordinates": [ 32.701553, 39.89694 ] } },
{ "type": "Feature", "properties": { "NAME": "Elektrik Trafosu", "SUB_CATEGORY": "Şehiriçi Trafo", "CATEGORY": "Enerji Üretim, Dağıtım", "PHONE": "", "FAX": "", "EMAIL": "", "WEB": "", "ID": 1200984 }, "geometry": { "type": "Point", "coordinates": [ 32.699738, 39.896918 ] } },
{ "type": "Feature", "properties": { "NAME": "Elektrik Trafosu", "SUB_CATEGORY": "Şehiriçi Trafo", "CATEGORY": "Enerji Üretim, Dağıtım", "PHONE": "", "FAX": "", "EMAIL": "", "WEB": "", "ID": 11212694 }, "geometry": { "type": "Point", "coordinates": [ 32.693945, 39.896512 ] } },
{ "type": "Feature", "properties": { "NAME": "Elektrik Trafosu", "SUB_CATEGORY": "Şehiriçi Trafo", "CATEGORY": "Enerji Üretim, Dağıtım", "PHONE": "", "FAX": "", "EMAIL": "", "WEB": "", "ID": 1200990 }, "geometry": { "type": "Point", "coordinates": [ 32.694471, 39.896536 ] } },
{ "type": "Feature", "properties": { "NAME": "Elektrik Trafosu", "SUB_CATEGORY": "Şehiriçi Trafo", "CATEGORY": "Enerji Üretim, Dağıtım", "PHONE": "", "FAX": "", "EMAIL": "", "WEB": "", "ID": 1919177 }, "geometry": { "type": "Point", "coordinates": [ 32.695723, 39.893058 ] } },
{ "type": "Feature", "properties": { "NAME": "Elektrik Trafosu", "SUB_CATEGORY": "Şehiriçi Trafo", "CATEGORY": "Enerji Üretim, Dağıtım", "PHONE": "", "FAX": "", "EMAIL": "", "WEB": "", "ID": 10482023 }, "geometry": { "type": "Point", "coordinates": [ 32.691586, 39.891314 ] } },
{ "type": "Feature", "properties": { "NAME": "Elektrik Trafosu", "SUB_CATEGORY": "Şehiriçi Trafo", "CATEGORY": "Enerji Üretim, Dağıtım", "PHONE": "", "FAX": "", "EMAIL": "", "WEB": "", "ID": 11214040 }, "geometry": { "type": "Point", "coordinates": [ 32.691763, 39.898745 ] } },
{ "type": "Feature", "properties": { "NAME": "Elektrik Trafosu", "SUB_CATEGORY": "Şehiriçi Trafo", "CATEGORY": "Enerji Üretim, Dağıtım", "PHONE": "", "FAX": "", "EMAIL": "", "WEB": "", "ID": 2461353 }, "geometry": { "type": "Point", "coordinates": [ 32.693896, 39.903578 ] } },
{ "type": "Feature", "properties": { "NAME": "Elektrik Trafosu", "SUB_CATEGORY": "Şehiriçi Trafo", "CATEGORY": "Enerji Üretim, Dağıtım", "PHONE": "", "FAX": "", "EMAIL": "", "WEB": "", "ID": 1919325 }, "geometry": { "type": "Point", "coordinates": [ 32.697282, 39.901487 ] } },
{ "type": "Feature", "properties": { "NAME": "Gazmatik - Gordion AVM Noktası", "SUB_CATEGORY": "Enerji Üretim, Dağıtım/Diğer", "CATEGORY": "Enerji Üretim, Dağıtım", "PHONE": "", "FAX": "", "EMAIL": "", "WEB": "", "ID": 2688101 }, "geometry": { "type": "Point", "coordinates": [ 32.691237, 39.89886 ] } },
{ "type": "Feature", "properties": { "NAME": "Elektrik Trafosu", "SUB_CATEGORY": "Şehiriçi Trafo", "CATEGORY": "Enerji Üretim, Dağıtım", "PHONE": "", "FAX": "", "EMAIL": "", "WEB": "", "ID": 10478843 }, "geometry": { "type": "Point", "coordinates": [ 32.69321, 39.90186 ] } },
{ "type": "Feature", "properties": { "NAME": "Elektrik Trafosu", "SUB_CATEGORY": "Şehiriçi Trafo", "CATEGORY": "Enerji Üretim, Dağıtım", "PHONE": "", "FAX": "", "EMAIL": "", "WEB": "", "ID": 1201139 }, "geometry": { "type": "Point", "coordinates": [ 32.697476, 39.904236 ] } },
{ "type": "Feature", "properties": { "NAME": "Elektrik Trafosu", "SUB_CATEGORY": "Şehiriçi Trafo", "CATEGORY": "Enerji Üretim, Dağıtım", "PHONE": "", "FAX": "", "EMAIL": "", "WEB": "", "ID": 1201417 }, "geometry": { "type": "Point", "coordinates": [ 32.699415, 39.902885 ] } },
{ "type": "Feature", "properties": { "NAME": "Elektrik Trafosu", "SUB_CATEGORY": "Şehiriçi Trafo", "CATEGORY": "Enerji Üretim, Dağıtım", "PHONE": "", "FAX": "", "EMAIL": "", "WEB": "", "ID": 1201995 }, "geometry": { "type": "Point", "coordinates": [ 32.686863, 39.896834 ] } },
{ "type": "Feature", "properties": { "NAME": "Elektrik Trafosu", "SUB_CATEGORY": "Şehiriçi Trafo", "CATEGORY": "Enerji Üretim, Dağıtım", "PHONE": "", "FAX": "", "EMAIL": "", "WEB": "", "ID": 2989276 }, "geometry": { "type": "Point", "coordinates": [ 32.639944, 39.843493 ] } },
{ "type": "Feature", "properties": { "NAME": "Elektrik Trafosu", "SUB_CATEGORY": "Şehiriçi Trafo", "CATEGORY": "Enerji Üretim, Dağıtım", "PHONE": "", "FAX": "", "EMAIL": "", "WEB": "", "ID": 11214170 }, "geometry": { "type": "Point", "coordinates": [ 32.641664, 39.843718 ] } },
{ "type": "Feature", "properties": { "NAME": "Elektrik Trafosu", "SUB_CATEGORY": "Şehiriçi Trafo", "CATEGORY": "Enerji Üretim, Dağıtım", "PHONE": "", "FAX": "", "EMAIL": "", "WEB": "", "ID": 10463516 }, "geometry": { "type": "Point", "coordinates": [ 32.638544, 39.846351 ] } },
{ "type": "Feature", "properties": { "NAME": "Elektrik Trafosu", "SUB_CATEGORY": "Şehiriçi Trafo", "CATEGORY": "Enerji Üretim, Dağıtım", "PHONE": "", "FAX": "", "EMAIL": "", "WEB": "", "ID": 1201994 }, "geometry": { "type": "Point", "coordinates": [ 32.63321, 39.84689 ] } },
{ "type": "Feature", "properties": { "NAME": "Elektrik Trafosu", "SUB_CATEGORY": "Şehiriçi Trafo", "CATEGORY": "Enerji Üretim, Dağıtım", "PHONE": "", "FAX": "", "EMAIL": "", "WEB": "", "ID": 11214220 }, "geometry": { "type": "Point", "coordinates": [ 32.635234, 39.848072 ] } },
{ "type": "Feature", "properties": { "NAME": "Elektrik Trafosu", "SUB_CATEGORY": "Şehiriçi Trafo", "CATEGORY": "Enerji Üretim, Dağıtım", "PHONE": "", "FAX": "", "EMAIL": "", "WEB": "", "ID": 10463441 }, "geometry": { "type": "Point", "coordinates": [ 32.642615, 39.848281 ] } },
{ "type": "Feature", "properties": { "NAME": "Elektrik Trafosu", "SUB_CATEGORY": "Şehiriçi Trafo", "CATEGORY": "Enerji Üretim, Dağıtım", "PHONE": "", "FAX": "", "EMAIL": "", "WEB": "", "ID": 9429319 }, "geometry": { "type": "Point", "coordinates": [ 32.637299, 39.848353 ] } },
{ "type": "Feature", "properties": { "NAME": "Elektrik Trafosu", "SUB_CATEGORY": "Şehiriçi Trafo", "CATEGORY": "Enerji Üretim, Dağıtım", "PHONE": "", "FAX": "", "EMAIL": "", "WEB": "", "ID": 9429516 }, "geometry": { "type": "Point", "coordinates": [ 32.63696, 39.852533 ] } },
{ "type": "Feature", "properties": { "NAME": "Elektrik Trafosu", "SUB_CATEGORY": "Şehiriçi Trafo", "CATEGORY": "Enerji Üretim, Dağıtım", "PHONE": "", "FAX": "", "EMAIL": "", "WEB": "", "ID": 10463786 }, "geometry": { "type": "Point", "coordinates": [ 32.632019, 39.851344 ] } },
{ "type": "Feature", "properties": { "NAME": "Elektrik Trafosu", "SUB_CATEGORY": "Şehiriçi Trafo", "CATEGORY": "Enerji Üretim, Dağıtım", "PHONE": "", "FAX": "", "EMAIL": "", "WEB": "", "ID": 1201873 }, "geometry": { "type": "Point", "coordinates": [ 32.632438, 39.853605 ] } },
{ "type": "Feature", "properties": { "NAME": "Elektrik Trafosu", "SUB_CATEGORY": "Şehiriçi Trafo", "CATEGORY": "Enerji Üretim, Dağıtım", "PHONE": "", "FAX": "", "EMAIL": "", "WEB": "", "ID": 10462619 }, "geometry": { "type": "Point", "coordinates": [ 32.639556, 39.855426 ] } },
{ "type": "Feature", "properties": { "NAME": "Elektrik Trafosu", "SUB_CATEGORY": "Şehiriçi Trafo", "CATEGORY": "Enerji Üretim, Dağıtım", "PHONE": "", "FAX": "", "EMAIL": "", "WEB": "", "ID": 10465732 }, "geometry": { "type": "Point", "coordinates": [ 32.635081, 39.854745 ] } },
{ "type": "Feature", "properties": { "NAME": "Elektrik Trafosu", "SUB_CATEGORY": "Şehiriçi Trafo", "CATEGORY": "Enerji Üretim, Dağıtım", "PHONE": "", "FAX": "", "EMAIL": "", "WEB": "", "ID": 10463029 }, "geometry": { "type": "Point", "coordinates": [ 32.643568, 39.853013 ] } },
{ "type": "Feature", "properties": { "NAME": "Elektrik Trafosu", "SUB_CATEGORY": "Şehiriçi Trafo", "CATEGORY": "Enerji Üretim, Dağıtım", "PHONE": "", "FAX": "", "EMAIL": "", "WEB": "", "ID": 10459701 }, "geometry": { "type": "Point", "coordinates": [ 32.63731, 39.860597 ] } },
{ "type": "Feature", "properties": { "NAME": "Elektrik Trafosu", "SUB_CATEGORY": "Şehiriçi Trafo", "CATEGORY": "Enerji Üretim, Dağıtım", "PHONE": "", "FAX": "", "EMAIL": "", "WEB": "", "ID": 1927204 }, "geometry": { "type": "Point", "coordinates": [ 32.64241, 39.856576 ] } },
{ "type": "Feature", "properties": { "NAME": "Elektrik Trafosu", "SUB_CATEGORY": "Şehiriçi Trafo", "CATEGORY": "Enerji Üretim, Dağıtım", "PHONE": "", "FAX": "", "EMAIL": "", "WEB": "", "ID": 1201184 }, "geometry": { "type": "Point", "coordinates": [ 32.641194, 39.859737 ] } },
{ "type": "Feature", "properties": { "NAME": "Elektrik Trafosu", "SUB_CATEGORY": "Şehiriçi Trafo", "CATEGORY": "Enerji Üretim, Dağıtım", "PHONE": "", "FAX": "", "EMAIL": "", "WEB": "", "ID": 8073596 }, "geometry": { "type": "Point", "coordinates": [ 32.65728, 39.876679 ] } },
{ "type": "Feature", "properties": { "NAME": "Elektrik Trafosu", "SUB_CATEGORY": "Şehiriçi Trafo", "CATEGORY": "Enerji Üretim, Dağıtım", "PHONE": "", "FAX": "", "EMAIL": "", "WEB": "", "ID": 8073600 }, "geometry": { "type": "Point", "coordinates": [ 32.658655, 39.878089 ] } },
{ "type": "Feature", "properties": { "NAME": "Elektrik Trafosu", "SUB_CATEGORY": "Şehiriçi Trafo", "CATEGORY": "Enerji Üretim, Dağıtım", "PHONE": "", "FAX": "", "EMAIL": "", "WEB": "", "ID": 11213652 }, "geometry": { "type": "Point", "coordinates": [ 32.651353, 39.866093 ] } },
{ "type": "Feature", "properties": { "NAME": "Elektrik Trafosu", "SUB_CATEGORY": "Şehiriçi Trafo", "CATEGORY": "Enerji Üretim, Dağıtım", "PHONE": "", "FAX": "", "EMAIL": "", "WEB": "", "ID": 9873918 }, "geometry": { "type": "Point", "coordinates": [ 32.65148, 39.874442 ] } },
{ "type": "Feature", "properties": { "NAME": "Elektrik Trafosu", "SUB_CATEGORY": "Şehiriçi Trafo", "CATEGORY": "Enerji Üretim, Dağıtım", "PHONE": "", "FAX": "", "EMAIL": "", "WEB": "", "ID": 11214300 }, "geometry": { "type": "Point", "coordinates": [ 32.652462, 39.874042 ] } },
{ "type": "Feature", "properties": { "NAME": "Elektrik Trafosu", "SUB_CATEGORY": "Şehiriçi Trafo", "CATEGORY": "Enerji Üretim, Dağıtım", "PHONE": "", "FAX": "", "EMAIL": "", "WEB": "", "ID": 3029500 }, "geometry": { "type": "Point", "coordinates": [ 32.652986, 39.871674 ] } },
{ "type": "Feature", "properties": { "NAME": "Elektrik Trafosu", "SUB_CATEGORY": "Şehiriçi Trafo", "CATEGORY": "Enerji Üretim, Dağıtım", "PHONE": "", "FAX": "", "EMAIL": "", "WEB": "", "ID": 11214310 }, "geometry": { "type": "Point", "coordinates": [ 32.655344, 39.87563 ] } },
{ "type": "Feature", "properties": { "NAME": "Elektrik Trafosu", "SUB_CATEGORY": "Şehiriçi Trafo", "CATEGORY": "Enerji Üretim, Dağıtım", "PHONE": "", "FAX": "", "EMAIL": "", "WEB": "", "ID": 10472056 }, "geometry": { "type": "Point", "coordinates": [ 32.656863, 39.874731 ] } },
{ "type": "Feature", "properties": { "NAME": "Elektrik Trafosu", "SUB_CATEGORY": "Şehiriçi Trafo", "CATEGORY": "Enerji Üretim, Dağıtım", "PHONE": "", "FAX": "", "EMAIL": "", "WEB": "", "ID": 10461721 }, "geometry": { "type": "Point", "coordinates": [ 32.656124, 39.870826 ] } },
{ "type": "Feature", "properties": { "NAME": "Elektrik Trafosu", "SUB_CATEGORY": "Şehiriçi Trafo", "CATEGORY": "Enerji Üretim, Dağıtım", "PHONE": "", "FAX": "", "EMAIL": "", "WEB": "", "ID": 1201247 }, "geometry": { "type": "Point", "coordinates": [ 32.649848, 39.863957 ] } },
{ "type": "Feature", "properties": { "NAME": "Direk ÜStü Elektrik Trafosu", "SUB_CATEGORY": "Şehiriçi Trafo", "CATEGORY": "Enerji Üretim, Dağıtım", "PHONE": "", "FAX": "", "EMAIL": "", "WEB": "", "ID": 11212608 }, "geometry": { "type": "Point", "coordinates": [ 32.646983, 39.867677 ] } },
{ "type": "Feature", "properties": { "NAME": "Elektrik Trafosu", "SUB_CATEGORY": "Şehiriçi Trafo", "CATEGORY": "Enerji Üretim, Dağıtım", "PHONE": "", "FAX": "", "EMAIL": "", "WEB": "", "ID": 11212651 }, "geometry": { "type": "Point", "coordinates": [ 32.646381, 39.869809 ] } },
{ "type": "Feature", "properties": { "NAME": "Elektrik Trafosu", "SUB_CATEGORY": "Şehiriçi Trafo", "CATEGORY": "Enerji Üretim, Dağıtım", "PHONE": "", "FAX": "", "EMAIL": "", "WEB": "", "ID": 1927366 }, "geometry": { "type": "Point", "coordinates": [ 32.645972, 39.871313 ] } },
{ "type": "Feature", "properties": { "NAME": "Elektrik Trafosu", "SUB_CATEGORY": "Şehiriçi Trafo", "CATEGORY": "Enerji Üretim, Dağıtım", "PHONE": "", "FAX": "", "EMAIL": "", "WEB": "", "ID": 10471557 }, "geometry": { "type": "Point", "coordinates": [ 32.649067, 39.87386 ] } },
{ "type": "Feature", "properties": { "NAME": "Elektrik Trafosu", "SUB_CATEGORY": "Şehiriçi Trafo", "CATEGORY": "Enerji Üretim, Dağıtım", "PHONE": "", "FAX": "", "EMAIL": "", "WEB": "", "ID": 9429490 }, "geometry": { "type": "Point", "coordinates": [ 32.648867, 39.872477 ] } },
{ "type": "Feature", "properties": { "NAME": "Elektrik Trafosu", "SUB_CATEGORY": "Şehiriçi Trafo", "CATEGORY": "Enerji Üretim, Dağıtım", "PHONE": "", "FAX": "", "EMAIL": "", "WEB": "", "ID": 10460544 }, "geometry": { "type": "Point", "coordinates": [ 32.642855, 39.862201 ] } },
{ "type": "Feature", "properties": { "NAME": "Elektrik Trafosu", "SUB_CATEGORY": "Şehiriçi Trafo", "CATEGORY": "Enerji Üretim, Dağıtım", "PHONE": "", "FAX": "", "EMAIL": "", "WEB": "", "ID": 10460416 }, "geometry": { "type": "Point", "coordinates": [ 32.637716, 39.862769 ] } },
{ "type": "Feature", "properties": { "NAME": "Elektrik Trafosu", "SUB_CATEGORY": "Şehiriçi Trafo", "CATEGORY": "Enerji Üretim, Dağıtım", "PHONE": "", "FAX": "", "EMAIL": "", "WEB": "", "ID": 10457409 }, "geometry": { "type": "Point", "coordinates": [ 32.639587, 39.867348 ] } },
{ "type": "Feature", "properties": { "NAME": "Elektrik Trafosu", "SUB_CATEGORY": "Şehiriçi Trafo", "CATEGORY": "Enerji Üretim, Dağıtım", "PHONE": "", "FAX": "", "EMAIL": "", "WEB": "", "ID": 1927301 }, "geometry": { "type": "Point", "coordinates": [ 32.64515, 39.867974 ] } },
{ "type": "Feature", "properties": { "NAME": "Elektrik Trafosu", "SUB_CATEGORY": "Şehiriçi Trafo", "CATEGORY": "Enerji Üretim, Dağıtım", "PHONE": "", "FAX": "", "EMAIL": "", "WEB": "", "ID": 1423062 }, "geometry": { "type": "Point", "coordinates": [ 32.644006, 39.865581 ] } },
{ "type": "Feature", "properties": { "NAME": "Elektrik Trafosu", "SUB_CATEGORY": "Şehiriçi Trafo", "CATEGORY": "Enerji Üretim, Dağıtım", "PHONE": "", "FAX": "", "EMAIL": "", "WEB": "", "ID": 10463302 }, "geometry": { "type": "Point", "coordinates": [ 32.637718, 39.865266 ] } },
{ "type": "Feature", "properties": { "NAME": "Elektrik Trafosu", "SUB_CATEGORY": "Şehiriçi Trafo", "CATEGORY": "Enerji Üretim, Dağıtım", "PHONE": "", "FAX": "", "EMAIL": "", "WEB": "", "ID": 928048 }, "geometry": { "type": "Point", "coordinates": [ 32.734028, 39.833444 ] } },
{ "type": "Feature", "properties": { "NAME": "Elektrik Trafosu", "SUB_CATEGORY": "Şehiriçi Trafo", "CATEGORY": "Enerji Üretim, Dağıtım", "PHONE": "", "FAX": "", "EMAIL": "", "WEB": "", "ID": 9415647 }, "geometry": { "type": "Point", "coordinates": [ 32.729229, 39.835717 ] } },
{ "type": "Feature", "properties": { "NAME": "Elektrik Trafosu", "SUB_CATEGORY": "Şehiriçi Trafo", "CATEGORY": "Enerji Üretim, Dağıtım", "PHONE": "", "FAX": "", "EMAIL": "", "WEB": "", "ID": 9418930 }, "geometry": { "type": "Point", "coordinates": [ 32.72665, 39.835807 ] } },
{ "type": "Feature", "properties": { "NAME": "Elektrik Trafosu", "SUB_CATEGORY": "Şehiriçi Trafo", "CATEGORY": "Enerji Üretim, Dağıtım", "PHONE": "", "FAX": "", "EMAIL": "", "WEB": "", "ID": 11213630 }, "geometry": { "type": "Point", "coordinates": [ 32.709128, 39.823842 ] } },
{ "type": "Feature", "properties": { "NAME": "Elektrik Trafosu", "SUB_CATEGORY": "Şehiriçi Trafo", "CATEGORY": "Enerji Üretim, Dağıtım", "PHONE": "", "FAX": "", "EMAIL": "", "WEB": "", "ID": 10061612 }, "geometry": { "type": "Point", "coordinates": [ 32.710739, 39.829235 ] } },
{ "type": "Feature", "properties": { "NAME": "Elektrik Trafosu", "SUB_CATEGORY": "Şehiriçi Trafo", "CATEGORY": "Enerji Üretim, Dağıtım", "PHONE": "", "FAX": "", "EMAIL": "", "WEB": "", "ID": 11213625 }, "geometry": { "type": "Point", "coordinates": [ 32.710051, 39.827934 ] } },
{ "type": "Feature", "properties": { "NAME": "Elektrik Trafosu", "SUB_CATEGORY": "Şehiriçi Trafo", "CATEGORY": "Enerji Üretim, Dağıtım", "PHONE": "", "FAX": "", "EMAIL": "", "WEB": "", "ID": 11213393 }, "geometry": { "type": "Point", "coordinates": [ 32.712371, 39.830578 ] } },
{ "type": "Feature", "properties": { "NAME": "Elektrik Trafosu", "SUB_CATEGORY": "Şehiriçi Trafo", "CATEGORY": "Enerji Üretim, Dağıtım", "PHONE": "", "FAX": "", "EMAIL": "", "WEB": "", "ID": 10061631 }, "geometry": { "type": "Point", "coordinates": [ 32.713448, 39.829629 ] } },
{ "type": "Feature", "properties": { "NAME": "Elektrik Trafosu", "SUB_CATEGORY": "Şehiriçi Trafo", "CATEGORY": "Enerji Üretim, Dağıtım", "PHONE": "", "FAX": "", "EMAIL": "", "WEB": "", "ID": 11213623 }, "geometry": { "type": "Point", "coordinates": [ 32.709754, 39.825018 ] } },
{ "type": "Feature", "properties": { "NAME": "Elektrik Trafosu", "SUB_CATEGORY": "Şehiriçi Trafo", "CATEGORY": "Enerji Üretim, Dağıtım", "PHONE": "", "FAX": "", "EMAIL": "", "WEB": "", "ID": 10061686 }, "geometry": { "type": "Point", "coordinates": [ 32.710042, 39.824817 ] } },
{ "type": "Feature", "properties": { "NAME": "Elektrik Trafosu", "SUB_CATEGORY": "Şehiriçi Trafo", "CATEGORY": "Enerji Üretim, Dağıtım", "PHONE": "", "FAX": "", "EMAIL": "", "WEB": "", "ID": 2463509 }, "geometry": { "type": "Point", "coordinates": [ 32.718016, 39.842168 ] } },
{ "type": "Feature", "properties": { "NAME": "Elektrik Trafosu", "SUB_CATEGORY": "Şehiriçi Trafo", "CATEGORY": "Enerji Üretim, Dağıtım", "PHONE": "", "FAX": "", "EMAIL": "", "WEB": "", "ID": 9432099 }, "geometry": { "type": "Point", "coordinates": [ 32.709114, 39.83057 ] } },
{ "type": "Feature", "properties": { "NAME": "Elektrik Trafosu", "SUB_CATEGORY": "Şehiriçi Trafo", "CATEGORY": "Enerji Üretim, Dağıtım", "PHONE": "", "FAX": "", "EMAIL": "", "WEB": "", "ID": 10059517 }, "geometry": { "type": "Point", "coordinates": [ 32.712043, 39.835772 ] } },
{ "type": "Feature", "properties": { "NAME": "Elektrik Trafosu", "SUB_CATEGORY": "Şehiriçi Trafo", "CATEGORY": "Enerji Üretim, Dağıtım", "PHONE": "", "FAX": "", "EMAIL": "", "WEB": "", "ID": 10491239 }, "geometry": { "type": "Point", "coordinates": [ 32.713995, 39.837653 ] } },
{ "type": "Feature", "properties": { "NAME": "Elektrik Trafosu", "SUB_CATEGORY": "Şehiriçi Trafo", "CATEGORY": "Enerji Üretim, Dağıtım", "PHONE": "", "FAX": "", "EMAIL": "", "WEB": "", "ID": 2463508 }, "geometry": { "type": "Point", "coordinates": [ 32.715767, 39.842015 ] } },
{ "type": "Feature", "properties": { "NAME": "Elektrik Trafosu", "SUB_CATEGORY": "Şehiriçi Trafo", "CATEGORY": "Enerji Üretim, Dağıtım", "PHONE": "", "FAX": "", "EMAIL": "", "WEB": "", "ID": 1201717 }, "geometry": { "type": "Point", "coordinates": [ 32.707541, 39.843487 ] } },
{ "type": "Feature", "properties": { "NAME": "Elektrik Trafosu", "SUB_CATEGORY": "Şehiriçi Trafo", "CATEGORY": "Enerji Üretim, Dağıtım", "PHONE": "", "FAX": "", "EMAIL": "", "WEB": "", "ID": 8058644 }, "geometry": { "type": "Point", "coordinates": [ 32.711187, 39.844153 ] } },
{ "type": "Feature", "properties": { "NAME": "Elektrik Trafosu", "SUB_CATEGORY": "Şehiriçi Trafo", "CATEGORY": "Enerji Üretim, Dağıtım", "PHONE": "", "FAX": "", "EMAIL": "", "WEB": "", "ID": 9419186 }, "geometry": { "type": "Point", "coordinates": [ 32.712609, 39.846725 ] } },
{ "type": "Feature", "properties": { "NAME": "Elektrik Trafosu", "SUB_CATEGORY": "Şehiriçi Trafo", "CATEGORY": "Enerji Üretim, Dağıtım", "PHONE": "", "FAX": "", "EMAIL": "", "WEB": "", "ID": 10061981 }, "geometry": { "type": "Point", "coordinates": [ 32.704788, 39.831683 ] } },
{ "type": "Feature", "properties": { "NAME": "Elektrik Trafosu", "SUB_CATEGORY": "Şehiriçi Trafo", "CATEGORY": "Enerji Üretim, Dağıtım", "PHONE": "", "FAX": "", "EMAIL": "", "WEB": "", "ID": 10061897 }, "geometry": { "type": "Point", "coordinates": [ 32.702474, 39.833346 ] } },
{ "type": "Feature", "properties": { "NAME": "Elektrik Trafosu", "SUB_CATEGORY": "Şehiriçi Trafo", "CATEGORY": "Enerji Üretim, Dağıtım", "PHONE": "", "FAX": "", "EMAIL": "", "WEB": "", "ID": 10058267 }, "geometry": { "type": "Point", "coordinates": [ 32.708802, 39.83492 ] } },
{ "type": "Feature", "properties": { "NAME": "Elektrik Trafosu", "SUB_CATEGORY": "Şehiriçi Trafo", "CATEGORY": "Enerji Üretim, Dağıtım", "PHONE": "", "FAX": "", "EMAIL": "", "WEB": "", "ID": 11212809 }, "geometry": { "type": "Point", "coordinates": [ 32.701237, 39.826625 ] } },
{ "type": "Feature", "properties": { "NAME": "Elektrik Trafosu", "SUB_CATEGORY": "Şehiriçi Trafo", "CATEGORY": "Enerji Üretim, Dağıtım", "PHONE": "", "FAX": "", "EMAIL": "", "WEB": "", "ID": 8058525 }, "geometry": { "type": "Point", "coordinates": [ 32.701171, 39.826962 ] } },
{ "type": "Feature", "properties": { "NAME": "Elektrik Trafosu", "SUB_CATEGORY": "Şehiriçi Trafo", "CATEGORY": "Enerji Üretim, Dağıtım", "PHONE": "", "FAX": "", "EMAIL": "", "WEB": "", "ID": 10061923 }, "geometry": { "type": "Point", "coordinates": [ 32.705762, 39.830144 ] } },
{ "type": "Feature", "properties": { "NAME": "Elektrik Trafosu", "SUB_CATEGORY": "Şehiriçi Trafo", "CATEGORY": "Enerji Üretim, Dağıtım", "PHONE": "", "FAX": "", "EMAIL": "", "WEB": "", "ID": 9427501 }, "geometry": { "type": "Point", "coordinates": [ 32.703206, 39.830802 ] } },
{ "type": "Feature", "properties": { "NAME": "Elektrik Trafosu", "SUB_CATEGORY": "Şehiriçi Trafo", "CATEGORY": "Enerji Üretim, Dağıtım", "PHONE": "", "FAX": "", "EMAIL": "", "WEB": "", "ID": 11212810 }, "geometry": { "type": "Point", "coordinates": [ 32.699572, 39.830668 ] } },
{ "type": "Feature", "properties": { "NAME": "Elektrik Trafosu", "SUB_CATEGORY": "Şehiriçi Trafo", "CATEGORY": "Enerji Üretim, Dağıtım", "PHONE": "", "FAX": "", "EMAIL": "", "WEB": "", "ID": 9431306 }, "geometry": { "type": "Point", "coordinates": [ 32.696441, 39.833575 ] } },
{ "type": "Feature", "properties": { "NAME": "Doğalgaz Trafosu", "SUB_CATEGORY": "Şehiriçi Trafo", "CATEGORY": "Enerji Üretim, Dağıtım", "PHONE": "", "FAX": "", "EMAIL": "", "WEB": "", "ID": 8058639 }, "geometry": { "type": "Point", "coordinates": [ 32.700823, 39.83533 ] } },
{ "type": "Feature", "properties": { "NAME": "Elektrik Trafosu", "SUB_CATEGORY": "Şehiriçi Trafo", "CATEGORY": "Enerji Üretim, Dağıtım", "PHONE": "", "FAX": "", "EMAIL": "", "WEB": "", "ID": 10065332 }, "geometry": { "type": "Point", "coordinates": [ 32.698982, 39.839838 ] } },
{ "type": "Feature", "properties": { "NAME": "Elektrik Trafosu", "SUB_CATEGORY": "Şehiriçi Trafo", "CATEGORY": "Enerji Üretim, Dağıtım", "PHONE": "", "FAX": "", "EMAIL": "", "WEB": "", "ID": 10490305 }, "geometry": { "type": "Point", "coordinates": [ 32.705056, 39.848159 ] } },
{ "type": "Feature", "properties": { "NAME": "Elektrik Trafosu", "SUB_CATEGORY": "Şehiriçi Trafo", "CATEGORY": "Enerji Üretim, Dağıtım", "PHONE": "", "FAX": "", "EMAIL": "", "WEB": "", "ID": 10061860 }, "geometry": { "type": "Point", "coordinates": [ 32.701376, 39.835545 ] } },
{ "type": "Feature", "properties": { "NAME": "Elektrik Trafosu", "SUB_CATEGORY": "Şehiriçi Trafo", "CATEGORY": "Enerji Üretim, Dağıtım", "PHONE": "", "FAX": "", "EMAIL": "", "WEB": "", "ID": 10064345 }, "geometry": { "type": "Point", "coordinates": [ 32.703523, 39.838188 ] } },
{ "type": "Feature", "properties": { "NAME": "Elektrik Trafosu", "SUB_CATEGORY": "Şehiriçi Trafo", "CATEGORY": "Enerji Üretim, Dağıtım", "PHONE": "", "FAX": "", "EMAIL": "", "WEB": "", "ID": 10062936 }, "geometry": { "type": "Point", "coordinates": [ 32.694419, 39.835879 ] } },
{ "type": "Feature", "properties": { "NAME": "Elektrik Trafosu", "SUB_CATEGORY": "Şehiriçi Trafo", "CATEGORY": "Enerji Üretim, Dağıtım", "PHONE": "", "FAX": "", "EMAIL": "", "WEB": "", "ID": 10063076 }, "geometry": { "type": "Point", "coordinates": [ 32.689443, 39.832016 ] } },
{ "type": "Feature", "properties": { "NAME": "Elektrik Trafosu", "SUB_CATEGORY": "Şehiriçi Trafo", "CATEGORY": "Enerji Üretim, Dağıtım", "PHONE": "", "FAX": "", "EMAIL": "", "WEB": "", "ID": 10063282 }, "geometry": { "type": "Point", "coordinates": [ 32.68864, 39.828789 ] } },
{ "type": "Feature", "properties": { "NAME": "Elektrik Trafosu", "SUB_CATEGORY": "Şehiriçi Trafo", "CATEGORY": "Enerji Üretim, Dağıtım", "PHONE": "", "FAX": "", "EMAIL": "", "WEB": "", "ID": 10063256 }, "geometry": { "type": "Point", "coordinates": [ 32.692294, 39.830748 ] } },
{ "type": "Feature", "properties": { "NAME": "Elektrik Trafosu", "SUB_CATEGORY": "Şehiriçi Trafo", "CATEGORY": "Enerji Üretim, Dağıtım", "PHONE": "", "FAX": "", "EMAIL": "", "WEB": "", "ID": 10065525 }, "geometry": { "type": "Point", "coordinates": [ 32.690528, 39.848061 ] } },
{ "type": "Feature", "properties": { "NAME": "Elektrik Trafosu", "SUB_CATEGORY": "Şehiriçi Trafo", "CATEGORY": "Enerji Üretim, Dağıtım", "PHONE": "", "FAX": "", "EMAIL": "", "WEB": "", "ID": 1201425 }, "geometry": { "type": "Point", "coordinates": [ 32.693799, 39.843417 ] } },
{ "type": "Feature", "properties": { "NAME": "Elektrik Trafosu", "SUB_CATEGORY": "Şehiriçi Trafo", "CATEGORY": "Enerji Üretim, Dağıtım", "PHONE": "", "FAX": "", "EMAIL": "", "WEB": "", "ID": 11213538 }, "geometry": { "type": "Point", "coordinates": [ 32.688515, 39.836359 ] } },
{ "type": "Feature", "properties": { "NAME": "Elektrik Trafosu", "SUB_CATEGORY": "Şehiriçi Trafo", "CATEGORY": "Enerji Üretim, Dağıtım", "PHONE": "", "FAX": "", "EMAIL": "", "WEB": "", "ID": 10064079 }, "geometry": { "type": "Point", "coordinates": [ 32.689719, 39.834873 ] } },
{ "type": "Feature", "properties": { "NAME": "Elektrik Trafosu", "SUB_CATEGORY": "Şehiriçi Trafo", "CATEGORY": "Enerji Üretim, Dağıtım", "PHONE": "", "FAX": "", "EMAIL": "", "WEB": "", "ID": 10064948 }, "geometry": { "type": "Point", "coordinates": [ 32.693392, 39.839373 ] } },
{ "type": "Feature", "properties": { "NAME": "Direk ÜStü Elektrik Trafosu", "SUB_CATEGORY": "Şehiriçi Trafo", "CATEGORY": "Enerji Üretim, Dağıtım", "PHONE": "", "FAX": "", "EMAIL": "", "WEB": "", "ID": 11213711 }, "geometry": { "type": "Point", "coordinates": [ 32.674713, 39.84806 ] } },
{ "type": "Feature", "properties": { "NAME": "Elektrik Trafosu", "SUB_CATEGORY": "Şehiriçi Trafo", "CATEGORY": "Enerji Üretim, Dağıtım", "PHONE": "", "FAX": "", "EMAIL": "", "WEB": "", "ID": 10063823 }, "geometry": { "type": "Point", "coordinates": [ 32.684677, 39.841855 ] } },
{ "type": "Feature", "properties": { "NAME": "Elektrik Trafosu", "SUB_CATEGORY": "Şehiriçi Trafo", "CATEGORY": "Enerji Üretim, Dağıtım", "PHONE": "", "FAX": "", "EMAIL": "", "WEB": "", "ID": 1927278 }, "geometry": { "type": "Point", "coordinates": [ 32.664542, 39.82871 ] } },
{ "type": "Feature", "properties": { "NAME": "Elektrik Trafosu", "SUB_CATEGORY": "Şehiriçi Trafo", "CATEGORY": "Enerji Üretim, Dağıtım", "PHONE": "", "FAX": "", "EMAIL": "", "WEB": "", "ID": 1200933 }, "geometry": { "type": "Point", "coordinates": [ 32.664617, 39.829854 ] } },
{ "type": "Feature", "properties": { "NAME": "Elektrik Trafosu", "SUB_CATEGORY": "Şehiriçi Trafo", "CATEGORY": "Enerji Üretim, Dağıtım", "PHONE": "", "FAX": "", "EMAIL": "", "WEB": "", "ID": 11214080 }, "geometry": { "type": "Point", "coordinates": [ 32.664607, 39.831197 ] } },
{ "type": "Feature", "properties": { "NAME": "Elektrik Trafosu", "SUB_CATEGORY": "Şehiriçi Trafo", "CATEGORY": "Enerji Üretim, Dağıtım", "PHONE": "", "FAX": "", "EMAIL": "", "WEB": "", "ID": 10465771 }, "geometry": { "type": "Point", "coordinates": [ 32.66193, 39.834629 ] } },
{ "type": "Feature", "properties": { "NAME": "Elektrik Trafosu", "SUB_CATEGORY": "Şehiriçi Trafo", "CATEGORY": "Enerji Üretim, Dağıtım", "PHONE": "", "FAX": "", "EMAIL": "", "WEB": "", "ID": 8073446 }, "geometry": { "type": "Point", "coordinates": [ 32.667146, 39.84018 ] } },
{ "type": "Feature", "properties": { "NAME": "Direk ÜStü Elektrik Trafosu", "SUB_CATEGORY": "Şehiriçi Trafo", "CATEGORY": "Enerji Üretim, Dağıtım", "PHONE": "", "FAX": "", "EMAIL": "", "WEB": "", "ID": 11214287 }, "geometry": { "type": "Point", "coordinates": [ 32.66819, 39.839635 ] } },
{ "type": "Feature", "properties": { "NAME": "Direk Üstü Elektrik Trafosu", "SUB_CATEGORY": "Şehiriçi Trafo", "CATEGORY": "Enerji Üretim, Dağıtım", "PHONE": "", "FAX": "", "EMAIL": "", "WEB": "", "ID": 10470090 }, "geometry": { "type": "Point", "coordinates": [ 32.661834, 39.805448 ] } },
{ "type": "Feature", "properties": { "NAME": "Direk Üstü Elektrik Trafosu", "SUB_CATEGORY": "Şehiriçi Trafo", "CATEGORY": "Enerji Üretim, Dağıtım", "PHONE": "", "FAX": "", "EMAIL": "", "WEB": "", "ID": 10470092 }, "geometry": { "type": "Point", "coordinates": [ 32.658472, 39.813534 ] } },
{ "type": "Feature", "properties": { "NAME": "Direk Üstü Elektrik Trafosu", "SUB_CATEGORY": "Şehiriçi Trafo", "CATEGORY": "Enerji Üretim, Dağıtım", "PHONE": "", "FAX": "", "EMAIL": "", "WEB": "", "ID": 10470089 }, "geometry": { "type": "Point", "coordinates": [ 32.654893, 39.815877 ] } },
{ "type": "Feature", "properties": { "NAME": "Direk Üstü Elektrik Trafosu", "SUB_CATEGORY": "Şehiriçi Trafo", "CATEGORY": "Enerji Üretim, Dağıtım", "PHONE": "", "FAX": "", "EMAIL": "", "WEB": "", "ID": 10470078 }, "geometry": { "type": "Point", "coordinates": [ 32.653406, 39.820558 ] } },
{ "type": "Feature", "properties": { "NAME": "Elektrik Trafosu", "SUB_CATEGORY": "Şehiriçi Trafo", "CATEGORY": "Enerji Üretim, Dağıtım", "PHONE": "", "FAX": "", "EMAIL": "", "WEB": "", "ID": 1927266 }, "geometry": { "type": "Point", "coordinates": [ 32.661391, 39.82322 ] } },
{ "type": "Feature", "properties": { "NAME": "Elektrik Trafosu", "SUB_CATEGORY": "Şehiriçi Trafo", "CATEGORY": "Enerji Üretim, Dağıtım", "PHONE": "", "FAX": "", "EMAIL": "", "WEB": "", "ID": 2989373 }, "geometry": { "type": "Point", "coordinates": [ 32.658193, 39.823593 ] } },
{ "type": "Feature", "properties": { "NAME": "Elektrik Trafosu", "SUB_CATEGORY": "Şehiriçi Trafo", "CATEGORY": "Enerji Üretim, Dağıtım", "PHONE": "", "FAX": "", "EMAIL": "", "WEB": "", "ID": 1200945 }, "geometry": { "type": "Point", "coordinates": [ 32.653932, 39.823646 ] } },
{ "type": "Feature", "properties": { "NAME": "Elektrik Trafosu", "SUB_CATEGORY": "Şehiriçi Trafo", "CATEGORY": "Enerji Üretim, Dağıtım", "PHONE": "", "FAX": "", "EMAIL": "", "WEB": "", "ID": 10467497 }, "geometry": { "type": "Point", "coordinates": [ 32.664447, 39.824573 ] } },
{ "type": "Feature", "properties": { "NAME": "Elektrik Trafosu", "SUB_CATEGORY": "Şehiriçi Trafo", "CATEGORY": "Enerji Üretim, Dağıtım", "PHONE": "", "FAX": "", "EMAIL": "", "WEB": "", "ID": 1200944 }, "geometry": { "type": "Point", "coordinates": [ 32.65659, 39.825204 ] } },
{ "type": "Feature", "properties": { "NAME": "Elektrik Trafosu", "SUB_CATEGORY": "Şehiriçi Trafo", "CATEGORY": "Enerji Üretim, Dağıtım", "PHONE": "", "FAX": "", "EMAIL": "", "WEB": "", "ID": 10471145 }, "geometry": { "type": "Point", "coordinates": [ 32.661155, 39.82529 ] } },
{ "type": "Feature", "properties": { "NAME": "Elektrik Trafosu", "SUB_CATEGORY": "Şehiriçi Trafo", "CATEGORY": "Enerji Üretim, Dağıtım", "PHONE": "", "FAX": "", "EMAIL": "", "WEB": "", "ID": 9427850 }, "geometry": { "type": "Point", "coordinates": [ 32.658489, 39.829347 ] } },
{ "type": "Feature", "properties": { "NAME": "Direküstü Elektrik Trafosu", "SUB_CATEGORY": "Şehiriçi Trafo", "CATEGORY": "Enerji Üretim, Dağıtım", "PHONE": "", "FAX": "", "EMAIL": "", "WEB": "", "ID": 11575971 }, "geometry": { "type": "Point", "coordinates": [ 32.646874, 39.829995 ] } },
{ "type": "Feature", "properties": { "NAME": "Elektrik Trafosu", "SUB_CATEGORY": "Şehiriçi Trafo", "CATEGORY": "Enerji Üretim, Dağıtım", "PHONE": "", "FAX": "", "EMAIL": "", "WEB": "", "ID": 10465933 }, "geometry": { "type": "Point", "coordinates": [ 32.658499, 39.830852 ] } },
{ "type": "Feature", "properties": { "NAME": "Elektrik Trafosu", "SUB_CATEGORY": "Şehiriçi Trafo", "CATEGORY": "Enerji Üretim, Dağıtım", "PHONE": "", "FAX": "", "EMAIL": "", "WEB": "", "ID": 1200928 }, "geometry": { "type": "Point", "coordinates": [ 32.658552, 39.832686 ] } },
{ "type": "Feature", "properties": { "NAME": "Elektrik Trafosu", "SUB_CATEGORY": "Şehiriçi Trafo", "CATEGORY": "Enerji Üretim, Dağıtım", "PHONE": "", "FAX": "", "EMAIL": "", "WEB": "", "ID": 1927225 }, "geometry": { "type": "Point", "coordinates": [ 32.652874, 39.833532 ] } },
{ "type": "Feature", "properties": { "NAME": "Elektrik Trafosu", "SUB_CATEGORY": "Şehiriçi Trafo", "CATEGORY": "Enerji Üretim, Dağıtım", "PHONE": "", "FAX": "", "EMAIL": "", "WEB": "", "ID": 1200913 }, "geometry": { "type": "Point", "coordinates": [ 32.660632, 39.83473 ] } },
{ "type": "Feature", "properties": { "NAME": "Elektrik Trafosu", "SUB_CATEGORY": "Şehiriçi Trafo", "CATEGORY": "Enerji Üretim, Dağıtım", "PHONE": "", "FAX": "", "EMAIL": "", "WEB": "", "ID": 2989383 }, "geometry": { "type": "Point", "coordinates": [ 32.658942, 39.836628 ] } },
{ "type": "Feature", "properties": { "NAME": "Elektrik Trafosu", "SUB_CATEGORY": "Şehiriçi Trafo", "CATEGORY": "Enerji Üretim, Dağıtım", "PHONE": "", "FAX": "", "EMAIL": "", "WEB": "", "ID": 10456800 }, "geometry": { "type": "Point", "coordinates": [ 32.652041, 39.847745 ] } },
{ "type": "Feature", "properties": { "NAME": "Elektrik Trafosu", "SUB_CATEGORY": "Şehiriçi Trafo", "CATEGORY": "Enerji Üretim, Dağıtım", "PHONE": "", "FAX": "", "EMAIL": "", "WEB": "", "ID": 10463993 }, "geometry": { "type": "Point", "coordinates": [ 32.656562, 39.84013 ] } },
{ "type": "Feature", "properties": { "NAME": "Elektrik Trafosu", "SUB_CATEGORY": "Şehiriçi Trafo", "CATEGORY": "Enerji Üretim, Dağıtım", "PHONE": "", "FAX": "", "EMAIL": "", "WEB": "", "ID": 1200892 }, "geometry": { "type": "Point", "coordinates": [ 32.660955, 39.846749 ] } },
{ "type": "Feature", "properties": { "NAME": "Elektrik Trafosu", "SUB_CATEGORY": "Şehiriçi Trafo", "CATEGORY": "Enerji Üretim, Dağıtım", "PHONE": "", "FAX": "", "EMAIL": "", "WEB": "", "ID": 11212553 }, "geometry": { "type": "Point", "coordinates": [ 32.662886, 39.848122 ] } },
{ "type": "Feature", "properties": { "NAME": "Elektrik Trafosu", "SUB_CATEGORY": "Şehiriçi Trafo", "CATEGORY": "Enerji Üretim, Dağıtım", "PHONE": "", "FAX": "", "EMAIL": "", "WEB": "", "ID": 9432237 }, "geometry": { "type": "Point", "coordinates": [ 32.659853, 39.840693 ] } },
{ "type": "Feature", "properties": { "NAME": "Elektrik Trafosu", "SUB_CATEGORY": "Şehiriçi Trafo", "CATEGORY": "Enerji Üretim, Dağıtım", "PHONE": "", "FAX": "", "EMAIL": "", "WEB": "", "ID": 9427659 }, "geometry": { "type": "Point", "coordinates": [ 32.648019, 39.834785 ] } },
{ "type": "Feature", "properties": { "NAME": "Elektrik Trafosu", "SUB_CATEGORY": "Şehiriçi Trafo", "CATEGORY": "Enerji Üretim, Dağıtım", "PHONE": "", "FAX": "", "EMAIL": "", "WEB": "", "ID": 10464330 }, "geometry": { "type": "Point", "coordinates": [ 32.650755, 39.83886 ] } },
{ "type": "Feature", "properties": { "NAME": "Elektrik Trafosu", "SUB_CATEGORY": "Şehiriçi Trafo", "CATEGORY": "Enerji Üretim, Dağıtım", "PHONE": "", "FAX": "", "EMAIL": "", "WEB": "", "ID": 10465155 }, "geometry": { "type": "Point", "coordinates": [ 32.644373, 39.839623 ] } },
{ "type": "Feature", "properties": { "NAME": "Elektrik Trafosu", "SUB_CATEGORY": "Şehiriçi Trafo", "CATEGORY": "Enerji Üretim, Dağıtım", "PHONE": "", "FAX": "", "EMAIL": "", "WEB": "", "ID": 10465164 }, "geometry": { "type": "Point", "coordinates": [ 32.648453, 39.841125 ] } },
{ "type": "Feature", "properties": { "NAME": "Elektrik Trafosu", "SUB_CATEGORY": "Şehiriçi Trafo", "CATEGORY": "Enerji Üretim, Dağıtım", "PHONE": "", "FAX": "", "EMAIL": "", "WEB": "", "ID": 10463459 }, "geometry": { "type": "Point", "coordinates": [ 32.645542, 39.846227 ] } },
{ "type": "Feature", "properties": { "NAME": "Elektrik Trafosu", "SUB_CATEGORY": "Şehiriçi Trafo", "CATEGORY": "Enerji Üretim, Dağıtım", "PHONE": "", "FAX": "", "EMAIL": "", "WEB": "", "ID": 10490370 }, "geometry": { "type": "Point", "coordinates": [ 32.70707, 39.852666 ] } },
{ "type": "Feature", "properties": { "NAME": "Elektrik Trafosu", "SUB_CATEGORY": "Şehiriçi Trafo", "CATEGORY": "Enerji Üretim, Dağıtım", "PHONE": "", "FAX": "", "EMAIL": "", "WEB": "", "ID": 2463502 }, "geometry": { "type": "Point", "coordinates": [ 32.710115, 39.848528 ] } },
{ "type": "Feature", "properties": { "NAME": "Elektrik Trafosu", "SUB_CATEGORY": "Şehiriçi Trafo", "CATEGORY": "Enerji Üretim, Dağıtım", "PHONE": "", "FAX": "", "EMAIL": "", "WEB": "", "ID": 10491567 }, "geometry": { "type": "Point", "coordinates": [ 32.711294, 39.850594 ] } },
{ "type": "Feature", "properties": { "NAME": "Elektrik Trafosu", "SUB_CATEGORY": "Şehiriçi Trafo", "CATEGORY": "Enerji Üretim, Dağıtım", "PHONE": "", "FAX": "", "EMAIL": "", "WEB": "", "ID": 9427589 }, "geometry": { "type": "Point", "coordinates": [ 32.700133, 39.85752 ] } },
{ "type": "Feature", "properties": { "NAME": "Elektrik Trafosu", "SUB_CATEGORY": "Şehiriçi Trafo", "CATEGORY": "Enerji Üretim, Dağıtım", "PHONE": "", "FAX": "", "EMAIL": "", "WEB": "", "ID": 9427610 }, "geometry": { "type": "Point", "coordinates": [ 32.702566, 39.856291 ] } },
{ "type": "Feature", "properties": { "NAME": "Elektrik Trafosu", "SUB_CATEGORY": "Şehiriçi Trafo", "CATEGORY": "Enerji Üretim, Dağıtım", "PHONE": "", "FAX": "", "EMAIL": "", "WEB": "", "ID": 3029570 }, "geometry": { "type": "Point", "coordinates": [ 32.691486, 39.85997 ] } },
{ "type": "Feature", "properties": { "NAME": "Elektrik Trafosu", "SUB_CATEGORY": "Şehiriçi Trafo", "CATEGORY": "Enerji Üretim, Dağıtım", "PHONE": "", "FAX": "", "EMAIL": "", "WEB": "", "ID": 10466051 }, "geometry": { "type": "Point", "coordinates": [ 32.692022, 39.855595 ] } },
{ "type": "Feature", "properties": { "NAME": "Elektrik Trafosu", "SUB_CATEGORY": "Şehiriçi Trafo", "CATEGORY": "Enerji Üretim, Dağıtım", "PHONE": "", "FAX": "", "EMAIL": "", "WEB": "", "ID": 9433053 }, "geometry": { "type": "Point", "coordinates": [ 32.689193, 39.856147 ] } },
{ "type": "Feature", "properties": { "NAME": "Elektrik Trafosu", "SUB_CATEGORY": "Şehiriçi Trafo", "CATEGORY": "Enerji Üretim, Dağıtım", "PHONE": "", "FAX": "", "EMAIL": "", "WEB": "", "ID": 1201718 }, "geometry": { "type": "Point", "coordinates": [ 32.685452, 39.851923 ] } },
{ "type": "Feature", "properties": { "NAME": "Elektrik Trafosu", "SUB_CATEGORY": "Şehiriçi Trafo", "CATEGORY": "Enerji Üretim, Dağıtım", "PHONE": "", "FAX": "", "EMAIL": "", "WEB": "", "ID": 10466007 }, "geometry": { "type": "Point", "coordinates": [ 32.69103, 39.862935 ] } },
{ "type": "Feature", "properties": { "NAME": "Elektrik Trafosu", "SUB_CATEGORY": "Şehiriçi Trafo", "CATEGORY": "Enerji Üretim, Dağıtım", "PHONE": "", "FAX": "", "EMAIL": "", "WEB": "", "ID": 10455364 }, "geometry": { "type": "Point", "coordinates": [ 32.679892, 39.854003 ] } },
{ "type": "Feature", "properties": { "NAME": "Elektrik Trafosu", "SUB_CATEGORY": "Şehiriçi Trafo", "CATEGORY": "Enerji Üretim, Dağıtım", "PHONE": "", "FAX": "", "EMAIL": "", "WEB": "", "ID": 8058584 }, "geometry": { "type": "Point", "coordinates": [ 32.684735, 39.854502 ] } },
{ "type": "Feature", "properties": { "NAME": "Elektrik Trafosu", "SUB_CATEGORY": "Şehiriçi Trafo", "CATEGORY": "Enerji Üretim, Dağıtım", "PHONE": "", "FAX": "", "EMAIL": "", "WEB": "", "ID": 10455502 }, "geometry": { "type": "Point", "coordinates": [ 32.681508, 39.848174 ] } },
{ "type": "Feature", "properties": { "NAME": "Elektrik Trafosu", "SUB_CATEGORY": "Şehiriçi Trafo", "CATEGORY": "Enerji Üretim, Dağıtım", "PHONE": "", "FAX": "", "EMAIL": "", "WEB": "", "ID": 11213289 }, "geometry": { "type": "Point", "coordinates": [ 32.684451, 39.86676 ] } },
{ "type": "Feature", "properties": { "NAME": "Elektrik Trafosu", "SUB_CATEGORY": "Şehiriçi Trafo", "CATEGORY": "Enerji Üretim, Dağıtım", "PHONE": "", "FAX": "", "EMAIL": "", "WEB": "", "ID": 8058589 }, "geometry": { "type": "Point", "coordinates": [ 32.679285, 39.85765 ] } },
{ "type": "Feature", "properties": { "NAME": "Elektrik Trafosu", "SUB_CATEGORY": "Şehiriçi Trafo", "CATEGORY": "Enerji Üretim, Dağıtım", "PHONE": "", "FAX": "", "EMAIL": "", "WEB": "", "ID": 9433276 }, "geometry": { "type": "Point", "coordinates": [ 32.681652, 39.858371 ] } },
{ "type": "Feature", "properties": { "NAME": "Elektrik Trafosu", "SUB_CATEGORY": "Şehiriçi Trafo", "CATEGORY": "Enerji Üretim, Dağıtım", "PHONE": "", "FAX": "", "EMAIL": "", "WEB": "", "ID": 10460956 }, "geometry": { "type": "Point", "coordinates": [ 32.681962, 39.864186 ] } },
{ "type": "Feature", "properties": { "NAME": "Elektrik Trafosu", "SUB_CATEGORY": "Şehiriçi Trafo", "CATEGORY": "Enerji Üretim, Dağıtım", "PHONE": "", "FAX": "", "EMAIL": "", "WEB": "", "ID": 9433241 }, "geometry": { "type": "Point", "coordinates": [ 32.68373, 39.861169 ] } },
{ "type": "Feature", "properties": { "NAME": "Elektrik Trafosu", "SUB_CATEGORY": "Şehiriçi Trafo", "CATEGORY": "Enerji Üretim, Dağıtım", "PHONE": "", "FAX": "", "EMAIL": "", "WEB": "", "ID": 10460915 }, "geometry": { "type": "Point", "coordinates": [ 32.679871, 39.863851 ] } },
{ "type": "Feature", "properties": { "NAME": "Elektrik Trafosu", "SUB_CATEGORY": "Şehiriçi Trafo", "CATEGORY": "Enerji Üretim, Dağıtım", "PHONE": "", "FAX": "", "EMAIL": "", "WEB": "", "ID": 8058599 }, "geometry": { "type": "Point", "coordinates": [ 32.679383, 39.860861 ] } },
{ "type": "Feature", "properties": { "NAME": "Elektrik Trafosu", "SUB_CATEGORY": "Şehiriçi Trafo", "CATEGORY": "Enerji Üretim, Dağıtım", "PHONE": "", "FAX": "", "EMAIL": "", "WEB": "", "ID": 10464753 }, "geometry": { "type": "Point", "coordinates": [ 32.679733, 39.859778 ] } },
{ "type": "Feature", "properties": { "NAME": "Elektrik Trafosu", "SUB_CATEGORY": "Şehiriçi Trafo", "CATEGORY": "Enerji Üretim, Dağıtım", "PHONE": "", "FAX": "", "EMAIL": "", "WEB": "", "ID": 9874259 }, "geometry": { "type": "Point", "coordinates": [ 32.684762, 39.870491 ] } },
{ "type": "Feature", "properties": { "NAME": "Elektrik Trafosu", "SUB_CATEGORY": "Şehiriçi Trafo", "CATEGORY": "Enerji Üretim, Dağıtım", "PHONE": "", "FAX": "", "EMAIL": "", "WEB": "", "ID": 10457465 }, "geometry": { "type": "Point", "coordinates": [ 32.684623, 39.869546 ] } },
{ "type": "Feature", "properties": { "NAME": "Elektrik Trafosu", "SUB_CATEGORY": "Şehiriçi Trafo", "CATEGORY": "Enerji Üretim, Dağıtım", "PHONE": "", "FAX": "", "EMAIL": "", "WEB": "", "ID": 10454635 }, "geometry": { "type": "Point", "coordinates": [ 32.681905, 39.873584 ] } },
{ "type": "Feature", "properties": { "NAME": "Elektrik Trafosu", "SUB_CATEGORY": "Şehiriçi Trafo", "CATEGORY": "Enerji Üretim, Dağıtım", "PHONE": "", "FAX": "", "EMAIL": "", "WEB": "", "ID": 10457589 }, "geometry": { "type": "Point", "coordinates": [ 32.681282, 39.867508 ] } },
{ "type": "Feature", "properties": { "NAME": "Elektrik Trafosu", "SUB_CATEGORY": "Şehiriçi Trafo", "CATEGORY": "Enerji Üretim, Dağıtım", "PHONE": "", "FAX": "", "EMAIL": "", "WEB": "", "ID": 1481585 }, "geometry": { "type": "Point", "coordinates": [ 32.67255, 39.857994 ] } },
{ "type": "Feature", "properties": { "NAME": "Elektrik Trafosu", "SUB_CATEGORY": "Şehiriçi Trafo", "CATEGORY": "Enerji Üretim, Dağıtım", "PHONE": "", "FAX": "", "EMAIL": "", "WEB": "", "ID": 8073552 }, "geometry": { "type": "Point", "coordinates": [ 32.675184, 39.860212 ] } },
{ "type": "Feature", "properties": { "NAME": "Elektrik Trafosu", "SUB_CATEGORY": "Şehiriçi Trafo", "CATEGORY": "Enerji Üretim, Dağıtım", "PHONE": "", "FAX": "", "EMAIL": "", "WEB": "", "ID": 10457677 }, "geometry": { "type": "Point", "coordinates": [ 32.676435, 39.85939 ] } },
{ "type": "Feature", "properties": { "NAME": "Elektrik Trafosu", "SUB_CATEGORY": "Şehiriçi Trafo", "CATEGORY": "Enerji Üretim, Dağıtım", "PHONE": "", "FAX": "", "EMAIL": "", "WEB": "", "ID": 8073566 }, "geometry": { "type": "Point", "coordinates": [ 32.677221, 39.866257 ] } },
{ "type": "Feature", "properties": { "NAME": "Elektrik Trafosu", "SUB_CATEGORY": "Şehiriçi Trafo", "CATEGORY": "Enerji Üretim, Dağıtım", "PHONE": "", "FAX": "", "EMAIL": "", "WEB": "", "ID": 9431876 }, "geometry": { "type": "Point", "coordinates": [ 32.67, 39.85113 ] } },
{ "type": "Feature", "properties": { "NAME": "Elektrik Trafosu", "SUB_CATEGORY": "Şehiriçi Trafo", "CATEGORY": "Enerji Üretim, Dağıtım", "PHONE": "", "FAX": "", "EMAIL": "", "WEB": "", "ID": 1481594 }, "geometry": { "type": "Point", "coordinates": [ 32.672032, 39.854486 ] } },
{ "type": "Feature", "properties": { "NAME": "Direk ÜStü Elektrik Trafosu", "SUB_CATEGORY": "Şehiriçi Trafo", "CATEGORY": "Enerji Üretim, Dağıtım", "PHONE": "", "FAX": "", "EMAIL": "", "WEB": "", "ID": 11213766 }, "geometry": { "type": "Point", "coordinates": [ 32.674663, 39.850477 ] } },
{ "type": "Feature", "properties": { "NAME": "Elektrik Trafosu", "SUB_CATEGORY": "Şehiriçi Trafo", "CATEGORY": "Enerji Üretim, Dağıtım", "PHONE": "", "FAX": "", "EMAIL": "", "WEB": "", "ID": 9873658 }, "geometry": { "type": "Point", "coordinates": [ 32.676038, 39.86391 ] } },
{ "type": "Feature", "properties": { "NAME": "Elektrik Trafosu", "SUB_CATEGORY": "Şehiriçi Trafo", "CATEGORY": "Enerji Üretim, Dağıtım", "PHONE": "", "FAX": "", "EMAIL": "", "WEB": "", "ID": 1201064 }, "geometry": { "type": "Point", "coordinates": [ 32.667058, 39.858893 ] } },
{ "type": "Feature", "properties": { "NAME": "Elektrik Trafosu", "SUB_CATEGORY": "Şehiriçi Trafo", "CATEGORY": "Enerji Üretim, Dağıtım", "PHONE": "", "FAX": "", "EMAIL": "", "WEB": "", "ID": 1937552 }, "geometry": { "type": "Point", "coordinates": [ 32.669713, 39.860399 ] } },
{ "type": "Feature", "properties": { "NAME": "Elektrik Trafosu", "SUB_CATEGORY": "Şehiriçi Trafo", "CATEGORY": "Enerji Üretim, Dağıtım", "PHONE": "", "FAX": "", "EMAIL": "", "WEB": "", "ID": 9432506 }, "geometry": { "type": "Point", "coordinates": [ 32.66364, 39.853653 ] } },
{ "type": "Feature", "properties": { "NAME": "Elektrik Trafosu", "SUB_CATEGORY": "Şehiriçi Trafo", "CATEGORY": "Enerji Üretim, Dağıtım", "PHONE": "", "FAX": "", "EMAIL": "", "WEB": "", "ID": 10457477 }, "geometry": { "type": "Point", "coordinates": [ 32.663429, 39.848614 ] } },
{ "type": "Feature", "properties": { "NAME": "Elektrik Trafosu", "SUB_CATEGORY": "Şehiriçi Trafo", "CATEGORY": "Enerji Üretim, Dağıtım", "PHONE": "", "FAX": "", "EMAIL": "", "WEB": "", "ID": 1481574 }, "geometry": { "type": "Point", "coordinates": [ 32.667681, 39.850606 ] } },
{ "type": "Feature", "properties": { "NAME": "Yüksek Gerilim Hattı", "SUB_CATEGORY": "Enerji Üretim, Dağıtım/Diğer", "CATEGORY": "Enerji Üretim, Dağıtım", "PHONE": "", "FAX": "", "EMAIL": "", "WEB": "", "ID": 9432765 }, "geometry": { "type": "Point", "coordinates": [ 32.673135, 39.859341 ] } },
{ "type": "Feature", "properties": { "NAME": "Elektrik Trafosu", "SUB_CATEGORY": "Şehiriçi Trafo", "CATEGORY": "Enerji Üretim, Dağıtım", "PHONE": "", "FAX": "", "EMAIL": "", "WEB": "", "ID": 10471900 }, "geometry": { "type": "Point", "coordinates": [ 32.669339, 39.863366 ] } },
{ "type": "Feature", "properties": { "NAME": "Elektrik Trafosu", "SUB_CATEGORY": "Şehiriçi Trafo", "CATEGORY": "Enerji Üretim, Dağıtım", "PHONE": "", "FAX": "", "EMAIL": "", "WEB": "", "ID": 10454355 }, "geometry": { "type": "Point", "coordinates": [ 32.673278, 39.874155 ] } },
{ "type": "Feature", "properties": { "NAME": "Elektrik Trafosu", "SUB_CATEGORY": "Şehiriçi Trafo", "CATEGORY": "Enerji Üretim, Dağıtım", "PHONE": "", "FAX": "", "EMAIL": "", "WEB": "", "ID": 580592 }, "geometry": { "type": "Point", "coordinates": [ 32.679028, 39.875202 ] } },
{ "type": "Feature", "properties": { "NAME": "Elektrik Trafosu", "SUB_CATEGORY": "Şehiriçi Trafo", "CATEGORY": "Enerji Üretim, Dağıtım", "PHONE": "", "FAX": "", "EMAIL": "", "WEB": "", "ID": 580587 }, "geometry": { "type": "Point", "coordinates": [ 32.67592, 39.87554 ] } },
{ "type": "Feature", "properties": { "NAME": "Elektrik Trafosu", "SUB_CATEGORY": "Şehiriçi Trafo", "CATEGORY": "Enerji Üretim, Dağıtım", "PHONE": "", "FAX": "", "EMAIL": "", "WEB": "", "ID": 10455546 }, "geometry": { "type": "Point", "coordinates": [ 32.675363, 39.876403 ] } },
{ "type": "Feature", "properties": { "NAME": "Elektrik Trafosu", "SUB_CATEGORY": "Şehiriçi Trafo", "CATEGORY": "Enerji Üretim, Dağıtım", "PHONE": "", "FAX": "", "EMAIL": "", "WEB": "", "ID": 580588 }, "geometry": { "type": "Point", "coordinates": [ 32.677127, 39.876553 ] } },
{ "type": "Feature", "properties": { "NAME": "Elektrik Trafosu", "SUB_CATEGORY": "Şehiriçi Trafo", "CATEGORY": "Enerji Üretim, Dağıtım", "PHONE": "", "FAX": "", "EMAIL": "", "WEB": "", "ID": 1200781 }, "geometry": { "type": "Point", "coordinates": [ 32.673917, 39.876744 ] } },
{ "type": "Feature", "properties": { "NAME": "Elektrik Trafosu", "SUB_CATEGORY": "Şehiriçi Trafo", "CATEGORY": "Enerji Üretim, Dağıtım", "PHONE": "", "FAX": "", "EMAIL": "", "WEB": "", "ID": 1200821 }, "geometry": { "type": "Point", "coordinates": [ 32.670496, 39.873774 ] } },
{ "type": "Feature", "properties": { "NAME": "Elektrik Trafosu", "SUB_CATEGORY": "Şehiriçi Trafo", "CATEGORY": "Enerji Üretim, Dağıtım", "PHONE": "", "FAX": "", "EMAIL": "", "WEB": "", "ID": 1937548 }, "geometry": { "type": "Point", "coordinates": [ 32.663709, 39.861263 ] } },
{ "type": "Feature", "properties": { "NAME": "Elektrik Trafosu", "SUB_CATEGORY": "Şehiriçi Trafo", "CATEGORY": "Enerji Üretim, Dağıtım", "PHONE": "", "FAX": "", "EMAIL": "", "WEB": "", "ID": 11212626 }, "geometry": { "type": "Point", "coordinates": [ 32.67074, 39.856745 ] } },
{ "type": "Feature", "properties": { "NAME": "Elektrik Trafosu", "SUB_CATEGORY": "Şehiriçi Trafo", "CATEGORY": "Enerji Üretim, Dağıtım", "PHONE": "", "FAX": "", "EMAIL": "", "WEB": "", "ID": 10457663 }, "geometry": { "type": "Point", "coordinates": [ 32.668164, 39.854882 ] } },
{ "type": "Feature", "properties": { "NAME": "Elektrik Trafosu", "SUB_CATEGORY": "Şehiriçi Trafo", "CATEGORY": "Enerji Üretim, Dağıtım", "PHONE": "", "FAX": "", "EMAIL": "", "WEB": "", "ID": 9432575 }, "geometry": { "type": "Point", "coordinates": [ 32.662647, 39.855497 ] } },
{ "type": "Feature", "properties": { "NAME": "Elektrik Trafosu", "SUB_CATEGORY": "Şehiriçi Trafo", "CATEGORY": "Enerji Üretim, Dağıtım", "PHONE": "", "FAX": "", "EMAIL": "", "WEB": "", "ID": 580767 }, "geometry": { "type": "Point", "coordinates": [ 32.673148, 39.879305 ] } },
{ "type": "Feature", "properties": { "NAME": "Elektrik Trafosu", "SUB_CATEGORY": "Şehiriçi Trafo", "CATEGORY": "Enerji Üretim, Dağıtım", "PHONE": "", "FAX": "", "EMAIL": "", "WEB": "", "ID": 3029531 }, "geometry": { "type": "Point", "coordinates": [ 32.670939, 39.877017 ] } },
{ "type": "Feature", "properties": { "NAME": "Elektrik Trafosu", "SUB_CATEGORY": "Şehiriçi Trafo", "CATEGORY": "Enerji Üretim, Dağıtım", "PHONE": "", "FAX": "", "EMAIL": "", "WEB": "", "ID": 10454083 }, "geometry": { "type": "Point", "coordinates": [ 32.672621, 39.874946 ] } },
{ "type": "Feature", "properties": { "NAME": "Elektrik Trafosu", "SUB_CATEGORY": "Şehiriçi Trafo", "CATEGORY": "Enerji Üretim, Dağıtım", "PHONE": "", "FAX": "", "EMAIL": "", "WEB": "", "ID": 1481572 }, "geometry": { "type": "Point", "coordinates": [ 32.659149, 39.853183 ] } },
{ "type": "Feature", "properties": { "NAME": "Elektrik Trafosu", "SUB_CATEGORY": "Şehiriçi Trafo", "CATEGORY": "Enerji Üretim, Dağıtım", "PHONE": "", "FAX": "", "EMAIL": "", "WEB": "", "ID": 1927154 }, "geometry": { "type": "Point", "coordinates": [ 32.668255, 39.872629 ] } },
{ "type": "Feature", "properties": { "NAME": "Elektrik Trafosu", "SUB_CATEGORY": "Şehiriçi Trafo", "CATEGORY": "Enerji Üretim, Dağıtım", "PHONE": "", "FAX": "", "EMAIL": "", "WEB": "", "ID": 10458215 }, "geometry": { "type": "Point", "coordinates": [ 32.667379, 39.870596 ] } },
{ "type": "Feature", "properties": { "NAME": "Elektrik Trafosu", "SUB_CATEGORY": "Şehiriçi Trafo", "CATEGORY": "Enerji Üretim, Dağıtım", "PHONE": "", "FAX": "", "EMAIL": "", "WEB": "", "ID": 10457418 }, "geometry": { "type": "Point", "coordinates": [ 32.66508, 39.87101 ] } },
{ "type": "Feature", "properties": { "NAME": "Elektrik Trafosu", "SUB_CATEGORY": "Şehiriçi Trafo", "CATEGORY": "Enerji Üretim, Dağıtım", "PHONE": "", "FAX": "", "EMAIL": "", "WEB": "", "ID": 1423071 }, "geometry": { "type": "Point", "coordinates": [ 32.668074, 39.880223 ] } },
{ "type": "Feature", "properties": { "NAME": "Elektrik Trafosu", "SUB_CATEGORY": "Şehiriçi Trafo", "CATEGORY": "Enerji Üretim, Dağıtım", "PHONE": "", "FAX": "", "EMAIL": "", "WEB": "", "ID": 9429790 }, "geometry": { "type": "Point", "coordinates": [ 32.669688, 39.879762 ] } },
{ "type": "Feature", "properties": { "NAME": "Elektrik Trafosu", "SUB_CATEGORY": "Şehiriçi Trafo", "CATEGORY": "Enerji Üretim, Dağıtım", "PHONE": "", "FAX": "", "EMAIL": "", "WEB": "", "ID": 10469183 }, "geometry": { "type": "Point", "coordinates": [ 32.653816, 39.85718 ] } },
{ "type": "Feature", "properties": { "NAME": "Elektrik Trafosu", "SUB_CATEGORY": "Şehiriçi Trafo", "CATEGORY": "Enerji Üretim, Dağıtım", "PHONE": "", "FAX": "", "EMAIL": "", "WEB": "", "ID": 10467898 }, "geometry": { "type": "Point", "coordinates": [ 32.656454, 39.854659 ] } },
{ "type": "Feature", "properties": { "NAME": "Elektrik Trafosu", "SUB_CATEGORY": "Şehiriçi Trafo", "CATEGORY": "Enerji Üretim, Dağıtım", "PHONE": "", "FAX": "", "EMAIL": "", "WEB": "", "ID": 10458400 }, "geometry": { "type": "Point", "coordinates": [ 32.662105, 39.86887 ] } },
{ "type": "Feature", "properties": { "NAME": "Elektrik Trafosu", "SUB_CATEGORY": "Şehiriçi Trafo", "CATEGORY": "Enerji Üretim, Dağıtım", "PHONE": "", "FAX": "", "EMAIL": "", "WEB": "", "ID": 1927134 }, "geometry": { "type": "Point", "coordinates": [ 32.664801, 39.881358 ] } },
{ "type": "Feature", "properties": { "NAME": "Elektrik Trafosu", "SUB_CATEGORY": "Şehiriçi Trafo", "CATEGORY": "Enerji Üretim, Dağıtım", "PHONE": "", "FAX": "", "EMAIL": "", "WEB": "", "ID": 3028041 }, "geometry": { "type": "Point", "coordinates": [ 32.665271, 39.879558 ] } },
{ "type": "Feature", "properties": { "NAME": "Elektrik Trafosu", "SUB_CATEGORY": "Şehiriçi Trafo", "CATEGORY": "Enerji Üretim, Dağıtım", "PHONE": "", "FAX": "", "EMAIL": "", "WEB": "", "ID": 580771 }, "geometry": { "type": "Point", "coordinates": [ 32.669164, 39.877214 ] } },
{ "type": "Feature", "properties": { "NAME": "Elektrik Trafosu", "SUB_CATEGORY": "Şehiriçi Trafo", "CATEGORY": "Enerji Üretim, Dağıtım", "PHONE": "", "FAX": "", "EMAIL": "", "WEB": "", "ID": 1200726 }, "geometry": { "type": "Point", "coordinates": [ 32.665199, 39.877522 ] } },
{ "type": "Feature", "properties": { "NAME": "Elektrik Trafosu", "SUB_CATEGORY": "Şehiriçi Trafo", "CATEGORY": "Enerji Üretim, Dağıtım", "PHONE": "", "FAX": "", "EMAIL": "", "WEB": "", "ID": 1201997 }, "geometry": { "type": "Point", "coordinates": [ 32.668247, 39.877528 ] } },
{ "type": "Feature", "properties": { "NAME": "Elektrik Trafosu", "SUB_CATEGORY": "Şehiriçi Trafo", "CATEGORY": "Enerji Üretim, Dağıtım", "PHONE": "", "FAX": "", "EMAIL": "", "WEB": "", "ID": 9431797 }, "geometry": { "type": "Point", "coordinates": [ 32.654023, 39.84921 ] } },
{ "type": "Feature", "properties": { "NAME": "Elektrik Trafosu", "SUB_CATEGORY": "Şehiriçi Trafo", "CATEGORY": "Enerji Üretim, Dağıtım", "PHONE": "", "FAX": "", "EMAIL": "", "WEB": "", "ID": 928084 }, "geometry": { "type": "Point", "coordinates": [ 32.663592, 39.879433 ] } },
{ "type": "Feature", "properties": { "NAME": "Elektrik Trafosu", "SUB_CATEGORY": "Şehiriçi Trafo", "CATEGORY": "Enerji Üretim, Dağıtım", "PHONE": "", "FAX": "", "EMAIL": "", "WEB": "", "ID": 928135 }, "geometry": { "type": "Point", "coordinates": [ 32.661705, 39.878161 ] } },
{ "type": "Feature", "properties": { "NAME": "Elektrik Trafosu", "SUB_CATEGORY": "Şehiriçi Trafo", "CATEGORY": "Enerji Üretim, Dağıtım", "PHONE": "", "FAX": "", "EMAIL": "", "WEB": "", "ID": 8073357 }, "geometry": { "type": "Point", "coordinates": [ 32.656472, 39.858552 ] } },
{ "type": "Feature", "properties": { "NAME": "Elektrik Trafosu", "SUB_CATEGORY": "Şehiriçi Trafo", "CATEGORY": "Enerji Üretim, Dağıtım", "PHONE": "", "FAX": "", "EMAIL": "", "WEB": "", "ID": 10468531 }, "geometry": { "type": "Point", "coordinates": [ 32.652759, 39.856423 ] } },
{ "type": "Feature", "properties": { "NAME": "Elektrik Trafosu", "SUB_CATEGORY": "Şehiriçi Trafo", "CATEGORY": "Enerji Üretim, Dağıtım", "PHONE": "", "FAX": "", "EMAIL": "", "WEB": "", "ID": 10468533 }, "geometry": { "type": "Point", "coordinates": [ 32.652681, 39.856454 ] } },
{ "type": "Feature", "properties": { "NAME": "Elektrik Trafosu", "SUB_CATEGORY": "Şehiriçi Trafo", "CATEGORY": "Enerji Üretim, Dağıtım", "PHONE": "", "FAX": "", "EMAIL": "", "WEB": "", "ID": 8073349 }, "geometry": { "type": "Point", "coordinates": [ 32.651564, 39.855899 ] } },
{ "type": "Feature", "properties": { "NAME": "Elektrik Trafosu", "SUB_CATEGORY": "Şehiriçi Trafo", "CATEGORY": "Enerji Üretim, Dağıtım", "PHONE": "", "FAX": "", "EMAIL": "", "WEB": "", "ID": 10456865 }, "geometry": { "type": "Point", "coordinates": [ 32.658594, 39.864155 ] } },
{ "type": "Feature", "properties": { "NAME": "Elektrik Trafosu", "SUB_CATEGORY": "Şehiriçi Trafo", "CATEGORY": "Enerji Üretim, Dağıtım", "PHONE": "", "FAX": "", "EMAIL": "", "WEB": "", "ID": 1937544 }, "geometry": { "type": "Point", "coordinates": [ 32.656437, 39.86249 ] } },
{ "type": "Feature", "properties": { "NAME": "Elektrik Trafosu", "SUB_CATEGORY": "Şehiriçi Trafo", "CATEGORY": "Enerji Üretim, Dağıtım", "PHONE": "", "FAX": "", "EMAIL": "", "WEB": "", "ID": 11212790 }, "geometry": { "type": "Point", "coordinates": [ 32.648661, 39.854087 ] } },
{ "type": "Feature", "properties": { "NAME": "Elektrik Trafosu", "SUB_CATEGORY": "Şehiriçi Trafo", "CATEGORY": "Enerji Üretim, Dağıtım", "PHONE": "", "FAX": "", "EMAIL": "", "WEB": "", "ID": 9430205 }, "geometry": { "type": "Point", "coordinates": [ 32.648358, 39.854098 ] } },
{ "type": "Feature", "properties": { "NAME": "Elektrik Trafosu", "SUB_CATEGORY": "Şehiriçi Trafo", "CATEGORY": "Enerji Üretim, Dağıtım", "PHONE": "", "FAX": "", "EMAIL": "", "WEB": "", "ID": 11213008 }, "geometry": { "type": "Point", "coordinates": [ 32.664229, 39.883414 ] } },
{ "type": "Feature", "properties": { "NAME": "Elektrik Trafosu", "SUB_CATEGORY": "Şehiriçi Trafo", "CATEGORY": "Enerji Üretim, Dağıtım", "PHONE": "", "FAX": "", "EMAIL": "", "WEB": "", "ID": 10454978 }, "geometry": { "type": "Point", "coordinates": [ 32.655703, 39.866186 ] } },
{ "type": "Feature", "properties": { "NAME": "Elektrik Trafosu", "SUB_CATEGORY": "Şehiriçi Trafo", "CATEGORY": "Enerji Üretim, Dağıtım", "PHONE": "", "FAX": "", "EMAIL": "", "WEB": "", "ID": 10458530 }, "geometry": { "type": "Point", "coordinates": [ 32.659135, 39.867985 ] } },
{ "type": "Feature", "properties": { "NAME": "Elektrik Trafosu", "SUB_CATEGORY": "Şehiriçi Trafo", "CATEGORY": "Enerji Üretim, Dağıtım", "PHONE": "", "FAX": "", "EMAIL": "", "WEB": "", "ID": 11212870 }, "geometry": { "type": "Point", "coordinates": [ 32.662891, 39.875301 ] } }
]
}
